solid Created by Gmsh
facet normal -0.038059 0.106425 0.993592
  outer loop
    vertex 0.001457269051194186 0.002571777674637519 0.01978035203186909
    vertex -0.002708057853940655 0.0009754143880663211 0.01979179096068023
    vertex 1.224646799147353e-18 0 0.02
  endloop
endfacet
facet normal 0.0201948 -0.371843 -0.928076
  outer loop
    vertex -0.0009330956909252527 -0.006041212668477907 -0.01904292734654519
    vertex 0.002202035661219756 -0.00817163183502281 -0.01812113330063984
    vertex -0.0006018263660379379 -0.009001716550311756 -0.0178495631367545
  endloop
endfacet
facet normal -0.0625652 0.572245 0.817692
  outer loop
    vertex -0.002919951936704327 0.01057156760948047 0.01672470744035662
    vertex 0.0006630919985868339 0.01157360660949904 0.01629760531642518
    vertex -0.001951768638988369 0.01282677711363246 0.01522052522277258
  endloop
endfacet
facet normal 0.0446595 -0.340627 -0.939137
  outer loop
    vertex 0.002362861130460879 -0.0054910883024944 -0.01908572336937656
    vertex 0.002202035661219756 -0.00817163183502281 -0.01812113330063984
    vertex -0.0009330956909252527 -0.006041212668477907 -0.01904292734654519
  endloop
endfacet
facet normal 0.0965753 -0.934927 -0.341444
  outer loop
    vertex 0.00353368738025639 -0.01811717981365106 -0.007699405762683987
    vertex 0.001557559733201949 -0.01928980873383384 -0.005047503015315175
    vertex 0.0006623736154295875 -0.01823649516225974 -0.008184833864560702
  endloop
endfacet
facet normal -0.294339 -0.765004 0.572829
  outer loop
    vertex -0.004176733820324297 -0.01619335022183676 0.01096951699880622
    vertex -0.00596257768164904 -0.01400912049362221 0.01296889395382177
    vertex -0.007155031156703555 -0.01577449576327941 0.009998540521540198
  endloop
endfacet
facet normal 0.711809 -0.330525 -0.619743
  outer loop
    vertex 0.01369568536086745 -0.005360050740167232 -0.01355352568739787
    vertex 0.01538705106244063 -0.006435731266680595 -0.01103721081908444
    vertex 0.01350091284502409 -0.008233775957973649 -0.01224460231387523
  endloop
endfacet
facet normal 0.101498 -0.334942 0.936756
  outer loop
    vertex 0.002488128476879871 -0.008577785155012551 0.01789499423070557
    vertex 0.002892628096067879 -0.004829640010198005 0.01919133346252243
    vertex -5.959393567880069e-05 -0.006981610607062352 0.01874175983983854
  endloop
endfacet
facet normal -0.0502099 0.53815 0.841352
  outer loop
    vertex -0.0008178125075496706 0.009102876717290445 0.01778957048869665
    vertex 0.0006630919985868339 0.01157360660949904 0.01629760531642518
    vertex -0.002919951936704327 0.01057156760948047 0.01672470744035662
  endloop
endfacet
facet normal 0.277993 0.160904 -0.947011
  outer loop
    vertex 0.004020818889113121 0.002321444413249187 -0.01945363491219945
    vertex 0.005092870844608128 0.004993720675584473 -0.01868489819009942
    vertex 0.007271530351176643 0.002720415208835523 -0.01843160837917986
  endloop
endfacet
facet normal 0.278462 -0.106452 -0.95453
  outer loop
    vertex 0.005895103488218082 0 -0.01911145611572282
    vertex 0.007463024285577069 -0.002827445942717051 -0.01833872454545026
    vertex 0.003534170341523441 -0.002704785835627707 -0.01949855824363647
  endloop
endfacet
facet normal 0.499018 0.0626423 -0.864325
  outer loop
    vertex 0.008677674782351159 0 -0.01801937735804839
    vertex 0.01033360381676407 0.003117585124409939 -0.01683737791790091
    vertex 0.01126640116127244 0 -0.0165247754863199
  endloop
endfacet
facet normal -0.214126 0.184108 -0.959299
  outer loop
    vertex -0.005629135864389363 0.004922481693554808 -0.0185494475226855
    vertex -0.002841707100474017 0.004978450840939938 -0.01916089058419415
    vertex -0.004439704710527118 0.001764593058318524 -0.01942099980489824
  endloop
endfacet
facet normal 0.134105 0.916259 -0.377473
  outer loop
    vertex 0.002966468422568401 0.01887770542859064 -0.005901889769325076
    vertex 0.00431444979592282 0.0178243524499756 -0.007979848538506879
    vertex 0.0009980634262128476 0.01827609716799874 -0.008061522294401022
  endloop
endfacet
facet normal 0.651502 -0.350593 -0.672777
  outer loop
    vertex 0.01350091284502409 -0.008233775957973649 -0.01224460231387523
    vertex 0.01165747624444067 -0.007844642950368928 -0.01423252699247497
    vertex 0.01369568536086745 -0.005360050740167232 -0.01355352568739787
  endloop
endfacet
facet normal 0.540409 -0.804711 0.245759
  outer loop
    vertex 0.009403394606703976 -0.01711432192793117 0.004321591699564501
    vertex 0.01216709900197288 -0.01538500141902274 0.003906844406021168
    vertex 0.01041257043941043 -0.01572022137934116 0.006667309549497569
  endloop
endfacet
facet normal 0.00848513 0.205129 -0.978698
  outer loop
    vertex 0.001482052523137759 0.002586302217718858 -0.01977661652450397
    vertex -0.001007469810393862 0.002485038283500497 -0.01981942454539692
    vertex -6.219977741351425e-05 0.006039314495677833 -0.01906627419319216
  endloop
endfacet
facet normal 0.602064 0.433522 0.670505
  outer loop
    vertex 0.0109239012632756 0.01016110042926244 0.01331992564756458
    vertex 0.01126649643302087 0.007560836027837592 0.01469352975581025
    vertex 0.01342372461067296 0.007632251638860888 0.01271032464172015
  endloop
endfacet
facet normal 0.275038 -0.157923 -0.948375
  outer loop
    vertex 0.007463024285577069 -0.002827445942717051 -0.01833872454545026
    vertex 0.00535280417773518 -0.005199033105715381 -0.01855579538043294
    vertex 0.003534170341523441 -0.002704785835627707 -0.01949855824363647
  endloop
endfacet
facet normal -0.164016 0.919303 0.357745
  outer loop
    vertex -0.00505942592744874 0.01809953759272561 0.00684170652791917
    vertex -0.001857256234332282 0.01811448501301164 0.008271398430338771
    vertex -0.002335207835854259 0.01902078032873632 0.005723348674449446
  endloop
endfacet
facet normal 0.60005 0.586829 0.543666
  outer loop
    vertex 0.01042420485673301 0.01254754130232567 0.01157130763445927
    vertex 0.01292415511574078 0.01015364900123485 0.01139603556084281
    vertex 0.0122173428004389 0.01280722439915776 0.009311903032473107
  endloop
endfacet
facet normal 0.242296 0.522471 -0.817507
  outer loop
    vertex 0.003876254893270989 0.0120087323960021 -0.01551660382440701
    vertex 0.006763795511551676 0.009951320010032442 -0.01597567839986275
    vertex 0.003300575851065915 0.009535196570891982 -0.01726806953326892
  endloop
endfacet
facet normal 0.288319 0.0923005 -0.953075
  outer loop
    vertex 0.005895103488218082 0 -0.01911145611572282
    vertex 0.004020818889113121 0.002321444413249187 -0.01945363491219945
    vertex 0.007271530351176643 0.002720415208835523 -0.01843160837917986
  endloop
endfacet
facet normal -0.331513 -0.746587 0.576807
  outer loop
    vertex -0.007155031156703555 -0.01577449576327941 0.009998540521540198
    vertex -0.00596257768164904 -0.01400912049362221 0.01296889395382177
    vertex -0.008222551726450105 -0.01403488740069984 0.01163664808935672
  endloop
endfacet
facet normal 0.156559 -0.337882 0.928076
  outer loop
    vertex 0.005045491721055869 -0.007164720333600284 0.01797803648438982
    vertex 0.002892628096067879 -0.004829640010198005 0.01919133346252243
    vertex 0.002488128476879871 -0.008577785155012551 0.01789499423070557
  endloop
endfacet
facet normal 0.732048 -0.290472 -0.616224
  outer loop
    vertex 0.01369568536086745 -0.005360050740167232 -0.01355352568739787
    vertex 0.015279496805296 -0.004336561557909642 -0.01215447288990393
    vertex 0.01538705106244063 -0.006435731266680595 -0.01103721081908444
  endloop
endfacet
facet normal -0.399248 0.663737 -0.632498
  outer loop
    vertex -0.009641598509717802 0.01240933963174983 -0.01237125167803526
    vertex -0.008014565552088833 0.01449619262877102 -0.01120835127397583
    vertex -0.00647563775238065 0.01299731269035273 -0.01375267168695372
  endloop
endfacet
facet normal 0.7186 0.46558 0.516575
  outer loop
    vertex 0.01434592662072135 0.01070644019685538 0.008920007158295207
    vertex 0.01292415511574078 0.01015364900123485 0.01139603556084281
    vertex 0.01534376932820004 0.007581292948944494 0.01034856222019621
  endloop
endfacet
facet normal -0.685361 -0.717181 0.12622
  outer loop
    vertex -0.01489559475653188 -0.01323006541534866 0.001756879607365046
    vertex -0.01247644264856993 -0.01551245056308177 0.001924124830900945
    vertex -0.01341028782512001 -0.01420286119535553 0.004294521430020131
  endloop
endfacet
facet normal 0.61774 0.456253 0.640492
  outer loop
    vertex 0.01342372461067296 0.007632251638860888 0.01271032464172015
    vertex 0.01292415511574078 0.01015364900123485 0.01139603556084281
    vertex 0.0109239012632756 0.01016110042926244 0.01331992564756458
  endloop
endfacet
facet normal -0.246027 -0.654282 0.715112
  outer loop
    vertex -0.005693247119705732 -0.01160340259606881 0.01526263363340371
    vertex -0.00596257768164904 -0.01400912049362221 0.01296889395382177
    vertex -0.003185334942808993 -0.01275310125280682 0.01507355464838262
  endloop
endfacet
facet normal 0.14568 -0.940404 -0.307274
  outer loop
    vertex 0.004425554854068338 -0.01881194853033499 -0.005150248219810304
    vertex 0.001557559733201949 -0.01928980873383384 -0.005047503015315175
    vertex 0.00353368738025639 -0.01811717981365106 -0.007699405762683987
  endloop
endfacet
facet normal 0.198297 -0.571317 -0.796414
  outer loop
    vertex 0.005303149971570375 -0.01212578066313645 -0.01499473386521212
    vertex 0.002287142421986629 -0.01199436250936265 -0.01583995730851396
    vertex 0.004386532899958855 -0.009935614427922419 -0.01679410298459666
  endloop
endfacet
facet normal -0.763157 0.430911 0.481568
  outer loop
    vertex -0.01533045524149425 0.009762840252683192 0.008346501799504399
    vertex -0.01608701706172197 0.00711002956995053 0.009521310916585778
    vertex -0.01411223845434646 0.009221638177108147 0.01076132497131123
  endloop
endfacet
facet normal -0.182315 0.898668 0.398946
  outer loop
    vertex -0.004029807100682918 0.01711311659710464 0.009534248531750542
    vertex -0.001857256234332282 0.01811448501301164 0.008271398430338771
    vertex -0.00505942592744874 0.01809953759272561 0.00684170652791917
  endloop
endfacet
facet normal -0.221635 -0.680407 0.698516
  outer loop
    vertex -0.003185334942808993 -0.01275310125280682 0.01507355464838262
    vertex -0.00596257768164904 -0.01400912049362221 0.01296889395382177
    vertex -0.003207364603956935 -0.01474446786836193 0.0131268229048817
  endloop
endfacet
facet normal 0.555515 0.375077 -0.742105
  outer loop
    vertex 0.01136488299876111 0.008803424789379625 -0.0139046447779944
    vertex 0.0122268369028247 0.006376807035959452 -0.01448588248529796
    vertex 0.01029757111373757 0.006525648547742102 -0.0158548396456372
  endloop
endfacet
facet normal 0.132138 0.891851 -0.432598
  outer loop
    vertex 0.0009980634262128476 0.01827609716799874 -0.008061522294401022
    vertex 0.00431444979592282 0.0178243524499756 -0.007979848538506879
    vertex 0.00290886464619981 0.01695540642827381 -0.01020062249679596
  endloop
endfacet
facet normal 0.526085 0.397281 -0.751932
  outer loop
    vertex 0.01029757111373757 0.006525648547742102 -0.0158548396456372
    vertex 0.009156029877268941 0.008773281748431944 -0.01546598345560959
    vertex 0.01136488299876111 0.008803424789379625 -0.0139046447779944
  endloop
endfacet
facet normal 0.0206434 -0.946004 -0.323497
  outer loop
    vertex 0.0006623736154295875 -0.01823649516225974 -0.008184833864560702
    vertex 0.001557559733201949 -0.01928980873383384 -0.005047503015315175
    vertex -0.001429326338278797 -0.01896216538807807 -0.006196233534485002
  endloop
endfacet
facet normal 0.589344 -0.756813 0.282678
  outer loop
    vertex 0.01216709900197288 -0.01538500141902274 0.003906844406021168
    vertex 0.01273136350234798 -0.01393463701554608 0.006613491862553013
    vertex 0.01041257043941043 -0.01572022137934116 0.006667309549497569
  endloop
endfacet
facet normal -0.0507817 0.219937 -0.974192
  outer loop
    vertex -6.219977741351425e-05 0.006039314495677833 -0.01906627419319216
    vertex -0.001007469810393862 0.002485038283500497 -0.01981942454539692
    vertex -0.002841707100474017 0.004978450840939938 -0.01916089058419415
  endloop
endfacet
facet normal -0.145272 0.151365 -0.977745
  outer loop
    vertex -0.002841707100474017 0.004978450840939938 -0.01916089058419415
    vertex -0.001007469810393862 0.002485038283500497 -0.01981942454539692
    vertex -0.004439704710527118 0.001764593058318524 -0.01942099980489824
  endloop
endfacet
facet normal -0.261361 0.164079 -0.951193
  outer loop
    vertex -0.004439704710527118 0.001764593058318524 -0.01942099980489824
    vertex -0.006800719390091419 0.002614794149642711 -0.01862560246897342
    vertex -0.005629135864389363 0.004922481693554808 -0.0185494475226855
  endloop
endfacet
facet normal 0.259512 0.466474 -0.84561
  outer loop
    vertex 0.003300575851065915 0.009535196570891982 -0.01726806953326892
    vertex 0.006763795511551676 0.009951320010032442 -0.01597567839986275
    vertex 0.005528053943007652 0.007579706775246806 -0.01766320086520207
  endloop
endfacet
facet normal 0.0421745 0.219379 -0.974728
  outer loop
    vertex -6.219977741351425e-05 0.006039314495677833 -0.01906627419319216
    vertex 0.002711827268312045 0.004798497965790705 -0.01922551456110191
    vertex 0.001482052523137759 0.002586302217718858 -0.01977661652450397
  endloop
endfacet
facet normal -0.896787 0.328017 0.296947
  outer loop
    vertex -0.01709092417697593 0.007629011933624764 0.007049715433510116
    vertex -0.01790075335584948 0.007660866172397674 0.004568824660857156
    vertex -0.01854069146698905 0.004936234597654483 0.005645914268109144
  endloop
endfacet
facet normal -0.733089 -0.656595 0.177381
  outer loop
    vertex -0.01513991989735549 -0.01209465670255136 0.004949960075504531
    vertex -0.01489559475653188 -0.01323006541534866 0.001756879607365046
    vertex -0.01341028782512001 -0.01420286119535553 0.004294521430020131
  endloop
endfacet
facet normal 0.557177 0.0838718 -0.826147
  outer loop
    vertex 0.01033360381676407 0.003117585124409939 -0.01683737791790091
    vertex 0.01248119206132797 0.001848574421002474 -0.01551781612657719
    vertex 0.01126640116127244 0 -0.0165247754863199
  endloop
endfacet
facet normal -0.00618371 0.919618 0.392766
  outer loop
    vertex 0.0005011788988178093 0.01898520145810036 0.006269844121405542
    vertex -0.001857256234332282 0.01811448501301164 0.008271398430338771
    vertex 0.001427025484458796 0.01796509405920917 0.008672888429495247
  endloop
endfacet
facet normal 0.289524 -0.955117 -0.0626735
  outer loop
    vertex 0.004232902233936851 -0.01953451655755877 -0.0006965640964009659
    vertex 0.005297159736078366 -0.01906797477319929 -0.00289005826569392
    vertex 0.007404050957109079 -0.01853730806377463 -0.001244282593805761
  endloop
endfacet
facet normal 0.449569 0.0978348 -0.887871
  outer loop
    vertex 0.007271530351176643 0.002720415208835523 -0.01843160837917986
    vertex 0.01033360381676407 0.003117585124409939 -0.01683737791790091
    vertex 0.008677674782351159 0 -0.01801937735804839
  endloop
endfacet
facet normal 0.295818 -0.954895 -0.0258293
  outer loop
    vertex 0.007404050957109079 -0.01853730806377463 -0.001244282593805761
    vertex 0.006236939672985831 -0.01896490529397306 0.001197059190753797
    vertex 0.004232902233936851 -0.01953451655755877 -0.0006965640964009659
  endloop
endfacet
facet normal -0.492262 -0.588826 0.641064
  outer loop
    vertex -0.008258225465305045 -0.01224614147304726 0.01348457382293927
    vertex -0.01017261799141897 -0.01031484522023272 0.01378846660377075
    vertex -0.01064222824875157 -0.01251460085554203 0.01140735479100834
  endloop
endfacet
facet normal -0.696472 0.624655 -0.353176
  outer loop
    vertex -0.01302754140313902 0.01249873137455389 -0.008606095457072317
    vertex -0.01506723385784338 0.01111567844329713 -0.00702994712770143
    vertex -0.01348596994555606 0.01360827740735572 -0.005739634189738103
  endloop
endfacet
facet normal -0.920124 0.380896 0.0910499
  outer loop
    vertex -0.01881973851651947 0.006200254253855927 0.0027155642797354
    vertex -0.01766155688074753 0.009084354401794632 0.00235455168784081
    vertex -0.01860106286622702 0.007347412574674207 0.0001264464479118961
  endloop
endfacet
facet normal -0.888995 0.29687 0.348648
  outer loop
    vertex -0.01854069146698905 0.004936234597654483 0.005645914268109144
    vertex -0.01740797788252753 0.00498780989703956 0.008490233122384012
    vertex -0.01709092417697593 0.007629011933624764 0.007049715433510116
  endloop
endfacet
facet normal -0.389334 -0.858785 -0.333027
  outer loop
    vertex -0.007840918360427843 -0.01642506837946211 -0.008290785728451776
    vertex -0.006347948383547622 -0.01800087813005972 -0.005972598920616776
    vertex -0.009271735799269409 -0.01676634582653202 -0.005737992932522524
  endloop
endfacet
facet normal -0.337897 -0.54339 -0.768475
  outer loop
    vertex -0.008289223019767825 -0.01124548251392225 -0.01431180997489906
    vertex -0.00776285837106089 -0.009342486028069632 -0.01588886354419893
    vertex -0.004945020366946102 -0.01110131282256729 -0.01588419425674439
  endloop
endfacet
facet normal 0.399082 -0.473018 0.785486
  outer loop
    vertex 0.007179376807155411 -0.01078994106687248 0.0152326530989942
    vertex 0.009416887314840644 -0.009363308269170086 0.0149549554180574
    vertex 0.007048402985839888 -0.008530265679260258 0.01665996947147377
  endloop
endfacet
facet normal -0.0126534 -0.0932394 0.995563
  outer loop
    vertex 1.224646799147353e-18 0 0.02
    vertex -0.002034647328409904 -0.002454234128747054 0.01974428892338966
    vertex 0.001482052523141757 -0.002586302217727281 0.01977661652450257
  endloop
endfacet
facet normal -0.12042 0.84561 0.520042
  outer loop
    vertex -0.004029807100682918 0.01711311659710464 0.009534248531750542
    vertex -0.002607446480022736 0.01585679668577594 0.01190643614688217
    vertex -0.0005666957899353852 0.01708048573280654 0.01038921859492145
  endloop
endfacet
facet normal 0.423382 -0.4292 0.797832
  outer loop
    vertex 0.007048402985839888 -0.008530265679260258 0.01665996947147377
    vertex 0.009416887314840644 -0.009363308269170086 0.0149549554180574
    vertex 0.009122894305100956 -0.007179039838935606 0.01628601198848054
  endloop
endfacet
facet normal 0.512018 0.452992 0.72982
  outer loop
    vertex 0.00863749563347877 0.009552598007989539 0.01530168423669073
    vertex 0.01126649643302087 0.007560836027837592 0.01469352975581025
    vertex 0.0109239012632756 0.01016110042926244 0.01331992564756458
  endloop
endfacet
facet normal -0.407658 0.619994 -0.67039
  outer loop
    vertex -0.00647563775238065 0.01299731269035273 -0.01375267168695372
    vertex -0.008716391217703822 0.01092725207097473 -0.01430453376791128
    vertex -0.009641598509717802 0.01240933963174983 -0.01237125167803526
  endloop
endfacet
facet normal -0.84282 0.511027 0.168839
  outer loop
    vertex -0.01624105040996724 0.01143914463054114 0.002318243236259859
    vertex -0.01766155688074753 0.009084354401794632 0.00235455168784081
    vertex -0.01643639818415947 0.01021361525886539 0.005052413094317538
  endloop
endfacet
facet normal 0.0694321 -0.294379 0.953163
  outer loop
    vertex 0.002892628096067879 -0.004829640010198005 0.01919133346252243
    vertex 0.0001549020629201413 -0.00457928995215148 0.01946807922947273
    vertex -5.959393567880069e-05 -0.006981610607062352 0.01874175983983854
  endloop
endfacet
facet normal 0.652721 0.567792 0.501565
  outer loop
    vertex 0.0122173428004389 0.01280722439915776 0.009311903032473107
    vertex 0.01292415511574078 0.01015364900123485 0.01139603556084281
    vertex 0.01434592662072135 0.01070644019685538 0.008920007158295207
  endloop
endfacet
facet normal 0.703994 0.432942 0.562986
  outer loop
    vertex 0.01534376932820004 0.007581292948944494 0.01034856222019621
    vertex 0.01292415511574078 0.01015364900123485 0.01139603556084281
    vertex 0.01342372461067296 0.007632251638860888 0.01271032464172015
  endloop
endfacet
facet normal -0.112999 0.863978 0.490686
  outer loop
    vertex -0.0005666957899353852 0.01708048573280654 0.01038921859492145
    vertex -0.001857256234332282 0.01811448501301164 0.008271398430338771
    vertex -0.004029807100682918 0.01711311659710464 0.009534248531750542
  endloop
endfacet
facet normal -0.751348 0.390101 0.532256
  outer loop
    vertex -0.01411223845434646 0.009221638177108147 0.01076132497131123
    vertex -0.01608701706172197 0.00711002956995053 0.009521310916585778
    vertex -0.01470721128462241 0.006628241346526509 0.01182219746416341
  endloop
endfacet
facet normal -0.236392 -0.754129 0.612706
  outer loop
    vertex -0.003207364603956935 -0.01474446786836193 0.0131268229048817
    vertex -0.00596257768164904 -0.01400912049362221 0.01296889395382177
    vertex -0.004176733820324297 -0.01619335022183676 0.01096951699880622
  endloop
endfacet
facet normal 0.489565 0.411459 0.768783
  outer loop
    vertex 0.008993685806690603 0.007054960476893079 0.01641161626044213
    vertex 0.01126649643302087 0.007560836027837592 0.01469352975581025
    vertex 0.00863749563347877 0.009552598007989539 0.01530168423669073
  endloop
endfacet
facet normal -0.47781 0.80888 -0.342652
  outer loop
    vertex -0.009011757604363716 0.01567633921332967 -0.008546380154709677
    vertex -0.01095950655679363 0.01571289128102176 -0.005744063337254193
    vertex -0.008478923923269453 0.01718142689716544 -0.005736411672881312
  endloop
endfacet
facet normal 0.278936 0.564782 -0.77667
  outer loop
    vertex 0.00640375502832408 0.01241131341695526 -0.01431611751849364
    vertex 0.006763795511551676 0.009951320010032442 -0.01597567839986275
    vertex 0.003876254893270989 0.0120087323960021 -0.01551660382440701
  endloop
endfacet
facet normal -0.327987 -0.574112 -0.750214
  outer loop
    vertex -0.004945020366946102 -0.01110131282256729 -0.01588419425674439
    vertex -0.00571641671350211 -0.01292653151676912 -0.01415017183300501
    vertex -0.008289223019767825 -0.01124548251392225 -0.01431180997489906
  endloop
endfacet
facet normal -0.297786 0.944997 0.135291
  outer loop
    vertex -0.004461429143328151 0.01942160431610082 0.001702038715152008
    vertex -0.007371287511443831 0.01852857085528759 0.001534986151149101
    vertex -0.00679962864212372 0.0183165375964626 0.004274283660051448
  endloop
endfacet
facet normal 0.479287 -0.579229 -0.659377
  outer loop
    vertex 0.0104940546952439 -0.01220781983161023 -0.01186776942024799
    vertex 0.008044349038795147 -0.01214053682204393 -0.01370750940961308
    vertex 0.009861375881927903 -0.01016708736236612 -0.01412032578524114
  endloop
endfacet
facet normal -0.619651 -0.44451 -0.646872
  outer loop
    vertex -0.01238548038418905 -0.007348684710323815 -0.01387792162685469
    vertex -0.01113227157447529 -0.01016675834669658 -0.01314190071154111
    vertex -0.01369743370538739 -0.008679674943831485 -0.01170656024440746
  endloop
endfacet
facet normal -0.153536 -0.0438195 0.987171
  outer loop
    vertex -0.004899723461399158 -0.0005813367490429341 0.01938181512619566
    vertex -0.002034647328409904 -0.002454234128747054 0.01974428892338966
    vertex -0.002708057853940655 0.0009754143880663211 0.01979179096068023
  endloop
endfacet
facet normal 0.222189 -0.0546215 -0.973472
  outer loop
    vertex 0.005895103488218082 0 -0.01911145611572282
    vertex 0.003534170341523441 -0.002704785835627707 -0.01949855824363647
    vertex 0.002980845323523489 0 -0.01977661652450257
  endloop
endfacet
facet normal 0.499254 -0.0546206 -0.864733
  outer loop
    vertex 0.01126640116127244 0 -0.0165247754863199
    vertex 0.009802502858332601 -0.002931564189842936 -0.01718478597810318
    vertex 0.008677674782351159 0 -0.01801937735804839
  endloop
endfacet
facet normal -0.911069 0.384482 0.148754
  outer loop
    vertex -0.01790075335584948 0.007660866172397674 0.004568824660857156
    vertex -0.01766155688074753 0.009084354401794632 0.00235455168784081
    vertex -0.01881973851651947 0.006200254253855927 0.0027155642797354
  endloop
endfacet
facet normal -0.337569 0.707446 -0.62094
  outer loop
    vertex -0.008014565552088833 0.01449619262877102 -0.01120835127397583
    vertex -0.00551207657654024 0.01523164937339913 -0.01173089379289517
    vertex -0.00647563775238065 0.01299731269035273 -0.01375267168695372
  endloop
endfacet
facet normal 0.18503 -0.625981 -0.75757
  outer loop
    vertex 0.003079072882530255 -0.01373370857841873 -0.01420931239951936
    vertex 0.002287142421986629 -0.01199436250936265 -0.01583995730851396
    vertex 0.005303149971570375 -0.01212578066313645 -0.01499473386521212
  endloop
endfacet
facet normal -0.687185 -0.723752 0.062929
  outer loop
    vertex -0.01346223677307991 -0.01478368531366817 -0.0004591618581360114
    vertex -0.01247644264856993 -0.01551245056308177 0.001924124830900945
    vertex -0.01489559475653188 -0.01323006541534866 0.001756879607365046
  endloop
endfacet
facet normal 0.843819 -0.439278 0.308228
  outer loop
    vertex 0.01682155954180653 -0.007825313300664334 0.007469913408326996
    vertex 0.01602613042318281 -0.01015685721226666 0.006324665621893469
    vertex 0.01722377341521468 -0.009062748090908741 0.004605239014652127
  endloop
endfacet
facet normal 0.858749 -0.415388 0.300005
  outer loop
    vertex 0.01722377341521468 -0.009062748090908741 0.004605239014652127
    vertex 0.01791178053520308 -0.006994566007506284 0.005499469467626641
    vertex 0.01682155954180653 -0.007825313300664334 0.007469913408326996
  endloop
endfacet
facet normal 0.760092 0.454838 0.464094
  outer loop
    vertex 0.01534376932820004 0.007581292948944494 0.01034856222019621
    vertex 0.0162100099145621 0.008782804981089789 0.007752284517091887
    vertex 0.01434592662072135 0.01070644019685538 0.008920007158295207
  endloop
endfacet
facet normal 0.482179 -0.305271 -0.821166
  outer loop
    vertex 0.008312517701998574 -0.005384291725308896 -0.01737559932982832
    vertex 0.01107041764989932 -0.005211412055691828 -0.01582046261784362
    vertex 0.009114296381067189 -0.007765388035018088 -0.01601962390768471
  endloop
endfacet
facet normal -0.767253 -0.620559 0.161953
  outer loop
    vertex -0.01513991989735549 -0.01209465670255136 0.004949960075504531
    vertex -0.01640134000026886 -0.01102205901938126 0.003083871133633342
    vertex -0.01489559475653188 -0.01323006541534866 0.001756879607365046
  endloop
endfacet
facet normal 0.541091 -0.8202 0.185719
  outer loop
    vertex 0.009403394606703976 -0.01711432192793117 0.004321591699564501
    vertex 0.0106463621279654 -0.01680352522976002 0.002072803245135064
    vertex 0.01216709900197288 -0.01538500141902274 0.003906844406021168
  endloop
endfacet
facet normal -0.461354 -0.641916 0.612452
  outer loop
    vertex -0.01064222824875157 -0.01251460085554203 0.01140735479100834
    vertex -0.008222551726450105 -0.01403488740069984 0.01163664808935672
    vertex -0.008258225465305045 -0.01224614147304726 0.01348457382293927
  endloop
endfacet
facet normal -0.610231 -0.791273 -0.038804
  outer loop
    vertex -0.01346223677307991 -0.01478368531366817 -0.0004591618581360114
    vertex -0.01226292753555226 -0.01561219794212659 -0.002424847144389192
    vertex -0.01093836900449737 -0.01674242948418879 -0.0002076980703256324
  endloop
endfacet
facet normal 0.576287 0.558108 0.597
  outer loop
    vertex 0.0109239012632756 0.01016110042926244 0.01331992564756458
    vertex 0.01292415511574078 0.01015364900123485 0.01139603556084281
    vertex 0.01042420485673301 0.01254754130232567 0.01157130763445927
  endloop
endfacet
facet normal -0.865643 0.458449 0.201212
  outer loop
    vertex -0.01643639818415947 0.01021361525886539 0.005052413094317538
    vertex -0.01766155688074753 0.009084354401794632 0.00235455168784081
    vertex -0.01790075335584948 0.007660866172397674 0.004568824660857156
  endloop
endfacet
facet normal -0.27904 0.947918 0.153586
  outer loop
    vertex -0.00679962864212372 0.0183165375964626 0.004274283660051448
    vertex -0.004279110529588827 0.01904575848392883 0.004352964144972386
    vertex -0.004461429143328151 0.01942160431610082 0.001702038715152008
  endloop
endfacet
facet normal -0.668691 0.729055 0.14605
  outer loop
    vertex -0.01245996524771051 0.01553985565325127 0.001806142935085953
    vertex -0.01450985292165974 0.01361181631360143 0.002045146654051121
    vertex -0.01313650240285775 0.01435544273788348 0.00462099214661319
  endloop
endfacet
facet normal -0.195502 0.93548 0.294373
  outer loop
    vertex -0.002335207835854259 0.01902078032873632 0.005723348674449446
    vertex -0.004279110529588827 0.01904575848392883 0.004352964144972386
    vertex -0.00505942592744874 0.01809953759272561 0.00684170652791917
  endloop
endfacet
facet normal 0.560321 -0.0945415 -0.822862
  outer loop
    vertex 0.01253860395799856 -0.002658536683137762 -0.01535303206174187
    vertex 0.009802502858332601 -0.002931564189842936 -0.01718478597810318
    vertex 0.01126640116127244 0 -0.0165247754863199
  endloop
endfacet
facet normal 0.852817 0.409474 0.324091
  outer loop
    vertex 0.01716282745290345 0.008949204803201587 0.005034787702795157
    vertex 0.0162100099145621 0.008782804981089789 0.007752284517091887
    vertex 0.01781617680097957 0.006818146888348496 0.006008054361034105
  endloop
endfacet
facet normal 0.780488 -0.565788 0.265936
  outer loop
    vertex 0.01585528214774765 -0.01159225367200554 0.00377222518140007
    vertex 0.01602613042318281 -0.01015685721226666 0.006324665621893469
    vertex 0.01467210838291376 -0.01198128648204978 0.006417009415224749
  endloop
endfacet
facet normal 0.0815345 0.938422 -0.335731
  outer loop
    vertex 0.0009980634262128476 0.01827609716799874 -0.008061522294401022
    vertex 0.0006121917151995265 0.01919013676962184 -0.005600345709601219
    vertex 0.002966468422568401 0.01887770542859064 -0.005901889769325076
  endloop
endfacet
facet normal -0.188989 -0.100047 0.976869
  outer loop
    vertex -0.004744476227201488 -0.003479019990134006 0.01911508214049231
    vertex -0.002034647328409904 -0.002454234128747054 0.01974428892338966
    vertex -0.004899723461399158 -0.0005813367490429341 0.01938181512619566
  endloop
endfacet
facet normal -0.674666 -0.301279 0.673838
  outer loop
    vertex -0.01372390381445455 -0.007571249715691605 0.012422988442168
    vertex -0.01218428593719964 -0.005711492677237901 0.0147960139091046
    vertex -0.01469558294446595 -0.004808710591883494 0.01268527273517716
  endloop
endfacet
facet normal 0.222714 0.284973 0.932303
  outer loop
    vertex 0.003927628740660024 0.007318100842064091 0.01819393120084063
    vertex 0.002856507271043151 0.005129112375450465 0.0191189061520391
    vertex 0.005955463150845207 0.004793337248738864 0.01848124391589423
  endloop
endfacet
facet normal 0.762165 0.636275 0.119406
  outer loop
    vertex 0.01505482037568744 0.01252535970784517 0.004058047269916298
    vertex 0.01610816573340901 0.01178531492733815 0.001278025339533007
    vertex 0.01421015897907401 0.01395202373730489 0.00184727242796592
  endloop
endfacet
facet normal 0.332535 0.216416 -0.917924
  outer loop
    vertex 0.005092870844608128 0.004993720675584473 -0.01868489819009942
    vertex 0.007691563023524575 0.005492749646042864 -0.01762582082006525
    vertex 0.007271530351176643 0.002720415208835523 -0.01843160837917986
  endloop
endfacet
facet normal -0.0137336 0.895206 0.445442
  outer loop
    vertex 0.001427025484458796 0.01796509405920917 0.008672888429495247
    vertex -0.001857256234332282 0.01811448501301164 0.008271398430338771
    vertex -0.0005666957899353852 0.01708048573280654 0.01038921859492145
  endloop
endfacet
facet normal -0.0375238 -0.0887374 -0.995348
  outer loop
    vertex 0.0005749673976571835 -0.003166408076202448 -0.01973938378943454
    vertex -0.002319757983366005 -0.0006539568005461643 -0.01985424547550546
    vertex 1.224646799147353e-18 0 -0.02
  endloop
endfacet
facet normal -0.515227 0.77393 -0.368203
  outer loop
    vertex -0.009011757604363716 0.01567633921332967 -0.008546380154709677
    vertex -0.0115395690195447 0.0143212485927111 -0.007857492321913821
    vertex -0.01095950655679363 0.01571289128102176 -0.005744063337254193
  endloop
endfacet
facet normal 0.666691 0.665933 -0.334749
  outer loop
    vertex 0.01337257739536392 0.01396160796778907 -0.005123248652834502
    vertex 0.01424063350472995 0.01200763472050507 -0.007281556550826469
    vertex 0.01209165824489331 0.01397347649255722 -0.007650735624804604
  endloop
endfacet
facet normal -0.0432272 -0.0952705 -0.994512
  outer loop
    vertex 0.0005749673976571835 -0.003166408076202448 -0.01973938378943454
    vertex -0.002226922451587856 -0.003228801882165584 -0.01961162040220894
    vertex -0.002319757983366005 -0.0006539568005461643 -0.01985424547550546
  endloop
endfacet
facet normal -0.624814 -0.494918 -0.603874
  outer loop
    vertex -0.01369743370538739 -0.008679674943831485 -0.01170656024440746
    vertex -0.01113227157447529 -0.01016675834669658 -0.01314190071154111
    vertex -0.01255033855872996 -0.01115781830477739 -0.01086241652390622
  endloop
endfacet
facet normal -0.0194348 0.628059 0.777923
  outer loop
    vertex -0.001951768638988369 0.01282677711363246 0.01522052522277258
    vertex 0.0006630919985868339 0.01157360660949904 0.01629760531642518
    vertex 0.0007166043986598676 0.01345543915871535 0.01477963582710788
  endloop
endfacet
facet normal 0.348457 -0.226811 -0.909469
  outer loop
    vertex 0.007463024285577069 -0.002827445942717051 -0.01833872454545026
    vertex 0.008312517701998574 -0.005384291725308896 -0.01737559932982832
    vertex 0.00535280417773518 -0.005199033105715381 -0.01855579538043294
  endloop
endfacet
facet normal 0.191147 -0.222019 -0.956123
  outer loop
    vertex 0.00535280417773518 -0.005199033105715381 -0.01855579538043294
    vertex 0.002362861130460879 -0.0054910883024944 -0.01908572336937656
    vertex 0.003534170341523441 -0.002704785835627707 -0.01949855824363647
  endloop
endfacet
facet normal 0.285088 -0.948886 0.135426
  outer loop
    vertex 0.004207063805035182 -0.01941374206783062 0.002325345794523118
    vertex 0.006236939672985831 -0.01896490529397306 0.001197059190753797
    vertex 0.006572667967512634 -0.0184703373821221 0.003955587539091545
  endloop
endfacet
facet normal -0.401584 0.902835 0.153689
  outer loop
    vertex -0.00679962864212372 0.0183165375964626 0.004274283660051448
    vertex -0.007371287511443831 0.01852857085528759 0.001534986151149101
    vertex -0.009399124875093798 0.01724459833623997 0.003778925747370879
  endloop
endfacet
facet normal -0.61384 -0.789331 0.0125384
  outer loop
    vertex -0.01093836900449737 -0.01674242948418879 -0.0002076980703256324
    vertex -0.01247644264856993 -0.01551245056308177 0.001924124830900945
    vertex -0.01346223677307991 -0.01478368531366817 -0.0004591618581360114
  endloop
endfacet
facet normal -0.38662 0.468396 -0.794437
  outer loop
    vertex -0.006693605405519375 0.0106012976396463 -0.01558230198112049
    vertex -0.006589860696811157 0.008621071127098756 -0.01680032346766358
    vertex -0.009171069036642684 0.008672231111294348 -0.0155139904691679
  endloop
endfacet
facet normal -0.727622 0.616895 -0.300011
  outer loop
    vertex -0.01506723385784338 0.01111567844329713 -0.00702994712770143
    vertex -0.01546514622550374 0.01177557947725694 -0.004707969859567155
    vertex -0.01348596994555606 0.01360827740735572 -0.005739634189738103
  endloop
endfacet
facet normal -0.547861 -0.557854 0.623416
  outer loop
    vertex -0.01064222824875157 -0.01251460085554203 0.01140735479100834
    vertex -0.01017261799141897 -0.01031484522023272 0.01378846660377075
    vertex -0.01231453595271444 -0.01012037763322199 0.01208015566250219
  endloop
endfacet
facet normal 0.541441 0.670814 0.506805
  outer loop
    vertex 0.009799379661119188 0.0146343580633306 0.009476693639211635
    vertex 0.01042420485673301 0.01254754130232567 0.01157130763445927
    vertex 0.0122173428004389 0.01280722439915776 0.009311903032473107
  endloop
endfacet
facet normal -0.805269 0.486504 -0.338904
  outer loop
    vertex -0.01506723385784338 0.01111567844329713 -0.00702994712770143
    vertex -0.01614546746556058 0.008585224400021414 -0.008100481610361315
    vertex -0.01688465955342476 0.00933968260040869 -0.00526104558890768
  endloop
endfacet
facet normal 0.470888 0.27045 0.839715
  outer loop
    vertex 0.008993685806690603 0.007054960476893079 0.01641161626044213
    vertex 0.008431616095338886 0.004242711790392 0.01763256211344486
    vertex 0.01088690276457257 0.004812726065055723 0.0160721192136406
  endloop
endfacet
facet normal 0.0291189 -0.249754 -0.967871
  outer loop
    vertex 0.002362861130460879 -0.0054910883024944 -0.01908572336937656
    vertex -0.0009330956909252527 -0.006041212668477907 -0.01904292734654519
    vertex 0.0005749673976571835 -0.003166408076202448 -0.01973938378943454
  endloop
endfacet
facet normal -0.0215009 -0.608519 -0.793248
  outer loop
    vertex -3.015960211112467e-05 -0.01340875602629485 -0.014839284087371
    vertex -0.001985254929006451 -0.01166197574849317 -0.01612628551491052
    vertex -9.149204040736508e-06 -0.01086340486386178 -0.01679244922743224
  endloop
endfacet
facet normal -0.39263 -0.877617 -0.275009
  outer loop
    vertex -0.006347948383547622 -0.01800087813005972 -0.005972598920616776
    vertex -0.008128631271636415 -0.01785005454837232 -0.003911637287621018
    vertex -0.009271735799269409 -0.01676634582653202 -0.005737992932522524
  endloop
endfacet
facet normal -0.128453 0.0646787 -0.989604
  outer loop
    vertex -0.001007469810393862 0.002485038283500497 -0.01981942454539692
    vertex -0.002319757983366005 -0.0006539568005461643 -0.01985424547550546
    vertex -0.004439704710527118 0.001764593058318524 -0.01942099980489824
  endloop
endfacet
facet normal 0.669671 0.170725 0.722768
  outer loop
    vertex 0.01453793678155571 0.002586302217727271 0.01348923403956165
    vertex 0.01308480569818936 0.005084814796351267 0.0142454385094822
    vertex 0.01236489756322839 0.002545877812089063 0.01551218277409022
  endloop
endfacet
facet normal -0.478121 -0.366965 -0.797958
  outer loop
    vertex -0.01060065152817045 -0.006002070099159945 -0.01586194634031611
    vertex -0.008105158950871612 -0.007186092140127459 -0.01681268801038978
    vertex -0.009896626046684225 -0.008720362012396525 -0.01503369812337746
  endloop
endfacet
facet normal 0.570552 -0.729564 0.377102
  outer loop
    vertex 0.01041257043941043 -0.01572022137934116 0.006667309549497569
    vertex 0.01273136350234798 -0.01393463701554608 0.006613491862553013
    vertex 0.01095793410721704 -0.0140229545788397 0.009125810921868163
  endloop
endfacet
facet normal 0.819095 -0.521702 0.238559
  outer loop
    vertex 0.01722377341521468 -0.009062748090908741 0.004605239014652127
    vertex 0.01602613042318281 -0.01015685721226666 0.006324665621893469
    vertex 0.01585528214774765 -0.01159225367200554 0.00377222518140007
  endloop
endfacet
facet normal -0.54076 0.142924 0.828946
  outer loop
    vertex -0.01169085939909064 0.001537137851202609 0.01615428778179634
    vertex -0.009400130197916566 0.003045983668659751 0.01738848859885399
    vertex -0.01138561807556503 0.004233595421745004 0.01588849806754392
  endloop
endfacet
facet normal -0.321081 -0.150576 0.935005
  outer loop
    vertex -0.004744476227201488 -0.003479019990134006 0.01911508214049231
    vertex -0.007338614358430967 -0.001482161858259047 0.01854583337367596
    vertex -0.007395930344480968 -0.004370176796640177 0.01806105669958692
  endloop
endfacet
facet normal -0.926848 0.304506 0.21961
  outer loop
    vertex -0.01790075335584948 0.007660866172397674 0.004568824660857156
    vertex -0.01881973851651947 0.006200254253855927 0.0027155642797354
    vertex -0.01854069146698905 0.004936234597654483 0.005645914268109144
  endloop
endfacet
facet normal 0.488804 -0.231503 -0.841116
  outer loop
    vertex 0.009802502858332601 -0.002931564189842936 -0.01718478597810318
    vertex 0.01107041764989932 -0.005211412055691828 -0.01582046261784362
    vertex 0.008312517701998574 -0.005384291725308896 -0.01737559932982832
  endloop
endfacet
facet normal -0.323013 -0.866363 -0.38089
  outer loop
    vertex -0.007840918360427843 -0.01642506837946211 -0.008290785728451776
    vertex -0.005126869454786451 -0.01721587439332153 -0.00879368400995589
    vertex -0.006347948383547622 -0.01800087813005972 -0.005972598920616776
  endloop
endfacet
facet normal 0.678011 0.0857834 0.730029
  outer loop
    vertex 0.0136034547554184 0 0.01466103743659652
    vertex 0.01453793678155571 0.002586302217727271 0.01348923403956165
    vertex 0.01236489756322839 0.002545877812089063 0.01551218277409022
  endloop
endfacet
facet normal -0.0544561 0.93751 0.34367
  outer loop
    vertex -0.002335207835854259 0.01902078032873632 0.005723348674449446
    vertex -0.001857256234332282 0.01811448501301164 0.008271398430338771
    vertex 0.0005011788988178093 0.01898520145810036 0.006269844121405542
  endloop
endfacet
facet normal -0.673816 0.352032 0.64965
  outer loop
    vertex -0.01319841286414744 0.005600447668339717 0.01394406267131985
    vertex -0.01238283718260579 0.00837224591948638 0.01328799614587238
    vertex -0.01470721128462241 0.006628241346526509 0.01182219746416341
  endloop
endfacet
facet normal 0.612868 -0.303362 -0.729633
  outer loop
    vertex 0.01369568536086745 -0.005360050740167232 -0.01355352568739787
    vertex 0.01165747624444067 -0.007844642950368928 -0.01423252699247497
    vertex 0.01107041764989932 -0.005211412055691828 -0.01582046261784362
  endloop
endfacet
facet normal 0.437575 -0.0868958 -0.894973
  outer loop
    vertex 0.008677674782351159 0 -0.01801937735804839
    vertex 0.009802502858332601 -0.002931564189842936 -0.01718478597810318
    vertex 0.007463024285577069 -0.002827445942717051 -0.01833872454545026
  endloop
endfacet
facet normal -0.00498152 0.173952 0.984742
  outer loop
    vertex 0.001457269051194186 0.002571777674637519 0.01978035203186909
    vertex 0.0001015606444908216 0.005228689830739698 0.01930415727477918
    vertex -0.001893975859215322 0.003623779146681896 0.01957756573583097
  endloop
endfacet
facet normal 0.523897 0.323014 0.788158
  outer loop
    vertex 0.008993685806690603 0.007054960476893079 0.01641161626044213
    vertex 0.01088690276457257 0.004812726065055723 0.0160721192136406
    vertex 0.01126649643302087 0.007560836027837592 0.01469352975581025
  endloop
endfacet
facet normal -0.4314 -0.767348 0.474417
  outer loop
    vertex -0.007155031156703555 -0.01577449576327941 0.009998540521540198
    vertex -0.009673465426023377 -0.01428598658642166 0.01011605920821496
    vertex -0.009567684460299528 -0.01553804235153862 0.008187102903343482
  endloop
endfacet
facet normal -0.0144872 -0.143545 0.989538
  outer loop
    vertex -0.002034647328409904 -0.002454234128747054 0.01974428892338966
    vertex 0.0001549020629201413 -0.00457928995215148 0.01946807922947273
    vertex 0.001482052523141757 -0.002586302217727281 0.01977661652450257
  endloop
endfacet
facet normal 0.852701 0.170817 -0.493683
  outer loop
    vertex 0.01637269209718008 0.00255490081244008 -0.01119854612570443
    vertex 0.01668992281492761 0.005095223695203136 -0.009771651443210582
    vertex 0.01786807857268564 0.00258630221764997 -0.008604813127506663
  endloop
endfacet
facet normal -0.416363 -0.745538 0.520398
  outer loop
    vertex -0.008222551726450105 -0.01403488740069984 0.01163664808935672
    vertex -0.009673465426023377 -0.01428598658642166 0.01011605920821496
    vertex -0.007155031156703555 -0.01577449576327941 0.009998540521540198
  endloop
endfacet
facet normal -0.631361 -0.0836414 0.770965
  outer loop
    vertex -0.01185927853505649 -0.00302869880594263 0.01581722150603038
    vertex -0.01158303553395896 -0.0008080708710145243 0.01628435781007228
    vertex -0.01350883757075548 -0.0005122522324753235 0.01473936583226257
  endloop
endfacet
facet normal 0.35853 -0.925474 0.12229
  outer loop
    vertex 0.006572667967512634 -0.0184703373821221 0.003955587539091545
    vertex 0.006236939672985831 -0.01896490529397306 0.001197059190753797
    vertex 0.008488415730153971 -0.01803648860440309 0.001622306141057242
  endloop
endfacet
facet normal 0.954604 0.0450087 -0.294456
  outer loop
    vertex 0.01861747497288408 0 -0.007306820487327901
    vertex 0.01895903802256125 0.002637729856240412 -0.00579631421375472
    vertex 0.01949855824363647 0 -0.004450418679126288
  endloop
endfacet
facet normal -0.437016 0.89201 0.115476
  outer loop
    vertex -0.007371287511443831 0.01852857085528759 0.001534986151149101
    vertex -0.01004497457747345 0.01724025048532965 0.001368301480304218
    vertex -0.009399124875093798 0.01724459833623997 0.003778925747370879
  endloop
endfacet
facet normal 0.635623 -0.329025 0.698374
  outer loop
    vertex 0.01301371417834327 -0.004913922926261803 0.01436998972717608
    vertex 0.01136286178536706 -0.00739878324268735 0.01470181548565938
    vertex 0.01352101157317345 -0.007466277706203608 0.01270578385035557
  endloop
endfacet
facet normal 0.219124 0.214953 0.951725
  outer loop
    vertex 0.005955463150845207 0.004793337248738864 0.01848124391589423
    vertex 0.002856507271043151 0.005129112375450465 0.0191189061520391
    vertex 0.004413050965076307 0.002586302217727091 0.01933483959122027
  endloop
endfacet
facet normal 0.469287 0.691607 0.549044
  outer loop
    vertex 0.007826305971005273 0.01422100585721358 0.01168383187388899
    vertex 0.01042420485673301 0.01254754130232567 0.01157130763445927
    vertex 0.009799379661119188 0.0146343580633306 0.009476693639211635
  endloop
endfacet
facet normal 0.886432 0.419302 -0.196023
  outer loop
    vertex 0.01834085106632073 0.007571764297163092 -0.002506305566216524
    vertex 0.01767235732497472 0.007597672835843276 -0.005473860982697837
    vertex 0.01695703578918403 0.009934578940225366 -0.003709862332319458
  endloop
endfacet
facet normal 0.696585 -0.289569 0.656444
  outer loop
    vertex 0.01514429635443539 -0.005124896769095119 0.01201606096169429
    vertex 0.01301371417834327 -0.004913922926261803 0.01436998972717608
    vertex 0.01352101157317345 -0.007466277706203608 0.01270578385035557
  endloop
endfacet
facet normal -0.601254 0.596287 0.531917
  outer loop
    vertex -0.01323712361415278 0.01168122441738953 0.009398274018894193
    vertex -0.01164622773127602 0.01093573874854592 0.01203224823774878
    vertex -0.01089434226149664 0.01322377938779487 0.01031721694025572
  endloop
endfacet
facet normal 0.578654 0.14466 -0.802642
  outer loop
    vertex 0.01213671893373323 0.00408054877991378 -0.015363891928099
    vertex 0.01248119206132797 0.001848574421002474 -0.01551781612657719
    vertex 0.01033360381676407 0.003117585124409939 -0.01683737791790091
  endloop
endfacet
facet normal 0.853164 0.385081 0.351886
  outer loop
    vertex 0.0162100099145621 0.008782804981089789 0.007752284517091887
    vertex 0.01693208860503219 0.006734035012814573 0.008243612552608633
    vertex 0.01781617680097957 0.006818146888348496 0.006008054361034105
  endloop
endfacet
facet normal 0.862652 0.0862205 -0.498396
  outer loop
    vertex 0.01732050807568877 0 -0.009999999999999997
    vertex 0.01637269209718008 0.00255490081244008 -0.01119854612570443
    vertex 0.01786807857268564 0.00258630221764997 -0.008604813127506663
  endloop
endfacet
facet normal 0.529733 -0.549202 -0.646344
  outer loop
    vertex 0.009861375881927903 -0.01016708736236612 -0.01412032578524114
    vertex 0.01182370735582186 -0.009952033852424179 -0.0126947613827156
    vertex 0.0104940546952439 -0.01220781983161023 -0.01186776942024799
  endloop
endfacet
facet normal 0.433838 0.190241 -0.880677
  outer loop
    vertex 0.007691563023524575 0.005492749646042864 -0.01762582082006525
    vertex 0.01033360381676407 0.003117585124409939 -0.01683737791790091
    vertex 0.007271530351176643 0.002720415208835523 -0.01843160837917986
  endloop
endfacet
facet normal 0.308881 0.304069 -0.901185
  outer loop
    vertex 0.005092870844608128 0.004993720675584473 -0.01868489819009942
    vertex 0.005528053943007652 0.007579706775246806 -0.01766320086520207
    vertex 0.007691563023524575 0.005492749646042864 -0.01762582082006525
  endloop
endfacet
facet normal -0.803677 0.562335 0.194634
  outer loop
    vertex -0.01643639818415947 0.01021361525886539 0.005052413094317538
    vertex -0.01507608814933152 0.01245261641070084 0.004200465526763662
    vertex -0.01624105040996724 0.01143914463054114 0.002318243236259859
  endloop
endfacet
facet normal 0.659272 0.152525 -0.736272
  outer loop
    vertex 0.01433884142339037 0.00264400754131991 -0.01368966218561684
    vertex 0.01248119206132797 0.001848574421002474 -0.01551781612657719
    vertex 0.01213671893373323 0.00408054877991378 -0.015363891928099
  endloop
endfacet
facet normal -0.529618 -0.814313 -0.237484
  outer loop
    vertex -0.009271735799269409 -0.01676634582653202 -0.005737992932522524
    vertex -0.01029024079149553 -0.01685647590309412 -0.00315755674239571
    vertex -0.01189876407817923 -0.01523614761686042 -0.005126326092736389
  endloop
endfacet
facet normal 0.109102 -0.190418 -0.975622
  outer loop
    vertex 0.002362861130460879 -0.0054910883024944 -0.01908572336937656
    vertex 0.0005749673976571835 -0.003166408076202448 -0.01973938378943454
    vertex 0.003534170341523441 -0.002704785835627707 -0.01949855824363647
  endloop
endfacet
facet normal 0.336287 -0.304561 -0.891153
  outer loop
    vertex 0.008312517701998574 -0.005384291725308896 -0.01737559932982832
    vertex 0.006513543611799223 -0.007773599925096489 -0.01723789122316675
    vertex 0.00535280417773518 -0.005199033105715381 -0.01855579538043294
  endloop
endfacet
facet normal 0.158672 -0.543747 -0.824113
  outer loop
    vertex 0.002287142421986629 -0.01199436250936265 -0.01583995730851396
    vertex 0.001919599635463852 -0.01017784661200825 -0.01710925409192228
    vertex 0.004386532899958855 -0.009935614427922419 -0.01679410298459666
  endloop
endfacet
facet normal 0.155417 0.897359 0.413029
  outer loop
    vertex 0.003553671079066709 0.01851144578009129 0.006685641105574326
    vertex 0.001427025484458796 0.01796509405920917 0.008672888429495247
    vertex 0.004441881490064155 0.01724181528801598 0.009109856991312426
  endloop
endfacet
facet normal 0.794727 0.589596 0.14417
  outer loop
    vertex 0.01505482037568744 0.01252535970784517 0.004058047269916298
    vertex 0.01649780830111614 0.01063342309740806 0.003840915840152223
    vertex 0.01610816573340901 0.01178531492733815 0.001278025339533007
  endloop
endfacet
facet normal 0.928054 0.0871821 -0.362098
  outer loop
    vertex 0.01786807857268564 0.00258630221764997 -0.008604813127506663
    vertex 0.01895903802256125 0.002637729856240412 -0.00579631421375472
    vertex 0.01861747497288408 0 -0.007306820487327901
  endloop
endfacet
facet normal 0.917499 0.341617 -0.2037
  outer loop
    vertex 0.01885195065473449 0.005179380145337751 -0.004216393935762742
    vertex 0.01767235732497472 0.007597672835843276 -0.005473860982697837
    vertex 0.01834085106632073 0.007571764297163092 -0.002506305566216524
  endloop
endfacet
facet normal -0.773657 -0.171703 0.609896
  outer loop
    vertex -0.01469558294446595 -0.004808710591883494 0.01268527273517716
    vertex -0.01528658492970895 -0.001890005666234835 0.01275728026533852
    vertex -0.01641127051934475 -0.003604698390832802 0.01084787303815883
  endloop
endfacet
facet normal 0.714341 -0.21529 0.665858
  outer loop
    vertex 0.01452231000217232 -0.002571777676204017 0.01350882940098751
    vertex 0.01301371417834327 -0.004913922926261803 0.01436998972717608
    vertex 0.01514429635443539 -0.005124896769095119 0.01201606096169429
  endloop
endfacet
facet normal -0.790255 0.157111 -0.592295
  outer loop
    vertex -0.01638412299343847 0.001617984843946932 -0.01135529122394661
    vertex -0.01594005161518303 0.004683372004136621 -0.01113466574155552
    vertex -0.01473627444754877 0.003067905490844237 -0.01316928894457742
  endloop
endfacet
facet normal 0.714378 0.637087 -0.289454
  outer loop
    vertex 0.01527605525501716 0.01204349434491852 -0.004647190528650415
    vertex 0.01424063350472995 0.01200763472050507 -0.007281556550826469
    vertex 0.01337257739536392 0.01396160796778907 -0.005123248652834502
  endloop
endfacet
facet normal 0.240739 0.893269 0.379626
  outer loop
    vertex 0.003553671079066709 0.01851144578009129 0.006685641105574326
    vertex 0.004441881490064155 0.01724181528801598 0.009109856991312426
    vertex 0.006371287892681494 0.01761650154823688 0.007004681562322291
  endloop
endfacet
facet normal 0.241996 -0.911327 -0.333047
  outer loop
    vertex 0.004425554854068338 -0.01881194853033499 -0.005150248219810304
    vertex 0.00353368738025639 -0.01811717981365106 -0.007699405762683987
    vertex 0.006340986092444721 -0.01760588859186592 -0.007058653006504025
  endloop
endfacet
facet normal 0.971672 0.0865306 -0.219922
  outer loop
    vertex 0.01949855824363647 0 -0.004450418679126288
    vertex 0.01895903802256125 0.002637729856240412 -0.00579631421375472
    vertex 0.01961751329028178 0.002590517135638653 -0.00290557967978511
  endloop
endfacet
facet normal 0.616501 -0.671209 0.411588
  outer loop
    vertex 0.01095793410721704 -0.0140229545788397 0.009125810921868163
    vertex 0.01273136350234798 -0.01393463701554608 0.006613491862553013
    vertex 0.01321629438685755 -0.01208286868048546 0.008906954986417149
  endloop
endfacet
facet normal 0.878732 0.214279 -0.426516
  outer loop
    vertex 0.01668992281492761 0.005095223695203136 -0.009771651443210582
    vertex 0.01796333279628649 0.005179385414906709 -0.007105817445847437
    vertex 0.01786807857268564 0.00258630221764997 -0.008604813127506663
  endloop
endfacet
facet normal -0.405979 0.494169 -0.768751
  outer loop
    vertex -0.009171069036642684 0.008672231111294348 -0.0155139904691679
    vertex -0.008716391217703822 0.01092725207097473 -0.01430453376791128
    vertex -0.006693605405519375 0.0106012976396463 -0.01558230198112049
  endloop
endfacet
facet normal 0.475186 0.248377 -0.844101
  outer loop
    vertex 0.007691563023524575 0.005492749646042864 -0.01762582082006525
    vertex 0.01029757111373757 0.006525648547742102 -0.0158548396456372
    vertex 0.01033360381676407 0.003117585124409939 -0.01683737791790091
  endloop
endfacet
facet normal 0.222425 0.325641 -0.918959
  outer loop
    vertex 0.005092870844608128 0.004993720675584473 -0.01868489819009942
    vertex 0.002882611243747806 0.007109541714964728 -0.01847011015182625
    vertex 0.005528053943007652 0.007579706775246806 -0.01766320086520207
  endloop
endfacet
facet normal 0.479079 0.856932 0.190134
  outer loop
    vertex 0.008162221388093966 0.01766659244621516 0.004611903441213282
    vertex 0.01075817748548625 0.01620920997281598 0.004639302668283216
    vertex 0.00977198854392463 0.01732259155724031 0.002106196011398912
  endloop
endfacet
facet normal 0.398444 -0.348888 -0.848245
  outer loop
    vertex 0.008312517701998574 -0.005384291725308896 -0.01737559932982832
    vertex 0.009114296381067189 -0.007765388035018088 -0.01601962390768471
    vertex 0.006513543611799223 -0.007773599925096489 -0.01723789122316675
  endloop
endfacet
facet normal -0.0513381 0.809972 0.584218
  outer loop
    vertex -0.0005666957899353852 0.01708048573280654 0.01038921859492145
    vertex -0.002607446480022736 0.01585679668577594 0.01190643614688217
    vertex 0.0001915962511717282 0.01556042263859085 0.01256330124549143
  endloop
endfacet
facet normal 0.857229 0.299424 -0.418932
  outer loop
    vertex 0.01668992281492761 0.005095223695203136 -0.009771651443210582
    vertex 0.01658542728796155 0.007600525021217106 -0.008194853328619928
    vertex 0.01796333279628649 0.005179385414906709 -0.007105817445847437
  endloop
endfacet
facet normal 0.559772 -0.173572 -0.810264
  outer loop
    vertex 0.01253860395799856 -0.002658536683137762 -0.01535303206174187
    vertex 0.01107041764989932 -0.005211412055691828 -0.01582046261784362
    vertex 0.009802502858332601 -0.002931564189842936 -0.01718478597810318
  endloop
endfacet
facet normal 0.987897 -0.0434581 -0.148901
  outer loop
    vertex 0.0199440759436236 0 -0.001494601871728491
    vertex 0.01960604516723271 -0.002591824465055243 -0.002980845323523491
    vertex 0.01949855824363647 0 -0.004450418679126288
  endloop
endfacet
facet normal 0.932905 0.217651 -0.286907
  outer loop
    vertex 0.01796333279628649 0.005179385414906709 -0.007105817445847437
    vertex 0.01885195065473449 0.005179380145337751 -0.004216393935762742
    vertex 0.01895903802256125 0.002637729856240412 -0.00579631421375472
  endloop
endfacet
facet normal 0.53455 0.239329 -0.810541
  outer loop
    vertex 0.01029757111373757 0.006525648547742102 -0.0158548396456372
    vertex 0.01213671893373323 0.00408054877991378 -0.015363891928099
    vertex 0.01033360381676407 0.003117585124409939 -0.01683737791790091
  endloop
endfacet
facet normal 0.199461 0.407293 -0.891251
  outer loop
    vertex 0.002882611243747806 0.007109541714964728 -0.01847011015182625
    vertex 0.003300575851065915 0.009535196570891982 -0.01726806953326892
    vertex 0.005528053943007652 0.007579706775246806 -0.01766320086520207
  endloop
endfacet
facet normal 0.38415 -0.429692 -0.817186
  outer loop
    vertex 0.009114296381067189 -0.007765388035018088 -0.01601962390768471
    vertex 0.007253393597694748 -0.01008071906075075 -0.01567696987734356
    vertex 0.006513543611799223 -0.007773599925096489 -0.01723789122316675
  endloop
endfacet
facet normal 0.641828 -0.721954 -0.258534
  outer loop
    vertex 0.0115409536740045 -0.01556550494386779 -0.004951913179459975
    vertex 0.01304546687685325 -0.01361065207146754 -0.006675772925615504
    vertex 0.01378783252785549 -0.01398069332390225 -0.003799458957115479
  endloop
endfacet
facet normal 0.809939 0.336241 -0.480562
  outer loop
    vertex 0.01668992281492761 0.005095223695203136 -0.009771651443210582
    vertex 0.01513824576429556 0.007454262029847829 -0.01073626996540962
    vertex 0.01658542728796155 0.007600525021217106 -0.008194853328619928
  endloop
endfacet
facet normal 0.434902 -0.900449 -0.00719658
  outer loop
    vertex 0.007404050957109079 -0.01853730806377463 -0.001244282593805761
    vertex 0.01025531826803249 -0.01716757690247786 -0.0003205472178447027
    vertex 0.008488415730153971 -0.01803648860440309 0.001622306141057242
  endloop
endfacet
facet normal 0.107826 0.426456 -0.898058
  outer loop
    vertex 0.002882611243747806 0.007109541714964728 -0.01847011015182625
    vertex 0.0004992744300777599 0.008763402574616093 -0.01797090705442223
    vertex 0.003300575851065915 0.009535196570891982 -0.01726806953326892
  endloop
endfacet
facet normal 0.300563 -0.46646 -0.831912
  outer loop
    vertex 0.007253393597694748 -0.01008071906075075 -0.01567696987734356
    vertex 0.004386532899958855 -0.009935614427922419 -0.01679410298459666
    vertex 0.006513543611799223 -0.007773599925096489 -0.01723789122316675
  endloop
endfacet
facet normal 0.441427 -0.468083 -0.765533
  outer loop
    vertex 0.009114296381067189 -0.007765388035018088 -0.01601962390768471
    vertex 0.009861375881927903 -0.01016708736236612 -0.01412032578524114
    vertex 0.007253393597694748 -0.01008071906075075 -0.01567696987734356
  endloop
endfacet
facet normal 0.779188 0.417265 -0.467714
  outer loop
    vertex 0.01513824576429556 0.007454262029847829 -0.01073626996540962
    vertex 0.01486257748686882 0.009858549802681913 -0.009050568282426272
    vertex 0.01658542728796155 0.007600525021217106 -0.008194853328619928
  endloop
endfacet
facet normal 0.0566266 0.362405 -0.930299
  outer loop
    vertex 0.002882611243747806 0.007109541714964728 -0.01847011015182625
    vertex -6.219977741351425e-05 0.006039314495677833 -0.01906627419319216
    vertex 0.0004992744300777599 0.008763402574616093 -0.01797090705442223
  endloop
endfacet
facet normal 0.0806401 0.495102 -0.865085
  outer loop
    vertex 0.0004992744300777599 0.008763402574616093 -0.01797090705442223
    vertex 0.001020430912344899 0.0112968850229322 -0.01647237413161142
    vertex 0.003300575851065915 0.009535196570891982 -0.01726806953326892
  endloop
endfacet
facet normal 0.418661 -0.538452 -0.731295
  outer loop
    vertex 0.009861375881927903 -0.01016708736236612 -0.01412032578524114
    vertex 0.008044349038795147 -0.01214053682204393 -0.01370750940961308
    vertex 0.007253393597694748 -0.01008071906075075 -0.01567696987734356
  endloop
endfacet
facet normal 0.721894 0.450847 -0.524982
  outer loop
    vertex 0.01513824576429556 0.007454262029847829 -0.01073626996540962
    vertex 0.013200405622302 0.009605447835800656 -0.01155355630446359
    vertex 0.01486257748686882 0.009858549802681913 -0.009050568282426272
  endloop
endfacet
facet normal 0.138226 0.550705 -0.823175
  outer loop
    vertex 0.001020430912344899 0.0112968850229322 -0.01647237413161142
    vertex 0.003876254893270989 0.0120087323960021 -0.01551660382440701
    vertex 0.003300575851065915 0.009535196570891982 -0.01726806953326892
  endloop
endfacet
facet normal -0.00450746 0.509782 -0.860292
  outer loop
    vertex 0.0004992744300777599 0.008763402574616093 -0.01797090705442223
    vertex -0.001789200908575098 0.01041256514031708 -0.01698167386647758
    vertex 0.001020430912344899 0.0112968850229322 -0.01647237413161142
  endloop
endfacet
facet normal 0.699883 0.407644 -0.586507
  outer loop
    vertex 0.01513824576429556 0.007454262029847829 -0.01073626996540962
    vertex 0.01349054166002018 0.007119594813071027 -0.01293509394697048
    vertex 0.013200405622302 0.009605447835800656 -0.01155355630446359
  endloop
endfacet
facet normal 0.683603 0.524966 -0.507048
  outer loop
    vertex 0.013200405622302 0.009605447835800656 -0.01155355630446359
    vertex 0.01277794032557417 0.01192743300887143 -0.009719083436978493
    vertex 0.01486257748686882 0.009858549802681913 -0.009050568282426272
  endloop
endfacet
facet normal -0.0601082 0.450805 -0.890596
  outer loop
    vertex 0.0004992744300777599 0.008763402574616093 -0.01797090705442223
    vertex -0.002303123693126854 0.007771446373924232 -0.0182838793069572
    vertex -0.001789200908575098 0.01041256514031708 -0.01698167386647758
  endloop
endfacet
facet normal -0.0340022 0.577713 -0.815531
  outer loop
    vertex -0.001789200908575098 0.01041256514031708 -0.01698167386647758
    vertex -0.001263759333755195 0.01282407730429326 -0.01529529187821721
    vertex 0.001020430912344899 0.0112968850229322 -0.01647237413161142
  endloop
endfacet
facet normal 0.618412 0.553358 -0.557998
  outer loop
    vertex 0.013200405622302 0.009605447835800656 -0.01155355630446359
    vertex 0.01098798177962886 0.01154475795575293 -0.01208233504557888
    vertex 0.01277794032557417 0.01192743300887143 -0.009719083436978493
  endloop
endfacet
facet normal -0.11893 0.586285 -0.801327
  outer loop
    vertex -0.001789200908575098 0.01041256514031708 -0.01698167386647758
    vertex -0.004056233004046442 0.01180927000144576 -0.0156233196168368
    vertex -0.001263759333755195 0.01282407730429326 -0.01529529187821721
  endloop
endfacet
facet normal 0.5721 0.62244 -0.534106
  outer loop
    vertex 0.01098798177962886 0.01154475795575293 -0.01208233504557888
    vertex 0.01043204721959413 0.01373491972323995 -0.01012543189223613
    vertex 0.01277794032557417 0.01192743300887143 -0.009719083436978493
  endloop
endfacet
facet normal -0.171267 0.529833 -0.830629
  outer loop
    vertex -0.001789200908575098 0.01041256514031708 -0.01698167386647758
    vertex -0.004544253720707699 0.009412420720725031 -0.01705157160785774
    vertex -0.004056233004046442 0.01180927000144576 -0.0156233196168368
  endloop
endfacet
facet normal -0.147566 0.647679 -0.747487
  outer loop
    vertex -0.004056233004046442 0.01180927000144576 -0.0156233196168368
    vertex -0.003500916615266312 0.0140824393802459 -0.01376330207307286
    vertex -0.001263759333755195 0.01282407730429326 -0.01529529187821721
  endloop
endfacet
facet normal 0.590564 0.66307 -0.45997
  outer loop
    vertex 0.01043204721959413 0.01373491972323995 -0.01012543189223613
    vertex 0.01209165824489331 0.01397347649255722 -0.007650735624804604
    vertex 0.01277794032557417 0.01192743300887143 -0.009719083436978493
  endloop
endfacet
facet normal 0.500899 0.643901 -0.578353
  outer loop
    vertex 0.01098798177962886 0.01154475795575293 -0.01208233504557888
    vertex 0.008521795522766488 0.01321027590899032 -0.01236396422982965
    vertex 0.01043204721959413 0.01373491972323995 -0.01012543189223613
  endloop
endfacet
facet normal -0.0911125 0.700156 -0.708153
  outer loop
    vertex -0.003500916615266312 0.0140824393802459 -0.01376330207307286
    vertex -0.0006816857824174784 0.01494614091429846 -0.01327208258955555
    vertex -0.001263759333755195 0.01282407730429326 -0.01529529187821721
  endloop
endfacet
facet normal -0.239402 0.649215 -0.721946
  outer loop
    vertex -0.004056233004046442 0.01180927000144576 -0.0156233196168368
    vertex -0.00647563775238065 0.01299731269035273 -0.01375267168695372
    vertex -0.003500916615266312 0.0140824393802459 -0.01376330207307286
  endloop
endfacet
facet normal 0.537722 0.724933 -0.430496
  outer loop
    vertex 0.01043204721959413 0.01373491972323995 -0.01012543189223613
    vertex 0.00961927349721633 0.01562535404408295 -0.007957253821690767
    vertex 0.01209165824489331 0.01397347649255722 -0.007650735624804604
  endloop
endfacet
facet normal 0.476952 0.597191 -0.644888
  outer loop
    vertex 0.01098798177962886 0.01154475795575293 -0.01208233504557888
    vertex 0.00898333693389123 0.01091661649209474 -0.01414663005442324
    vertex 0.008521795522766488 0.01321027590899032 -0.01236396422982965
  endloop
endfacet
facet normal -0.118969 0.755045 -0.64479
  outer loop
    vertex -0.003500916615266312 0.0140824393802459 -0.01376330207307286
    vertex -0.002887250220621193 0.01607724870136504 -0.01154061784992376
    vertex -0.0006816857824174784 0.01494614091429846 -0.01327208258955555
  endloop
endfacet
facet normal 0.528821 0.519083 -0.671492
  outer loop
    vertex 0.01098798177962886 0.01154475795575293 -0.01208233504557888
    vertex 0.01136488299876111 0.008803424789379625 -0.0139046447779944
    vertex 0.00898333693389123 0.01091661649209474 -0.01414663005442324
  endloop
endfacet
facet normal 0.549849 0.757768 -0.351359
  outer loop
    vertex 0.00961927349721633 0.01562535404408295 -0.007957253821690767
    vertex 0.01115695693769176 0.01569768528528099 -0.005394903944906207
    vertex 0.01209165824489331 0.01397347649255722 -0.007650735624804604
  endloop
endfacet
facet normal 0.399151 0.611384 -0.683292
  outer loop
    vertex 0.00898333693389123 0.01091661649209474 -0.01414663005442324
    vertex 0.00640375502832408 0.01241131341695526 -0.01431611751849364
    vertex 0.008521795522766488 0.01321027590899032 -0.01236396422982965
  endloop
endfacet
facet normal -0.0609615 0.798305 -0.59916
  outer loop
    vertex -0.002887250220621193 0.01607724870136504 -0.01154061784992376
    vertex -5.603429830458156e-05 0.01673115649315343 -0.01095742955984766
    vertex -0.0006816857824174784 0.01494614091429846 -0.01327208258955555
  endloop
endfacet
facet normal 0.371055 0.556042 -0.74373
  outer loop
    vertex 0.00898333693389123 0.01091661649209474 -0.01414663005442324
    vertex 0.006763795511551676 0.009951320010032442 -0.01597567839986275
    vertex 0.00640375502832408 0.01241131341695526 -0.01431611751849364
  endloop
endfacet
facet normal 0.4909 0.811304 -0.317494
  outer loop
    vertex 0.00961927349721633 0.01562535404408295 -0.007957253821690767
    vertex 0.008567893948701326 0.01717365421275471 -0.0056264370843847
    vertex 0.01115695693769176 0.01569768528528099 -0.005394903944906207
  endloop
endfacet
facet normal 0.0235405 0.788571 -0.614493
  outer loop
    vertex -5.603429830458156e-05 0.01673115649315343 -0.01095742955984766
    vertex 0.002160611353230089 0.01548161422307887 -0.01247603220691801
    vertex -0.0006816857824174784 0.01494614091429846 -0.01327208258955555
  endloop
endfacet
facet normal -0.0859541 0.844128 -0.529207
  outer loop
    vertex -0.002887250220621193 0.01607724870136504 -0.01154061784992376
    vertex -0.002253127195457641 0.01764244598379163 -0.009146995001096463
    vertex -5.603429830458156e-05 0.01673115649315343 -0.01095742955984766
  endloop
endfacet
facet normal 0.778654 -0.0862899 0.621492
  outer loop
    vertex 0.01563662964936061 0 0.01246979603717466
    vertex 0.01452231000217232 -0.002571777676204017 0.01350882940098751
    vertex 0.01638602605079745 -0.002586302218238192 0.01117180339508906
  endloop
endfacet
facet normal 0.497182 0.835328 -0.234601
  outer loop
    vertex 0.008567893948701326 0.01717365421275471 -0.0056264370843847
    vertex 0.00999480361456547 0.01706138166754258 -0.00300219191603586
    vertex 0.01115695693769176 0.01569768528528099 -0.005394903944906207
  endloop
endfacet
facet normal 0.424739 0.830595 -0.360152
  outer loop
    vertex 0.00961927349721633 0.01562535404408295 -0.007957253821690767
    vertex 0.007016029844401013 0.01698234678949887 -0.00789779860110852
    vertex 0.008567893948701326 0.01717365421275471 -0.0056264370843847
  endloop
endfacet
facet normal -0.0730861 -0.914514 0.397899
  outer loop
    vertex -0.002004949842329842 -0.01753255710970103 0.009412205762987404
    vertex -0.002594769942022295 -0.01866193900783605 0.00670814440928225
    vertex 0.0002309091258984846 -0.01847164647524504 0.007664525912875779
  endloop
endfacet
facet normal 0.76966 -0.171991 0.614852
  outer loop
    vertex 0.01452231000217232 -0.002571777676204017 0.01350882940098751
    vertex 0.01514429635443539 -0.005124896769095119 0.01201606096169429
    vertex 0.01638602605079745 -0.002586302218238192 0.01117180339508906
  endloop
endfacet
facet normal -0.157329 -0.898586 0.409622
  outer loop
    vertex -0.002004949842329842 -0.01753255710970103 0.009412205762987404
    vertex -0.004804797115441132 -0.01751958317460197 0.008365293184799451
    vertex -0.002594769942022295 -0.01866193900783605 0.00670814440928225
  endloop
endfacet
facet normal 0.0807072 0.824266 -0.560421
  outer loop
    vertex -5.603429830458156e-05 0.01673115649315343 -0.01095742955984766
    vertex 0.00290886464619981 0.01695540642827381 -0.01020062249679596
    vertex 0.002160611353230089 0.01548161422307887 -0.01247603220691801
  endloop
endfacet
facet normal -0.165515 0.844917 -0.508645
  outer loop
    vertex -0.002887250220621193 0.01607724870136504 -0.01154061784992376
    vertex -0.004852449215755619 0.01686911638217276 -0.009585752400997197
    vertex -0.002253127195457641 0.01764244598379163 -0.009146995001096463
  endloop
endfacet
facet normal 0.0130065 -0.812929 0.582217
  outer loop
    vertex 0.001383523067606282 -0.01542373718523274 0.01265678455067756
    vertex -0.001436738705349957 -0.01603001064545764 0.01187327000447072
    vertex 0.0008306921487806954 -0.01714006678294945 0.01027268520056888
  endloop
endfacet
facet normal 0.825465 -0.0432664 0.562793
  outer loop
    vertex 0.01563662964936061 0 0.01246979603717466
    vertex 0.01638602605079745 -0.002586302218238192 0.01117180339508906
    vertex 0.01732050807568878 0 0.009999999999999992
  endloop
endfacet
facet normal -0.0465417 -0.944422 0.325423
  outer loop
    vertex -0.002594769942022295 -0.01866193900783605 0.00670814440928225
    vertex -0.0004008565765325638 -0.01936707381988414 0.004975516622443232
    vertex 0.0002309091258984846 -0.01847164647524504 0.007664525912875779
  endloop
endfacet
facet normal 0.0986968 -0.818319 0.566227
  outer loop
    vertex 0.001383523067606282 -0.01542373718523274 0.01265678455067756
    vertex 0.0008306921487806954 -0.01714006678294945 0.01027268520056888
    vertex 0.003651694021264546 -0.01637910699647957 0.01088071618841953
  endloop
endfacet
facet normal -0.183794 -0.857289 0.480911
  outer loop
    vertex -0.002004949842329842 -0.01753255710970103 0.009412205762987404
    vertex -0.004176733820324297 -0.01619335022183676 0.01096951699880622
    vertex -0.004804797115441132 -0.01751958317460197 0.008365293184799451
  endloop
endfacet
facet normal 0.558928 0.807454 -0.188724
  outer loop
    vertex 0.00999480361456547 0.01706138166754258 -0.00300219191603586
    vertex 0.01235725872884519 0.01547818703444771 -0.002779187441507708
    vertex 0.01115695693769176 0.01569768528528099 -0.005394903944906207
  endloop
endfacet
facet normal 0.432684 0.879616 -0.197635
  outer loop
    vertex 0.008567893948701326 0.01717365421275471 -0.0056264370843847
    vertex 0.007301493452198275 0.01834508835663978 -0.003185267108828615
    vertex 0.00999480361456547 0.01706138166754258 -0.00300219191603586
  endloop
endfacet
facet normal -0.902827 -0.267481 -0.336686
  outer loop
    vertex -0.0173420882037794 -0.005510390252296596 -0.008299853974602806
    vertex -0.01799448535860931 -0.006674956852936374 -0.005625250900202858
    vertex -0.01863319694007358 -0.003814998441017592 -0.006184638929433638
  endloop
endfacet
facet normal 0.406797 0.799741 -0.441509
  outer loop
    vertex 0.00961927349721633 0.01562535404408295 -0.007957253821690767
    vertex 0.007560086158834778 0.01534539088942498 -0.0103616637525905
    vertex 0.007016029844401013 0.01698234678949887 -0.00789779860110852
  endloop
endfacet
facet normal -0.0157813 -0.889054 0.45753
  outer loop
    vertex 0.0008306921487806954 -0.01714006678294945 0.01027268520056888
    vertex -0.002004949842329842 -0.01753255710970103 0.009412205762987404
    vertex 0.0002309091258984846 -0.01847164647524504 0.007664525912875779
  endloop
endfacet
facet normal -0.972736 -0.0555192 0.225173
  outer loop
    vertex -0.01968624489432261 0.0002426278205948251 0.003520354201132382
    vertex -0.01947303625765223 -0.002614647598848026 0.003736907390075385
    vertex -0.01900842393228812 -0.001046792400640838 0.00613058278472585
  endloop
endfacet
facet normal 0.0689604 -0.894852 0.441003
  outer loop
    vertex 0.0008306921487806954 -0.01714006678294945 0.01027268520056888
    vertex 0.0002309091258984846 -0.01847164647524504 0.007664525912875779
    vertex 0.003060589217655792 -0.01787916255999399 0.008424270876110179
  endloop
endfacet
facet normal 0.124191 -0.723382 0.679187
  outer loop
    vertex 0.004163146384044318 -0.01445614218584057 0.01317908059341696
    vertex 0.001877000634581716 -0.01336115883383028 0.01476334322688932
    vertex 0.001383523067606282 -0.01542373718523274 0.01265678455067756
  endloop
endfacet
facet normal 0.300034 -0.913145 -0.275945
  outer loop
    vertex 0.007170867004065914 -0.01817364960170901 -0.004277514063600587
    vertex 0.004425554854068338 -0.01881194853033499 -0.005150248219810304
    vertex 0.006340986092444721 -0.01760588859186592 -0.007058653006504025
  endloop
endfacet
facet normal 0.475024 -0.725846 0.497494
  outer loop
    vertex 0.008976750427780433 -0.0137438354788238 0.01142475111713021
    vertex 0.00843344739074414 -0.01565102424456166 0.009160917268685172
    vertex 0.01095793410721704 -0.0140229545788397 0.009125810921868163
  endloop
endfacet
facet normal -0.214068 -0.91402 0.344591
  outer loop
    vertex -0.004804797115441132 -0.01751958317460197 0.008365293184799451
    vertex -0.005352912457648114 -0.01845866104125389 0.005533910081023322
    vertex -0.002594769942022295 -0.01866193900783605 0.00670814440928225
  endloop
endfacet
facet normal -0.456987 0.353222 -0.816332
  outer loop
    vertex -0.009171069036642684 0.008672231111294348 -0.0155139904691679
    vertex -0.007628270533127392 0.006692701469687055 -0.0172341879910563
    vertex -0.01022168941042892 0.005626063104282092 -0.01624390592017083
  endloop
endfacet
facet normal 0.125267 -0.859853 0.494935
  outer loop
    vertex 0.0008306921487806954 -0.01714006678294945 0.01027268520056888
    vertex 0.003060589217655792 -0.01787916255999399 0.008424270876110179
    vertex 0.003651694021264546 -0.01637910699647957 0.01088071618841953
  endloop
endfacet
facet normal 0.165746 0.801953 -0.573933
  outer loop
    vertex 0.00290886464619981 0.01695540642827381 -0.01020062249679596
    vertex 0.004866319820212711 0.01556791927173088 -0.01157405810233711
    vertex 0.002160611353230089 0.01548161422307887 -0.01247603220691801
  endloop
endfacet
facet normal 0.622906 -0.0432664 0.781099
  outer loop
    vertex 0.01126640116127246 0 0.01652477548631989
    vertex 0.01236509402995863 -0.002586302217942747 0.01550533748319416
    vertex 0.0136034547554184 0 0.01466103743659652
  endloop
endfacet
facet normal -0.187972 0.879671 -0.436858
  outer loop
    vertex -0.004852449215755619 0.01686911638217276 -0.009585752400997197
    vertex -0.004195796911756698 0.01812689041676609 -0.007335607138734094
    vertex -0.002253127195457641 0.01764244598379163 -0.009146995001096463
  endloop
endfacet
facet normal 0.397993 -0.746435 0.533326
  outer loop
    vertex 0.008976750427780433 -0.0137438354788238 0.01142475111713021
    vertex 0.006374328556986463 -0.01521031074874514 0.01131434409827609
    vertex 0.00843344739074414 -0.01565102424456166 0.009160917268685172
  endloop
endfacet
facet normal -0.122321 -0.693106 0.710382
  outer loop
    vertex -0.000883608930477775 -0.01413703838407144 0.01411960980286887
    vertex -0.003185334942808993 -0.01275310125280682 0.01507355464838262
    vertex -0.003207364603956935 -0.01474446786836193 0.0131268229048817
  endloop
endfacet
facet normal -0.899333 -0.199288 -0.389211
  outer loop
    vertex -0.01777334862388766 -0.002594437988625959 -0.008796418033320451
    vertex -0.0173420882037794 -0.005510390252296596 -0.008299853974602806
    vertex -0.01863319694007358 -0.003814998441017592 -0.006184638929433638
  endloop
endfacet
facet normal -0.363727 0.487551 0.793723
  outer loop
    vertex -0.008411944774499818 0.008462880974542224 0.01605050873715523
    vertex -0.005705343050262979 0.009614146871634208 0.01658364376756393
    vertex -0.007624899950946781 0.01106692607673789 0.01481161868095688
  endloop
endfacet
facet normal -0.924434 -0.121929 -0.361323
  outer loop
    vertex -0.01885458426193486 -0.0008594281660731831 -0.006615590339263645
    vertex -0.01777334862388766 -0.002594437988625959 -0.008796418033320451
    vertex -0.01863319694007358 -0.003814998441017592 -0.006184638929433638
  endloop
endfacet
facet normal -0.966109 0.0139286 0.257759
  outer loop
    vertex -0.01968624489432261 0.0002426278205948251 0.003520354201132382
    vertex -0.01900842393228812 -0.001046792400640838 0.00613058278472585
    vertex -0.01905753679604291 0.001805127848026444 0.005792391968759547
  endloop
endfacet
facet normal -0.0156722 -0.762691 0.646573
  outer loop
    vertex 0.001383523067606282 -0.01542373718523274 0.01265678455067756
    vertex -0.000883608930477775 -0.01413703838407144 0.01411960980286887
    vertex -0.001436738705349957 -0.01603001064545764 0.01187327000447072
  endloop
endfacet
facet normal 0.371232 -0.704345 0.605049
  outer loop
    vertex 0.008976750427780433 -0.0137438354788238 0.01142475111713021
    vertex 0.006839778011821632 -0.01314893098957111 0.01342844185229612
    vertex 0.006374328556986463 -0.01521031074874514 0.01131434409827609
  endloop
endfacet
facet normal -0.863658 -0.187529 0.467897
  outer loop
    vertex -0.0179085415246754 -0.002338896072835687 0.008591490302587252
    vertex -0.01730637571313589 -0.005266168673898815 0.008529761261244485
    vertex -0.01641127051934475 -0.003604698390832802 0.01084787303815883
  endloop
endfacet
facet normal -0.295069 -0.888367 0.351764
  outer loop
    vertex -0.004804797115441132 -0.01751958317460197 0.008365293184799451
    vertex -0.007506042769330033 -0.01710143601174277 0.007155432082079732
    vertex -0.005352912457648114 -0.01845866104125389 0.005533910081023322
  endloop
endfacet
facet normal -0.92156 -0.0515967 0.384793
  outer loop
    vertex -0.01900842393228812 -0.001046792400640838 0.00613058278472585
    vertex -0.0179085415246754 -0.002338896072835687 0.008591490302587252
    vertex -0.01819011350499938 0.0005050144237654686 0.00829847763791817
  endloop
endfacet
facet normal -0.867351 -0.342794 -0.360825
  outer loop
    vertex -0.0173420882037794 -0.005510390252296596 -0.008299853974602806
    vertex -0.01651037456245405 -0.008305559768164985 -0.007643638449384511
    vertex -0.01799448535860931 -0.006674956852936374 -0.005625250900202858
  endloop
endfacet
facet normal 0.174241 0.779303 0.601936
  outer loop
    vertex 0.0051347553447961 0.01551250351895422 0.01153241180861665
    vertex 0.002337010841282672 0.01647212909170992 0.01109988033781315
    vertex 0.002943724429053991 0.01459914340022432 0.01334913849150864
  endloop
endfacet
facet normal 0.497026 -0.761727 0.415617
  outer loop
    vertex 0.00843344739074414 -0.01565102424456166 0.009160917268685172
    vertex 0.01041257043941043 -0.01572022137934116 0.006667309549497569
    vertex 0.01095793410721704 -0.0140229545788397 0.009125810921868163
  endloop
endfacet
facet normal -0.967994 -0.0333141 -0.248752
  outer loop
    vertex -0.01950993207609441 0.000918152383910987 -0.004303434278120335
    vertex -0.01885458426193486 -0.0008594281660731831 -0.006615590339263645
    vertex -0.0194984873151156 -0.002050114335251979 -0.003950446004525389
  endloop
endfacet
facet normal 0.364789 0.899043 -0.242179
  outer loop
    vertex 0.008567893948701326 0.01717365421275471 -0.0056264370843847
    vertex 0.005841334899458557 0.0182679139115037 -0.005671166362773815
    vertex 0.007301493452198275 0.01834508835663978 -0.003185267108828615
  endloop
endfacet
facet normal 0.433744 0.894009 -0.112314
  outer loop
    vertex 0.007301493452198275 0.01834508835663978 -0.003185267108828615
    vertex 0.008631267984354722 0.01803397485869107 -0.0005262734824705019
    vertex 0.00999480361456547 0.01706138166754258 -0.00300219191603586
  endloop
endfacet
facet normal -0.953267 -0.112302 -0.280483
  outer loop
    vertex -0.01885458426193486 -0.0008594281660731831 -0.006615590339263645
    vertex -0.01863319694007358 -0.003814998441017592 -0.006184638929433638
    vertex -0.0194984873151156 -0.002050114335251979 -0.003950446004525389
  endloop
endfacet
facet normal -0.129093 0.914655 -0.383068
  outer loop
    vertex -0.004195796911756698 0.01812689041676609 -0.007335607138734094
    vertex -0.001532558333499255 0.01884906099878839 -0.006508775953923784
    vertex -0.002253127195457641 0.01764244598379163 -0.009146995001096463
  endloop
endfacet
facet normal 0.446785 -0.811275 0.377116
  outer loop
    vertex 0.00843344739074414 -0.01565102424456166 0.009160917268685172
    vertex 0.007684654460513194 -0.01720076408625769 0.006714149288735117
    vertex 0.01041257043941043 -0.01572022137934116 0.006667309549497569
  endloop
endfacet
facet normal -0.953809 0.0362558 -0.298217
  outer loop
    vertex -0.01950993207609441 0.000918152383910987 -0.004303434278120335
    vertex -0.01865057583097996 0.002108508760857072 -0.006907257920351262
    vertex -0.01885458426193486 -0.0008594281660731831 -0.006615590339263645
  endloop
endfacet
facet normal -0.32402 -0.841316 0.432664
  outer loop
    vertex -0.004804797115441132 -0.01751958317460197 0.008365293184799451
    vertex -0.007155031156703555 -0.01577449576327941 0.009998540521540198
    vertex -0.007506042769330033 -0.01710143601174277 0.007155432082079732
  endloop
endfacet
facet normal -0.178192 0.654834 0.734466
  outer loop
    vertex -0.004832884242577553 0.01205915157282105 0.0152059229657911
    vertex -0.001951768638988369 0.01282677711363246 0.01522052522277258
    vertex -0.003838089246529836 0.01427664735304886 0.01347020457500015
  endloop
endfacet
facet normal -0.65195 0.0562648 0.756171
  outer loop
    vertex -0.01352224034082861 0.002679475948256663 0.01449032176342476
    vertex -0.01350883757075548 -0.0005122522324753235 0.01473936583226257
    vertex -0.01169085939909064 0.001537137851202609 0.01615428778179634
  endloop
endfacet
facet normal -0.797712 -0.141486 -0.586206
  outer loop
    vertex -0.01653043939607153 -0.001293578083161427 -0.01118352489672065
    vertex -0.01486324986357901 -0.002915976005294886 -0.01306066182968394
    vertex -0.01629047972053337 -0.004247956892206368 -0.01079699646739071
  endloop
endfacet
facet normal -0.461431 0.734031 -0.498277
  outer loop
    vertex -0.01063146973402609 0.01364209625641223 -0.01004315991236178
    vertex -0.009011757604363716 0.01567633921332967 -0.008546380154709677
    vertex -0.008014565552088833 0.01449619262877102 -0.01120835127397583
  endloop
endfacet
facet normal -0.265484 -0.934476 -0.23722
  outer loop
    vertex -0.006015676329986085 -0.0188122101535167 -0.003148394421410443
    vertex -0.006347948383547622 -0.01800087813005972 -0.005972598920616776
    vertex -0.003611434720191528 -0.01910544811301283 -0.004683950433423648
  endloop
endfacet
facet normal -0.989855 0.0560423 -0.130562
  outer loop
    vertex -0.01972503748892076 0.002698215347439879 -0.001908541327692635
    vertex -0.01950993207609441 0.000918152383910987 -0.004303434278120335
    vertex -0.01993506910474286 -0.0002653602134095854 -0.001588270677896581
  endloop
endfacet
facet normal -0.082877 -0.75191 0.654036
  outer loop
    vertex -0.000883608930477775 -0.01413703838407144 0.01411960980286887
    vertex -0.003207364603956935 -0.01474446786836193 0.0131268229048817
    vertex -0.001436738705349957 -0.01603001064545764 0.01187327000447072
  endloop
endfacet
facet normal -0.986085 -0.0233751 -0.164589
  outer loop
    vertex -0.01950993207609441 0.000918152383910987 -0.004303434278120335
    vertex -0.0194984873151156 -0.002050114335251979 -0.003950446004525389
    vertex -0.01993506910474286 -0.0002653602134095854 -0.001588270677896581
  endloop
endfacet
facet normal -0.683005 -0.149852 -0.714877
  outer loop
    vertex -0.01309241462361262 -0.001544326933000127 -0.01504007093226042
    vertex -0.01287176272201517 -0.004497297549122578 -0.01463188433465754
    vertex -0.01486324986357901 -0.002915976005294886 -0.01306066182968394
  endloop
endfacet
facet normal 0.0939222 0.777371 0.621992
  outer loop
    vertex 0.002337010841282672 0.01647212909170992 0.01109988033781315
    vertex 0.0001915962511717282 0.01556042263859085 0.01256330124549143
    vertex 0.002943724429053991 0.01459914340022432 0.01334913849150864
  endloop
endfacet
facet normal 0.230436 0.729087 0.644462
  outer loop
    vertex 0.0051347553447961 0.01551250351895422 0.01153241180861665
    vertex 0.002943724429053991 0.01459914340022432 0.01334913849150864
    vertex 0.005696100596846041 0.01347041233464013 0.0136419364287254
  endloop
endfacet
facet normal -0.717385 -0.0735788 -0.69278
  outer loop
    vertex -0.01492690416106374 6.204344755441583e-05 -0.01331103612710272
    vertex -0.01309241462361262 -0.001544326933000127 -0.01504007093226042
    vertex -0.01486324986357901 -0.002915976005294886 -0.01306066182968394
  endloop
endfacet
facet normal -0.855609 -0.110728 0.505641
  outer loop
    vertex -0.0179085415246754 -0.002338896072835687 0.008591490302587252
    vertex -0.01641127051934475 -0.003604698390832802 0.01084787303815883
    vertex -0.01684077404525736 -0.0006461520870939682 0.01076897474400095
  endloop
endfacet
facet normal 0.459073 -0.836369 0.299566
  outer loop
    vertex 0.007684654460513194 -0.01720076408625769 0.006714149288735117
    vertex 0.009403394606703976 -0.01711432192793117 0.004321591699564501
    vertex 0.01041257043941043 -0.01572022137934116 0.006667309549497569
  endloop
endfacet
facet normal -0.7749 -0.069384 -0.628264
  outer loop
    vertex -0.01653043939607153 -0.001293578083161427 -0.01118352489672065
    vertex -0.01492690416106374 6.204344755441583e-05 -0.01331103612710272
    vertex -0.01486324986357901 -0.002915976005294886 -0.01306066182968394
  endloop
endfacet
facet normal -0.348115 -0.893011 0.285213
  outer loop
    vertex -0.007506042769330033 -0.01710143601174277 0.007155432082079732
    vertex -0.007894953170992095 -0.01787693323645664 0.004252643000195759
    vertex -0.005352912457648114 -0.01845866104125389 0.005533910081023322
  endloop
endfacet
facet normal 0.364266 0.928386 -0.0735458
  outer loop
    vertex 0.007301493452198275 0.01834508835663978 -0.003185267108828615
    vertex 0.005848369895970486 0.01911372458770265 -0.0006797808068467642
    vertex 0.008631267984354722 0.01803397485869107 -0.0005262734824705019
  endloop
endfacet
facet normal -0.824792 -0.282177 -0.489995
  outer loop
    vertex -0.01629047972053337 -0.004247956892206368 -0.01079699646739071
    vertex -0.01567034049253637 -0.007109106769928733 -0.01019318545802677
    vertex -0.0173420882037794 -0.005510390252296596 -0.008299853974602806
  endloop
endfacet
facet normal -0.686193 -0.000673622 -0.727419
  outer loop
    vertex -0.01492690416106374 6.204344755441583e-05 -0.01331103612710272
    vertex -0.01299871383769351 0.001442016949261506 -0.01513122684000864
    vertex -0.01309241462361262 -0.001544326933000127 -0.01504007093226042
  endloop
endfacet
facet normal 0.79037 -0.29897 0.534726
  outer loop
    vertex 0.01514429635443539 -0.005124896769095119 0.01201606096169429
    vertex 0.01531807587044302 -0.007585669789719402 0.01038336002788547
    vertex 0.01678502937599268 -0.005100307538322139 0.009604668232770834
  endloop
endfacet
facet normal -0.400513 -0.810366 0.427663
  outer loop
    vertex -0.007155031156703555 -0.01577449576327941 0.009998540521540198
    vertex -0.009567684460299528 -0.01553804235153862 0.008187102903343482
    vertex -0.007506042769330033 -0.01710143601174277 0.007155432082079732
  endloop
endfacet
facet normal -0.989297 -0.0904614 -0.114495
  outer loop
    vertex -0.0194984873151156 -0.002050114335251979 -0.003950446004525389
    vertex -0.0197130459281478 -0.003142287159563832 -0.001233633511856676
    vertex -0.01993506910474286 -0.0002653602134095854 -0.001588270677896581
  endloop
endfacet
facet normal 0.0612217 0.730928 0.679703
  outer loop
    vertex 0.0001915962511717282 0.01556042263859085 0.01256330124549143
    vertex 0.0007166043986598676 0.01345543915871535 0.01477963582710788
    vertex 0.002943724429053991 0.01459914340022432 0.01334913849150864
  endloop
endfacet
facet normal 0.0346167 0.824688 0.564527
  outer loop
    vertex 0.002337010841282672 0.01647212909170992 0.01109988033781315
    vertex -0.0005666957899353852 0.01708048573280654 0.01038921859492145
    vertex 0.0001915962511717282 0.01556042263859085 0.01256330124549143
  endloop
endfacet
facet normal -0.613849 0.14596 0.775813
  outer loop
    vertex -0.01352224034082861 0.002679475948256663 0.01449032176342476
    vertex -0.01169085939909064 0.001537137851202609 0.01615428778179634
    vertex -0.01138561807556503 0.004233595421745004 0.01588849806754392
  endloop
endfacet
facet normal -0.312722 0.127386 0.941264
  outer loop
    vertex -0.006863586915366949 0.004088097981149771 0.01833517465288299
    vertex -0.007224589310172833 0.001133999626079573 0.01861503032894085
    vertex -0.004605156322390316 0.002392566624512839 0.01931497243574569
  endloop
endfacet
facet normal -0.316417 -0.925646 0.207507
  outer loop
    vertex -0.007894953170992095 -0.01787693323645664 0.004252643000195759
    vertex -0.005744421427941649 -0.01897603427522914 0.002629019901699845
    vertex -0.005352912457648114 -0.01845866104125389 0.005533910081023322
  endloop
endfacet
facet normal 0.391922 -0.885506 0.249552
  outer loop
    vertex 0.007684654460513194 -0.01720076408625769 0.006714149288735117
    vertex 0.006572667967512634 -0.0184703373821221 0.003955587539091545
    vertex 0.009403394606703976 -0.01711432192793117 0.004321591699564501
  endloop
endfacet
facet normal -0.261785 0.197251 0.944754
  outer loop
    vertex -0.006863586915366949 0.004088097981149771 0.01833517465288299
    vertex -0.004605156322390316 0.002392566624512839 0.01931497243574569
    vertex -0.004179746043058766 0.005310269893484824 0.01882367542946603
  endloop
endfacet
facet normal -0.900474 0.433129 -0.0393067
  outer loop
    vertex -0.01798734063140026 0.008387685494855015 -0.002470285216199984
    vertex -0.01860106286622702 0.007347412574674207 0.0001264464479118961
    vertex -0.01729351041590856 0.01004621782499314 -8.947014950443486e-05
  endloop
endfacet
facet normal -0.57594 -0.227366 -0.785237
  outer loop
    vertex -0.01095511396948964 -0.003091719017930796 -0.01644465723053108
    vertex -0.01060065152817045 -0.006002070099159945 -0.01586194634031611
    vertex -0.01287176272201517 -0.004497297549122578 -0.01463188433465754
  endloop
endfacet
facet normal 0.294342 0.948117 -0.120153
  outer loop
    vertex 0.007301493452198275 0.01834508835663978 -0.003185267108828615
    vertex 0.00444485611389229 0.01921412719446934 -0.003325743568218708
    vertex 0.005848369895970486 0.01911372458770265 -0.0006797808068467642
  endloop
endfacet
facet normal -0.374157 0.279688 0.884184
  outer loop
    vertex -0.009046171009856538 0.00571308324446438 0.01689755810471594
    vertex -0.006863586915366949 0.004088097981149771 0.01833517465288299
    vertex -0.006376157834206359 0.006953020489380571 0.01763519541563242
  endloop
endfacet
facet normal -0.599869 -0.298581 -0.742298
  outer loop
    vertex -0.01060065152817045 -0.006002070099159945 -0.01586194634031611
    vertex -0.01238548038418905 -0.007348684710323815 -0.01387792162685469
    vertex -0.01287176272201517 -0.004497297549122578 -0.01463188433465754
  endloop
endfacet
facet normal -0.185558 -0.465706 0.865267
  outer loop
    vertex -0.002748824862079204 -0.008104488942599065 0.01807653785593095
    vertex -0.005389008205686621 -0.009021768855887321 0.0170166470630963
    vertex -0.002954091582332172 -0.0107118537917944 0.01662917710731395
  endloop
endfacet
facet normal -0.435962 -0.888607 0.14253
  outer loop
    vertex -0.007894953170992095 -0.01787693323645664 0.004252643000195759
    vertex -0.01015102379816614 -0.01699364365511542 0.002858809397637458
    vertex -0.00829439842543203 -0.01815079850804747 0.001323430497023652
  endloop
endfacet
facet normal -0.279868 0.0492709 0.958773
  outer loop
    vertex -0.007224589310172833 0.001133999626079573 0.01861503032894085
    vertex -0.004899723461399158 -0.0005813367490429341 0.01938181512619566
    vertex -0.004605156322390316 0.002392566624512839 0.01931497243574569
  endloop
endfacet
facet normal -0.289061 -0.0752466 -0.954349
  outer loop
    vertex -0.006477980025347403 -3.231982274257382e-05 -0.01892180568075515
    vertex -0.00419562952125642 -0.001523332932277527 -0.01949554179031197
    vertex -0.006318076170056478 -0.003011414255416778 -0.01873534888096929
  endloop
endfacet
facet normal -0.859599 0.4797 -0.176006
  outer loop
    vertex -0.01651653066584061 0.01097286645493463 -0.002607760826171955
    vertex -0.01688465955342476 0.00933968260040869 -0.00526104558890768
    vertex -0.01798734063140026 0.008387685494855015 -0.002470285216199984
  endloop
endfacet
facet normal 0.333169 0.903891 0.268291
  outer loop
    vertex 0.005382067781940794 0.0187480593492052 0.004420816330642374
    vertex 0.006371287892681494 0.01761650154823688 0.007004681562322291
    vertex 0.008162221388093966 0.01766659244621516 0.004611903441213282
  endloop
endfacet
facet normal -0.367441 -0.920031 0.136124
  outer loop
    vertex -0.007894953170992095 -0.01787693323645664 0.004252643000195759
    vertex -0.00829439842543203 -0.01815079850804747 0.001323430497023652
    vertex -0.005744421427941649 -0.01897603427522914 0.002629019901699845
  endloop
endfacet
facet normal 0.808751 -0.21331 0.548106
  outer loop
    vertex 0.01514429635443539 -0.005124896769095119 0.01201606096169429
    vertex 0.01678502937599268 -0.005100307538322139 0.009604668232770834
    vertex 0.01638602605079745 -0.002586302218238192 0.01117180339508906
  endloop
endfacet
facet normal -0.507571 -0.228172 -0.830849
  outer loop
    vertex -0.01095511396948964 -0.003091719017930796 -0.01644465723053108
    vertex -0.008675721154263495 -0.004567921601194259 -0.01743175133768285
    vertex -0.01060065152817045 -0.006002070099159945 -0.01586194634031611
  endloop
endfacet
facet normal -0.931376 0.355684 -0.0776352
  outer loop
    vertex -0.01798734063140026 0.008387685494855015 -0.002470285216199984
    vertex -0.01906878304308093 0.005613225489583465 -0.002207535471742148
    vertex -0.01860106286622702 0.007347412574674207 0.0001264464479118961
  endloop
endfacet
facet normal -0.713334 0.0780821 -0.696461
  outer loop
    vertex -0.01492690416106374 6.204344755441583e-05 -0.01331103612710272
    vertex -0.01473627444754877 0.003067905490844237 -0.01316928894457742
    vertex -0.01299871383769351 0.001442016949261506 -0.01513122684000864
  endloop
endfacet
facet normal 0.825465 -0.0432664 -0.562793
  outer loop
    vertex 0.01732050807568877 0 -0.009999999999999997
    vertex 0.01638602604955429 -0.002586302217728838 -0.01117180339703036
    vertex 0.0156366296493606 0 -0.01246979603717467
  endloop
endfacet
facet normal 0.160784 -0.493847 0.854555
  outer loop
    vertex 0.004864601961314144 -0.009851246450928745 0.01671192960495712
    vertex 0.002488128476879871 -0.008577785155012551 0.01789499423070557
    vertex 0.002175033376747309 -0.01107770181040776 0.01650920205248345
  endloop
endfacet
facet normal -0.455836 0.556883 0.69433
  outer loop
    vertex -0.007624899950946781 0.01106692607673789 0.01481161868095688
    vertex -0.009366849726117668 0.01234935256999349 0.01263944687517316
    vertex -0.01024143956263105 0.009805981766453992 0.01410516349713634
  endloop
endfacet
facet normal 0.408092 -0.897309 0.16822
  outer loop
    vertex 0.006572667967512634 -0.0184703373821221 0.003955587539091545
    vertex 0.008488415730153971 -0.01803648860440309 0.001622306141057242
    vertex 0.009403394606703976 -0.01711432192793117 0.004321591699564501
  endloop
endfacet
facet normal -0.335491 -0.940062 0.061061
  outer loop
    vertex -0.00829439842543203 -0.01815079850804747 0.001323430497023652
    vertex -0.005999274838151015 -0.01907639055969628 -0.000316266707477367
    vertex -0.005744421427941649 -0.01897603427522914 0.002629019901699845
  endloop
endfacet
facet normal -0.675933 0.148646 -0.721816
  outer loop
    vertex -0.01473627444754877 0.003067905490844237 -0.01316928894457742
    vertex -0.01259276228462677 0.004394743656139595 -0.01490330722489819
    vertex -0.01299871383769351 0.001442016949261506 -0.01513122684000864
  endloop
endfacet
facet normal -0.395987 0.61583 0.681137
  outer loop
    vertex -0.007624899950946781 0.01106692607673789 0.01481161868095688
    vertex -0.006652147479566716 0.0134535269389286 0.013219362572137
    vertex -0.009366849726117668 0.01234935256999349 0.01263944687517316
  endloop
endfacet
facet normal 0.987905 -0.0432664 0.148903
  outer loop
    vertex 0.01949855824363647 0 0.004450418679126283
    vertex 0.01961056316987575 -0.002586302217728273 0.002955816807396369
    vertex 0.0199440759436236 0 0.00149460187172848
  endloop
endfacet
facet normal -0.438973 0.889506 -0.126813
  outer loop
    vertex -0.007407915160847141 0.01828061400598932 -0.003307861020919456
    vertex -0.009998806045494727 0.01700090135045483 -0.00331560415862348
    vertex -0.008736773770170859 0.01796836464822577 -0.0008981402770420037
  endloop
endfacet
facet normal -0.271545 -0.222237 -0.936415
  outer loop
    vertex -0.006318076170056478 -0.003011414255416778 -0.01873534888096929
    vertex -0.003791771688676353 -0.004475331866597479 -0.01912050920202623
    vertex -0.005989655099514176 -0.005922216324149825 -0.01813977358179636
  endloop
endfacet
facet normal -0.645637 0.294319 -0.704648
  outer loop
    vertex -0.0141172808584098 0.005950914496805754 -0.01285647688196434
    vertex -0.01188366637508316 0.00724761685534268 -0.01436142483891729
    vertex -0.01259276228462677 0.004394743656139595 -0.01490330722489819
  endloop
endfacet
facet normal 0.79381 -0.415775 0.443845
  outer loop
    vertex 0.01531807587044302 -0.007585669789719402 0.01038336002788547
    vertex 0.01517722342431637 -0.00988634378178193 0.008480099985071194
    vertex 0.01682155954180653 -0.007825313300664334 0.007469913408326996
  endloop
endfacet
facet normal 0.394603 0.863741 0.313432
  outer loop
    vertex 0.006371287892681494 0.01761650154823688 0.007004681562322291
    vertex 0.009079903307217724 0.01634391355395574 0.007101538260996586
    vertex 0.008162221388093966 0.01766659244621516 0.004611903441213282
  endloop
endfacet
facet normal -0.956499 0.290719 -0.0243309
  outer loop
    vertex -0.01906878304308093 0.005613225489583465 -0.002207535471742148
    vertex -0.01949976536585111 0.004419718860797185 0.0004745902108842014
    vertex -0.01860106286622702 0.007347412574674207 0.0001264464479118961
  endloop
endfacet
facet normal 0.379514 0.837664 0.392795
  outer loop
    vertex 0.006371287892681494 0.01761650154823688 0.007004681562322291
    vertex 0.007211040362194654 0.01611062267434925 0.009404718706029627
    vertex 0.009079903307217724 0.01634391355395574 0.007101538260996586
  endloop
endfacet
facet normal -0.35309 -0.225619 -0.907978
  outer loop
    vertex -0.006318076170056478 -0.003011414255416778 -0.01873534888096929
    vertex -0.005989655099514176 -0.005922216324149825 -0.01813977358179636
    vertex -0.008675721154263495 -0.004567921601194259 -0.01743175133768285
  endloop
endfacet
facet normal -0.692836 0.223154 -0.685698
  outer loop
    vertex -0.01473627444754877 0.003067905490844237 -0.01316928894457742
    vertex -0.0141172808584098 0.005950914496805754 -0.01285647688196434
    vertex -0.01259276228462677 0.004394743656139595 -0.01490330722489819
  endloop
endfacet
facet normal -0.219057 -0.297182 -0.929353
  outer loop
    vertex -0.003791771688676353 -0.004475331866597479 -0.01912050920202623
    vertex -0.00329296396700493 -0.007191219448423729 -0.01836961488863116
    vertex -0.005989655099514176 -0.005922216324149825 -0.01813977358179636
  endloop
endfacet
facet normal -0.551334 -0.370546 -0.74748
  outer loop
    vertex -0.01060065152817045 -0.006002070099159945 -0.01586194634031611
    vertex -0.009896626046684225 -0.008720362012396525 -0.01503369812337746
    vertex -0.01238548038418905 -0.007348684710323815 -0.01387792162685469
  endloop
endfacet
facet normal 0.270774 0.503196 0.820656
  outer loop
    vertex 0.006102837535165326 0.01112963556780015 0.01545595633234434
    vertex 0.003870913735343402 0.01021321151339921 0.01675429310463738
    vertex 0.006514357614166273 0.00894340199868578 0.01666069342988632
  endloop
endfacet
facet normal -0.235834 -0.526962 0.816513
  outer loop
    vertex -0.005389008205686621 -0.009021768855887321 0.0170166470630963
    vertex -0.005693247119705732 -0.01160340259606881 0.01526263363340371
    vertex -0.002954091582332172 -0.0107118537917944 0.01662917710731395
  endloop
endfacet
facet normal -0.405936 0.673696 0.617535
  outer loop
    vertex -0.006652147479566716 0.0134535269389286 0.013219362572137
    vertex -0.008281490026615556 0.01450402627974739 0.01100227906460586
    vertex -0.009366849726117668 0.01234935256999349 0.01263944687517316
  endloop
endfacet
facet normal -0.306588 -0.731859 -0.608594
  outer loop
    vertex -0.006332771263185532 -0.01562029619866555 -0.01076579559503738
    vertex -0.007406306054474785 -0.01358443792957802 -0.01267318731672866
    vertex -0.004587603172113167 -0.01454298981069286 -0.01294045379812087
  endloop
endfacet
facet normal -0.0655731 -0.508417 -0.858611
  outer loop
    vertex -0.0006018263660379379 -0.009001716550311756 -0.0178495631367545
    vertex -9.149204040736508e-06 -0.01086340486386178 -0.01679244922743224
    vertex -0.002808443496181078 -0.009881501915408056 -0.0171600863932716
  endloop
endfacet
facet normal -0.656835 0.366838 -0.658785
  outer loop
    vertex -0.0141172808584098 0.005950914496805754 -0.01285647688196434
    vertex -0.01326216493844895 0.008729665408531295 -0.01216174013044463
    vertex -0.01188366637508316 0.00724761685534268 -0.01436142483891729
  endloop
endfacet
facet normal -0.291412 0.273543 0.916653
  outer loop
    vertex -0.006863586915366949 0.004088097981149771 0.01833517465288299
    vertex -0.004179746043058766 0.005310269893484824 0.01882367542946603
    vertex -0.006376157834206359 0.006953020489380571 0.01763519541563242
  endloop
endfacet
facet normal 0.208162 -0.428405 0.879283
  outer loop
    vertex 0.004864601961314144 -0.009851246450928745 0.01671192960495712
    vertex 0.005045491721055869 -0.007164720333600284 0.01797803648438982
    vertex 0.002488128476879871 -0.008577785155012551 0.01789499423070557
  endloop
endfacet
facet normal -0.580467 0.288885 -0.761317
  outer loop
    vertex -0.01188366637508316 0.00724761685534268 -0.01436142483891729
    vertex -0.01022168941042892 0.005626063104282092 -0.01624390592017083
    vertex -0.01259276228462677 0.004394743656139595 -0.01490330722489819
  endloop
endfacet
facet normal -0.378187 -0.925704 -0.00680701
  outer loop
    vertex -0.00829439842543203 -0.01815079850804747 0.001323430497023652
    vertex -0.008395381360429997 -0.01808861180336263 -0.001523054444264775
    vertex -0.005999274838151015 -0.01907639055969628 -0.000316266707477367
  endloop
endfacet
facet normal -0.111688 -0.424153 -0.898677
  outer loop
    vertex -0.00329296396700493 -0.007191219448423729 -0.01836961488863116
    vertex -0.0006018263660379379 -0.009001716550311756 -0.0178495631367545
    vertex -0.002808443496181078 -0.009881501915408056 -0.0171600863932716
  endloop
endfacet
facet normal -0.248217 -0.364948 -0.89733
  outer loop
    vertex -0.00329296396700493 -0.007191219448423729 -0.01836961488863116
    vertex -0.005554823356780697 -0.008701752923704325 -0.01712960692864162
    vertex -0.005989655099514176 -0.005922216324149825 -0.01813977358179636
  endloop
endfacet
facet normal -0.442856 -0.678199 -0.586451
  outer loop
    vertex -0.0090401569125825 -0.014552573024886 -0.01031979560607899
    vertex -0.01005475815524041 -0.01236523125945306 -0.01208316574163706
    vertex -0.007406306054474785 -0.01358443792957802 -0.01267318731672866
  endloop
endfacet
facet normal -0.381508 -0.731108 -0.565626
  outer loop
    vertex -0.006332771263185532 -0.01562029619866555 -0.01076579559503738
    vertex -0.0090401569125825 -0.014552573024886 -0.01031979560607899
    vertex -0.007406306054474785 -0.01358443792957802 -0.01267318731672866
  endloop
endfacet
facet normal 0.337555 0.767396 0.545124
  outer loop
    vertex 0.007211040362194654 0.01611062267434925 0.009404718706029627
    vertex 0.0051347553447961 0.01551250351895422 0.01153241180861665
    vertex 0.007826305971005273 0.01422100585721358 0.01168383187388899
  endloop
endfacet
facet normal -0.366777 0.926672 -0.0821846
  outer loop
    vertex -0.007407915160847141 0.01828061400598932 -0.003307861020919456
    vertex -0.008736773770170859 0.01796836464822577 -0.0008981402770420037
    vertex -0.00593952554631642 0.01907772005064544 -0.0008732891582149564
  endloop
endfacet
facet normal -0.713677 0.368553 -0.59568
  outer loop
    vertex -0.0141172808584098 0.005950914496805754 -0.01285647688196434
    vertex -0.01529777721450065 0.007405031745025916 -0.01054246257525551
    vertex -0.01326216493844895 0.008729665408531295 -0.01216174013044463
  endloop
endfacet
facet normal 0.364925 0.0477277 -0.929813
  outer loop
    vertex 0.005895103488218082 0 -0.01911145611572282
    vertex 0.007271530351176643 0.002720415208835523 -0.01843160837917986
    vertex 0.008677674782351159 0 -0.01801937735804839
  endloop
endfacet
facet normal -0.342724 -0.935557 -0.0852838
  outer loop
    vertex -0.008395381360429997 -0.01808861180336263 -0.001523054444264775
    vertex -0.006015676329986085 -0.0188122101535167 -0.003148394421410443
    vertex -0.005999274838151015 -0.01907639055969628 -0.000316266707477367
  endloop
endfacet
facet normal 0.622825 -0.0461793 -0.780997
  outer loop
    vertex 0.01360345475541839 0 -0.01466103743659653
    vertex 0.01253860395799856 -0.002658536683137762 -0.01535303206174187
    vertex 0.01126640116127244 0 -0.0165247754863199
  endloop
endfacet
facet normal -0.562383 0.21309 -0.798948
  outer loop
    vertex -0.01022168941042892 0.005626063104282092 -0.01624390592017083
    vertex -0.01080266050804742 0.002716913558898525 -0.01661086712550992
    vertex -0.01259276228462677 0.004394743656139595 -0.01490330722489819
  endloop
endfacet
facet normal -0.439611 0.49076 0.752261
  outer loop
    vertex -0.008411944774499818 0.008462880974542224 0.01605050873715523
    vertex -0.007624899950946781 0.01106692607673789 0.01481161868095688
    vertex -0.01024143956263105 0.009805981766453992 0.01410516349713634
  endloop
endfacet
facet normal 0.437092 0.787536 0.434439
  outer loop
    vertex 0.007211040362194654 0.01611062267434925 0.009404718706029627
    vertex 0.009799379661119188 0.0146343580633306 0.009476693639211635
    vertex 0.009079903307217724 0.01634391355395574 0.007101538260996586
  endloop
endfacet
facet normal -0.388453 -0.78015 -0.490377
  outer loop
    vertex -0.006332771263185532 -0.01562029619866555 -0.01076579559503738
    vertex -0.007840918360427843 -0.01642506837946211 -0.008290785728451776
    vertex -0.0090401569125825 -0.014552573024886 -0.01031979560607899
  endloop
endfacet
facet normal -0.152201 0.126079 0.980275
  outer loop
    vertex -0.002708057853940655 0.0009754143880663211 0.01979179096068023
    vertex -0.001893975859215322 0.003623779146681896 0.01957756573583097
    vertex -0.004605156322390316 0.002392566624512839 0.01931497243574569
  endloop
endfacet
facet normal -0.194998 -0.431183 -0.880941
  outer loop
    vertex -0.00329296396700493 -0.007191219448423729 -0.01836961488863116
    vertex -0.002808443496181078 -0.009881501915408056 -0.0171600863932716
    vertex -0.005554823356780697 -0.008701752923704325 -0.01712960692864162
  endloop
endfacet
facet normal -0.453961 -0.772287 -0.444402
  outer loop
    vertex -0.007840918360427843 -0.01642506837946211 -0.008290785728451776
    vertex -0.01039343855812752 -0.01516941082042601 -0.007865456776282639
    vertex -0.0090401569125825 -0.014552573024886 -0.01031979560607899
  endloop
endfacet
facet normal -0.519709 0.364407 -0.772729
  outer loop
    vertex -0.01188366637508316 0.00724761685534268 -0.01436142483891729
    vertex -0.009171069036642684 0.008672231111294348 -0.0155139904691679
    vertex -0.01022168941042892 0.005626063104282092 -0.01624390592017083
  endloop
endfacet
facet normal -0.213165 0.0430526 0.976067
  outer loop
    vertex -0.004899723461399158 -0.0005813367490429341 0.01938181512619566
    vertex -0.002708057853940655 0.0009754143880663211 0.01979179096068023
    vertex -0.004605156322390316 0.002392566624512839 0.01931497243574569
  endloop
endfacet
facet normal -0.716709 0.440533 -0.540609
  outer loop
    vertex -0.01529777721450065 0.007405031745025916 -0.01054246257525551
    vertex -0.01434526362604653 0.01007045017837024 -0.009633246841236296
    vertex -0.01326216493844895 0.008729665408531295 -0.01216174013044463
  endloop
endfacet
facet normal -0.319782 0.612585 0.722827
  outer loop
    vertex -0.007624899950946781 0.01106692607673789 0.01481161868095688
    vertex -0.004832884242577553 0.01205915157282105 0.0152059229657911
    vertex -0.006652147479566716 0.0134535269389286 0.013219362572137
  endloop
endfacet
facet normal -0.493765 0.205201 -0.845038
  outer loop
    vertex -0.01022168941042892 0.005626063104282092 -0.01624390592017083
    vertex -0.008396284211884557 0.003964811992379607 -0.01771391197049203
    vertex -0.01080266050804742 0.002716913558898525 -0.01661086712550992
  endloop
endfacet
facet normal -0.459193 -0.809612 -0.365609
  outer loop
    vertex -0.007840918360427843 -0.01642506837946211 -0.008290785728451776
    vertex -0.009271735799269409 -0.01676634582653202 -0.005737992932522524
    vertex -0.01039343855812752 -0.01516941082042601 -0.007865456776282639
  endloop
endfacet
facet normal 0.987898 0.0434329 -0.148902
  outer loop
    vertex 0.01949855824363647 0 -0.004450418679126288
    vertex 0.01961751329028178 0.002590517135638653 -0.00290557967978511
    vertex 0.0199440759436236 0 -0.001494601871728491
  endloop
endfacet
facet normal -0.418155 0.772474 0.477943
  outer loop
    vertex -0.008281490026615556 0.01450402627974739 0.01100227906460586
    vertex -0.007000169033869531 0.01639226737002413 0.009071449937407808
    vertex -0.00971408350355049 0.01527928203788031 0.008495888540521015
  endloop
endfacet
facet normal -0.665073 0.503245 -0.551745
  outer loop
    vertex -0.01434526362604653 0.01007045017837024 -0.009633246841236296
    vertex -0.01209147415039462 0.01131270714944456 -0.01121690286225412
    vertex -0.01326216493844895 0.008729665408531295 -0.01216174013044463
  endloop
endfacet
facet normal -0.531393 -0.787882 -0.31123
  outer loop
    vertex -0.009271735799269409 -0.01676634582653202 -0.005737992932522524
    vertex -0.01189876407817923 -0.01523614761686042 -0.005126326092736389
    vertex -0.01039343855812752 -0.01516941082042601 -0.007865456776282639
  endloop
endfacet
facet normal -0.258336 -0.962017 -0.0882407
  outer loop
    vertex -0.006015676329986085 -0.0188122101535167 -0.003148394421410443
    vertex -0.003531317894110982 -0.0195936305155402 -0.001902481839919524
    vertex -0.005999274838151015 -0.01907639055969628 -0.000316266707477367
  endloop
endfacet
facet normal -0.419116 0.814057 0.402062
  outer loop
    vertex -0.007000169033869531 0.01639226737002413 0.009071449937407808
    vertex -0.008338896110180677 0.0169896573014654 0.006466402125013334
    vertex -0.00971408350355049 0.01527928203788031 0.008495888540521015
  endloop
endfacet
facet normal -0.431669 -0.621174 -0.654068
  outer loop
    vertex -0.01005475815524041 -0.01236523125945306 -0.01208316574163706
    vertex -0.008289223019767825 -0.01124548251392225 -0.01431180997489906
    vertex -0.007406306054474785 -0.01358443792957802 -0.01267318731672866
  endloop
endfacet
facet normal 0.499532 -0.0432664 0.865214
  outer loop
    vertex 0.008677674782351177 0 0.01801937735804838
    vertex 0.009916035508692227 -0.002586302217727274 0.01717507731071199
    vertex 0.01126640116127246 0 0.01652477548631989
  endloop
endfacet
facet normal -0.700324 -0.659492 0.273162
  outer loop
    vertex -0.01513991989735549 -0.01209465670255136 0.004949960075504531
    vertex -0.01341028782512001 -0.01420286119535553 0.004294521430020131
    vertex -0.01341018909091458 -0.01307989196671033 0.007005944239365758
  endloop
endfacet
facet normal -0.659432 0.56676 -0.493895
  outer loop
    vertex -0.01434526362604653 0.01007045017837024 -0.009633246841236296
    vertex -0.01302754140313902 0.01249873137455389 -0.008606095457072317
    vertex -0.01209147415039462 0.01131270714944456 -0.01121690286225412
  endloop
endfacet
facet normal -0.0093626 -0.994858 -0.100846
  outer loop
    vertex -0.0009857193404819197 -0.01967475140046282 -0.003454347219343537
    vertex 0.001471143817804003 -0.01984319657998313 -0.002020714070689525
    vertex -0.0009518240887646256 -0.0199698726796818 -0.0005460916235815754
  endloop
endfacet
facet normal 0.0352905 -0.998989 -0.027831
  outer loop
    vertex 0.001471143817804003 -0.01984319657998313 -0.002020714070689525
    vertex 0.001631659157642521 -0.01991658193257699 0.0008169776718057944
    vertex -0.0009518240887646256 -0.0199698726796818 -0.0005460916235815754
  endloop
endfacet
facet normal -0.471772 0.680354 -0.560847
  outer loop
    vertex -0.01063146973402609 0.01364209625641223 -0.01004315991236178
    vertex -0.008014565552088833 0.01449619262877102 -0.01120835127397583
    vertex -0.009641598509717802 0.01240933963174983 -0.01237125167803526
  endloop
endfacet
facet normal -0.598428 0.626629 -0.499219
  outer loop
    vertex -0.01302754140313902 0.01249873137455389 -0.008606095457072317
    vertex -0.01063146973402609 0.01364209625641223 -0.01004315991236178
    vertex -0.01209147415039462 0.01131270714944456 -0.01121690286225412
  endloop
endfacet
facet normal -0.543767 0.623742 -0.561482
  outer loop
    vertex -0.01063146973402609 0.01364209625641223 -0.01004315991236178
    vertex -0.009641598509717802 0.01240933963174983 -0.01237125167803526
    vertex -0.01209147415039462 0.01131270714944456 -0.01121690286225412
  endloop
endfacet
facet normal -0.335509 0.865911 0.370988
  outer loop
    vertex -0.007000169033869531 0.01639226737002413 0.009071449937407808
    vertex -0.00505942592744874 0.01809953759272561 0.00684170652791917
    vertex -0.008338896110180677 0.0169896573014654 0.006466402125013334
  endloop
endfacet
facet normal 0.732365 0.0432664 0.679536
  outer loop
    vertex 0.01563662964936061 0 0.01246979603717466
    vertex 0.01453793678155571 0.002586302217727271 0.01348923403956165
    vertex 0.0136034547554184 0 0.01466103743659652
  endloop
endfacet
facet normal 0.364852 -0.0517405 -0.929627
  outer loop
    vertex 0.008677674782351159 0 -0.01801937735804839
    vertex 0.007463024285577069 -0.002827445942717051 -0.01833872454545026
    vertex 0.005895103488218082 0 -0.01911145611572282
  endloop
endfacet
facet normal -0.336432 0.8915 0.303384
  outer loop
    vertex -0.00505942592744874 0.01809953759272561 0.00684170652791917
    vertex -0.00679962864212372 0.0183165375964626 0.004274283660051448
    vertex -0.008338896110180677 0.0169896573014654 0.006466402125013334
  endloop
endfacet
facet normal -0.092209 -0.990759 -0.0994647
  outer loop
    vertex -0.0009857193404819197 -0.01967475140046282 -0.003454347219343537
    vertex -0.0009518240887646256 -0.0199698726796818 -0.0005460916235815754
    vertex -0.003531317894110982 -0.0195936305155402 -0.001902481839919524
  endloop
endfacet
facet normal -0.70927 0.563854 -0.423089
  outer loop
    vertex -0.01434526362604653 0.01007045017837024 -0.009633246841236296
    vertex -0.01506723385784338 0.01111567844329713 -0.00702994712770143
    vertex -0.01302754140313902 0.01249873137455389 -0.008606095457072317
  endloop
endfacet
facet normal 0.701886 0.662878 0.260668
  outer loop
    vertex 0.0138188968168378 0.01274612366076474 0.006824545581215147
    vertex 0.01505482037568744 0.01252535970784517 0.004058047269916298
    vertex 0.01306676579230295 0.01445925639277231 0.004493276788400041
  endloop
endfacet
facet normal -0.853876 0.435954 0.284325
  outer loop
    vertex -0.01643639818415947 0.01021361525886539 0.005052413094317538
    vertex -0.01790075335584948 0.007660866172397674 0.004568824660857156
    vertex -0.01709092417697593 0.007629011933624764 0.007049715433510116
  endloop
endfacet
facet normal 0.705955 0.686697 0.17342
  outer loop
    vertex 0.01505482037568744 0.01252535970784517 0.004058047269916298
    vertex 0.01421015897907401 0.01395202373730489 0.00184727242796592
    vertex 0.01306676579230295 0.01445925639277231 0.004493276788400041
  endloop
endfacet
facet normal 0.168397 -0.984874 0.0408016
  outer loop
    vertex 0.004232902233936851 -0.01953451655755877 -0.0006965640964009659
    vertex 0.004207063805035182 -0.01941374206783062 0.002325345794523118
    vertex 0.001631659157642521 -0.01991658193257699 0.0008169776718057944
  endloop
endfacet
facet normal 0.0746601 -0.0432664 0.99627
  outer loop
    vertex 1.224646799147353e-18 0 0.02
    vertex 0.001482052523141757 -0.002586302217727281 0.01977661652450257
    vertex 0.002980845323523502 0 0.01977661652450257
  endloop
endfacet
facet normal -0.975057 0.213173 -0.0618199
  outer loop
    vertex -0.01906878304308093 0.005613225489583465 -0.002207535471742148
    vertex -0.01972503748892076 0.002698215347439879 -0.001908541327692635
    vertex -0.01949976536585111 0.004419718860797185 0.0004745902108842014
  endloop
endfacet
facet normal -0.363305 -0.622666 -0.693034
  outer loop
    vertex -0.008289223019767825 -0.01124548251392225 -0.01431180997489906
    vertex -0.00571641671350211 -0.01292653151676912 -0.01415017183300501
    vertex -0.007406306054474785 -0.01358443792957802 -0.01267318731672866
  endloop
endfacet
facet normal 0.126535 -0.99142 -0.0327966
  outer loop
    vertex 0.001471143817804003 -0.01984319657998313 -0.002020714070689525
    vertex 0.004232902233936851 -0.01953451655755877 -0.0006965640964009659
    vertex 0.001631659157642521 -0.01991658193257699 0.0008169776718057944
  endloop
endfacet
facet normal -0.409127 0.879029 0.244791
  outer loop
    vertex -0.00679962864212372 0.0183165375964626 0.004274283660051448
    vertex -0.009399124875093798 0.01724459833623997 0.003778925747370879
    vertex -0.008338896110180677 0.0169896573014654 0.006466402125013334
  endloop
endfacet
facet normal -0.7196 0.560481 0.409923
  outer loop
    vertex -0.01443550213183329 0.01210362102297201 0.006717040742328921
    vertex -0.01533045524149425 0.009762840252683192 0.008346501799504399
    vertex -0.01323712361415278 0.01168122441738953 0.009398274018894193
  endloop
endfacet
facet normal -0.779066 0.53047 0.334152
  outer loop
    vertex -0.01443550213183329 0.01210362102297201 0.006717040742328921
    vertex -0.01643639818415947 0.01021361525886539 0.005052413094317538
    vertex -0.01533045524149425 0.009762840252683192 0.008346501799504399
  endloop
endfacet
facet normal -0.667084 0.676082 0.312909
  outer loop
    vertex -0.0122151157765713 0.01384514415561197 0.007687842992366761
    vertex -0.01313650240285775 0.01435544273788348 0.00462099214661319
    vertex -0.01443550213183329 0.01210362102297201 0.006717040742328921
  endloop
endfacet
facet normal -0.816431 0.468071 0.338157
  outer loop
    vertex -0.01643639818415947 0.01021361525886539 0.005052413094317538
    vertex -0.01709092417697593 0.007629011933624764 0.007049715433510116
    vertex -0.01533045524149425 0.009762840252683192 0.008346501799504399
  endloop
endfacet
facet normal -0.731717 -0.596542 0.329739
  outer loop
    vertex -0.01500114353785303 -0.01071025713882586 0.007762479280291843
    vertex -0.01513991989735549 -0.01209465670255136 0.004949960075504531
    vertex -0.01341018909091458 -0.01307989196671033 0.007005944239365758
  endloop
endfacet
facet normal -0.133302 -0.976801 -0.167601
  outer loop
    vertex -0.003611434720191528 -0.01910544811301283 -0.004683950433423648
    vertex -0.0009857193404819197 -0.01967475140046282 -0.003454347219343537
    vertex -0.003531317894110982 -0.0195936305155402 -0.001902481839919524
  endloop
endfacet
facet normal -0.733547 -0.679636 0.00201333
  outer loop
    vertex -0.01543221608617711 -0.01265980164714552 -0.001255439733506979
    vertex -0.01346223677307991 -0.01478368531366817 -0.0004591618581360114
    vertex -0.01489559475653188 -0.01323006541534866 0.001756879607365046
  endloop
endfacet
facet normal 0.643345 0.701058 0.307612
  outer loop
    vertex 0.0138188968168378 0.01274612366076474 0.006824545581215147
    vertex 0.01306676579230295 0.01445925639277231 0.004493276788400041
    vertex 0.01157106116577484 0.01470119652895889 0.007070032822754393
  endloop
endfacet
facet normal -0.667574 0.629525 0.397547
  outer loop
    vertex -0.0122151157765713 0.01384514415561197 0.007687842992366761
    vertex -0.01443550213183329 0.01210362102297201 0.006717040742328921
    vertex -0.01323712361415278 0.01168122441738953 0.009398274018894193
  endloop
endfacet
facet normal -0.275361 0.863874 0.42178
  outer loop
    vertex -0.007000169033869531 0.01639226737002413 0.009071449937407808
    vertex -0.004029807100682918 0.01711311659710464 0.009534248531750542
    vertex -0.00505942592744874 0.01809953759272561 0.00684170652791917
  endloop
endfacet
facet normal 0.675474 0.606056 0.420035
  outer loop
    vertex 0.0122173428004389 0.01280722439915776 0.009311903032473107
    vertex 0.01434592662072135 0.01070644019685538 0.008920007158295207
    vertex 0.0138188968168378 0.01274612366076474 0.006824545581215147
  endloop
endfacet
facet normal -0.522336 -0.175143 0.83456
  outer loop
    vertex -0.009471846834927767 -0.002304047013096678 0.01746354731711484
    vertex -0.01185927853505649 -0.00302869880594263 0.01581722150603038
    vertex -0.009892109045786605 -0.005136614972531633 0.01660606411074673
  endloop
endfacet
facet normal -0.600287 -0.575388 0.555503
  outer loop
    vertex -0.01296961395483418 -0.01173259240684995 0.009702339371373152
    vertex -0.01064222824875157 -0.01251460085554203 0.01140735479100834
    vertex -0.01231453595271444 -0.01012037763322199 0.01208015566250219
  endloop
endfacet
facet normal -0.607148 0.649057 0.458362
  outer loop
    vertex -0.0122151157765713 0.01384514415561197 0.007687842992366761
    vertex -0.01323712361415278 0.01168122441738953 0.009398274018894193
    vertex -0.01089434226149664 0.01322377938779487 0.01031721694025572
  endloop
endfacet
facet normal -0.47754 0.671273 0.566876
  outer loop
    vertex -0.008281490026615556 0.01450402627974739 0.01100227906460586
    vertex -0.01089434226149664 0.01322377938779487 0.01031721694025572
    vertex -0.009366849726117668 0.01234935256999349 0.01263944687517316
  endloop
endfacet
facet normal 0.721279 -0.566454 0.398606
  outer loop
    vertex 0.01321629438685755 -0.01208286868048546 0.008906954986417149
    vertex 0.01467210838291376 -0.01198128648204978 0.006417009415224749
    vertex 0.01517722342431637 -0.00988634378178193 0.008480099985071194
  endloop
endfacet
facet normal -0.221022 -0.96165 -0.162415
  outer loop
    vertex -0.006015676329986085 -0.0188122101535167 -0.003148394421410443
    vertex -0.003611434720191528 -0.01910544811301283 -0.004683950433423648
    vertex -0.003531317894110982 -0.0195936305155402 -0.001902481839919524
  endloop
endfacet
facet normal -0.54937 0.708271 0.443333
  outer loop
    vertex -0.00971408350355049 0.01527928203788031 0.008495888540521015
    vertex -0.0122151157765713 0.01384514415561197 0.007687842992366761
    vertex -0.01089434226149664 0.01322377938779487 0.01031721694025572
  endloop
endfacet
facet normal -0.786739 -0.616843 0.0233767
  outer loop
    vertex -0.01543221608617711 -0.01265980164714552 -0.001255439733506979
    vertex -0.01489559475653188 -0.01323006541534866 0.001756879607365046
    vertex -0.01674866163289286 -0.01090444160336683 0.0007586084798005216
  endloop
endfacet
facet normal 0.628573 0.673959 0.388169
  outer loop
    vertex 0.0122173428004389 0.01280722439915776 0.009311903032473107
    vertex 0.0138188968168378 0.01274612366076474 0.006824545581215147
    vertex 0.01157106116577484 0.01470119652895889 0.007070032822754393
  endloop
endfacet
facet normal 0.401093 0.419163 0.81451
  outer loop
    vertex 0.006514357614166273 0.00894340199868578 0.01666069342988632
    vertex 0.008993685806690603 0.007054960476893079 0.01641161626044213
    vertex 0.00863749563347877 0.009552598007989539 0.01530168423669073
  endloop
endfacet
facet normal -0.911036 -0.404977 0.0775035
  outer loop
    vertex -0.01765017617824639 -0.009024880265376145 0.002650059824322422
    vertex -0.01875187804116484 -0.006689958704337211 0.001900400606067776
    vertex -0.01811334728351638 -0.008479601716497767 5.481711683246232e-05
  endloop
endfacet
facet normal 0.561967 0.70461 0.433265
  outer loop
    vertex 0.009799379661119188 0.0146343580633306 0.009476693639211635
    vertex 0.0122173428004389 0.01280722439915776 0.009311903032473107
    vertex 0.01157106116577484 0.01470119652895889 0.007070032822754393
  endloop
endfacet
facet normal 0.954761 0.0412101 0.294505
  outer loop
    vertex 0.01949855824363647 0 0.004450418679126283
    vertex 0.01896074249368627 0.002525413801058274 0.005840593225139401
    vertex 0.01861747497288409 0 0.007306820487327891
  endloop
endfacet
facet normal 0.222313 -0.0432664 0.974015
  outer loop
    vertex 0.002980845323523502 0 0.01977661652450257
    vertex 0.004413050965075891 -0.002586302217727215 0.01933483959122035
    vertex 0.005895103488218104 0 0.01911145611572281
  endloop
endfacet
facet normal 0.359825 0.501345 0.786879
  outer loop
    vertex 0.006102837535165326 0.01112963556780015 0.01545595633234434
    vertex 0.006514357614166273 0.00894340199868578 0.01666069342988632
    vertex 0.00863749563347877 0.009552598007989539 0.01530168423669073
  endloop
endfacet
facet normal 0.468991 0.532528 0.7046
  outer loop
    vertex 0.00863749563347877 0.009552598007989539 0.01530168423669073
    vertex 0.0109239012632756 0.01016110042926244 0.01331992564756458
    vertex 0.008311710068675137 0.0120234010627028 0.01365112825445874
  endloop
endfacet
facet normal -0.691146 -0.595002 0.410232
  outer loop
    vertex -0.01500114353785303 -0.01071025713882586 0.007762479280291843
    vertex -0.01341018909091458 -0.01307989196671033 0.007005944239365758
    vertex -0.01296961395483418 -0.01173259240684995 0.009702339371373152
  endloop
endfacet
facet normal 0.860914 -0.306541 0.40603
  outer loop
    vertex 0.01682155954180653 -0.007825313300664334 0.007469913408326996
    vertex 0.01808436735795401 -0.005012110041786545 0.006916242490803069
    vertex 0.01678502937599268 -0.005100307538322139 0.009604668232770834
  endloop
endfacet
facet normal 0.279064 -0.551103 0.78639
  outer loop
    vertex 0.007179376807155411 -0.01078994106687248 0.0152326530989942
    vertex 0.004864601961314144 -0.009851246450928745 0.01671192960495712
    vertex 0.004566803969420781 -0.01223973372576778 0.01514375184117811
  endloop
endfacet
facet normal -0.954379 0.169052 0.246136
  outer loop
    vertex -0.01905753679604291 0.001805127848026444 0.005792391968759547
    vertex -0.01854069146698905 0.004936234597654483 0.005645914268109144
    vertex -0.01948894376270289 0.003172898562153855 0.003180217874373737
  endloop
endfacet
facet normal -0.483301 0.719468 0.498784
  outer loop
    vertex -0.008281490026615556 0.01450402627974739 0.01100227906460586
    vertex -0.00971408350355049 0.01527928203788031 0.008495888540521015
    vertex -0.01089434226149664 0.01322377938779487 0.01031721694025572
  endloop
endfacet
facet normal -0.665339 -0.519868 0.535781
  outer loop
    vertex -0.01296961395483418 -0.01173259240684995 0.009702339371373152
    vertex -0.01231453595271444 -0.01012037763322199 0.01208015566250219
    vertex -0.01446388638621194 -0.009211861836248234 0.01029259890001677
  endloop
endfacet
facet normal -0.974041 0.0897094 0.207838
  outer loop
    vertex -0.01968624489432261 0.0002426278205948251 0.003520354201132382
    vertex -0.01905753679604291 0.001805127848026444 0.005792391968759547
    vertex -0.01948894376270289 0.003172898562153855 0.003180217874373737
  endloop
endfacet
facet normal -0.256924 0.664519 0.701716
  outer loop
    vertex -0.004832884242577553 0.01205915157282105 0.0152059229657911
    vertex -0.003838089246529836 0.01427664735304886 0.01347020457500015
    vertex -0.006652147479566716 0.0134535269389286 0.013219362572137
  endloop
endfacet
facet normal 0.385639 0.547135 0.742917
  outer loop
    vertex 0.006102837535165326 0.01112963556780015 0.01545595633234434
    vertex 0.00863749563347877 0.009552598007989539 0.01530168423669073
    vertex 0.008311710068675137 0.0120234010627028 0.01365112825445874
  endloop
endfacet
facet normal 0.312117 0.722761 0.616603
  outer loop
    vertex 0.0051347553447961 0.01551250351895422 0.01153241180861665
    vertex 0.005696100596846041 0.01347041233464013 0.0136419364287254
    vertex 0.007826305971005273 0.01422100585721358 0.01168383187388899
  endloop
endfacet
facet normal -0.0103839 0.383995 0.923277
  outer loop
    vertex -0.001498639733280839 0.006644230320003349 0.01880447506325503
    vertex 0.001434889865568951 0.007297781968237289 0.01856565294886658
    vertex -0.0008178125075496706 0.009102876717290445 0.01778957048869665
  endloop
endfacet
facet normal -0.397385 -0.15551 -0.904379
  outer loop
    vertex -0.008807796677548047 -0.00159218042946272 -0.01788540408173686
    vertex -0.006318076170056478 -0.003011414255416778 -0.01873534888096929
    vertex -0.008675721154263495 -0.004567921601194259 -0.01743175133768285
  endloop
endfacet
facet normal 0.336432 0.612676 0.715151
  outer loop
    vertex 0.005696100596846041 0.01347041233464013 0.0136419364287254
    vertex 0.006102837535165326 0.01112963556780015 0.01545595633234434
    vertex 0.008311710068675137 0.0120234010627028 0.01365112825445874
  endloop
endfacet
facet normal 0.41486 0.752325 0.51176
  outer loop
    vertex 0.007211040362194654 0.01611062267434925 0.009404718706029627
    vertex 0.007826305971005273 0.01422100585721358 0.01168383187388899
    vertex 0.009799379661119188 0.0146343580633306 0.009476693639211635
  endloop
endfacet
facet normal -0.430847 -0.413311 0.802213
  outer loop
    vertex -0.007719103796642135 -0.007149355092201623 0.01700888468837024
    vertex -0.01013885706466709 -0.007794696371354807 0.01537681000404955
    vertex -0.007896457680664534 -0.009762083925006533 0.01556751982618308
  endloop
endfacet
facet normal -0.985456 0.152802 0.0743564
  outer loop
    vertex -0.01992725234790542 0.00149981854685238 0.0008094184266593629
    vertex -0.01948894376270289 0.003172898562153855 0.003180217874373737
    vertex -0.01949976536585111 0.004419718860797185 0.0004745902108842014
  endloop
endfacet
facet normal -0.988765 0.0811473 0.125535
  outer loop
    vertex -0.01992725234790542 0.00149981854685238 0.0008094184266593629
    vertex -0.01968624489432261 0.0002426278205948251 0.003520354201132382
    vertex -0.01948894376270289 0.003172898562153855 0.003180217874373737
  endloop
endfacet
facet normal 0.222313 0.0432664 0.974015
  outer loop
    vertex 0.005895103488218104 0 0.01911145611572281
    vertex 0.004413050965076307 0.002586302217727091 0.01933483959122027
    vertex 0.002980845323523502 0 0.01977661652450257
  endloop
endfacet
facet normal -0.876975 -0.477232 0.0562433
  outer loop
    vertex -0.01674866163289286 -0.01090444160336683 0.0007586084798005216
    vertex -0.01765017617824639 -0.009024880265376145 0.002650059824322422
    vertex -0.01811334728351638 -0.008479601716497767 5.481711683246232e-05
  endloop
endfacet
facet normal -0.822245 -0.567521 -0.042818
  outer loop
    vertex -0.01703343460387451 -0.01028047717108527 -0.002043011191923585
    vertex -0.01543221608617711 -0.01265980164714552 -0.001255439733506979
    vertex -0.01674866163289286 -0.01090444160336683 0.0007586084798005216
  endloop
endfacet
facet normal 0.509002 0.764301 0.395932
  outer loop
    vertex 0.009799379661119188 0.0146343580633306 0.009476693639211635
    vertex 0.01157106116577484 0.01470119652895889 0.007070032822754393
    vertex 0.009079903307217724 0.01634391355395574 0.007101538260996586
  endloop
endfacet
facet normal -0.447668 -0.197584 0.872097
  outer loop
    vertex -0.007395930344480968 -0.004370176796640177 0.01806105669958692
    vertex -0.009471846834927767 -0.002304047013096678 0.01746354731711484
    vertex -0.009892109045786605 -0.005136614972531633 0.01660606411074673
  endloop
endfacet
facet normal -0.989568 0.1437 -0.0102633
  outer loop
    vertex -0.01972503748892076 0.002698215347439879 -0.001908541327692635
    vertex -0.01992725234790542 0.00149981854685238 0.0008094184266593629
    vertex -0.01949976536585111 0.004419718860797185 0.0004745902108842014
  endloop
endfacet
facet normal 0.700414 -0.533053 0.474631
  outer loop
    vertex 0.01349935015016231 -0.009888270481710917 0.01095397883893507
    vertex 0.01321629438685755 -0.01208286868048546 0.008906954986417149
    vertex 0.01517722342431637 -0.00988634378178193 0.008480099985071194
  endloop
endfacet
facet normal 0.825462 0.0433516 0.56279
  outer loop
    vertex 0.01732050807568878 0 0.009999999999999992
    vertex 0.01640502977137227 0.002588500623449066 0.01114336855366425
    vertex 0.01563662964936061 0 0.01246979603717466
  endloop
endfacet
facet normal 0.310926 -0.605234 0.732814
  outer loop
    vertex 0.006839778011821632 -0.01314893098957111 0.01342844185229612
    vertex 0.007179376807155411 -0.01078994106687248 0.0152326530989942
    vertex 0.004566803969420781 -0.01223973372576778 0.01514375184117811
  endloop
endfacet
facet normal 0.735989 -0.457712 0.498818
  outer loop
    vertex 0.01531807587044302 -0.007585669789719402 0.01038336002788547
    vertex 0.01349935015016231 -0.009888270481710917 0.01095397883893507
    vertex 0.01517722342431637 -0.00988634378178193 0.008480099985071194
  endloop
endfacet
facet normal -0.289052 -0.237008 0.927511
  outer loop
    vertex -0.005138039824699858 -0.006318223805275156 0.01826692625228045
    vertex -0.004744476227201488 -0.003479019990134006 0.01911508214049231
    vertex -0.007395930344480968 -0.004370176796640177 0.01806105669958692
  endloop
endfacet
facet normal 0.365264 0.664392 0.652047
  outer loop
    vertex 0.005696100596846041 0.01347041233464013 0.0136419364287254
    vertex 0.008311710068675137 0.0120234010627028 0.01365112825445874
    vertex 0.007826305971005273 0.01422100585721358 0.01168383187388899
  endloop
endfacet
facet normal 0.260467 -0.666566 0.69846
  outer loop
    vertex 0.006839778011821632 -0.01314893098957111 0.01342844185229612
    vertex 0.004566803969420781 -0.01223973372576778 0.01514375184117811
    vertex 0.004163146384044318 -0.01445614218584057 0.01317908059341696
  endloop
endfacet
facet normal 0.345308 0.920237 0.184188
  outer loop
    vertex 0.007096937231381384 0.01859364739631569 0.001977310910129073
    vertex 0.005382067781940794 0.0187480593492052 0.004420816330642374
    vertex 0.008162221388093966 0.01766659244621516 0.004611903441213282
  endloop
endfacet
facet normal 0.82269 -0.343708 0.45282
  outer loop
    vertex 0.01531807587044302 -0.007585669789719402 0.01038336002788547
    vertex 0.01682155954180653 -0.007825313300664334 0.007469913408326996
    vertex 0.01678502937599268 -0.005100307538322139 0.009604668232770834
  endloop
endfacet
facet normal -0.100996 0.403376 0.909443
  outer loop
    vertex -0.001498639733280839 0.006644230320003349 0.01880447506325503
    vertex -0.0008178125075496706 0.009102876717290445 0.01778957048869665
    vertex -0.00363303553725223 0.008106322380426065 0.01791894500939344
  endloop
endfacet
facet normal -0.996812 0.0657641 -0.0451658
  outer loop
    vertex -0.01972503748892076 0.002698215347439879 -0.001908541327692635
    vertex -0.01993506910474286 -0.0002653602134095854 -0.001588270677896581
    vertex -0.01992725234790542 0.00149981854685238 0.0008094184266593629
  endloop
endfacet
facet normal -0.709892 -0.529554 0.464356
  outer loop
    vertex -0.01500114353785303 -0.01071025713882586 0.007762479280291843
    vertex -0.01296961395483418 -0.01173259240684995 0.009702339371373152
    vertex -0.01446388638621194 -0.009211861836248234 0.01029259890001677
  endloop
endfacet
facet normal -0.0741131 -0.701858 -0.708451
  outer loop
    vertex -0.002880380373647787 -0.01321358264556364 -0.01473447123489554
    vertex -3.015960211112467e-05 -0.01340875602629485 -0.014839284087371
    vertex -0.001664151889876426 -0.01518781935507257 -0.01290584137997611
  endloop
endfacet
facet normal -0.868512 -0.49518 -0.0220037
  outer loop
    vertex -0.01703343460387451 -0.01028047717108527 -0.002043011191923585
    vertex -0.01674866163289286 -0.01090444160336683 0.0007586084798005216
    vertex -0.01811334728351638 -0.008479601716497767 5.481711683246232e-05
  endloop
endfacet
facet normal -0.158465 0.331881 0.929916
  outer loop
    vertex -0.004179746043058766 0.005310269893484824 0.01882367542946603
    vertex -0.001498639733280839 0.006644230320003349 0.01880447506325503
    vertex -0.00363303553725223 0.008106322380426065 0.01791894500939344
  endloop
endfacet
facet normal -0.351387 -0.433838 0.829645
  outer loop
    vertex -0.007719103796642135 -0.007149355092201623 0.01700888468837024
    vertex -0.007896457680664534 -0.009762083925006533 0.01556751982618308
    vertex -0.005389008205686621 -0.009021768855887321 0.0170166470630963
  endloop
endfacet
facet normal -0.302633 0.944641 -0.126755
  outer loop
    vertex -0.004605137329083725 0.01917543533325511 -0.003330974325993984
    vertex -0.007407915160847141 0.01828061400598932 -0.003307861020919456
    vertex -0.00593952554631642 0.01907772005064544 -0.0008732891582149564
  endloop
endfacet
facet normal -0.222921 0.974834 -0.00222524
  outer loop
    vertex -0.00593952554631642 0.01907772005064544 -0.0008732891582149564
    vertex -0.004461429143328151 0.01942160431610082 0.001702038715152008
    vertex -0.003020387280539283 0.01974495248056573 -0.001007031387672585
  endloop
endfacet
facet normal 0.240144 0.435992 0.867319
  outer loop
    vertex 0.003870913735343402 0.01021321151339921 0.01675429310463738
    vertex 0.003927628740660024 0.007318100842064091 0.01819393120084063
    vertex 0.006514357614166273 0.00894340199868578 0.01666069342988632
  endloop
endfacet
facet normal -0.418346 -0.278642 0.864491
  outer loop
    vertex -0.007395930344480968 -0.004370176796640177 0.01806105669958692
    vertex -0.009892109045786605 -0.005136614972531633 0.01660606411074673
    vertex -0.007719103796642135 -0.007149355092201623 0.01700888468837024
  endloop
endfacet
facet normal -0.237368 0.340765 0.90969
  outer loop
    vertex -0.004179746043058766 0.005310269893484824 0.01882367542946603
    vertex -0.00363303553725223 0.008106322380426065 0.01791894500939344
    vertex -0.006376157834206359 0.006953020489380571 0.01763519541563242
  endloop
endfacet
facet normal -0.338815 -0.298409 0.892276
  outer loop
    vertex -0.005138039824699858 -0.006318223805275156 0.01826692625228045
    vertex -0.007395930344480968 -0.004370176796640177 0.01806105669958692
    vertex -0.007719103796642135 -0.007149355092201623 0.01700888468837024
  endloop
endfacet
facet normal -0.824008 -0.33167 0.459354
  outer loop
    vertex -0.01730637571313589 -0.005266168673898815 0.008529761261244485
    vertex -0.01632994184485289 -0.008077644951214992 0.008251342399018091
    vertex -0.01561974810445695 -0.006482152649114432 0.01067732017815764
  endloop
endfacet
facet normal 0.644943 -0.451663 0.616481
  outer loop
    vertex 0.01349935015016231 -0.009888270481710917 0.01095397883893507
    vertex 0.01352101157317345 -0.007466277706203608 0.01270578385035557
    vertex 0.01153188592740833 -0.009644157434004291 0.01319112710671008
  endloop
endfacet
facet normal -0.766107 -0.46841 0.440082
  outer loop
    vertex -0.01632994184485289 -0.008077644951214992 0.008251342399018091
    vertex -0.01500114353785303 -0.01071025713882586 0.007762479280291843
    vertex -0.01446388638621194 -0.009211861836248234 0.01029259890001677
  endloop
endfacet
facet normal -0.859359 -0.336583 0.384987
  outer loop
    vertex -0.01730637571313589 -0.005266168673898815 0.008529761261244485
    vertex -0.01785259750162033 -0.006588297627479022 0.006154599647165824
    vertex -0.01632994184485289 -0.008077644951214992 0.008251342399018091
  endloop
endfacet
facet normal -0.734476 -0.315391 0.600894
  outer loop
    vertex -0.01561974810445695 -0.006482152649114432 0.01067732017815764
    vertex -0.01372390381445455 -0.007571249715691605 0.012422988442168
    vertex -0.01469558294446595 -0.004808710591883494 0.01268527273517716
  endloop
endfacet
facet normal 0.0710174 -0.490392 0.868604
  outer loop
    vertex 0.002488128476879871 -0.008577785155012551 0.01789499423070557
    vertex -0.0002818809471425107 -0.009688902245180594 0.01749416235248126
    vertex 0.002175033376747309 -0.01107770181040776 0.01650920205248345
  endloop
endfacet
facet normal -0.222093 -0.392204 0.892665
  outer loop
    vertex -0.002748824862079204 -0.008104488942599065 0.01807653785593095
    vertex -0.005138039824699858 -0.006318223805275156 0.01826692625228045
    vertex -0.005389008205686621 -0.009021768855887321 0.0170166470630963
  endloop
endfacet
facet normal -0.867817 0.489066 -0.0877912
  outer loop
    vertex -0.01651653066584061 0.01097286645493463 -0.002607760826171955
    vertex -0.01798734063140026 0.008387685494855015 -0.002470285216199984
    vertex -0.01729351041590856 0.01004621782499314 -8.947014950443486e-05
  endloop
endfacet
facet normal -0.824023 0.565596 0.0329847
  outer loop
    vertex -0.01729351041590856 0.01004621782499314 -8.947014950443486e-05
    vertex -0.01624105040996724 0.01143914463054114 0.002318243236259859
    vertex -0.01566010223477595 0.0124371277422268 -0.0002811610212987895
  endloop
endfacet
facet normal -0.150832 -0.720174 -0.6772
  outer loop
    vertex -0.004587603172113167 -0.01454298981069286 -0.01294045379812087
    vertex -0.002880380373647787 -0.01321358264556364 -0.01473447123489554
    vertex -0.001664151889876426 -0.01518781935507257 -0.01290584137997611
  endloop
endfacet
facet normal -0.893476 -0.441807 -0.0806726
  outer loop
    vertex -0.01703343460387451 -0.01028047717108527 -0.002043011191923585
    vertex -0.01811334728351638 -0.008479601716497767 5.481711683246232e-05
    vertex -0.01825675181686864 -0.007665196121472028 -0.002817051919406873
  endloop
endfacet
facet normal 0.343621 -0.803208 -0.486602
  outer loop
    vertex 0.00536541460528514 -0.01663905068421451 -0.009713615106721777
    vertex 0.007014674273547918 -0.01513022013948623 -0.01103951010537652
    vertex 0.008102143748976458 -0.01608932084745116 -0.00868844182455608
  endloop
endfacet
facet normal -0.494797 0.424386 0.758335
  outer loop
    vertex -0.008411944774499818 0.008462880974542224 0.01605050873715523
    vertex -0.01024143956263105 0.009805981766453992 0.01410516349713634
    vertex -0.01092372791901074 0.007099339651012278 0.01517470081652321
  endloop
endfacet
facet normal -0.10012 -0.476866 0.873255
  outer loop
    vertex -0.002748824862079204 -0.008104488942599065 0.01807653785593095
    vertex -0.002954091582332172 -0.0107118537917944 0.01662917710731395
    vertex -0.0002818809471425107 -0.009688902245180594 0.01749416235248126
  endloop
endfacet
facet normal -0.0475082 -0.285187 0.957294
  outer loop
    vertex -5.959393567880069e-05 -0.006981610607062352 0.01874175983983854
    vertex 0.0001549020629201413 -0.00457928995215148 0.01946807922947273
    vertex -0.00251076591205123 -0.005312474529034885 0.01911736563737894
  endloop
endfacet
facet normal -0.617625 -0.152792 -0.771488
  outer loop
    vertex -0.01309241462361262 -0.001544326933000127 -0.01504007093226042
    vertex -0.01095511396948964 -0.003091719017930796 -0.01644465723053108
    vertex -0.01287176272201517 -0.004497297549122578 -0.01463188433465754
  endloop
endfacet
facet normal -0.225692 0.970575 -0.0839493
  outer loop
    vertex -0.004605137329083725 0.01917543533325511 -0.003330974325993984
    vertex -0.00593952554631642 0.01907772005064544 -0.0008732891582149564
    vertex -0.003020387280539283 0.01974495248056573 -0.001007031387672585
  endloop
endfacet
facet normal 0.192198 -0.555236 0.80918
  outer loop
    vertex 0.004864601961314144 -0.009851246450928745 0.01671192960495712
    vertex 0.002175033376747309 -0.01107770181040776 0.01650920205248345
    vertex 0.004566803969420781 -0.01223973372576778 0.01514375184117811
  endloop
endfacet
facet normal 0.41882 0.896252 0.146023
  outer loop
    vertex 0.007096937231381384 0.01859364739631569 0.001977310910129073
    vertex 0.008162221388093966 0.01766659244621516 0.004611903441213282
    vertex 0.00977198854392463 0.01732259155724031 0.002106196011398912
  endloop
endfacet
facet normal 0.150145 0.965609 -0.212264
  outer loop
    vertex 0.00444485611389229 0.01921412719446934 -0.003325743568218708
    vertex 0.002966468422568401 0.01887770542859064 -0.005901889769325076
    vertex 0.001587545792193148 0.01965460588768893 -0.003343077288564193
  endloop
endfacet
facet normal -0.86111 -0.407629 -0.303857
  outer loop
    vertex -0.01651037456245405 -0.008305559768164985 -0.007643638449384511
    vertex -0.01696899416129813 -0.009385996541907381 -0.004894517960855044
    vertex -0.01799448535860931 -0.006674956852936374 -0.005625250900202858
  endloop
endfacet
facet normal -0.305241 -0.376226 0.874804
  outer loop
    vertex -0.005138039824699858 -0.006318223805275156 0.01826692625228045
    vertex -0.007719103796642135 -0.007149355092201623 0.01700888468837024
    vertex -0.005389008205686621 -0.009021768855887321 0.0170166470630963
  endloop
endfacet
facet normal -0.474579 -0.153204 -0.866778
  outer loop
    vertex -0.01095511396948964 -0.003091719017930796 -0.01644465723053108
    vertex -0.008807796677548047 -0.00159218042946272 -0.01788540408173686
    vertex -0.008675721154263495 -0.004567921601194259 -0.01743175133768285
  endloop
endfacet
facet normal 0.393645 -0.845319 -0.36122
  outer loop
    vertex 0.006340986092444721 -0.01760588859186592 -0.007058653006504025
    vertex 0.008102143748976458 -0.01608932084745116 -0.00868844182455608
    vertex 0.009042929999223034 -0.01679714895963222 -0.006006763176376959
  endloop
endfacet
facet normal 0.608953 -0.52678 0.593026
  outer loop
    vertex 0.01349935015016231 -0.009888270481710917 0.01095397883893507
    vertex 0.01153188592740833 -0.009644157434004291 0.01319112710671008
    vertex 0.01136965034300958 -0.01195645707786566 0.01130372439609434
  endloop
endfacet
facet normal -0.39777 0.352655 0.847003
  outer loop
    vertex -0.009046171009856538 0.00571308324446438 0.01689755810471594
    vertex -0.006376157834206359 0.006953020489380571 0.01763519541563242
    vertex -0.008411944774499818 0.008462880974542224 0.01605050873715523
  endloop
endfacet
facet normal -0.240449 -0.779118 -0.578929
  outer loop
    vertex -0.00345274010787816 -0.01640945258438119 -0.01089992897354817
    vertex -0.006332771263185532 -0.01562029619866555 -0.01076579559503738
    vertex -0.004587603172113167 -0.01454298981069286 -0.01294045379812087
  endloop
endfacet
facet normal -0.0386582 0.963913 0.263396
  outer loop
    vertex -0.0003507074212706963 0.0196480160246331 0.00371920295230398
    vertex -0.002335207835854259 0.01902078032873632 0.005723348674449446
    vertex 0.0005011788988178093 0.01898520145810036 0.006269844121405542
  endloop
endfacet
facet normal -0.677742 0.707353 -0.200793
  outer loop
    vertex -0.01246537126912781 0.01531541483828196 -0.003170581564025082
    vertex -0.01348596994555606 0.01360827740735572 -0.005739634189738103
    vertex -0.01465719261056881 0.01330407887723674 -0.002858004549497872
  endloop
endfacet
facet normal -0.924946 0.0263147 -0.379186
  outer loop
    vertex -0.01865057583097996 0.002108508760857072 -0.006907257920351262
    vertex -0.01778460092628314 0.0003239134372026905 -0.009143470346539576
    vertex -0.01885458426193486 -0.0008594281660731831 -0.006615590339263645
  endloop
endfacet
facet normal -0.776456 -0.397678 0.488844
  outer loop
    vertex -0.01632994184485289 -0.008077644951214992 0.008251342399018091
    vertex -0.01446388638621194 -0.009211861836248234 0.01029259890001677
    vertex -0.01561974810445695 -0.006482152649114432 0.01067732017815764
  endloop
endfacet
facet normal 0.0746601 0.0432664 -0.99627
  outer loop
    vertex 1.224646799147353e-18 0 -0.02
    vertex 0.001482052523137759 0.002586302217718858 -0.01977661652450397
    vertex 0.002980845323523489 0 -0.01977661652450257
  endloop
endfacet
facet normal 0.276491 -0.786948 -0.551602
  outer loop
    vertex 0.00536541460528514 -0.01663905068421451 -0.009713615106721777
    vertex 0.004240821771354512 -0.01546751609063034 -0.0119486976984815
    vertex 0.007014674273547918 -0.01513022013948623 -0.01103951010537652
  endloop
endfacet
facet normal 0.200252 -0.822727 -0.531996
  outer loop
    vertex 0.00536541460528514 -0.01663905068421451 -0.009713615106721777
    vertex 0.002468254694272173 -0.01696738792070367 -0.01029638120470307
    vertex 0.004240821771354512 -0.01546751609063034 -0.0119486976984815
  endloop
endfacet
facet normal -0.925293 0.345948 -0.15541
  outer loop
    vertex -0.01798734063140026 0.008387685494855015 -0.002470285216199984
    vertex -0.01826702168555293 0.006616981931044123 -0.004746732440719052
    vertex -0.01906878304308093 0.005613225489583465 -0.002207535471742148
  endloop
endfacet
facet normal -0.783915 -0.24934 0.5686
  outer loop
    vertex -0.01561974810445695 -0.006482152649114432 0.01067732017815764
    vertex -0.01469558294446595 -0.004808710591883494 0.01268527273517716
    vertex -0.01641127051934475 -0.003604698390832802 0.01084787303815883
  endloop
endfacet
facet normal 0.329277 -0.841877 -0.427574
  outer loop
    vertex 0.006340986092444721 -0.01760588859186592 -0.007058653006504025
    vertex 0.00536541460528514 -0.01663905068421451 -0.009713615106721777
    vertex 0.008102143748976458 -0.01608932084745116 -0.00868844182455608
  endloop
endfacet
facet normal -0.826541 0.560769 -0.0486717
  outer loop
    vertex -0.01651653066584061 0.01097286645493463 -0.002607760826171955
    vertex -0.01729351041590856 0.01004621782499314 -8.947014950443486e-05
    vertex -0.01566010223477595 0.0124371277422268 -0.0002811610212987895
  endloop
endfacet
facet normal 0.410335 -0.901188 -0.13959
  outer loop
    vertex 0.009755367557954303 -0.01716402940517238 -0.003198264902660631
    vertex 0.007404050957109079 -0.01853730806377463 -0.001244282593805761
    vertex 0.007170867004065914 -0.01817364960170901 -0.004277514063600587
  endloop
endfacet
facet normal -0.874247 -0.457233 -0.163185
  outer loop
    vertex -0.01696899416129813 -0.009385996541907381 -0.004894517960855044
    vertex -0.01703343460387451 -0.01028047717108527 -0.002043011191923585
    vertex -0.01825675181686864 -0.007665196121472028 -0.002817051919406873
  endloop
endfacet
facet normal -0.088985 -0.341249 0.935751
  outer loop
    vertex -5.959393567880069e-05 -0.006981610607062352 0.01874175983983854
    vertex -0.00251076591205123 -0.005312474529034885 0.01911736563737894
    vertex -0.002748824862079204 -0.008104488942599065 0.01807653785593095
  endloop
endfacet
facet normal -0.47446 0.357257 0.804522
  outer loop
    vertex -0.009046171009856538 0.00571308324446438 0.01689755810471594
    vertex -0.008411944774499818 0.008462880974542224 0.01605050873715523
    vertex -0.01092372791901074 0.007099339651012278 0.01517470081652321
  endloop
endfacet
facet normal -0.148417 0.979144 -0.138745
  outer loop
    vertex -0.00147763739458019 0.01959148583191139 -0.003740357018808972
    vertex -0.004605137329083725 0.01917543533325511 -0.003330974325993984
    vertex -0.003020387280539283 0.01974495248056573 -0.001007031387672585
  endloop
endfacet
facet normal -0.361412 -0.0775545 -0.929175
  outer loop
    vertex -0.008807796677548047 -0.00159218042946272 -0.01788540408173686
    vertex -0.006477980025347403 -3.231982274257382e-05 -0.01892180568075515
    vertex -0.006318076170056478 -0.003011414255416778 -0.01873534888096929
  endloop
endfacet
facet normal 0.151907 0.980481 -0.124823
  outer loop
    vertex 0.00444485611389229 0.01921412719446934 -0.003325743568218708
    vertex 0.001587545792193148 0.01965460588768893 -0.003343077288564193
    vertex 0.002934561172675762 0.01976625186469045 -0.0008268240111686708
  endloop
endfacet
facet normal -0.825369 -0.256842 0.502791
  outer loop
    vertex -0.01730637571313589 -0.005266168673898815 0.008529761261244485
    vertex -0.01561974810445695 -0.006482152649114432 0.01067732017815764
    vertex -0.01641127051934475 -0.003604698390832802 0.01084787303815883
  endloop
endfacet
facet normal 0.290705 -0.716261 0.634397
  outer loop
    vertex 0.006839778011821632 -0.01314893098957111 0.01342844185229612
    vertex 0.004163146384044318 -0.01445614218584057 0.01317908059341696
    vertex 0.006374328556986463 -0.01521031074874514 0.01131434409827609
  endloop
endfacet
facet normal -0.43283 0.877551 -0.206307
  outer loop
    vertex -0.007407915160847141 0.01828061400598932 -0.003307861020919456
    vertex -0.008478923923269453 0.01718142689716544 -0.005736411672881312
    vertex -0.009998806045494727 0.01700090135045483 -0.00331560415862348
  endloop
endfacet
facet normal -0.162881 -0.771466 -0.615069
  outer loop
    vertex -0.00345274010787816 -0.01640945258438119 -0.01089992897354817
    vertex -0.004587603172113167 -0.01454298981069286 -0.01294045379812087
    vertex -0.001664151889876426 -0.01518781935507257 -0.01290584137997611
  endloop
endfacet
facet normal 0.42608 0.902739 0.0593188
  outer loop
    vertex 0.007096937231381384 0.01859364739631569 0.001977310910129073
    vertex 0.00977198854392463 0.01732259155724031 0.002106196011398912
    vertex 0.008631267984354722 0.01803397485869107 -0.0005262734824705019
  endloop
endfacet
facet normal -0.525675 0.284421 0.80173
  outer loop
    vertex -0.01138561807556503 0.004233595421745004 0.01588849806754392
    vertex -0.009046171009856538 0.00571308324446438 0.01689755810471594
    vertex -0.01092372791901074 0.007099339651012278 0.01517470081652321
  endloop
endfacet
facet normal 0.221695 0.971769 -0.0807204
  outer loop
    vertex 0.00444485611389229 0.01921412719446934 -0.003325743568218708
    vertex 0.002934561172675762 0.01976625186469045 -0.0008268240111686708
    vertex 0.005848369895970486 0.01911372458770265 -0.0006797808068467642
  endloop
endfacet
facet normal -0.241278 0.00409042 -0.970447
  outer loop
    vertex -0.006477980025347403 -3.231982274257382e-05 -0.01892180568075515
    vertex -0.004439704710527118 0.001764593058318524 -0.01942099980489824
    vertex -0.00419562952125642 -0.001523332932277527 -0.01949554179031197
  endloop
endfacet
facet normal -0.0750324 0.992347 -0.0980668
  outer loop
    vertex -0.00147763739458019 0.01959148583191139 -0.003740357018808972
    vertex -0.003020387280539283 0.01974495248056573 -0.001007031387672585
    vertex -3.413538260087866e-05 0.01997831720026293 -0.0009304174446628144
  endloop
endfacet
facet normal 0.361077 0.932448 0.0128398
  outer loop
    vertex 0.005848369895970486 0.01911372458770265 -0.0006797808068467642
    vertex 0.007096937231381384 0.01859364739631569 0.001977310910129073
    vertex 0.008631267984354722 0.01803397485869107 -0.0005262734824705019
  endloop
endfacet
facet normal -0.728582 -0.545382 -0.414399
  outer loop
    vertex -0.01468296532682848 -0.009750603860527996 -0.009451785734251971
    vertex -0.01345524580716672 -0.01209112075552414 -0.008530015190142144
    vertex -0.01531373558343956 -0.01090764199070947 -0.006820032894569387
  endloop
endfacet
facet normal 0.0376262 -0.420777 0.906384
  outer loop
    vertex 0.002488128476879871 -0.008577785155012551 0.01789499423070557
    vertex -5.959393567880069e-05 -0.006981610607062352 0.01874175983983854
    vertex -0.0002818809471425107 -0.009688902245180594 0.01749416235248126
  endloop
endfacet
facet normal -0.623071 0.78214 0.00624077
  outer loop
    vertex -0.01363533165951876 0.01462210225810969 -0.000521398205126186
    vertex -0.01245996524771051 0.01553985565325127 0.001806142935085953
    vertex -0.0113080395676896 0.01647810136087766 -0.0007748655858976006
  endloop
endfacet
facet normal -0.10343 -0.853357 -0.510964
  outer loop
    vertex -0.0004988283200430271 -0.01684749859736588 -0.01076628818669078
    vertex -0.002229548620876535 -0.01784840410270455 -0.008744345826515959
    vertex -0.00345274010787816 -0.01640945258438119 -0.01089992897354817
  endloop
endfacet
facet normal 0.376772 -0.879113 -0.291895
  outer loop
    vertex 0.007170867004065914 -0.01817364960170901 -0.004277514063600587
    vertex 0.006340986092444721 -0.01760588859186592 -0.007058653006504025
    vertex 0.009042929999223034 -0.01679714895963222 -0.006006763176376959
  endloop
endfacet
facet normal -0.0516978 -0.414463 0.908597
  outer loop
    vertex -5.959393567880069e-05 -0.006981610607062352 0.01874175983983854
    vertex -0.002748824862079204 -0.008104488942599065 0.01807653785593095
    vertex -0.0002818809471425107 -0.009688902245180594 0.01749416235248126
  endloop
endfacet
facet normal -0.00291892 0.990854 -0.134907
  outer loop
    vertex 0.001587545792193148 0.01965460588768893 -0.003343077288564193
    vertex -0.00147763739458019 0.01959148583191139 -0.003740357018808972
    vertex -3.413538260087866e-05 0.01997831720026293 -0.0009304174446628144
  endloop
endfacet
facet normal -0.680489 0.724307 -0.110968
  outer loop
    vertex -0.01246537126912781 0.01531541483828196 -0.003170581564025082
    vertex -0.01465719261056881 0.01330407887723674 -0.002858004549497872
    vertex -0.01363533165951876 0.01462210225810969 -0.000521398205126186
  endloop
endfacet
facet normal 0.0473591 0.970506 0.23638
  outer loop
    vertex 0.002485885559077093 0.01941615660058682 0.004102832661547503
    vertex -0.0003507074212706963 0.0196480160246331 0.00371920295230398
    vertex 0.0005011788988178093 0.01898520145810036 0.006269844121405542
  endloop
endfacet
facet normal 0.0739066 0.99375 -0.0836567
  outer loop
    vertex 0.001587545792193148 0.01965460588768893 -0.003343077288564193
    vertex -3.413538260087866e-05 0.01997831720026293 -0.0009304174446628144
    vertex 0.002934561172675762 0.01976625186469045 -0.0008268240111686708
  endloop
endfacet
facet normal -0.735435 0.675011 -0.0591318
  outer loop
    vertex -0.01465719261056881 0.01330407887723674 -0.002858004549497872
    vertex -0.01566010223477595 0.0124371277422268 -0.0002811610212987895
    vertex -0.01363533165951876 0.01462210225810969 -0.000521398205126186
  endloop
endfacet
facet normal 0.146573 -0.747114 -0.648334
  outer loop
    vertex 0.001309013370381372 -0.01546336278690625 -0.01261629483313884
    vertex 0.003079072882530255 -0.01373370857841873 -0.01420931239951936
    vertex 0.004240821771354512 -0.01546751609063034 -0.0119486976984815
  endloop
endfacet
facet normal -0.846395 -0.136107 -0.514869
  outer loop
    vertex -0.01777334862388766 -0.002594437988625959 -0.008796418033320451
    vertex -0.01653043939607153 -0.001293578083161427 -0.01118352489672065
    vertex -0.01629047972053337 -0.004247956892206368 -0.01079699646739071
  endloop
endfacet
facet normal -0.620796 -0.00445142 -0.783959
  outer loop
    vertex -0.01299871383769351 0.001442016949261506 -0.01513122684000864
    vertex -0.01101769783663167 -0.0001637788635616086 -0.01669082115608853
    vertex -0.01309241462361262 -0.001544326933000127 -0.01504007093226042
  endloop
endfacet
facet normal -0.594012 0.28328 0.752929
  outer loop
    vertex -0.01138561807556503 0.004233595421745004 0.01588849806754392
    vertex -0.01092372791901074 0.007099339651012278 0.01517470081652321
    vertex -0.01319841286414744 0.005600447668339717 0.01394406267131985
  endloop
endfacet
facet normal 0.434396 -0.872384 -0.224156
  outer loop
    vertex 0.009755367557954303 -0.01716402940517238 -0.003198264902660631
    vertex 0.007170867004065914 -0.01817364960170901 -0.004277514063600587
    vertex 0.009042929999223034 -0.01679714895963222 -0.006006763176376959
  endloop
endfacet
facet normal -0.890325 -0.396916 -0.223113
  outer loop
    vertex -0.01696899416129813 -0.009385996541907381 -0.004894517960855044
    vertex -0.01825675181686864 -0.007665196121472028 -0.002817051919406873
    vertex -0.01799448535860931 -0.006674956852936374 -0.005625250900202858
  endloop
endfacet
facet normal -0.718968 0.26827 0.641183
  outer loop
    vertex -0.01319841286414744 0.005600447668339717 0.01394406267131985
    vertex -0.01470721128462241 0.006628241346526509 0.01182219746416341
    vertex -0.01518497328648249 0.003999828560733524 0.01238620029603726
  endloop
endfacet
facet normal -0.637482 0.209339 0.74148
  outer loop
    vertex -0.01352224034082861 0.002679475948256663 0.01449032176342476
    vertex -0.01138561807556503 0.004233595421745004 0.01588849806754392
    vertex -0.01319841286414744 0.005600447668339717 0.01394406267131985
  endloop
endfacet
facet normal 0.154279 -0.774407 0.613589
  outer loop
    vertex 0.004163146384044318 -0.01445614218584057 0.01317908059341696
    vertex 0.001383523067606282 -0.01542373718523274 0.01265678455067756
    vertex 0.003651694021264546 -0.01637910699647957 0.01088071618841953
  endloop
endfacet
facet normal 0.145992 0.172095 0.974202
  outer loop
    vertex 0.004413050965076307 0.002586302217727091 0.01933483959122027
    vertex 0.002856507271043151 0.005129112375450465 0.0191189061520391
    vertex 0.001457269051194186 0.002571777674637519 0.01978035203186909
  endloop
endfacet
facet normal 0.236465 -0.770466 0.592003
  outer loop
    vertex 0.004163146384044318 -0.01445614218584057 0.01317908059341696
    vertex 0.003651694021264546 -0.01637910699647957 0.01088071618841953
    vertex 0.006374328556986463 -0.01521031074874514 0.01131434409827609
  endloop
endfacet
facet normal 0.732278 0.0459522 -0.679454
  outer loop
    vertex 0.01360345475541839 0 -0.01466103743659653
    vertex 0.01433884142339037 0.00264400754131991 -0.01368966218561684
    vertex 0.0156366296493606 0 -0.01246979603717467
  endloop
endfacet
facet normal 0.497473 -0.625292 0.601274
  outer loop
    vertex 0.01136965034300958 -0.01195645707786566 0.01130372439609434
    vertex 0.009354643798514948 -0.01161476912779601 0.01332620641859124
    vertex 0.008976750427780433 -0.0137438354788238 0.01142475111713021
  endloop
endfacet
facet normal 0.900125 0.0432664 -0.433477
  outer loop
    vertex 0.01732050807568877 0 -0.009999999999999997
    vertex 0.01786807857268564 0.00258630221764997 -0.008604813127506663
    vertex 0.01861747497288408 0 -0.007306820487327901
  endloop
endfacet
facet normal 0.148072 0.0862899 0.985205
  outer loop
    vertex 0.004413050965076307 0.002586302217727091 0.01933483959122027
    vertex 0.001457269051194186 0.002571777674637519 0.01978035203186909
    vertex 0.002980845323523502 0 0.01977661652450257
  endloop
endfacet
facet normal -0.737353 0.128332 0.663205
  outer loop
    vertex -0.01540228653740156 0.001054992572767315 0.01271442330942243
    vertex -0.01352224034082861 0.002679475948256663 0.01449032176342476
    vertex -0.01518497328648249 0.003999828560733524 0.01238620029603726
  endloop
endfacet
facet normal -0.701042 0.205429 0.68289
  outer loop
    vertex -0.01352224034082861 0.002679475948256663 0.01449032176342476
    vertex -0.01319841286414744 0.005600447668339717 0.01394406267131985
    vertex -0.01518497328648249 0.003999828560733524 0.01238620029603726
  endloop
endfacet
facet normal -0.0143623 -0.793834 -0.607965
  outer loop
    vertex -0.0004988283200430271 -0.01684749859736588 -0.01076628818669078
    vertex -0.001664151889876426 -0.01518781935507257 -0.01290584137997611
    vertex 0.001309013370381372 -0.01546336278690625 -0.01261629483313884
  endloop
endfacet
facet normal -0.824356 0.0524993 0.563632
  outer loop
    vertex -0.01684077404525736 -0.0006461520870939682 0.01076897474400095
    vertex -0.01540228653740156 0.001054992572767315 0.01271442330942243
    vertex -0.0169842450032669 0.002464884819562807 0.01026936047158207
  endloop
endfacet
facet normal -0.778317 -0.484379 -0.3995
  outer loop
    vertex -0.01651037456245405 -0.008305559768164985 -0.007643638449384511
    vertex -0.01468296532682848 -0.009750603860527996 -0.009451785734251971
    vertex -0.01531373558343956 -0.01090764199070947 -0.006820032894569387
  endloop
endfacet
facet normal -0.783123 0.614065 -0.0981963
  outer loop
    vertex -0.01465719261056881 0.01330407887723674 -0.002858004549497872
    vertex -0.01651653066584061 0.01097286645493463 -0.002607760826171955
    vertex -0.01566010223477595 0.0124371277422268 -0.0002811610212987895
  endloop
endfacet
facet normal 0.523779 -0.66519 0.532145
  outer loop
    vertex 0.01136965034300958 -0.01195645707786566 0.01130372439609434
    vertex 0.008976750427780433 -0.0137438354788238 0.01142475111713021
    vertex 0.01095793410721704 -0.0140229545788397 0.009125810921868163
  endloop
endfacet
facet normal -0.0941011 -0.810807 -0.5777
  outer loop
    vertex -0.0004988283200430271 -0.01684749859736588 -0.01076628818669078
    vertex -0.00345274010787816 -0.01640945258438119 -0.01089992897354817
    vertex -0.001664151889876426 -0.01518781935507257 -0.01290584137997611
  endloop
endfacet
facet normal -0.681962 -0.548337 -0.483998
  outer loop
    vertex -0.01468296532682848 -0.009750603860527996 -0.009451785734251971
    vertex -0.01255033855872996 -0.01115781830477739 -0.01086241652390622
    vertex -0.01345524580716672 -0.01209112075552414 -0.008530015190142144
  endloop
endfacet
facet normal 0.108362 0.951346 0.28844
  outer loop
    vertex 0.002485885559077093 0.01941615660058682 0.004102832661547503
    vertex 0.0005011788988178093 0.01898520145810036 0.006269844121405542
    vertex 0.003553671079066709 0.01851144578009129 0.006685641105574326
  endloop
endfacet
facet normal -0.626698 0.775765 -0.0737454
  outer loop
    vertex -0.01246537126912781 0.01531541483828196 -0.003170581564025082
    vertex -0.01363533165951876 0.01462210225810969 -0.000521398205126186
    vertex -0.0113080395676896 0.01647810136087766 -0.0007748655858976006
  endloop
endfacet
facet normal -0.560475 0.802656 -0.203989
  outer loop
    vertex -0.009998806045494727 0.01700090135045483 -0.00331560415862348
    vertex -0.01095950655679363 0.01571289128102176 -0.005744063337254193
    vertex -0.01246537126912781 0.01531541483828196 -0.003170581564025082
  endloop
endfacet
facet normal 0.652919 -0.747869 0.119954
  outer loop
    vertex 0.01436561235173785 -0.01376041154524145 0.002068877924185626
    vertex 0.01216709900197288 -0.01538500141902274 0.003906844406021168
    vertex 0.01247719183955863 -0.01560911411653127 0.0008217300627065938
  endloop
endfacet
facet normal -0.94083 0.0238836 0.338037
  outer loop
    vertex -0.01900842393228812 -0.001046792400640838 0.00613058278472585
    vertex -0.01819011350499938 0.0005050144237654686 0.00829847763791817
    vertex -0.01905753679604291 0.001805127848026444 0.005792391968759547
  endloop
endfacet
facet normal -0.859973 -0.206651 -0.466628
  outer loop
    vertex -0.01777334862388766 -0.002594437988625959 -0.008796418033320451
    vertex -0.01629047972053337 -0.004247956892206368 -0.01079699646739071
    vertex -0.0173420882037794 -0.005510390252296596 -0.008299853974602806
  endloop
endfacet
facet normal -0.816391 -0.47801 -0.324057
  outer loop
    vertex -0.01651037456245405 -0.008305559768164985 -0.007643638449384511
    vertex -0.01531373558343956 -0.01090764199070947 -0.006820032894569387
    vertex -0.01696899416129813 -0.009385996541907381 -0.004894517960855044
  endloop
endfacet
facet normal -0.884603 -0.0397098 0.46465
  outer loop
    vertex -0.0179085415246754 -0.002338896072835687 0.008591490302587252
    vertex -0.01684077404525736 -0.0006461520870939682 0.01076897474400095
    vertex -0.01819011350499938 0.0005050144237654686 0.00829847763791817
  endloop
endfacet
facet normal -0.79876 0.12455 0.588617
  outer loop
    vertex -0.01540228653740156 0.001054992572767315 0.01271442330942243
    vertex -0.01518497328648249 0.003999828560733524 0.01238620029603726
    vertex -0.0169842450032669 0.002464884819562807 0.01026936047158207
  endloop
endfacet
facet normal 0.508309 -0.827894 -0.237094
  outer loop
    vertex 0.009755367557954303 -0.01716402940517238 -0.003198264902660631
    vertex 0.009042929999223034 -0.01679714895963222 -0.006006763176376959
    vertex 0.0115409536740045 -0.01556550494386779 -0.004951913179459975
  endloop
endfacet
facet normal 0.732897 -0.398552 -0.551379
  outer loop
    vertex 0.01350091284502409 -0.008233775957973649 -0.01224460231387523
    vertex 0.01538705106244063 -0.006435731266680595 -0.01103721081908444
    vertex 0.01497121727514151 -0.009016422632017991 -0.009724545039298154
  endloop
endfacet
facet normal 0.588855 -0.60627 -0.534497
  outer loop
    vertex 0.01188083595797723 -0.01314372659676851 -0.009278372060282741
    vertex 0.0104940546952439 -0.01220781983161023 -0.01186776942024799
    vertex 0.01293059231622096 -0.01081960543986101 -0.01075806304487092
  endloop
endfacet
facet normal -0.869184 0.0390796 0.492942
  outer loop
    vertex -0.01684077404525736 -0.0006461520870939682 0.01076897474400095
    vertex -0.0169842450032669 0.002464884819562807 0.01026936047158207
    vertex -0.01819011350499938 0.0005050144237654686 0.00829847763791817
  endloop
endfacet
facet normal 0.132039 -0.800329 -0.584841
  outer loop
    vertex 0.002468254694272173 -0.01696738792070367 -0.01029638120470307
    vertex 0.001309013370381372 -0.01546336278690625 -0.01261629483313884
    vertex 0.004240821771354512 -0.01546751609063034 -0.0119486976984815
  endloop
endfacet
facet normal 0.63718 -0.568045 0.52089
  outer loop
    vertex 0.01349935015016231 -0.009888270481710917 0.01095397883893507
    vertex 0.01136965034300958 -0.01195645707786566 0.01130372439609434
    vertex 0.01321629438685755 -0.01208286868048546 0.008906954986417149
  endloop
endfacet
facet normal 0.0557752 -0.824833 -0.562619
  outer loop
    vertex 0.002468254694272173 -0.01696738792070367 -0.01029638120470307
    vertex -0.0004988283200430271 -0.01684749859736588 -0.01076628818669078
    vertex 0.001309013370381372 -0.01546336278690625 -0.01261629483313884
  endloop
endfacet
facet normal 0.594398 -0.636461 0.491536
  outer loop
    vertex 0.01136965034300958 -0.01195645707786566 0.01130372439609434
    vertex 0.01095793410721704 -0.0140229545788397 0.009125810921868163
    vertex 0.01321629438685755 -0.01208286868048546 0.008906954986417149
  endloop
endfacet
facet normal 0.190966 0.948366 0.253246
  outer loop
    vertex 0.005382067781940794 0.0187480593492052 0.004420816330642374
    vertex 0.002485885559077093 0.01941615660058682 0.004102832661547503
    vertex 0.003553671079066709 0.01851144578009129 0.006685641105574326
  endloop
endfacet
facet normal -0.564822 0.815972 -0.123151
  outer loop
    vertex -0.009998806045494727 0.01700090135045483 -0.00331560415862348
    vertex -0.01246537126912781 0.01531541483828196 -0.003170581564025082
    vertex -0.0113080395676896 0.01647810136087766 -0.0007748655858976006
  endloop
endfacet
facet normal -0.0776813 -0.380199 -0.921637
  outer loop
    vertex -0.00329296396700493 -0.007191219448423729 -0.01836961488863116
    vertex -0.0009330956909252527 -0.006041212668477907 -0.01904292734654519
    vertex -0.0006018263660379379 -0.009001716550311756 -0.0178495631367545
  endloop
endfacet
facet normal 0.687392 -0.725465 0.0345465
  outer loop
    vertex 0.01423959756756204 -0.01401856333286093 -0.0008448332358804879
    vertex 0.01436561235173785 -0.01376041154524145 0.002068877924185626
    vertex 0.01247719183955863 -0.01560911411653127 0.0008217300627065938
  endloop
endfacet
facet normal 0.257077 0.917531 0.303396
  outer loop
    vertex 0.005382067781940794 0.0187480593492052 0.004420816330642374
    vertex 0.003553671079066709 0.01851144578009129 0.006685641105574326
    vertex 0.006371287892681494 0.01761650154823688 0.007004681562322291
  endloop
endfacet
facet normal -0.5027 0.860567 -0.0819633
  outer loop
    vertex -0.009998806045494727 0.01700090135045483 -0.00331560415862348
    vertex -0.0113080395676896 0.01647810136087766 -0.0007748655858976006
    vertex -0.008736773770170859 0.01796836464822577 -0.0008981402770420037
  endloop
endfacet
facet normal 0.559068 -0.811423 -0.170397
  outer loop
    vertex 0.01213676023897942 -0.01576276275183131 -0.002057756382812998
    vertex 0.009755367557954303 -0.01716402940517238 -0.003198264902660631
    vertex 0.0115409536740045 -0.01556550494386779 -0.004951913179459975
  endloop
endfacet
facet normal 0.692061 -0.468386 -0.549242
  outer loop
    vertex 0.01293059231622096 -0.01081960543986101 -0.01075806304487092
    vertex 0.01350091284502409 -0.008233775957973649 -0.01224460231387523
    vertex 0.01497121727514151 -0.009016422632017991 -0.009724545039298154
  endloop
endfacet
facet normal 0.65036 -0.594673 -0.472648
  outer loop
    vertex 0.01414317766190166 -0.01146819041494897 -0.008273520062848611
    vertex 0.01188083595797723 -0.01314372659676851 -0.009278372060282741
    vertex 0.01293059231622096 -0.01081960543986101 -0.01075806304487092
  endloop
endfacet
facet normal 0.627116 -0.757666 -0.180742
  outer loop
    vertex 0.01213676023897942 -0.01576276275183131 -0.002057756382812998
    vertex 0.0115409536740045 -0.01556550494386779 -0.004951913179459975
    vertex 0.01378783252785549 -0.01398069332390225 -0.003799458957115479
  endloop
endfacet
facet normal 0.650351 -0.758761 -0.0364015
  outer loop
    vertex 0.01423959756756204 -0.01401856333286093 -0.0008448332358804879
    vertex 0.01247719183955863 -0.01560911411653127 0.0008217300627065938
    vertex 0.01213676023897942 -0.01576276275183131 -0.002057756382812998
  endloop
endfacet
facet normal 0.799857 -0.427212 -0.421567
  outer loop
    vertex 0.01497121727514151 -0.009016422632017991 -0.009724545039298154
    vertex 0.01672142266139784 -0.006987803375453122 -0.008459587942973155
    vertex 0.01609544966033446 -0.009554288827820227 -0.007046422157820882
  endloop
endfacet
facet normal 0.70471 -0.522236 -0.480264
  outer loop
    vertex 0.01414317766190166 -0.01146819041494897 -0.008273520062848611
    vertex 0.01293059231622096 -0.01081960543986101 -0.01075806304487092
    vertex 0.01497121727514151 -0.009016422632017991 -0.009724545039298154
  endloop
endfacet
facet normal 0.671909 -0.732098 -0.112119
  outer loop
    vertex 0.01423959756756204 -0.01401856333286093 -0.0008448332358804879
    vertex 0.01213676023897942 -0.01576276275183131 -0.002057756382812998
    vertex 0.01378783252785549 -0.01398069332390225 -0.003799458957115479
  endloop
endfacet
facet normal 0.756191 -0.503051 -0.418468
  outer loop
    vertex 0.01414317766190166 -0.01146819041494897 -0.008273520062848611
    vertex 0.01497121727514151 -0.009016422632017991 -0.009724545039298154
    vertex 0.01609544966033446 -0.009554288827820227 -0.007046422157820882
  endloop
endfacet
facet normal 0.732076 -0.670476 -0.120529
  outer loop
    vertex 0.01573326919229162 -0.01207925151630086 -0.002560453734952235
    vertex 0.01423959756756204 -0.01401856333286093 -0.0008448332358804879
    vertex 0.01378783252785549 -0.01398069332390225 -0.003799458957115479
  endloop
endfacet
facet normal 0.758663 -0.550639 -0.348177
  outer loop
    vertex 0.01511571522224764 -0.01189503013365256 -0.005479362320508545
    vertex 0.01414317766190166 -0.01146819041494897 -0.008273520062848611
    vertex 0.01609544966033446 -0.009554288827820227 -0.007046422157820882
  endloop
endfacet
facet normal 0.804558 -0.523938 -0.2796
  outer loop
    vertex 0.01511571522224764 -0.01189503013365256 -0.005479362320508545
    vertex 0.01609544966033446 -0.009554288827820227 -0.007046422157820882
    vertex 0.01688790538985828 -0.009858950476042327 -0.004195205245770521
  endloop
endfacet
facet normal 0.746732 -0.634951 -0.19806
  outer loop
    vertex 0.01573326919229162 -0.01207925151630086 -0.002560453734952235
    vertex 0.01378783252785549 -0.01398069332390225 -0.003799458957115479
    vertex 0.01511571522224764 -0.01189503013365256 -0.005479362320508545
  endloop
endfacet
facet normal 0.894805 0.380784 0.233082
  outer loop
    vertex 0.01716282745290345 0.008949204803201587 0.005034787702795157
    vertex 0.01781617680097957 0.006818146888348496 0.006008054361034105
    vertex 0.01843520451419297 0.007007748857850018 0.003321850457979877
  endloop
endfacet
facet normal 0.883682 -0.442533 0.152547
  outer loop
    vertex 0.01835390657470855 -0.007369441849549572 0.002970764257388601
    vertex 0.01722377341521468 -0.009062748090908741 0.004605239014652127
    vertex 0.01736365200117311 -0.009771250969058256 0.001739610209740993
  endloop
endfacet
facet normal 0.798594 -0.565998 -0.20468
  outer loop
    vertex 0.01573326919229162 -0.01207925151630086 -0.002560453734952235
    vertex 0.01511571522224764 -0.01189503013365256 -0.005479362320508545
    vertex 0.01688790538985828 -0.009858950476042327 -0.004195205245770521
  endloop
endfacet
facet normal 0.887719 0.424442 0.178335
  outer loop
    vertex 0.01753851073397518 0.009360966644051916 0.002184707010833409
    vertex 0.01716282745290345 0.008949204803201587 0.005034787702795157
    vertex 0.01843520451419297 0.007007748857850018 0.003321850457979877
  endloop
endfacet
facet normal 0.806159 0.566193 -0.171855
  outer loop
    vertex 0.01695703578918403 0.009934578940225366 -0.003709862332319458
    vertex 0.01527605525501716 0.01204349434491852 -0.004647190528650415
    vertex 0.01595271172653428 0.01191034642884922 -0.001911710363756665
  endloop
endfacet
facet normal 0.906588 -0.414481 0.0793978
  outer loop
    vertex 0.01851867580264415 -0.007552536389756852 0.0001335687012760516
    vertex 0.01835390657470855 -0.007369441849549572 0.002970764257388601
    vertex 0.01736365200117311 -0.009771250969058256 0.001739610209740993
  endloop
endfacet
facet normal 0.883723 -0.416171 -0.214094
  outer loop
    vertex 0.01688790538985828 -0.009858950476042327 -0.004195205245770521
    vertex 0.01765289504296705 -0.007429584193528098 -0.005759911050812055
    vertex 0.0182847722642398 -0.007588596896683135 -0.002842586917675137
  endloop
endfacet
facet normal 0.835507 -0.532957 -0.133732
  outer loop
    vertex 0.01732226071531752 -0.009919967093240677 -0.001238360440093858
    vertex 0.01573326919229162 -0.01207925151630086 -0.002560453734952235
    vertex 0.01688790538985828 -0.009858950476042327 -0.004195205245770521
  endloop
endfacet
facet normal 0.913307 0.395328 0.0979082
  outer loop
    vertex 0.01753851073397518 0.009360966644051916 0.002184707010833409
    vertex 0.01843520451419297 0.007007748857850018 0.003321850457979877
    vertex 0.01858539347095712 0.00737506120825714 0.0004377461640784345
  endloop
endfacet
facet normal 0.843126 0.526779 -0.1079
  outer loop
    vertex 0.01695703578918403 0.009934578940225366 -0.003709862332319458
    vertex 0.01595271172653428 0.01191034642884922 -0.001911710363756665
    vertex 0.01740819728234664 0.009817472824395927 -0.0007562372122202607
  endloop
endfacet
facet normal 0.890019 -0.455806 0.0103919
  outer loop
    vertex 0.01851867580264415 -0.007552536389756852 0.0001335687012760516
    vertex 0.01736365200117311 -0.009771250969058256 0.001739610209740993
    vertex 0.01732226071531752 -0.009919967093240677 -0.001238360440093858
  endloop
endfacet
facet normal 0.878191 -0.457833 -0.138452
  outer loop
    vertex 0.01732226071531752 -0.009919967093240677 -0.001238360440093858
    vertex 0.01688790538985828 -0.009858950476042327 -0.004195205245770521
    vertex 0.0182847722642398 -0.007588596896683135 -0.002842586917675137
  endloop
endfacet
facet normal 0.894709 0.445671 0.0295344
  outer loop
    vertex 0.01740819728234664 0.009817472824395927 -0.0007562372122202607
    vertex 0.01753851073397518 0.009360966644051916 0.002184707010833409
    vertex 0.01858539347095712 0.00737506120825714 0.0004377461640784345
  endloop
endfacet
facet normal 0.881772 0.457045 -0.116568
  outer loop
    vertex 0.01834085106632073 0.007571764297163092 -0.002506305566216524
    vertex 0.01695703578918403 0.009934578940225366 -0.003709862332319458
    vertex 0.01740819728234664 0.009817472824395927 -0.0007562372122202607
  endloop
endfacet
facet normal 0.905446 -0.419286 -0.066081
  outer loop
    vertex 0.01851867580264415 -0.007552536389756852 0.0001335687012760516
    vertex 0.01732226071531752 -0.009919967093240677 -0.001238360440093858
    vertex 0.0182847722642398 -0.007588596896683135 -0.002842586917675137
  endloop
endfacet
facet normal 0.908733 0.414635 -0.0477789
  outer loop
    vertex 0.01834085106632073 0.007571764297163092 -0.002506305566216524
    vertex 0.01740819728234664 0.009817472824395927 -0.0007562372122202607
    vertex 0.01858539347095712 0.00737506120825714 0.0004377461640784345
  endloop
endfacet
facet normal 0.938155 -0.339143 -0.0696227
  outer loop
    vertex 0.0192749355207024 -0.005135013882514175 -0.001452065115327677
    vertex 0.01851867580264415 -0.007552536389756852 0.0001335687012760516
    vertex 0.0182847722642398 -0.007588596896683135 -0.002842586917675137
  endloop
endfacet
facet normal 0.733131 0.340574 0.588666
  outer loop
    vertex 0.01534376932820004 0.007581292948944494 0.01034856222019621
    vertex 0.01342372461067296 0.007632251638860888 0.01271032464172015
    vertex 0.0151122311622587 0.005136083502436752 0.01205160219864787
  endloop
endfacet
facet normal 0.940867 0.334146 -0.0558259
  outer loop
    vertex 0.01834085106632073 0.007571764297163092 -0.002506305566216524
    vertex 0.01858539347095712 0.00737506120825714 0.0004377461640784345
    vertex 0.01931121424960027 0.005045697855175898 -0.001271981666655991
  endloop
endfacet
facet normal 0.943325 -0.298553 -0.144925
  outer loop
    vertex 0.0192749355207024 -0.005135013882514175 -0.001452065115327677
    vertex 0.0182847722642398 -0.007588596896683135 -0.002842586917675137
    vertex 0.01883671570730374 -0.005098279009517484 -0.00438014754355717
  endloop
endfacet
facet normal 0.960192 -0.171715 -0.22033
  outer loop
    vertex 0.01883671570730374 -0.005098279009517484 -0.00438014754355717
    vertex 0.01895970906806786 -0.002540958380784598 -0.005837205029921926
    vertex 0.01960604516723271 -0.002591824465055243 -0.002980845323523491
  endloop
endfacet
facet normal 0.483135 -0.289399 0.826335
  outer loop
    vertex 0.008571495672925058 -0.005118448222295615 0.01733005913794601
    vertex 0.009122894305100956 -0.007179039838935606 0.01628601198848054
    vertex 0.0109056002879122 -0.005144419664221511 0.01595627866009679
  endloop
endfacet
facet normal 0.432551 -0.175552 0.884353
  outer loop
    vertex 0.009916035508692227 -0.002586302217727274 0.01717507731071199
    vertex 0.00745654039527829 -0.00260619949664599 0.01837410486302027
    vertex 0.008571495672925058 -0.005118448222295615 0.01733005913794601
  endloop
endfacet
facet normal 0.792598 0.296163 0.532987
  outer loop
    vertex 0.0168332490602236 0.004877979041180611 0.009635717230714271
    vertex 0.01534376932820004 0.007581292948944494 0.01034856222019621
    vertex 0.0151122311622587 0.005136083502436752 0.01205160219864787
  endloop
endfacet
facet normal -0.328011 -0.63239 0.701778
  outer loop
    vertex -0.008258225465305045 -0.01224614147304726 0.01348457382293927
    vertex -0.00596257768164904 -0.01400912049362221 0.01296889395382177
    vertex -0.005693247119705732 -0.01160340259606881 0.01526263363340371
  endloop
endfacet
facet normal 0.945231 0.297663 -0.133921
  outer loop
    vertex 0.01885195065473449 0.005179380145337751 -0.004216393935762742
    vertex 0.01834085106632073 0.007571764297163092 -0.002506305566216524
    vertex 0.01931121424960027 0.005045697855175898 -0.001271981666655991
  endloop
endfacet
facet normal 0.965632 -0.214209 -0.147205
  outer loop
    vertex 0.0192749355207024 -0.005135013882514175 -0.001452065115327677
    vertex 0.01883671570730374 -0.005098279009517484 -0.00438014754355717
    vertex 0.01960604516723271 -0.002591824465055243 -0.002980845323523491
  endloop
endfacet
facet normal -0.341025 0.727517 0.595333
  outer loop
    vertex -0.006652147479566716 0.0134535269389286 0.013219362572137
    vertex -0.005501971512668598 0.01551057413097806 0.01136443573615591
    vertex -0.008281490026615556 0.01450402627974739 0.01100227906460586
  endloop
endfacet
facet normal 0.0291128 -0.608664 -0.792894
  outer loop
    vertex -9.149204040736508e-06 -0.01086340486386178 -0.01679244922743224
    vertex 0.002287142421986629 -0.01199436250936265 -0.01583995730851396
    vertex -3.015960211112467e-05 -0.01340875602629485 -0.014839284087371
  endloop
endfacet
facet normal 0.92001 -0.167848 0.35413
  outer loop
    vertex 0.01808436735795401 -0.005012110041786545 0.006916242490803069
    vertex 0.01899405769055531 -0.002532197711048682 0.005728328482202882
    vertex 0.01792531643822747 -0.002552932680392527 0.008495031802106213
  endloop
endfacet
facet normal 0.4941 -0.210736 0.843478
  outer loop
    vertex 0.009916035508692227 -0.002586302217727274 0.01717507731071199
    vertex 0.008571495672925058 -0.005118448222295615 0.01733005913794601
    vertex 0.0109056002879122 -0.005144419664221511 0.01595627866009679
  endloop
endfacet
facet normal 0.80645 0.212524 0.55179
  outer loop
    vertex 0.01640502977137227 0.002588500623449066 0.01114336855366425
    vertex 0.0168332490602236 0.004877979041180611 0.009635717230714271
    vertex 0.0151122311622587 0.005136083502436752 0.01205160219864787
  endloop
endfacet
facet normal 0.71485 0.214294 0.665634
  outer loop
    vertex 0.0151122311622587 0.005136083502436752 0.01205160219864787
    vertex 0.01308480569818936 0.005084814796351267 0.0142454385094822
    vertex 0.01453793678155571 0.002586302217727271 0.01348923403956165
  endloop
endfacet
facet normal 0.993417 -0.0864935 -0.0751086
  outer loop
    vertex 0.0199440759436236 0 -0.001494601871728491
    vertex 0.01983134778357244 -0.002591841876310669 -8.804538705801751e-07
    vertex 0.01960604516723271 -0.002591824465055243 -0.002980845323523491
  endloop
endfacet
facet normal 0.993508 -0.0861103 0.0743492
  outer loop
    vertex 0.01961056316987575 -0.002586302217728273 0.002955816807396369
    vertex 0.01983134778357244 -0.002591841876310669 -8.804538705801751e-07
    vertex 0.0199440759436236 0 0.00149460187172848
  endloop
endfacet
facet normal -0.71463 -0.694416 -0.0842057
  outer loop
    vertex -0.01543221608617711 -0.01265980164714552 -0.001255439733506979
    vertex -0.01381353462090354 -0.01407333979664161 -0.0033357710121294
    vertex -0.01346223677307991 -0.01478368531366817 -0.0004591618581360114
  endloop
endfacet
facet normal 0.96651 0.214408 -0.14102
  outer loop
    vertex 0.01885195065473449 0.005179380145337751 -0.004216393935762742
    vertex 0.01931121424960027 0.005045697855175898 -0.001271981666655991
    vertex 0.01961751329028178 0.002590517135638653 -0.00290557967978511
  endloop
endfacet
facet normal -0.712239 0.516708 0.475109
  outer loop
    vertex -0.01533045524149425 0.009762840252683192 0.008346501799504399
    vertex -0.01411223845434646 0.009221638177108147 0.01076132497131123
    vertex -0.01323712361415278 0.01168122441738953 0.009398274018894193
  endloop
endfacet
facet normal -0.608009 0.500882 -0.615988
  outer loop
    vertex -0.01209147415039462 0.01131270714944456 -0.01121690286225412
    vertex -0.01091830500285607 0.009950784360375458 -0.01348230345593494
    vertex -0.01326216493844895 0.008729665408531295 -0.01216174013044463
  endloop
endfacet
facet normal 0.999055 -0.0434524 0
  outer loop
    vertex 0.0199440759436236 0 0.00149460187172848
    vertex 0.01983134778357244 -0.002591841876310669 -8.804538705801751e-07
    vertex 0.0199440759436236 0 -0.001494601871728491
  endloop
endfacet
facet normal 0.882547 -0.212288 0.419577
  outer loop
    vertex 0.01808436735795401 -0.005012110041786545 0.006916242490803069
    vertex 0.01792531643822747 -0.002552932680392527 0.008495031802106213
    vertex 0.01678502937599268 -0.005100307538322139 0.009604668232770834
  endloop
endfacet
facet normal -0.974878 -0.169105 -0.144971
  outer loop
    vertex -0.0194984873151156 -0.002050114335251979 -0.003950446004525389
    vertex -0.01907458231231498 -0.004935325874843435 -0.003435530253079042
    vertex -0.0197130459281478 -0.003142287159563832 -0.001233633511856676
  endloop
endfacet
facet normal -0.904147 0.171532 -0.391273
  outer loop
    vertex -0.0180650047345829 0.004935862144989999 -0.007020888036790789
    vertex -0.01737485953214726 0.003226487421425073 -0.009365043254440281
    vertex -0.01865057583097996 0.002108508760857072 -0.006907257920351262
  endloop
endfacet
facet normal 0.982203 -0.172518 -0.0742613
  outer loop
    vertex 0.01983134778357244 -0.002591841876310669 -8.804538705801751e-07
    vertex 0.0192749355207024 -0.005135013882514175 -0.001452065115327677
    vertex 0.01960604516723271 -0.002591824465055243 -0.002980845323523491
  endloop
endfacet
facet normal 0.732381 -0.0427841 0.67955
  outer loop
    vertex 0.0136034547554184 0 0.01466103743659652
    vertex 0.01452231000217232 -0.002571777676204017 0.01350882940098751
    vertex 0.01563662964936061 0 0.01246979603717466
  endloop
endfacet
facet normal 0.561231 -0.0860514 0.823174
  outer loop
    vertex 0.01126640116127246 0 0.01652477548631989
    vertex 0.009916035508692227 -0.002586302217727274 0.01717507731071199
    vertex 0.01236509402995863 -0.002586302217942747 0.01550533748319416
  endloop
endfacet
facet normal 0.779452 0.0865579 0.620453
  outer loop
    vertex 0.01640502977137227 0.002588500623449066 0.01114336855366425
    vertex 0.01453793678155571 0.002586302217727271 0.01348923403956165
    vertex 0.01563662964936061 0 0.01246979603717466
  endloop
endfacet
facet normal 0.148489 -0.0860514 0.985163
  outer loop
    vertex 0.002980845323523502 0 0.01977661652450257
    vertex 0.001482052523141757 -0.002586302217727281 0.01977661652450257
    vertex 0.004413050965075891 -0.002586302217727215 0.01933483959122035
  endloop
endfacet
facet normal 0.0746617 0.0427841 0.996291
  outer loop
    vertex 0.002980845323523502 0 0.01977661652450257
    vertex 0.001457269051194186 0.002571777674637519 0.01978035203186909
    vertex 1.224646799147353e-18 0 0.02
  endloop
endfacet
facet normal 0.916837 0.174041 -0.359332
  outer loop
    vertex 0.01796333279628649 0.005179385414906709 -0.007105817445847437
    vertex 0.01895903802256125 0.002637729856240412 -0.00579631421375472
    vertex 0.01786807857268564 0.00258630221764997 -0.008604813127506663
  endloop
endfacet
facet normal 0.468674 0.839966 0.273498
  outer loop
    vertex 0.009079903307217724 0.01634391355395574 0.007101538260996586
    vertex 0.01075817748548625 0.01620920997281598 0.004639302668283216
    vertex 0.008162221388093966 0.01766659244621516 0.004611903441213282
  endloop
endfacet
facet normal 0.209757 -0.856107 0.472317
  outer loop
    vertex 0.003060589217655792 -0.01787916255999399 0.008424270876110179
    vertex 0.005798780906904469 -0.01694804281696386 0.008895953274836816
    vertex 0.003651694021264546 -0.01637910699647957 0.01088071618841953
  endloop
endfacet
facet normal 0.554817 -0.173092 0.813767
  outer loop
    vertex 0.009916035508692227 -0.002586302217727274 0.01717507731071199
    vertex 0.0109056002879122 -0.005144419664221511 0.01595627866009679
    vertex 0.01236509402995863 -0.002586302217942747 0.01550533748319416
  endloop
endfacet
facet normal 0.770642 0.172345 0.613521
  outer loop
    vertex 0.01640502977137227 0.002588500623449066 0.01114336855366425
    vertex 0.0151122311622587 0.005136083502436752 0.01205160219864787
    vertex 0.01453793678155571 0.002586302217727271 0.01348923403956165
  endloop
endfacet
facet normal -0.64561 -0.705541 0.292232
  outer loop
    vertex -0.01341028782512001 -0.01420286119535553 0.004294521430020131
    vertex -0.01163342080269216 -0.01495653031489426 0.006400446966199962
    vertex -0.01341018909091458 -0.01307989196671033 0.007005944239365758
  endloop
endfacet
facet normal 0.697149 0.299713 0.651272
  outer loop
    vertex 0.01342372461067296 0.007632251638860888 0.01271032464172015
    vertex 0.01308480569818936 0.005084814796351267 0.0142454385094822
    vertex 0.0151122311622587 0.005136083502436752 0.01205160219864787
  endloop
endfacet
facet normal 0.701587 -0.661027 -0.266119
  outer loop
    vertex 0.01378783252785549 -0.01398069332390225 -0.003799458957115479
    vertex 0.01304546687685325 -0.01361065207146754 -0.006675772925615504
    vertex 0.01511571522224764 -0.01189503013365256 -0.005479362320508545
  endloop
endfacet
facet normal 0.96064 0.174723 -0.215969
  outer loop
    vertex 0.01895903802256125 0.002637729856240412 -0.00579631421375472
    vertex 0.01885195065473449 0.005179380145337751 -0.004216393935762742
    vertex 0.01961751329028178 0.002590517135638653 -0.00290557967978511
  endloop
endfacet
facet normal 0.849819 0.457582 -0.261583
  outer loop
    vertex 0.01767235732497472 0.007597672835843276 -0.005473860982697837
    vertex 0.01612793819386992 0.009866830374176263 -0.006521906775011787
    vertex 0.01695703578918403 0.009934578940225366 -0.003709862332319458
  endloop
endfacet
facet normal 0.971466 -0.0852127 -0.221341
  outer loop
    vertex 0.01960604516723271 -0.002591824465055243 -0.002980845323523491
    vertex 0.01895970906806786 -0.002540958380784598 -0.005837205029921926
    vertex 0.01949855824363647 0 -0.004450418679126288
  endloop
endfacet
facet normal 0.916225 -0.336933 -0.216814
  outer loop
    vertex 0.0182847722642398 -0.007588596896683135 -0.002842586917675137
    vertex 0.01765289504296705 -0.007429584193528098 -0.005759911050812055
    vertex 0.01883671570730374 -0.005098279009517484 -0.00438014754355717
  endloop
endfacet
facet normal 0.847184 -0.449354 -0.283478
  outer loop
    vertex 0.01609544966033446 -0.009554288827820227 -0.007046422157820882
    vertex 0.01765289504296705 -0.007429584193528098 -0.005759911050812055
    vertex 0.01688790538985828 -0.009858950476042327 -0.004195205245770521
  endloop
endfacet
facet normal 0.787884 -0.375302 -0.48825
  outer loop
    vertex 0.01497121727514151 -0.009016422632017991 -0.009724545039298154
    vertex 0.01538705106244063 -0.006435731266680595 -0.01103721081908444
    vertex 0.01672142266139784 -0.006987803375453122 -0.008459587942973155
  endloop
endfacet
facet normal -0.0427392 -0.848305 0.527781
  outer loop
    vertex 0.0008306921487806954 -0.01714006678294945 0.01027268520056888
    vertex -0.001436738705349957 -0.01603001064545764 0.01187327000447072
    vertex -0.002004949842329842 -0.01753255710970103 0.009412205762987404
  endloop
endfacet
facet normal 0.0400881 -0.71863 0.694236
  outer loop
    vertex 0.001383523067606282 -0.01542373718523274 0.01265678455067756
    vertex 0.001877000634581716 -0.01336115883383028 0.01476334322688932
    vertex -0.000883608930477775 -0.01413703838407144 0.01411960980286887
  endloop
endfacet
facet normal 0.419427 -0.644972 0.638821
  outer loop
    vertex 0.008976750427780433 -0.0137438354788238 0.01142475111713021
    vertex 0.009354643798514948 -0.01161476912779601 0.01332620641859124
    vertex 0.006839778011821632 -0.01314893098957111 0.01342844185229612
  endloop
endfacet
facet normal 0.707915 -0.418078 0.569269
  outer loop
    vertex 0.01531807587044302 -0.007585669789719402 0.01038336002788547
    vertex 0.01352101157317345 -0.007466277706203608 0.01270578385035557
    vertex 0.01349935015016231 -0.009888270481710917 0.01095397883893507
  endloop
endfacet
facet normal -0.304706 0.547776 0.779164
  outer loop
    vertex -0.007624899950946781 0.01106692607673789 0.01481161868095688
    vertex -0.005705343050262979 0.009614146871634208 0.01658364376756393
    vertex -0.004832884242577553 0.01205915157282105 0.0152059229657911
  endloop
endfacet
facet normal 0.177783 -0.670698 0.720109
  outer loop
    vertex 0.004566803969420781 -0.01223973372576778 0.01514375184117811
    vertex 0.001877000634581716 -0.01336115883383028 0.01476334322688932
    vertex 0.004163146384044318 -0.01445614218584057 0.01317908059341696
  endloop
endfacet
facet normal -0.620301 0.744113 -0.248038
  outer loop
    vertex -0.01246537126912781 0.01531541483828196 -0.003170581564025082
    vertex -0.01095950655679363 0.01571289128102176 -0.005744063337254193
    vertex -0.01348596994555606 0.01360827740735572 -0.005739634189738103
  endloop
endfacet
facet normal -0.910629 -0.0522576 -0.409907
  outer loop
    vertex -0.01885458426193486 -0.0008594281660731831 -0.006615590339263645
    vertex -0.01778460092628314 0.0003239134372026905 -0.009143470346539576
    vertex -0.01777334862388766 -0.002594437988625959 -0.008796418033320451
  endloop
endfacet
facet normal -0.235611 -0.154138 -0.959546
  outer loop
    vertex -0.006318076170056478 -0.003011414255416778 -0.01873534888096929
    vertex -0.00419562952125642 -0.001523332932277527 -0.01949554179031197
    vertex -0.003791771688676353 -0.004475331866597479 -0.01912050920202623
  endloop
endfacet
facet normal -0.734923 -0.38944 0.55518
  outer loop
    vertex -0.01446388638621194 -0.009211861836248234 0.01029259890001677
    vertex -0.01372390381445455 -0.007571249715691605 0.012422988442168
    vertex -0.01561974810445695 -0.006482152649114432 0.01067732017815764
  endloop
endfacet
facet normal -0.179217 0.188713 0.965541
  outer loop
    vertex -0.004605156322390316 0.002392566624512839 0.01931497243574569
    vertex -0.001893975859215322 0.003623779146681896 0.01957756573583097
    vertex -0.004179746043058766 0.005310269893484824 0.01882367542946603
  endloop
endfacet
facet normal -0.17354 -0.33098 0.927543
  outer loop
    vertex -0.002748824862079204 -0.008104488942599065 0.01807653785593095
    vertex -0.00251076591205123 -0.005312474529034885 0.01911736563737894
    vertex -0.005138039824699858 -0.006318223805275156 0.01826692625228045
  endloop
endfacet
facet normal -0.463369 -0.336168 0.819927
  outer loop
    vertex -0.009892109045786605 -0.005136614972531633 0.01660606411074673
    vertex -0.01013885706466709 -0.007794696371354807 0.01537681000404955
    vertex -0.007719103796642135 -0.007149355092201623 0.01700888468837024
  endloop
endfacet
facet normal -0.439396 0.274145 -0.855439
  outer loop
    vertex -0.01022168941042892 0.005626063104282092 -0.01624390592017083
    vertex -0.007628270533127392 0.006692701469687055 -0.0172341879910563
    vertex -0.008396284211884557 0.003964811992379607 -0.01771391197049203
  endloop
endfacet
facet normal -0.609069 0.143941 -0.779946
  outer loop
    vertex -0.01259276228462677 0.004394743656139595 -0.01490330722489819
    vertex -0.01080266050804742 0.002716913558898525 -0.01661086712550992
    vertex -0.01299871383769351 0.001442016949261506 -0.01513122684000864
  endloop
endfacet
facet normal -0.298768 -0.69671 -0.652176
  outer loop
    vertex -0.007406306054474785 -0.01358443792957802 -0.01267318731672866
    vertex -0.00571641671350211 -0.01292653151676912 -0.01415017183300501
    vertex -0.004587603172113167 -0.01454298981069286 -0.01294045379812087
  endloop
endfacet
facet normal -0.887163 0.410676 -0.210443
  outer loop
    vertex -0.01688465955342476 0.00933968260040869 -0.00526104558890768
    vertex -0.01826702168555293 0.006616981931044123 -0.004746732440719052
    vertex -0.01798734063140026 0.008387685494855015 -0.002470285216199984
  endloop
endfacet
facet normal -0.313606 -0.50807 0.802195
  outer loop
    vertex -0.007896457680664534 -0.009762083925006533 0.01556751982618308
    vertex -0.005693247119705732 -0.01160340259606881 0.01526263363340371
    vertex -0.005389008205686621 -0.009021768855887321 0.0170166470630963
  endloop
endfacet
facet normal -0.493038 0.834106 -0.247348
  outer loop
    vertex -0.008478923923269453 0.01718142689716544 -0.005736411672881312
    vertex -0.01095950655679363 0.01571289128102176 -0.005744063337254193
    vertex -0.009998806045494727 0.01700090135045483 -0.00331560415862348
  endloop
endfacet
facet normal -0.587359 -0.0802626 -0.805337
  outer loop
    vertex -0.01309241462361262 -0.001544326933000127 -0.01504007093226042
    vertex -0.01101769783663167 -0.0001637788635616086 -0.01669082115608853
    vertex -0.01095511396948964 -0.003091719017930796 -0.01644465723053108
  endloop
endfacet
facet normal -0.00208226 -0.734996 -0.678068
  outer loop
    vertex -0.001664151889876426 -0.01518781935507257 -0.01290584137997611
    vertex -3.015960211112467e-05 -0.01340875602629485 -0.014839284087371
    vertex 0.001309013370381372 -0.01546336278690625 -0.01261629483313884
  endloop
endfacet
facet normal -0.70909 0.0518921 0.703206
  outer loop
    vertex -0.01540228653740156 0.001054992572767315 0.01271442330942243
    vertex -0.01350883757075548 -0.0005122522324753235 0.01473936583226257
    vertex -0.01352224034082861 0.002679475948256663 0.01449032176342476
  endloop
endfacet
facet normal -0.275613 -0.828081 0.48818
  outer loop
    vertex -0.004804797115441132 -0.01751958317460197 0.008365293184799451
    vertex -0.004176733820324297 -0.01619335022183676 0.01096951699880622
    vertex -0.007155031156703555 -0.01577449576327941 0.009998540521540198
  endloop
endfacet
facet normal -0.343694 0.418778 0.840535
  outer loop
    vertex -0.006376157834206359 0.006953020489380571 0.01763519541563242
    vertex -0.005705343050262979 0.009614146871634208 0.01658364376756393
    vertex -0.008411944774499818 0.008462880974542224 0.01605050873715523
  endloop
endfacet
facet normal 0.29413 0.934226 -0.201768
  outer loop
    vertex 0.007301493452198275 0.01834508835663978 -0.003185267108828615
    vertex 0.005841334899458557 0.0182679139115037 -0.005671166362773815
    vertex 0.00444485611389229 0.01921412719446934 -0.003325743568218708
  endloop
endfacet
facet normal -0.131172 -0.28649 -0.949061
  outer loop
    vertex -0.003791771688676353 -0.004475331866597479 -0.01912050920202623
    vertex -0.0009330956909252527 -0.006041212668477907 -0.01904292734654519
    vertex -0.00329296396700493 -0.007191219448423729 -0.01836961488863116
  endloop
endfacet
facet normal -0.828897 -0.349234 -0.436997
  outer loop
    vertex -0.0173420882037794 -0.005510390252296596 -0.008299853974602806
    vertex -0.01567034049253637 -0.007109106769928733 -0.01019318545802677
    vertex -0.01651037456245405 -0.008305559768164985 -0.007643638449384511
  endloop
endfacet
facet normal 0.540932 -0.554291 0.632577
  outer loop
    vertex 0.01153188592740833 -0.009644157434004291 0.01319112710671008
    vertex 0.009354643798514948 -0.01161476912779601 0.01332620641859124
    vertex 0.01136965034300958 -0.01195645707786566 0.01130372439609434
  endloop
endfacet
facet normal 0.357583 0.877978 -0.31826
  outer loop
    vertex 0.007016029844401013 0.01698234678949887 -0.00789779860110852
    vertex 0.005841334899458557 0.0182679139115037 -0.005671166362773815
    vertex 0.008567893948701326 0.01717365421275471 -0.0056264370843847
  endloop
endfacet
facet normal 0.458787 0.747751 -0.479981
  outer loop
    vertex 0.01043204721959413 0.01373491972323995 -0.01012543189223613
    vertex 0.007560086158834778 0.01534539088942498 -0.0103616637525905
    vertex 0.00961927349721633 0.01562535404408295 -0.007957253821690767
  endloop
endfacet
facet normal 0.590653 0.50146 -0.632192
  outer loop
    vertex 0.013200405622302 0.009605447835800656 -0.01155355630446359
    vertex 0.01136488299876111 0.008803424789379625 -0.0139046447779944
    vertex 0.01098798177962886 0.01154475795575293 -0.01208233504557888
  endloop
endfacet
facet normal -0.144795 0.460083 -0.87599
  outer loop
    vertex -0.001789200908575098 0.01041256514031708 -0.01698167386647758
    vertex -0.002303123693126854 0.007771446373924232 -0.0182838793069572
    vertex -0.004544253720707699 0.009412420720725031 -0.01705157160785774
  endloop
endfacet
facet normal -0.0305895 0.378319 -0.92517
  outer loop
    vertex -6.219977741351425e-05 0.006039314495677833 -0.01906627419319216
    vertex -0.002303123693126854 0.007771446373924232 -0.0182838793069572
    vertex 0.0004992744300777599 0.008763402574616093 -0.01797090705442223
  endloop
endfacet
facet normal -0.900537 0.0947319 -0.424334
  outer loop
    vertex -0.01737485953214726 0.003226487421425073 -0.009365043254440281
    vertex -0.01778460092628314 0.0003239134372026905 -0.009143470346539576
    vertex -0.01865057583097996 0.002108508760857072 -0.006907257920351262
  endloop
endfacet
facet normal -0.268329 0.723538 0.635997
  outer loop
    vertex -0.003838089246529836 0.01427664735304886 0.01347020457500015
    vertex -0.005501971512668598 0.01551057413097806 0.01136443573615591
    vertex -0.006652147479566716 0.0134535269389286 0.013219362572137
  endloop
endfacet
facet normal -0.349309 0.775224 0.526319
  outer loop
    vertex -0.008281490026615556 0.01450402627974739 0.01100227906460586
    vertex -0.005501971512668598 0.01551057413097806 0.01136443573615591
    vertex -0.007000169033869531 0.01639226737002413 0.009071449937407808
  endloop
endfacet
facet normal -0.956789 -0.181167 -0.227448
  outer loop
    vertex -0.01863319694007358 -0.003814998441017592 -0.006184638929433638
    vertex -0.01907458231231498 -0.004935325874843435 -0.003435530253079042
    vertex -0.0194984873151156 -0.002050114335251979 -0.003950446004525389
  endloop
endfacet
facet normal -0.872814 0.174755 0.455692
  outer loop
    vertex -0.01740797788252753 0.00498780989703956 0.008490233122384012
    vertex -0.01818520700317938 0.002845168131874787 0.007823251533274372
    vertex -0.0169842450032669 0.002464884819562807 0.01026936047158207
  endloop
endfacet
facet normal -0.544838 0.563542 -0.620944
  outer loop
    vertex -0.009641598509717802 0.01240933963174983 -0.01237125167803526
    vertex -0.01091830500285607 0.009950784360375458 -0.01348230345593494
    vertex -0.01209147415039462 0.01131270714944456 -0.01121690286225412
  endloop
endfacet
facet normal -0.603071 0.433204 -0.669806
  outer loop
    vertex -0.01326216493844895 0.008729665408531295 -0.01216174013044463
    vertex -0.01091830500285607 0.009950784360375458 -0.01348230345593494
    vertex -0.01188366637508316 0.00724761685534268 -0.01436142483891729
  endloop
endfacet
facet normal 0.631119 0.33704 0.698636
  outer loop
    vertex 0.01342372461067296 0.007632251638860888 0.01271032464172015
    vertex 0.01126649643302087 0.007560836027837592 0.01469352975581025
    vertex 0.01308480569818936 0.005084814796351267 0.0142454385094822
  endloop
endfacet
facet normal 0.855253 0.16379 0.491646
  outer loop
    vertex 0.01640502977137227 0.002588500623449066 0.01114336855366425
    vertex 0.01787688837697804 0.002510183621731824 0.008609055705607721
    vertex 0.0168332490602236 0.004877979041180611 0.009635717230714271
  endloop
endfacet
facet normal -0.162474 0.594837 0.787256
  outer loop
    vertex -0.004832884242577553 0.01205915157282105 0.0152059229657911
    vertex -0.002919951936704327 0.01057156760948047 0.01672470744035662
    vertex -0.001951768638988369 0.01282677711363246 0.01522052522277258
  endloop
endfacet
facet normal 0.0581897 0.87185 -0.486305
  outer loop
    vertex -5.603429830458156e-05 0.01673115649315343 -0.01095742955984766
    vertex 0.0009980634262128476 0.01827609716799874 -0.008061522294401022
    vertex 0.00290886464619981 0.01695540642827381 -0.01020062249679596
  endloop
endfacet
facet normal -0.611374 0.730134 0.305166
  outer loop
    vertex -0.0122151157765713 0.01384514415561197 0.007687842992366761
    vertex -0.01089822547620739 0.01572008242393229 0.005840178940282498
    vertex -0.01313650240285775 0.01435544273788348 0.00462099214661319
  endloop
endfacet
facet normal -0.238167 -0.95013 0.201321
  outer loop
    vertex -0.005744421427941649 -0.01897603427522914 0.002629019901699845
    vertex -0.003097490924695548 -0.01936451557599451 0.003926969121153706
    vertex -0.005352912457648114 -0.01845866104125389 0.005533910081023322
  endloop
endfacet
facet normal 0.629333 -0.225781 -0.743615
  outer loop
    vertex 0.01253860395799856 -0.002658536683137762 -0.01535303206174187
    vertex 0.01369568536086745 -0.005360050740167232 -0.01355352568739787
    vertex 0.01107041764989932 -0.005211412055691828 -0.01582046261784362
  endloop
endfacet
facet normal -0.644521 -0.0976837 0.758321
  outer loop
    vertex -0.01350883757075548 -0.0005122522324753235 0.01473936583226257
    vertex -0.01365634013421498 -0.00308292438818483 0.01428285515418274
    vertex -0.01185927853505649 -0.00302869880594263 0.01581722150603038
  endloop
endfacet
facet normal -0.76346 -0.216222 -0.608586
  outer loop
    vertex -0.01486324986357901 -0.002915976005294886 -0.01306066182968394
    vertex -0.01446820599748917 -0.005796428568647655 -0.01253285406692281
    vertex -0.01629047972053337 -0.004247956892206368 -0.01079699646739071
  endloop
endfacet
facet normal 0.0368699 -0.983211 -0.178708
  outer loop
    vertex -0.0009857193404819197 -0.01967475140046282 -0.003454347219343537
    vertex 0.001557559733201949 -0.01928980873383384 -0.005047503015315175
    vertex 0.001471143817804003 -0.01984319657998313 -0.002020714070689525
  endloop
endfacet
facet normal 0.912082 0.299039 -0.280503
  outer loop
    vertex 0.01796333279628649 0.005179385414906709 -0.007105817445847437
    vertex 0.01767235732497472 0.007597672835843276 -0.005473860982697837
    vertex 0.01885195065473449 0.005179380145337751 -0.004216393935762742
  endloop
endfacet
facet normal -0.933819 0.181001 -0.308578
  outer loop
    vertex -0.01908474027859682 0.003870311619936735 -0.004559975489307692
    vertex -0.0180650047345829 0.004935862144989999 -0.007020888036790789
    vertex -0.01865057583097996 0.002108508760857072 -0.006907257920351262
  endloop
endfacet
facet normal 0.218377 0.975859 0.00317642
  outer loop
    vertex 0.002934561172675762 0.01976625186469045 -0.0008268240111686708
    vertex 0.00423600847315563 0.01946658557189829 0.001763031022788609
    vertex 0.005848369895970486 0.01911372458770265 -0.0006797808068467642
  endloop
endfacet
facet normal 0.971397 0.0847668 0.221815
  outer loop
    vertex 0.01949855824363647 0 0.004450418679126283
    vertex 0.0196244111066444 0.002487568827197088 0.002948642068371353
    vertex 0.01896074249368627 0.002525413801058274 0.005840593225139401
  endloop
endfacet
facet normal 0.125938 0.56962 0.812202
  outer loop
    vertex 0.003507903512198202 0.01255284624569436 0.01516972854342043
    vertex 0.0006630919985868339 0.01157360660949904 0.01629760531642518
    vertex 0.003870913735343402 0.01021321151339921 0.01675429310463738
  endloop
endfacet
facet normal -0.776182 0.626916 0.0672191
  outer loop
    vertex -0.01624105040996724 0.01143914463054114 0.002318243236259859
    vertex -0.01450985292165974 0.01361181631360143 0.002045146654051121
    vertex -0.01566010223477595 0.0124371277422268 -0.0002811610212987895
  endloop
endfacet
facet normal 0.117843 0.678009 0.725546
  outer loop
    vertex 0.0007166043986598676 0.01345543915871535 0.01477963582710788
    vertex 0.003507903512198202 0.01255284624569436 0.01516972854342043
    vertex 0.002943724429053991 0.01459914340022432 0.01334913849150864
  endloop
endfacet
facet normal 0.43724 -0.082982 0.895508
  outer loop
    vertex 0.008677674782351177 0 0.01801937735804838
    vertex 0.00745654039527829 -0.00260619949664599 0.01837410486302027
    vertex 0.009916035508692227 -0.002586302217727274 0.01717507731071199
  endloop
endfacet
facet normal 0.929644 -0.0852048 0.358471
  outer loop
    vertex 0.01792531643822747 -0.002552932680392527 0.008495031802106213
    vertex 0.01899405769055531 -0.002532197711048682 0.005728328482202882
    vertex 0.01861747497288409 0 0.007306820487327891
  endloop
endfacet
facet normal 0.677059 -0.0855716 0.730936
  outer loop
    vertex 0.01236509402995863 -0.002586302217942747 0.01550533748319416
    vertex 0.01452231000217232 -0.002571777676204017 0.01350882940098751
    vertex 0.0136034547554184 0 0.01466103743659652
  endloop
endfacet
facet normal -0.539502 -0.311647 0.782185
  outer loop
    vertex -0.009892109045786605 -0.005136614972531633 0.01660606411074673
    vertex -0.01218428593719964 -0.005711492677237901 0.0147960139091046
    vertex -0.01013885706466709 -0.007794696371354807 0.01537681000404955
  endloop
endfacet
facet normal -0.369888 -0.56474 0.737734
  outer loop
    vertex -0.007896457680664534 -0.009762083925006533 0.01556751982618308
    vertex -0.008258225465305045 -0.01224614147304726 0.01348457382293927
    vertex -0.005693247119705732 -0.01160340259606881 0.01526263363340371
  endloop
endfacet
facet normal -0.360243 0.259024 -0.896176
  outer loop
    vertex -0.007628270533127392 0.006692701469687055 -0.0172341879910563
    vertex -0.005629135864389363 0.004922481693554808 -0.0185494475226855
    vertex -0.008396284211884557 0.003964811992379607 -0.01771391197049203
  endloop
endfacet
facet normal -0.00774011 0.691139 -0.722681
  outer loop
    vertex -0.0006816857824174784 0.01494614091429846 -0.01327208258955555
    vertex 0.001534167147771264 0.01357752128519835 -0.01460469948039621
    vertex -0.001263759333755195 0.01282407730429326 -0.01529529187821721
  endloop
endfacet
facet normal -0.087571 0.313763 -0.945454
  outer loop
    vertex -6.219977741351425e-05 0.006039314495677833 -0.01906627419319216
    vertex -0.002841707100474017 0.004978450840939938 -0.01916089058419415
    vertex -0.002303123693126854 0.007771446373924232 -0.0182838793069572
  endloop
endfacet
facet normal -0.996375 -0.0803406 -0.0279596
  outer loop
    vertex -0.0197130459281478 -0.003142287159563832 -0.001233633511856676
    vertex -0.0199191169024808 -0.001405534687471333 0.001119488306155275
    vertex -0.01993506910474286 -0.0002653602134095854 -0.001588270677896581
  endloop
endfacet
facet normal 0.499602 0.0398725 0.865337
  outer loop
    vertex 0.01126640116127246 0 0.01652477548631989
    vertex 0.009962868432376166 0.00248558560338795 0.01716284116361254
    vertex 0.008677674782351177 0 0.01801937735804838
  endloop
endfacet
facet normal -0.310029 -0.498849 -0.80934
  outer loop
    vertex -0.004945020366946102 -0.01110131282256729 -0.01588419425674439
    vertex -0.00776285837106089 -0.009342486028069632 -0.01588886354419893
    vertex -0.005554823356780697 -0.008701752923704325 -0.01712960692864162
  endloop
endfacet
facet normal 0.0294755 -0.486448 -0.873212
  outer loop
    vertex -0.0006018263660379379 -0.009001716550311756 -0.0178495631367545
    vertex 0.001919599635463852 -0.01017784661200825 -0.01710925409192228
    vertex -9.149204040736508e-06 -0.01086340486386178 -0.01679244922743224
  endloop
endfacet
facet normal -0.549191 0.749668 0.369308
  outer loop
    vertex -0.00971408350355049 0.01527928203788031 0.008495888540521015
    vertex -0.01089822547620739 0.01572008242393229 0.005840178940282498
    vertex -0.0122151157765713 0.01384514415561197 0.007687842992366761
  endloop
endfacet
facet normal -0.8139 -0.102908 0.571819
  outer loop
    vertex -0.01641127051934475 -0.003604698390832802 0.01084787303815883
    vertex -0.01528658492970895 -0.001890005666234835 0.01275728026533852
    vertex -0.01684077404525736 -0.0006461520870939682 0.01076897474400095
  endloop
endfacet
facet normal -0.777197 -0.286669 -0.560165
  outer loop
    vertex -0.01446820599748917 -0.005796428568647655 -0.01253285406692281
    vertex -0.01567034049253637 -0.007109106769928733 -0.01019318545802677
    vertex -0.01629047972053337 -0.004247956892206368 -0.01079699646739071
  endloop
endfacet
facet normal -0.705942 -0.220169 -0.67318
  outer loop
    vertex -0.01287176272201517 -0.004497297549122578 -0.01463188433465754
    vertex -0.01446820599748917 -0.005796428568647655 -0.01253285406692281
    vertex -0.01486324986357901 -0.002915976005294886 -0.01306066182968394
  endloop
endfacet
facet normal 0.28789 0.956257 0.0518901
  outer loop
    vertex 0.005848369895970486 0.01911372458770265 -0.0006797808068467642
    vertex 0.00423600847315563 0.01946658557189829 0.001763031022788609
    vertex 0.007096937231381384 0.01859364739631569 0.001977310910129073
  endloop
endfacet
facet normal -0.642763 0.674191 -0.363761
  outer loop
    vertex -0.01348596994555606 0.01360827740735572 -0.005739634189738103
    vertex -0.0115395690195447 0.0143212485927111 -0.007857492321913821
    vertex -0.01302754140313902 0.01249873137455389 -0.008606095457072317
  endloop
endfacet
facet normal -0.732352 0.680678 0.0183992
  outer loop
    vertex -0.01566010223477595 0.0124371277422268 -0.0002811610212987895
    vertex -0.01450985292165974 0.01361181631360143 0.002045146654051121
    vertex -0.01363533165951876 0.01462210225810969 -0.000521398205126186
  endloop
endfacet
facet normal -0.20481 -0.970502 0.127198
  outer loop
    vertex -0.005744421427941649 -0.01897603427522914 0.002629019901699845
    vertex -0.003436121623269411 -0.01967756698272546 0.0009931897253058987
    vertex -0.003097490924695548 -0.01936451557599451 0.003926969121153706
  endloop
endfacet
facet normal -0.899293 -0.260099 0.351596
  outer loop
    vertex -0.01730637571313589 -0.005266168673898815 0.008529761261244485
    vertex -0.01860056336387855 -0.003904574570930375 0.006226824227998013
    vertex -0.01785259750162033 -0.006588297627479022 0.006154599647165824
  endloop
endfacet
facet normal 0.0499073 0.737057 -0.673985
  outer loop
    vertex 0.002160611353230089 0.01548161422307887 -0.01247603220691801
    vertex 0.001534167147771264 0.01357752128519835 -0.01460469948039621
    vertex -0.0006816857824174784 0.01494614091429846 -0.01327208258955555
  endloop
endfacet
facet normal 0.0217209 0.6305 -0.775885
  outer loop
    vertex -0.001263759333755195 0.01282407730429326 -0.01529529187821721
    vertex 0.001534167147771264 0.01357752128519835 -0.01460469948039621
    vertex 0.001020430912344899 0.0112968850229322 -0.01647237413161142
  endloop
endfacet
facet normal 0.862752 0.0849657 0.498437
  outer loop
    vertex 0.01732050807568878 0 0.009999999999999992
    vertex 0.01787688837697804 0.002510183621731824 0.008609055705607721
    vertex 0.01640502977137227 0.002588500623449066 0.01114336855366425
  endloop
endfacet
facet normal 0.927649 0.085036 0.363643
  outer loop
    vertex 0.01896074249368627 0.002525413801058274 0.005840593225139401
    vertex 0.01787688837697804 0.002510183621731824 0.008609055705607721
    vertex 0.01861747497288409 0 0.007306820487327891
  endloop
endfacet
facet normal 0.493614 0.869426 0.0210523
  outer loop
    vertex 0.00977198854392463 0.01732259155724031 0.002106196011398912
    vertex 0.01113381074637772 0.0166098422535651 -0.0003890996986990377
    vertex 0.008631267984354722 0.01803397485869107 -0.0005262734824705019
  endloop
endfacet
facet normal -0.749239 -0.646528 -0.143673
  outer loop
    vertex -0.01543221608617711 -0.01265980164714552 -0.001255439733506979
    vertex -0.0155686168363258 -0.01187570506406711 -0.00407256663972042
    vertex -0.01381353462090354 -0.01407333979664161 -0.0033357710121294
  endloop
endfacet
facet normal -0.803993 -0.581778 -0.122999
  outer loop
    vertex -0.01703343460387451 -0.01028047717108527 -0.002043011191923585
    vertex -0.0155686168363258 -0.01187570506406711 -0.00407256663972042
    vertex -0.01543221608617711 -0.01265980164714552 -0.001255439733506979
  endloop
endfacet
facet normal -0.899721 -0.193332 0.391312
  outer loop
    vertex -0.0179085415246754 -0.002338896072835687 0.008591490302587252
    vertex -0.01860056336387855 -0.003904574570930375 0.006226824227998013
    vertex -0.01730637571313589 -0.005266168673898815 0.008529761261244485
  endloop
endfacet
facet normal -0.957773 0.115047 -0.263505
  outer loop
    vertex -0.01950993207609441 0.000918152383910987 -0.004303434278120335
    vertex -0.01908474027859682 0.003870311619936735 -0.004559975489307692
    vertex -0.01865057583097996 0.002108508760857072 -0.006907257920351262
  endloop
endfacet
facet normal 0.496254 0.865609 -0.0667332
  outer loop
    vertex 0.008631267984354722 0.01803397485869107 -0.0005262734824705019
    vertex 0.01113381074637772 0.0166098422535651 -0.0003890996986990377
    vertex 0.00999480361456547 0.01706138166754258 -0.00300219191603586
  endloop
endfacet
facet normal 0.988043 0.0399192 0.148923
  outer loop
    vertex 0.0199440759436236 0 0.00149460187172848
    vertex 0.0196244111066444 0.002487568827197088 0.002948642068371353
    vertex 0.01949855824363647 0 0.004450418679126283
  endloop
endfacet
facet normal -0.975635 0.12484 -0.18042
  outer loop
    vertex -0.01972503748892076 0.002698215347439879 -0.001908541327692635
    vertex -0.01908474027859682 0.003870311619936735 -0.004559975489307692
    vertex -0.01950993207609441 0.000918152383910987 -0.004303434278120335
  endloop
endfacet
facet normal -0.254514 -0.965508 0.0549212
  outer loop
    vertex -0.005999274838151015 -0.01907639055969628 -0.000316266707477367
    vertex -0.003436121623269411 -0.01967756698272546 0.0009931897253058987
    vertex -0.005744421427941649 -0.01897603427522914 0.002629019901699845
  endloop
endfacet
facet normal 0.618026 -0.431011 -0.657475
  outer loop
    vertex 0.01350091284502409 -0.008233775957973649 -0.01224460231387523
    vertex 0.01182370735582186 -0.009952033852424179 -0.0126947613827156
    vertex 0.01165747624444067 -0.007844642950368928 -0.01423252699247497
  endloop
endfacet
facet normal 0.746115 -0.665283 0.0266747
  outer loop
    vertex 0.01423959756756204 -0.01401856333286093 -0.0008448332358804879
    vertex 0.01599546684181578 -0.01199902454394755 0.0004104272238975777
    vertex 0.01436561235173785 -0.01376041154524145 0.002068877924185626
  endloop
endfacet
facet normal -0.809259 0.414948 0.415833
  outer loop
    vertex -0.01709092417697593 0.007629011933624764 0.007049715433510116
    vertex -0.01608701706172197 0.00711002956995053 0.009521310916585778
    vertex -0.01533045524149425 0.009762840252683192 0.008346501799504399
  endloop
endfacet
facet normal 0.769063 -0.637162 -0.0506681
  outer loop
    vertex 0.01573326919229162 -0.01207925151630086 -0.002560453734952235
    vertex 0.01599546684181578 -0.01199902454394755 0.0004104272238975777
    vertex 0.01423959756756204 -0.01401856333286093 -0.0008448332358804879
  endloop
endfacet
facet normal -0.468932 -0.88323 -0.0026598
  outer loop
    vertex -0.00829439842543203 -0.01815079850804747 0.001323430497023652
    vertex -0.01093836900449737 -0.01674242948418879 -0.0002076980703256324
    vertex -0.008395381360429997 -0.01808861180336263 -0.001523054444264775
  endloop
endfacet
facet normal -0.494416 -0.867427 0.0558832
  outer loop
    vertex -0.01015102379816614 -0.01699364365511542 0.002858809397637458
    vertex -0.01093836900449737 -0.01674242948418879 -0.0002076980703256324
    vertex -0.00829439842543203 -0.01815079850804747 0.001323430497023652
  endloop
endfacet
facet normal 0.825511 0.564096 -0.0181204
  outer loop
    vertex 0.01595271172653428 0.01191034642884922 -0.001911710363756665
    vertex 0.01610816573340901 0.01178531492733815 0.001278025339533007
    vertex 0.01740819728234664 0.009817472824395927 -0.0007562372122202607
  endloop
endfacet
facet normal 0.820467 -0.568841 -0.0570498
  outer loop
    vertex 0.01732226071531752 -0.009919967093240677 -0.001238360440093858
    vertex 0.01599546684181578 -0.01199902454394755 0.0004104272238975777
    vertex 0.01573326919229162 -0.01207925151630086 -0.002560453734952235
  endloop
endfacet
facet normal 0.85339 0.51951 0.0428268
  outer loop
    vertex 0.01740819728234664 0.009817472824395927 -0.0007562372122202607
    vertex 0.01610816573340901 0.01178531492733815 0.001278025339533007
    vertex 0.01753851073397518 0.009360966644051916 0.002184707010833409
  endloop
endfacet
facet normal 0.848112 -0.529614 0.0146602
  outer loop
    vertex 0.01736365200117311 -0.009771250969058256 0.001739610209740993
    vertex 0.01599546684181578 -0.01199902454394755 0.0004104272238975777
    vertex 0.01732226071531752 -0.009919967093240677 -0.001238360440093858
  endloop
endfacet
facet normal -0.0720559 -0.642645 -0.762768
  outer loop
    vertex -0.002880380373647787 -0.01321358264556364 -0.01473447123489554
    vertex -0.001985254929006451 -0.01166197574849317 -0.01612628551491052
    vertex -3.015960211112467e-05 -0.01340875602629485 -0.014839284087371
  endloop
endfacet
facet normal -0.218061 -0.975707 -0.0211138
  outer loop
    vertex -0.003531317894110982 -0.0195936305155402 -0.001902481839919524
    vertex -0.003436121623269411 -0.01967756698272546 0.0009931897253058987
    vertex -0.005999274838151015 -0.01907639055969628 -0.000316266707477367
  endloop
endfacet
facet normal -0.968474 0.203259 -0.144025
  outer loop
    vertex -0.01906878304308093 0.005613225489583465 -0.002207535471742148
    vertex -0.01908474027859682 0.003870311619936735 -0.004559975489307692
    vertex -0.01972503748892076 0.002698215347439879 -0.001908541327692635
  endloop
endfacet
facet normal -0.131716 -0.990987 -0.0243954
  outer loop
    vertex -0.0009518240887646256 -0.0199698726796818 -0.0005460916235815754
    vertex -0.003436121623269411 -0.01967756698272546 0.0009931897253058987
    vertex -0.003531317894110982 -0.0195936305155402 -0.001902481839919524
  endloop
endfacet
facet normal 0.560426 0.821867 -0.102263
  outer loop
    vertex 0.00999480361456547 0.01706138166754258 -0.00300219191603586
    vertex 0.01113381074637772 0.0166098422535651 -0.0003890996986990377
    vertex 0.01235725872884519 0.01547818703444771 -0.002779187441507708
  endloop
endfacet
facet normal -0.944064 0.267995 -0.192152
  outer loop
    vertex -0.01906878304308093 0.005613225489583465 -0.002207535471742148
    vertex -0.01826702168555293 0.006616981931044123 -0.004746732440719052
    vertex -0.01908474027859682 0.003870311619936735 -0.004559975489307692
  endloop
endfacet
facet normal -0.928354 -0.120654 0.35157
  outer loop
    vertex -0.01900842393228812 -0.001046792400640838 0.00613058278472585
    vertex -0.01860056336387855 -0.003904574570930375 0.006226824227998013
    vertex -0.0179085415246754 -0.002338896072835687 0.008591490302587252
  endloop
endfacet
facet normal -0.829455 -0.52734 -0.184164
  outer loop
    vertex -0.01696899416129813 -0.009385996541907381 -0.004894517960855044
    vertex -0.0155686168363258 -0.01187570506406711 -0.00407256663972042
    vertex -0.01703343460387451 -0.01028047717108527 -0.002043011191923585
  endloop
endfacet
facet normal -0.0994994 -0.966847 -0.235175
  outer loop
    vertex -0.003611434720191528 -0.01910544811301283 -0.004683950433423648
    vertex -0.001429326338278797 -0.01896216538807807 -0.006196233534485002
    vertex -0.0009857193404819197 -0.01967475140046282 -0.003454347219343537
  endloop
endfacet
facet normal -0.685422 0.40483 0.605235
  outer loop
    vertex -0.01238283718260579 0.00837224591948638 0.01328799614587238
    vertex -0.01411223845434646 0.009221638177108147 0.01076132497131123
    vertex -0.01470721128462241 0.006628241346526509 0.01182219746416341
  endloop
endfacet
facet normal -0.629371 0.758731 0.167987
  outer loop
    vertex -0.01313650240285775 0.01435544273788348 0.00462099214661319
    vertex -0.01130965254214482 0.01607133156093123 0.003715381707788974
    vertex -0.01245996524771051 0.01553985565325127 0.001806142935085953
  endloop
endfacet
facet normal 0.993663 0.085563 -0.0728862
  outer loop
    vertex 0.01961751329028178 0.002590517135638653 -0.00290557967978511
    vertex 0.01983955039433064 0.002527834528484166 4.788264214138281e-05
    vertex 0.0199440759436236 0 -0.001494601871728491
  endloop
endfacet
facet normal 0.976959 -0.213428 -0.000555754
  outer loop
    vertex 0.01983134778357244 -0.002591841876310669 -8.804538705801751e-07
    vertex 0.01929168051047481 -0.005065978687918735 0.001472047219120284
    vertex 0.0192749355207024 -0.005135013882514175 -0.001452065115327677
  endloop
endfacet
facet normal -0.954798 -0.127221 0.268656
  outer loop
    vertex -0.01947303625765223 -0.002614647598848026 0.003736907390075385
    vertex -0.01860056336387855 -0.003904574570930375 0.006226824227998013
    vertex -0.01900842393228812 -0.001046792400640838 0.00613058278472585
  endloop
endfacet
facet normal 0.108014 0.615199 -0.780937
  outer loop
    vertex 0.001020430912344899 0.0112968850229322 -0.01647237413161142
    vertex 0.001534167147771264 0.01357752128519835 -0.01460469948039621
    vertex 0.003876254893270989 0.0120087323960021 -0.01551660382440701
  endloop
endfacet
facet normal -0.680614 0.730526 0.0556502
  outer loop
    vertex -0.01363533165951876 0.01462210225810969 -0.000521398205126186
    vertex -0.01450985292165974 0.01361181631360143 0.002045146654051121
    vertex -0.01245996524771051 0.01553985565325127 0.001806142935085953
  endloop
endfacet
facet normal -0.56619 -0.232436 0.790824
  outer loop
    vertex -0.01185927853505649 -0.00302869880594263 0.01581722150603038
    vertex -0.01218428593719964 -0.005711492677237901 0.0147960139091046
    vertex -0.009892109045786605 -0.005136614972531633 0.01660606411074673
  endloop
endfacet
facet normal -0.800931 -0.537557 -0.263709
  outer loop
    vertex -0.01531373558343956 -0.01090764199070947 -0.006820032894569387
    vertex -0.0155686168363258 -0.01187570506406711 -0.00407256663972042
    vertex -0.01696899416129813 -0.009385996541907381 -0.004894517960855044
  endloop
endfacet
facet normal 0.939813 -0.333114 0.0760763
  outer loop
    vertex 0.01851867580264415 -0.007552536389756852 0.0001335687012760516
    vertex 0.01929168051047481 -0.005065978687918735 0.001472047219120284
    vertex 0.01835390657470855 -0.007369441849549572 0.002970764257388601
  endloop
endfacet
facet normal -0.483582 0.80277 0.348868
  outer loop
    vertex -0.008338896110180677 0.0169896573014654 0.006466402125013334
    vertex -0.01089822547620739 0.01572008242393229 0.005840178940282498
    vertex -0.00971408350355049 0.01527928203788031 0.008495888540521015
  endloop
endfacet
facet normal 0.279766 0.950346 0.136287
  outer loop
    vertex 0.007096937231381384 0.01859364739631569 0.001977310910129073
    vertex 0.00423600847315563 0.01946658557189829 0.001763031022788609
    vertex 0.005382067781940794 0.0187480593492052 0.004420816330642374
  endloop
endfacet
facet normal -0.285505 0.597913 -0.748991
  outer loop
    vertex -0.004056233004046442 0.01180927000144576 -0.0156233196168368
    vertex -0.006693605405519375 0.0106012976396463 -0.01558230198112049
    vertex -0.00647563775238065 0.01299731269035273 -0.01375267168695372
  endloop
endfacet
facet normal -0.663735 -0.294946 -0.68736
  outer loop
    vertex -0.01238548038418905 -0.007348684710323815 -0.01387792162685469
    vertex -0.01446820599748917 -0.005796428568647655 -0.01253285406692281
    vertex -0.01287176272201517 -0.004497297549122578 -0.01463188433465754
  endloop
endfacet
facet normal -0.67376 -0.240943 0.698566
  outer loop
    vertex -0.01218428593719964 -0.005711492677237901 0.0147960139091046
    vertex -0.01365634013421498 -0.00308292438818483 0.01428285515418274
    vertex -0.01469558294446595 -0.004808710591883494 0.01268527273517716
  endloop
endfacet
facet normal -0.988241 -0.0631896 0.139233
  outer loop
    vertex -0.01968624489432261 0.0002426278205948251 0.003520354201132382
    vertex -0.0199191169024808 -0.001405534687471333 0.001119488306155275
    vertex -0.01947303625765223 -0.002614647598848026 0.003736907390075385
  endloop
endfacet
facet normal -0.999985 -0.00227356 0.00493386
  outer loop
    vertex -0.01993506910474286 -0.0002653602134095854 -0.001588270677896581
    vertex -0.0199191169024808 -0.001405534687471333 0.001119488306155275
    vertex -0.01992725234790542 0.00149981854685238 0.0008094184266593629
  endloop
endfacet
facet normal 0.58283 -0.812191 -0.0255677
  outer loop
    vertex 0.01247719183955863 -0.01560911411653127 0.0008217300627065938
    vertex 0.01025531826803249 -0.01716757690247786 -0.0003205472178447027
    vertex 0.01213676023897942 -0.01576276275183131 -0.002057756382812998
  endloop
endfacet
facet normal 0.452506 -0.888192 -0.0797095
  outer loop
    vertex 0.009755367557954303 -0.01716402940517238 -0.003198264902660631
    vertex 0.01025531826803249 -0.01716757690247786 -0.0003205472178447027
    vertex 0.007404050957109079 -0.01853730806377463 -0.001244282593805761
  endloop
endfacet
facet normal 0.983033 0.16942 -0.0703074
  outer loop
    vertex 0.01931121424960027 0.005045697855175898 -0.001271981666655991
    vertex 0.01983955039433064 0.002527834528484166 4.788264214138281e-05
    vertex 0.01961751329028178 0.002590517135638653 -0.00290557967978511
  endloop
endfacet
facet normal 0.225512 0.570064 0.790045
  outer loop
    vertex 0.006102837535165326 0.01112963556780015 0.01545595633234434
    vertex 0.003507903512198202 0.01255284624569436 0.01516972854342043
    vertex 0.003870913735343402 0.01021321151339921 0.01675429310463738
  endloop
endfacet
facet normal 0.20475 0.681525 0.702567
  outer loop
    vertex 0.002943724429053991 0.01459914340022432 0.01334913849150864
    vertex 0.003507903512198202 0.01255284624569436 0.01516972854342043
    vertex 0.005696100596846041 0.01347041233464013 0.0136419364287254
  endloop
endfacet
facet normal 0.862997 -0.0862804 -0.497787
  outer loop
    vertex 0.01732050807568877 0 -0.009999999999999997
    vertex 0.01790995490816657 -0.002485343835207912 -0.00854731426871822
    vertex 0.01638602604955429 -0.002586302217728838 -0.01117180339703036
  endloop
endfacet
facet normal -0.288244 -0.103074 0.951993
  outer loop
    vertex -0.004899723461399158 -0.0005813367490429341 0.01938181512619566
    vertex -0.007338614358430967 -0.001482161858259047 0.01854583337367596
    vertex -0.004744476227201488 -0.003479019990134006 0.01911508214049231
  endloop
endfacet
facet normal 0.269856 0.320087 0.908142
  outer loop
    vertex 0.005955463150845207 0.004793337248738864 0.01848124391589423
    vertex 0.006979893516034324 0.006673770312330759 0.01751404797078833
    vertex 0.003927628740660024 0.007318100842064091 0.01819393120084063
  endloop
endfacet
facet normal -0.0805736 -0.653056 0.753011
  outer loop
    vertex -0.0005076046007633852 -0.01219858705061178 0.01584098518205009
    vertex -0.003185334942808993 -0.01275310125280682 0.01507355464838262
    vertex -0.000883608930477775 -0.01413703838407144 0.01411960980286887
  endloop
endfacet
facet normal -0.185413 -0.944251 0.27205
  outer loop
    vertex -0.005352912457648114 -0.01845866104125389 0.005533910081023322
    vertex -0.003097490924695548 -0.01936451557599451 0.003926969121153706
    vertex -0.002594769942022295 -0.01866193900783605 0.00670814440928225
  endloop
endfacet
facet normal 0.203336 0.963729 0.172862
  outer loop
    vertex 0.005382067781940794 0.0187480593492052 0.004420816330642374
    vertex 0.00423600847315563 0.01946658557189829 0.001763031022788609
    vertex 0.002485885559077093 0.01941615660058682 0.004102832661547503
  endloop
endfacet
facet normal -0.0877226 -0.0310146 0.995662
  outer loop
    vertex -0.002708057853940655 0.0009754143880663211 0.01979179096068023
    vertex -0.002034647328409904 -0.002454234128747054 0.01974428892338966
    vertex 1.224646799147353e-18 0 0.02
  endloop
endfacet
facet normal -0.788513 -0.535488 0.302489
  outer loop
    vertex -0.01500114353785303 -0.01071025713882586 0.007762479280291843
    vertex -0.0168541688513899 -0.009378733728653445 0.00528926705469262
    vertex -0.01513991989735549 -0.01209465670255136 0.004949960075504531
  endloop
endfacet
facet normal -0.851904 -0.40701 0.329548
  outer loop
    vertex -0.01785259750162033 -0.006588297627479022 0.006154599647165824
    vertex -0.0168541688513899 -0.009378733728653445 0.00528926705469262
    vertex -0.01632994184485289 -0.008077644951214992 0.008251342399018091
  endloop
endfacet
facet normal 0.954682 -0.297625 0.0015596
  outer loop
    vertex 0.0192749355207024 -0.005135013882514175 -0.001452065115327677
    vertex 0.01929168051047481 -0.005065978687918735 0.001472047219120284
    vertex 0.01851867580264415 -0.007552536389756852 0.0001335687012760516
  endloop
endfacet
facet normal -0.0169011 0.884711 -0.465833
  outer loop
    vertex -0.002253127195457641 0.01764244598379163 -0.009146995001096463
    vertex 0.0009980634262128476 0.01827609716799874 -0.008061522294401022
    vertex -5.603429830458156e-05 0.01673115649315343 -0.01095742955984766
  endloop
endfacet
facet normal -0.479997 0.835143 0.268586
  outer loop
    vertex -0.009399124875093798 0.01724459833623997 0.003778925747370879
    vertex -0.01089822547620739 0.01572008242393229 0.005840178940282498
    vertex -0.008338896110180677 0.0169896573014654 0.006466402125013334
  endloop
endfacet
facet normal 0.95474 -0.0417381 -0.294498
  outer loop
    vertex 0.01949855824363647 0 -0.004450418679126288
    vertex 0.01895970906806786 -0.002540958380784598 -0.005837205029921926
    vertex 0.01861747497288408 0 -0.007306820487327901
  endloop
endfacet
facet normal -0.256565 0.532778 -0.806425
  outer loop
    vertex -0.004544253720707699 0.009412420720725031 -0.01705157160785774
    vertex -0.006693605405519375 0.0106012976396463 -0.01558230198112049
    vertex -0.004056233004046442 0.01180927000144576 -0.0156233196168368
  endloop
endfacet
facet normal 0.900223 0.0406911 0.433524
  outer loop
    vertex 0.01861747497288409 0 0.007306820487327891
    vertex 0.01787688837697804 0.002510183621731824 0.008609055705607721
    vertex 0.01732050807568878 0 0.009999999999999992
  endloop
endfacet
facet normal 0.186014 0.753878 -0.630132
  outer loop
    vertex 0.004866319820212711 0.01556791927173088 -0.01157405810233711
    vertex 0.004243177934628922 0.01397566851010583 -0.01366294736543747
    vertex 0.002160611353230089 0.01548161422307887 -0.01247603220691801
  endloop
endfacet
facet normal 0.982605 -0.170458 0.0736932
  outer loop
    vertex 0.01961056316987575 -0.002586302217728273 0.002955816807396369
    vertex 0.01929168051047481 -0.005065978687918735 0.001472047219120284
    vertex 0.01983134778357244 -0.002591841876310669 -8.804538705801751e-07
  endloop
endfacet
facet normal 0.751129 -0.612645 0.245909
  outer loop
    vertex 0.01467210838291376 -0.01198128648204978 0.006417009415224749
    vertex 0.01408116889914958 -0.01344942527230388 0.004564388488980343
    vertex 0.01585528214774765 -0.01159225367200554 0.00377222518140007
  endloop
endfacet
facet normal -0.995755 0.00700615 0.0917737
  outer loop
    vertex -0.01992725234790542 0.00149981854685238 0.0008094184266593629
    vertex -0.0199191169024808 -0.001405534687471333 0.001119488306155275
    vertex -0.01968624489432261 0.0002426278205948251 0.003520354201132382
  endloop
endfacet
facet normal -0.931962 -0.257963 -0.254758
  outer loop
    vertex -0.01799448535860931 -0.006674956852936374 -0.005625250900202858
    vertex -0.01907458231231498 -0.004935325874843435 -0.003435530253079042
    vertex -0.01863319694007358 -0.003814998441017592 -0.006184638929433638
  endloop
endfacet
facet normal 0.538107 -0.83756 -0.0945188
  outer loop
    vertex 0.01213676023897942 -0.01576276275183131 -0.002057756382812998
    vertex 0.01025531826803249 -0.01716757690247786 -0.0003205472178447027
    vertex 0.009755367557954303 -0.01716402940517238 -0.003198264902660631
  endloop
endfacet
facet normal -0.48577 -0.511796 -0.708585
  outer loop
    vertex -0.008289223019767825 -0.01124548251392225 -0.01431180997489906
    vertex -0.01113227157447529 -0.01016675834669658 -0.01314190071154111
    vertex -0.009896626046684225 -0.008720362012396525 -0.01503369812337746
  endloop
endfacet
facet normal 0.232643 -0.886629 0.399708
  outer loop
    vertex 0.003060589217655792 -0.01787916255999399 0.008424270876110179
    vertex 0.005042991987152185 -0.01824118080362582 0.006467422570618986
    vertex 0.005798780906904469 -0.01694804281696386 0.008895953274836816
  endloop
endfacet
facet normal -0.275609 0.924047 0.264909
  outer loop
    vertex -0.00505942592744874 0.01809953759272561 0.00684170652791917
    vertex -0.004279110529588827 0.01904575848392883 0.004352964144972386
    vertex -0.00679962864212372 0.0183165375964626 0.004274283660051448
  endloop
endfacet
facet normal 0.588567 0.296083 0.752279
  outer loop
    vertex 0.01126649643302087 0.007560836027837592 0.01469352975581025
    vertex 0.01088690276457257 0.004812726065055723 0.0160721192136406
    vertex 0.01308480569818936 0.005084814796351267 0.0142454385094822
  endloop
endfacet
facet normal 0.900163 -0.0422929 0.433496
  outer loop
    vertex 0.01732050807568878 0 0.009999999999999992
    vertex 0.01792531643822747 -0.002552932680392527 0.008495031802106213
    vertex 0.01861747497288409 0 0.007306820487327891
  endloop
endfacet
facet normal 0.622942 0.0419037 0.781145
  outer loop
    vertex 0.0136034547554184 0 0.01466103743659652
    vertex 0.01236489756322839 0.002545877812089063 0.01551218277409022
    vertex 0.01126640116127246 0 0.01652477548631989
  endloop
endfacet
facet normal 0.732064 0.325964 -0.59819
  outer loop
    vertex 0.01513824576429556 0.007454262029847829 -0.01073626996540962
    vertex 0.01510132004321702 0.004974045608300705 -0.01213297173980375
    vertex 0.01349054166002018 0.007119594813071027 -0.01293509394697048
  endloop
endfacet
facet normal 0.80824 0.532617 -0.251132
  outer loop
    vertex 0.01695703578918403 0.009934578940225366 -0.003709862332319458
    vertex 0.01612793819386992 0.009866830374176263 -0.006521906775011787
    vertex 0.01527605525501716 0.01204349434491852 -0.004647190528650415
  endloop
endfacet
facet normal 0.257946 0.61943 0.741465
  outer loop
    vertex 0.005696100596846041 0.01347041233464013 0.0136419364287254
    vertex 0.003507903512198202 0.01255284624569436 0.01516972854342043
    vertex 0.006102837535165326 0.01112963556780015 0.01545595633234434
  endloop
endfacet
facet normal 0.299288 -0.089454 0.94996
  outer loop
    vertex 0.004413050965075891 -0.002586302217727215 0.01933483959122035
    vertex 0.00745654039527829 -0.00260619949664599 0.01837410486302027
    vertex 0.005895103488218104 0 0.01911145611572281
  endloop
endfacet
facet normal -0.53443 0.427906 -0.72889
  outer loop
    vertex -0.01188366637508316 0.00724761685534268 -0.01436142483891729
    vertex -0.01091830500285607 0.009950784360375458 -0.01348230345593494
    vertex -0.009171069036642684 0.008672231111294348 -0.0155139904691679
  endloop
endfacet
facet normal -0.659529 -0.711167 -0.243442
  outer loop
    vertex -0.01381353462090354 -0.01407333979664161 -0.0033357710121294
    vertex -0.01387395497424183 -0.01313276531247042 -0.005919784507926283
    vertex -0.01189876407817923 -0.01523614761686042 -0.005126326092736389
  endloop
endfacet
facet normal -0.277005 0.822253 0.497161
  outer loop
    vertex -0.007000169033869531 0.01639226737002413 0.009071449937407808
    vertex -0.005501971512668598 0.01551057413097806 0.01136443573615591
    vertex -0.004029807100682918 0.01711311659710464 0.009534248531750542
  endloop
endfacet
facet normal 0.708803 -0.61749 -0.341035
  outer loop
    vertex 0.01511571522224764 -0.01189503013365256 -0.005479362320508545
    vertex 0.01304546687685325 -0.01361065207146754 -0.006675772925615504
    vertex 0.01414317766190166 -0.01146819041494897 -0.008273520062848611
  endloop
endfacet
facet normal -0.154521 -0.187046 0.970122
  outer loop
    vertex -0.00251076591205123 -0.005312474529034885 0.01911736563737894
    vertex -0.002034647328409904 -0.002454234128747054 0.01974428892338966
    vertex -0.004744476227201488 -0.003479019990134006 0.01911508214049231
  endloop
endfacet
facet normal 0.320724 0.753153 -0.574366
  outer loop
    vertex 0.007560086158834778 0.01534539088942498 -0.0103616637525905
    vertex 0.006258235882092416 0.01406506903541978 -0.01276747103669974
    vertex 0.004866319820212711 0.01556791927173088 -0.01157405810233711
  endloop
endfacet
facet normal 0.843238 -0.402099 -0.356744
  outer loop
    vertex 0.01672142266139784 -0.006987803375453122 -0.008459587942973155
    vertex 0.01765289504296705 -0.007429584193528098 -0.005759911050812055
    vertex 0.01609544966033446 -0.009554288827820227 -0.007046422157820882
  endloop
endfacet
facet normal -0.127837 -0.833101 0.538146
  outer loop
    vertex -0.001436738705349957 -0.01603001064545764 0.01187327000447072
    vertex -0.004176733820324297 -0.01619335022183676 0.01096951699880622
    vertex -0.002004949842329842 -0.01753255710970103 0.009412205762987404
  endloop
endfacet
facet normal 0.390949 -0.594008 0.703074
  outer loop
    vertex 0.006839778011821632 -0.01314893098957111 0.01342844185229612
    vertex 0.009354643798514948 -0.01161476912779601 0.01332620641859124
    vertex 0.007179376807155411 -0.01078994106687248 0.0152326530989942
  endloop
endfacet
facet normal 0.736026 -0.337408 0.586874
  outer loop
    vertex 0.01514429635443539 -0.005124896769095119 0.01201606096169429
    vertex 0.01352101157317345 -0.007466277706203608 0.01270578385035557
    vertex 0.01531807587044302 -0.007585669789719402 0.01038336002788547
  endloop
endfacet
facet normal -0.675552 -0.451858 0.582626
  outer loop
    vertex -0.01231453595271444 -0.01012037763322199 0.01208015566250219
    vertex -0.01372390381445455 -0.007571249715691605 0.012422988442168
    vertex -0.01446388638621194 -0.009211861836248234 0.01029259890001677
  endloop
endfacet
facet normal -0.208823 -0.253234 0.944598
  outer loop
    vertex -0.005138039824699858 -0.006318223805275156 0.01826692625228045
    vertex -0.00251076591205123 -0.005312474529034885 0.01911736563737894
    vertex -0.004744476227201488 -0.003479019990134006 0.01911508214049231
  endloop
endfacet
facet normal 0.145658 -0.612831 0.776674
  outer loop
    vertex 0.002175033376747309 -0.01107770181040776 0.01650920205248345
    vertex 0.001877000634581716 -0.01336115883383028 0.01476334322688932
    vertex 0.004566803969420781 -0.01223973372576778 0.01514375184117811
  endloop
endfacet
facet normal -0.123083 0.261162 0.957416
  outer loop
    vertex -0.004179746043058766 0.005310269893484824 0.01882367542946603
    vertex -0.001893975859215322 0.003623779146681896 0.01957756573583097
    vertex -0.001498639733280839 0.006644230320003349 0.01880447506325503
  endloop
endfacet
facet normal -0.213665 -0.67658 -0.704689
  outer loop
    vertex -0.004587603172113167 -0.01454298981069286 -0.01294045379812087
    vertex -0.00571641671350211 -0.01292653151676912 -0.01415017183300501
    vertex -0.002880380373647787 -0.01321358264556364 -0.01473447123489554
  endloop
endfacet
facet normal -0.51476 -0.0827459 -0.853332
  outer loop
    vertex -0.01095511396948964 -0.003091719017930796 -0.01644465723053108
    vertex -0.01101769783663167 -0.0001637788635616086 -0.01669082115608853
    vertex -0.008807796677548047 -0.00159218042946272 -0.01788540408173686
  endloop
endfacet
facet normal -0.583635 0.0660301 -0.809327
  outer loop
    vertex -0.01080266050804742 0.002716913558898525 -0.01661086712550992
    vertex -0.01101769783663167 -0.0001637788635616086 -0.01669082115608853
    vertex -0.01299871383769351 0.001442016949261506 -0.01513122684000864
  endloop
endfacet
facet normal -0.871236 -0.0612765 -0.487025
  outer loop
    vertex -0.01777334862388766 -0.002594437988625959 -0.008796418033320451
    vertex -0.01778460092628314 0.0003239134372026905 -0.009143470346539576
    vertex -0.01653043939607153 -0.001293578083161427 -0.01118352489672065
  endloop
endfacet
facet normal 0.0671343 -0.712232 -0.698726
  outer loop
    vertex 0.001309013370381372 -0.01546336278690625 -0.01261629483313884
    vertex -3.015960211112467e-05 -0.01340875602629485 -0.014839284087371
    vertex 0.003079072882530255 -0.01373370857841873 -0.01420931239951936
  endloop
endfacet
facet normal -0.263158 0.4112 0.872733
  outer loop
    vertex -0.00363303553725223 0.008106322380426065 0.01791894500939344
    vertex -0.005705343050262979 0.009614146871634208 0.01658364376756393
    vertex -0.006376157834206359 0.006953020489380571 0.01763519541563242
  endloop
endfacet
facet normal 0.220052 0.943058 -0.249437
  outer loop
    vertex 0.00444485611389229 0.01921412719446934 -0.003325743568218708
    vertex 0.005841334899458557 0.0182679139115037 -0.005671166362773815
    vertex 0.002966468422568401 0.01887770542859064 -0.005901889769325076
  endloop
endfacet
facet normal -0.784103 -0.421065 -0.455947
  outer loop
    vertex -0.01651037456245405 -0.008305559768164985 -0.007643638449384511
    vertex -0.01567034049253637 -0.007109106769928733 -0.01019318545802677
    vertex -0.01468296532682848 -0.009750603860527996 -0.009451785734251971
  endloop
endfacet
facet normal 0.443668 0.711209 -0.54529
  outer loop
    vertex 0.008521795522766488 0.01321027590899032 -0.01236396422982965
    vertex 0.007560086158834778 0.01534539088942498 -0.0103616637525905
    vertex 0.01043204721959413 0.01373491972323995 -0.01012543189223613
  endloop
endfacet
facet normal 0.634144 0.430843 -0.642056
  outer loop
    vertex 0.01349054166002018 0.007119594813071027 -0.01293509394697048
    vertex 0.01136488299876111 0.008803424789379625 -0.0139046447779944
    vertex 0.013200405622302 0.009605447835800656 -0.01155355630446359
  endloop
endfacet
facet normal 0.427382 -0.190878 -0.883691
  outer loop
    vertex 0.007463024285577069 -0.002827445942717051 -0.01833872454545026
    vertex 0.009802502858332601 -0.002931564189842936 -0.01718478597810318
    vertex 0.008312517701998574 -0.005384291725308896 -0.01737559932982832
  endloop
endfacet
facet normal -0.488018 -0.561144 -0.668547
  outer loop
    vertex -0.01005475815524041 -0.01236523125945306 -0.01208316574163706
    vertex -0.01113227157447529 -0.01016675834669658 -0.01314190071154111
    vertex -0.008289223019767825 -0.01124548251392225 -0.01431180997489906
  endloop
endfacet
facet normal 0.0941774 -0.924245 0.370003
  outer loop
    vertex 0.0002309091258984846 -0.01847164647524504 0.007664525912875779
    vertex 0.002345381167030299 -0.01897541901456566 0.005867934935136843
    vertex 0.003060589217655792 -0.01787916255999399 0.008424270876110179
  endloop
endfacet
facet normal -0.102395 -0.959894 0.260996
  outer loop
    vertex -0.002594769942022295 -0.01866193900783605 0.00670814440928225
    vertex -0.003097490924695548 -0.01936451557599451 0.003926969121153706
    vertex -0.0004008565765325638 -0.01936707381988414 0.004975516622443232
  endloop
endfacet
facet normal 0.667713 0.182425 -0.72172
  outer loop
    vertex 0.01213671893373323 0.00408054877991378 -0.015363891928099
    vertex 0.01361070446369266 0.005063188571423668 -0.01375183062331054
    vertex 0.01433884142339037 0.00264400754131991 -0.01368966218561684
  endloop
endfacet
facet normal 0.368041 -0.832294 0.414527
  outer loop
    vertex 0.00843344739074414 -0.01565102424456166 0.009160917268685172
    vertex 0.005798780906904469 -0.01694804281696386 0.008895953274836816
    vertex 0.007684654460513194 -0.01720076408625769 0.006714149288735117
  endloop
endfacet
facet normal 0.26565 -0.811762 0.520069
  outer loop
    vertex 0.003651694021264546 -0.01637910699647957 0.01088071618841953
    vertex 0.005798780906904469 -0.01694804281696386 0.008895953274836816
    vertex 0.006374328556986463 -0.01521031074874514 0.01131434409827609
  endloop
endfacet
facet normal 0.525289 0.790556 0.31479
  outer loop
    vertex 0.01157106116577484 0.01470119652895889 0.007070032822754393
    vertex 0.01075817748548625 0.01620920997281598 0.004639302668283216
    vertex 0.009079903307217724 0.01634391355395574 0.007101538260996586
  endloop
endfacet
facet normal 0.972378 -0.0837866 0.217856
  outer loop
    vertex 0.01949855824363647 0 0.004450418679126283
    vertex 0.01899405769055531 -0.002532197711048682 0.005728328482202882
    vertex 0.01961056316987575 -0.002586302217728273 0.002955816807396369
  endloop
endfacet
facet normal 0.993656 0.0839316 0.0748611
  outer loop
    vertex 0.0199440759436236 0 0.00149460187172848
    vertex 0.01983955039433064 0.002527834528484166 4.788264214138281e-05
    vertex 0.0196244111066444 0.002487568827197088 0.002948642068371353
  endloop
endfacet
facet normal -0.808167 -0.473064 0.350822
  outer loop
    vertex -0.01632994184485289 -0.008077644951214992 0.008251342399018091
    vertex -0.0168541688513899 -0.009378733728653445 0.00528926705469262
    vertex -0.01500114353785303 -0.01071025713882586 0.007762479280291843
  endloop
endfacet
facet normal 0.806178 0.210025 -0.553143
  outer loop
    vertex 0.01637269209718008 0.00255490081244008 -0.01119854612570443
    vertex 0.01510132004321702 0.004974045608300705 -0.01213297173980375
    vertex 0.01668992281492761 0.005095223695203136 -0.009771651443210582
  endloop
endfacet
facet normal -0.565135 -0.434487 -0.701315
  outer loop
    vertex -0.009896626046684225 -0.008720362012396525 -0.01503369812337746
    vertex -0.01113227157447529 -0.01016675834669658 -0.01314190071154111
    vertex -0.01238548038418905 -0.007348684710323815 -0.01387792162685469
  endloop
endfacet
facet normal 0.678913 -0.182873 -0.71108
  outer loop
    vertex 0.01253860395799856 -0.002658536683137762 -0.01535303206174187
    vertex 0.01468107190745847 -0.00247867243347577 -0.01335373770206533
    vertex 0.01369568536086745 -0.005360050740167232 -0.01355352568739787
  endloop
endfacet
facet normal -0.0423902 0.912911 -0.405951
  outer loop
    vertex -0.001532558333499255 0.01884906099878839 -0.006508775953923784
    vertex 0.0009980634262128476 0.01827609716799874 -0.008061522294401022
    vertex -0.002253127195457641 0.01764244598379163 -0.009146995001096463
  endloop
endfacet
facet normal 0.463487 -0.803045 -0.374564
  outer loop
    vertex 0.008102143748976458 -0.01608932084745116 -0.00868844182455608
    vertex 0.01063887228114122 -0.01511245983580518 -0.007643818044455304
    vertex 0.009042929999223034 -0.01679714895963222 -0.006006763176376959
  endloop
endfacet
facet normal -0.800036 0.00481192 -0.599932
  outer loop
    vertex -0.01653043939607153 -0.001293578083161427 -0.01118352489672065
    vertex -0.01638412299343847 0.001617984843946932 -0.01135529122394661
    vertex -0.01492690416106374 6.204344755441583e-05 -0.01331103612710272
  endloop
endfacet
facet normal 0.85525 -0.169523 0.489703
  outer loop
    vertex 0.01678502937599268 -0.005100307538322139 0.009604668232770834
    vertex 0.01792531643822747 -0.002552932680392527 0.008495031802106213
    vertex 0.01638602605079745 -0.002586302218238192 0.01117180339508906
  endloop
endfacet
facet normal -0.402735 -0.00661163 -0.915293
  outer loop
    vertex -0.008807796677548047 -0.00159218042946272 -0.01788540408173686
    vertex -0.008819586763261928 0.001326075304669088 -0.01790129642265168
    vertex -0.006477980025347403 -3.231982274257382e-05 -0.01892180568075515
  endloop
endfacet
facet normal 0.138025 0.865855 0.480879
  outer loop
    vertex 0.004441881490064155 0.01724181528801598 0.009109856991312426
    vertex 0.001427025484458796 0.01796509405920917 0.008672888429495247
    vertex 0.002337010841282672 0.01647212909170992 0.01109988033781315
  endloop
endfacet
facet normal 0.591093 -0.739322 -0.322508
  outer loop
    vertex 0.0115409536740045 -0.01556550494386779 -0.004951913179459975
    vertex 0.01063887228114122 -0.01511245983580518 -0.007643818044455304
    vertex 0.01304546687685325 -0.01361065207146754 -0.006675772925615504
  endloop
endfacet
facet normal -0.768393 0.0786814 -0.635124
  outer loop
    vertex -0.01492690416106374 6.204344755441583e-05 -0.01331103612710272
    vertex -0.01638412299343847 0.001617984843946932 -0.01135529122394661
    vertex -0.01473627444754877 0.003067905490844237 -0.01316928894457742
  endloop
endfacet
facet normal -0.797737 0.530127 -0.287368
  outer loop
    vertex -0.01688465955342476 0.00933968260040869 -0.00526104558890768
    vertex -0.01546514622550374 0.01177557947725694 -0.004707969859567155
    vertex -0.01506723385784338 0.01111567844329713 -0.00702994712770143
  endloop
endfacet
facet normal -0.649674 0.532063 0.542985
  outer loop
    vertex -0.01323712361415278 0.01168122441738953 0.009398274018894193
    vertex -0.01411223845434646 0.009221638177108147 0.01076132497131123
    vertex -0.01164622773127602 0.01093573874854592 0.01203224823774878
  endloop
endfacet
facet normal 0.873355 0.340276 -0.348515
  outer loop
    vertex 0.01658542728796155 0.007600525021217106 -0.008194853328619928
    vertex 0.01767235732497472 0.007597672835843276 -0.005473860982697837
    vertex 0.01796333279628649 0.005179385414906709 -0.007105817445847437
  endloop
endfacet
facet normal 0.36498 -0.0444361 0.929954
  outer loop
    vertex 0.005895103488218104 0 0.01911145611572281
    vertex 0.00745654039527829 -0.00260619949664599 0.01837410486302027
    vertex 0.008677674782351177 0 0.01801937735804838
  endloop
endfacet
facet normal 0.825502 0.0422173 -0.562818
  outer loop
    vertex 0.0156366296493606 0 -0.01246979603717467
    vertex 0.01637269209718008 0.00255490081244008 -0.01119854612570443
    vertex 0.01732050807568877 0 -0.009999999999999997
  endloop
endfacet
facet normal 0.999146 0.0413145 -0
  outer loop
    vertex 0.0199440759436236 0 -0.001494601871728491
    vertex 0.01983955039433064 0.002527834528484166 4.788264214138281e-05
    vertex 0.0199440759436236 0 0.00149460187172848
  endloop
endfacet
facet normal -0.925169 -0.322508 -0.200129
  outer loop
    vertex -0.01825675181686864 -0.007665196121472028 -0.002817051919406873
    vertex -0.01907458231231498 -0.004935325874843435 -0.003435530253079042
    vertex -0.01799448535860931 -0.006674956852936374 -0.005625250900202858
  endloop
endfacet
facet normal -0.437998 -0.0454476 0.897826
  outer loop
    vertex -0.007338614358430967 -0.001482161858259047 0.01854583337367596
    vertex -0.00961200242126207 0.0004294078171869094 0.01753353981317494
    vertex -0.009471846834927767 -0.002304047013096678 0.01746354731711484
  endloop
endfacet
facet normal -0.226111 0.538191 0.811926
  outer loop
    vertex -0.005705343050262979 0.009614146871634208 0.01658364376756393
    vertex -0.002919951936704327 0.01057156760948047 0.01672470744035662
    vertex -0.004832884242577553 0.01205915157282105 0.0152059229657911
  endloop
endfacet
facet normal 0.310387 -0.875763 0.369728
  outer loop
    vertex 0.005798780906904469 -0.01694804281696386 0.008895953274836816
    vertex 0.005042991987152185 -0.01824118080362582 0.006467422570618986
    vertex 0.007684654460513194 -0.01720076408625769 0.006714149288735117
  endloop
endfacet
facet normal 0.612713 -0.408895 0.676304
  outer loop
    vertex 0.01352101157317345 -0.007466277706203608 0.01270578385035557
    vertex 0.01136286178536706 -0.00739878324268735 0.01470181548565938
    vertex 0.01153188592740833 -0.009644157434004291 0.01319112710671008
  endloop
endfacet
facet normal 0.216142 -0.285814 0.933591
  outer loop
    vertex 0.005045491721055869 -0.007164720333600284 0.01797803648438982
    vertex 0.00588427673618854 -0.004927451189820908 0.01846877126567664
    vertex 0.002892628096067879 -0.004829640010198005 0.01919133346252243
  endloop
endfacet
facet normal 0.785837 0.294531 -0.543794
  outer loop
    vertex 0.01668992281492761 0.005095223695203136 -0.009771651443210582
    vertex 0.01510132004321702 0.004974045608300705 -0.01213297173980375
    vertex 0.01513824576429556 0.007454262029847829 -0.01073626996540962
  endloop
endfacet
facet normal 0.0129431 -0.665346 0.746423
  outer loop
    vertex 0.001877000634581716 -0.01336115883383028 0.01476334322688932
    vertex -0.0005076046007633852 -0.01219858705061178 0.01584098518205009
    vertex -0.000883608930477775 -0.01413703838407144 0.01411960980286887
  endloop
endfacet
facet normal -0.636081 -0.350535 0.687406
  outer loop
    vertex -0.01372390381445455 -0.007571249715691605 0.012422988442168
    vertex -0.01175133754543671 -0.008470708819873113 0.0137896032568792
    vertex -0.01218428593719964 -0.005711492677237901 0.0147960139091046
  endloop
endfacet
facet normal -0.762425 0.499101 -0.411832
  outer loop
    vertex -0.01434526362604653 0.01007045017837024 -0.009633246841236296
    vertex -0.01614546746556058 0.008585224400021414 -0.008100481610361315
    vertex -0.01506723385784338 0.01111567844329713 -0.00702994712770143
  endloop
endfacet
facet normal 0.68359 -0.0851238 -0.724885
  outer loop
    vertex 0.01360345475541839 0 -0.01466103743659653
    vertex 0.01468107190745847 -0.00247867243347577 -0.01335373770206533
    vertex 0.01253860395799856 -0.002658536683137762 -0.01535303206174187
  endloop
endfacet
facet normal 0.783326 -0.0822525 -0.616145
  outer loop
    vertex 0.01638602604955429 -0.002586302217728838 -0.01117180339703036
    vertex 0.01468107190745847 -0.00247867243347577 -0.01335373770206533
    vertex 0.0156366296493606 0 -0.01246979603717467
  endloop
endfacet
facet normal 0.546723 0.823899 0.14928
  outer loop
    vertex 0.01075817748548625 0.01620920997281598 0.004639302668283216
    vertex 0.01214937084141399 0.0157511105349981 0.002072511778512067
    vertex 0.00977198854392463 0.01732259155724031 0.002106196011398912
  endloop
endfacet
facet normal 0.900252 -0.0398917 -0.433538
  outer loop
    vertex 0.01861747497288408 0 -0.007306820487327901
    vertex 0.01790995490816657 -0.002485343835207912 -0.00854731426871822
    vertex 0.01732050807568877 0 -0.009999999999999997
  endloop
endfacet
facet normal 0.653463 -0.638276 -0.406928
  outer loop
    vertex 0.01414317766190166 -0.01146819041494897 -0.008273520062848611
    vertex 0.01304546687685325 -0.01361065207146754 -0.006675772925615504
    vertex 0.01188083595797723 -0.01314372659676851 -0.009278372060282741
  endloop
endfacet
facet normal 0.283003 -0.535362 -0.7958
  outer loop
    vertex 0.007253393597694748 -0.01008071906075075 -0.01567696987734356
    vertex 0.005303149971570375 -0.01212578066313645 -0.01499473386521212
    vertex 0.004386532899958855 -0.009935614427922419 -0.01679410298459666
  endloop
endfacet
facet normal -0.935962 -0.351682 0.0172003
  outer loop
    vertex -0.01875187804116484 -0.006689958704337211 0.001900400606067776
    vertex -0.01908864044208665 -0.005922750741115534 -0.0007381258235216678
    vertex -0.01811334728351638 -0.008479601716497767 5.481711683246232e-05
  endloop
endfacet
facet normal -0.0486539 -0.920727 -0.387163
  outer loop
    vertex 0.0006623736154295875 -0.01823649516225974 -0.008184833864560702
    vertex -0.001429326338278797 -0.01896216538807807 -0.006196233534485002
    vertex -0.002229548620876535 -0.01784840410270455 -0.008744345826515959
  endloop
endfacet
facet normal 0.0954743 0.92899 0.357578
  outer loop
    vertex 0.0005011788988178093 0.01898520145810036 0.006269844121405542
    vertex 0.001427025484458796 0.01796509405920917 0.008672888429495247
    vertex 0.003553671079066709 0.01851144578009129 0.006685641105574326
  endloop
endfacet
facet normal 0.253424 -0.875294 -0.41187
  outer loop
    vertex 0.006340986092444721 -0.01760588859186592 -0.007058653006504025
    vertex 0.00353368738025639 -0.01811717981365106 -0.007699405762683987
    vertex 0.00536541460528514 -0.01663905068421451 -0.009713615106721777
  endloop
endfacet
facet normal 0.200465 0.823591 0.530576
  outer loop
    vertex 0.0051347553447961 0.01551250351895422 0.01153241180861665
    vertex 0.004441881490064155 0.01724181528801598 0.009109856991312426
    vertex 0.002337010841282672 0.01647212909170992 0.01109988033781315
  endloop
endfacet
facet normal 0.302203 0.851494 0.428523
  outer loop
    vertex 0.006371287892681494 0.01761650154823688 0.007004681562322291
    vertex 0.004441881490064155 0.01724181528801598 0.009109856991312426
    vertex 0.007211040362194654 0.01611062267434925 0.009404718706029627
  endloop
endfacet
facet normal -0.180182 -0.862251 -0.473348
  outer loop
    vertex -0.002229548620876535 -0.01784840410270455 -0.008744345826515959
    vertex -0.005126869454786451 -0.01721587439332153 -0.00879368400995589
    vertex -0.00345274010787816 -0.01640945258438119 -0.01089992897354817
  endloop
endfacet
facet normal -0.326014 -0.822479 -0.466093
  outer loop
    vertex -0.006332771263185532 -0.01562029619866555 -0.01076579559503738
    vertex -0.005126869454786451 -0.01721587439332153 -0.00879368400995589
    vertex -0.007840918360427843 -0.01642506837946211 -0.008290785728451776
  endloop
endfacet
facet normal 0.0354104 -0.950649 0.308242
  outer loop
    vertex -0.0004008565765325638 -0.01936707381988414 0.004975516622443232
    vertex 0.002345381167030299 -0.01897541901456566 0.005867934935136843
    vertex 0.0002309091258984846 -0.01847164647524504 0.007664525912875779
  endloop
endfacet
facet normal 0.183534 -0.435641 -0.88121
  outer loop
    vertex 0.002202035661219756 -0.00817163183502281 -0.01812113330063984
    vertex 0.004230463855475954 -0.007260905776041982 -0.0181488959134971
    vertex 0.004386532899958855 -0.009935614427922419 -0.01679410298459666
  endloop
endfacet
facet normal -0.0729158 -0.202072 0.976653
  outer loop
    vertex -0.00251076591205123 -0.005312474529034885 0.01911736563737894
    vertex 0.0001549020629201413 -0.00457928995215148 0.01946807922947273
    vertex -0.002034647328409904 -0.002454234128747054 0.01974428892338966
  endloop
endfacet
facet normal 0.344007 -0.799411 0.492546
  outer loop
    vertex 0.006374328556986463 -0.01521031074874514 0.01131434409827609
    vertex 0.005798780906904469 -0.01694804281696386 0.008895953274836816
    vertex 0.00843344739074414 -0.01565102424456166 0.009160917268685172
  endloop
endfacet
facet normal -0.968122 -0.233545 -0.0905381
  outer loop
    vertex -0.01907458231231498 -0.004935325874843435 -0.003435530253079042
    vertex -0.01908864044208665 -0.005922750741115534 -0.0007381258235216678
    vertex -0.0197130459281478 -0.003142287159563832 -0.001233633511856676
  endloop
endfacet
facet normal 0.59211 0.75839 0.272489
  outer loop
    vertex 0.01306676579230295 0.01445925639277231 0.004493276788400041
    vertex 0.01075817748548625 0.01620920997281598 0.004639302668283216
    vertex 0.01157106116577484 0.01470119652895889 0.007070032822754393
  endloop
endfacet
facet normal -0.029196 -0.885662 -0.463413
  outer loop
    vertex -0.0004988283200430271 -0.01684749859736588 -0.01076628818669078
    vertex 0.0006623736154295875 -0.01823649516225974 -0.008184833864560702
    vertex -0.002229548620876535 -0.01784840410270455 -0.008744345826515959
  endloop
endfacet
facet normal -0.29534 0.954466 0.0420585
  outer loop
    vertex -0.00593952554631642 0.01907772005064544 -0.0008732891582149564
    vertex -0.007371287511443831 0.01852857085528759 0.001534986151149101
    vertex -0.004461429143328151 0.01942160431610082 0.001702038715152008
  endloop
endfacet
facet normal 0.934287 -0.209355 -0.288579
  outer loop
    vertex 0.01883671570730374 -0.005098279009517484 -0.00438014754355717
    vertex 0.01802997991179568 -0.00491958921781563 -0.007121619640797754
    vertex 0.01895970906806786 -0.002540958380784598 -0.005837205029921926
  endloop
endfacet
facet normal 0.936125 -0.207329 0.284049
  outer loop
    vertex 0.01808436735795401 -0.005012110041786545 0.006916242490803069
    vertex 0.0188902374644048 -0.004982015191450011 0.004282342019334567
    vertex 0.01899405769055531 -0.002532197711048682 0.005728328482202882
  endloop
endfacet
facet normal -0.496834 -0.864534 -0.0757376
  outer loop
    vertex -0.01093836900449737 -0.01674242948418879 -0.0002076980703256324
    vertex -0.01029024079149553 -0.01685647590309412 -0.00315755674239571
    vertex -0.008395381360429997 -0.01808861180336263 -0.001523054444264775
  endloop
endfacet
facet normal 0.941912 0.323508 0.090251
  outer loop
    vertex 0.01843520451419297 0.007007748857850018 0.003321850457979877
    vertex 0.01932332529446882 0.004893012218402312 0.001633257785748194
    vertex 0.01858539347095712 0.00737506120825714 0.0004377461640784345
  endloop
endfacet
facet normal -0.363089 0.586124 -0.72431
  outer loop
    vertex -0.006693605405519375 0.0106012976396463 -0.01558230198112049
    vertex -0.008716391217703822 0.01092725207097473 -0.01430453376791128
    vertex -0.00647563775238065 0.01299731269035273 -0.01375267168695372
  endloop
endfacet
facet normal -0.555023 -0.826954 -0.0899755
  outer loop
    vertex -0.01093836900449737 -0.01674242948418879 -0.0002076980703256324
    vertex -0.01226292753555226 -0.01561219794212659 -0.002424847144389192
    vertex -0.01029024079149553 -0.01685647590309412 -0.00315755674239571
  endloop
endfacet
facet normal -0.000794278 -0.999176 0.0405694
  outer loop
    vertex 0.001631659157642521 -0.01991658193257699 0.0008169776718057944
    vertex -0.0007660609918010848 -0.01985550936753559 0.00227418080032069
    vertex -0.0009518240887646256 -0.0199698726796818 -0.0005460916235815754
  endloop
endfacet
facet normal -0.72472 -0.652757 -0.220656
  outer loop
    vertex -0.0155686168363258 -0.01187570506406711 -0.00407256663972042
    vertex -0.01387395497424183 -0.01313276531247042 -0.005919784507926283
    vertex -0.01381353462090354 -0.01407333979664161 -0.0033357710121294
  endloop
endfacet
facet normal 0.91855 -0.165078 -0.359186
  outer loop
    vertex 0.01895970906806786 -0.002540958380784598 -0.005837205029921926
    vertex 0.01802997991179568 -0.00491958921781563 -0.007121619640797754
    vertex 0.01790995490816657 -0.002485343835207912 -0.00854731426871822
  endloop
endfacet
facet normal -0.794413 -0.0223777 0.606966
  outer loop
    vertex -0.01684077404525736 -0.0006461520870939682 0.01076897474400095
    vertex -0.01528658492970895 -0.001890005666234835 0.01275728026533852
    vertex -0.01540228653740156 0.001054992572767315 0.01271442330942243
  endloop
endfacet
facet normal 0.142322 0.98889 0.0429031
  outer loop
    vertex 0.002934561172675762 0.01976625186469045 -0.0008268240111686708
    vertex 0.001300181013964485 0.01989956274962304 0.001522147070667438
    vertex 0.00423600847315563 0.01946658557189829 0.001763031022788609
  endloop
endfacet
facet normal 0.522313 -0.794875 -0.308808
  outer loop
    vertex 0.009042929999223034 -0.01679714895963222 -0.006006763176376959
    vertex 0.01063887228114122 -0.01511245983580518 -0.007643818044455304
    vertex 0.0115409536740045 -0.01556550494386779 -0.004951913179459975
  endloop
endfacet
facet normal -0.847806 0.0113272 -0.530186
  outer loop
    vertex -0.01778460092628314 0.0003239134372026905 -0.009143470346539576
    vertex -0.01638412299343847 0.001617984843946932 -0.01135529122394661
    vertex -0.01653043939607153 -0.001293578083161427 -0.01118352489672065
  endloop
endfacet
facet normal 0.864027 -0.0875657 0.495771
  outer loop
    vertex 0.01638602605079745 -0.002586302218238192 0.01117180339508906
    vertex 0.01792531643822747 -0.002552932680392527 0.008495031802106213
    vertex 0.01732050807568878 0 0.009999999999999992
  endloop
endfacet
facet normal -0.74772 0.228197 -0.623571
  outer loop
    vertex -0.01473627444754877 0.003067905490844237 -0.01316928894457742
    vertex -0.01594005161518303 0.004683372004136621 -0.01113466574155552
    vertex -0.0141172808584098 0.005950914496805754 -0.01285647688196434
  endloop
endfacet
facet normal 0.610176 0.730869 -0.305803
  outer loop
    vertex 0.01115695693769176 0.01569768528528099 -0.005394903944906207
    vertex 0.01337257739536392 0.01396160796778907 -0.005123248652834502
    vertex 0.01209165824489331 0.01397347649255722 -0.007650735624804604
  endloop
endfacet
facet normal -0.478875 -0.00671538 -0.877858
  outer loop
    vertex -0.01101769783663167 -0.0001637788635616086 -0.01669082115608853
    vertex -0.008819586763261928 0.001326075304669088 -0.01790129642265168
    vertex -0.008807796677548047 -0.00159218042946272 -0.01788540408173686
  endloop
endfacet
facet normal -0.634445 -0.754709 0.167012
  outer loop
    vertex -0.01247644264856993 -0.01551245056308177 0.001924124830900945
    vertex -0.01163748805215829 -0.01571461052167138 0.004197605030019867
    vertex -0.01341028782512001 -0.01420286119535553 0.004294521430020131
  endloop
endfacet
facet normal 0.819228 -0.564245 0.102434
  outer loop
    vertex 0.01736365200117311 -0.009771250969058256 0.001739610209740993
    vertex 0.01585528214774765 -0.01159225367200554 0.00377222518140007
    vertex 0.01599546684181578 -0.01199902454394755 0.0004104272238975777
  endloop
endfacet
facet normal 0.501162 0.482549 -0.718319
  outer loop
    vertex 0.01136488299876111 0.008803424789379625 -0.0139046447779944
    vertex 0.009156029877268941 0.008773281748431944 -0.01546598345560959
    vertex 0.00898333693389123 0.01091661649209474 -0.01414663005442324
  endloop
endfacet
facet normal 0.073193 0.21201 0.974523
  outer loop
    vertex 0.002856507271043151 0.005129112375450465 0.0191189061520391
    vertex 0.0001015606444908216 0.005228689830739698 0.01930415727477918
    vertex 0.001457269051194186 0.002571777674637519 0.01978035203186909
  endloop
endfacet
facet normal -0.177278 -0.598519 -0.781248
  outer loop
    vertex -0.004945020366946102 -0.01110131282256729 -0.01588419425674439
    vertex -0.001985254929006451 -0.01166197574849317 -0.01612628551491052
    vertex -0.002880380373647787 -0.01321358264556364 -0.01473447123489554
  endloop
endfacet
facet normal -0.145816 -0.942815 -0.299729
  outer loop
    vertex -0.003611434720191528 -0.01910544811301283 -0.004683950433423648
    vertex -0.003877023184996668 -0.0183213457755175 -0.007021180826394197
    vertex -0.001429326338278797 -0.01896216538807807 -0.006196233534485002
  endloop
endfacet
facet normal -0.534828 0.612248 0.582333
  outer loop
    vertex -0.01089434226149664 0.01322377938779487 0.01031721694025572
    vertex -0.01164622773127602 0.01093573874854592 0.01203224823774878
    vertex -0.009366849726117668 0.01234935256999349 0.01263944687517316
  endloop
endfacet
facet normal 0.928615 -0.0839622 -0.36142
  outer loop
    vertex 0.01861747497288408 0 -0.007306820487327901
    vertex 0.01895970906806786 -0.002540958380784598 -0.005837205029921926
    vertex 0.01790995490816657 -0.002485343835207912 -0.00854731426871822
  endloop
endfacet
facet normal -0.952941 0.298687 0.0518539
  outer loop
    vertex -0.01949976536585111 0.004419718860797185 0.0004745902108842014
    vertex -0.01881973851651947 0.006200254253855927 0.0027155642797354
    vertex -0.01860106286622702 0.007347412574674207 0.0001264464479118961
  endloop
endfacet
facet normal -0.951153 0.24005 0.194122
  outer loop
    vertex -0.01854069146698905 0.004936234597654483 0.005645914268109144
    vertex -0.01881973851651947 0.006200254253855927 0.0027155642797354
    vertex -0.01948894376270289 0.003172898562153855 0.003180217874373737
  endloop
endfacet
facet normal -0.468793 -0.856753 -0.214959
  outer loop
    vertex -0.009271735799269409 -0.01676634582653202 -0.005737992932522524
    vertex -0.008128631271636415 -0.01785005454837232 -0.003911637287621018
    vertex -0.01029024079149553 -0.01685647590309412 -0.00315755674239571
  endloop
endfacet
facet normal 0.445266 0.649812 0.616021
  outer loop
    vertex 0.008311710068675137 0.0120234010627028 0.01365112825445874
    vertex 0.01042420485673301 0.01254754130232567 0.01157130763445927
    vertex 0.007826305971005273 0.01422100585721358 0.01168383187388899
  endloop
endfacet
facet normal 0.795505 0.45554 -0.399568
  outer loop
    vertex 0.01486257748686882 0.009858549802681913 -0.009050568282426272
    vertex 0.01612793819386992 0.009866830374176263 -0.006521906775011787
    vertex 0.01658542728796155 0.007600525021217106 -0.008194853328619928
  endloop
endfacet
facet normal -0.472083 -0.465504 0.748628
  outer loop
    vertex -0.01013885706466709 -0.007794696371354807 0.01537681000404955
    vertex -0.01017261799141897 -0.01031484522023272 0.01378846660377075
    vertex -0.007896457680664534 -0.009762083925006533 0.01556751982618308
  endloop
endfacet
facet normal 0.778085 -0.61892 0.107334
  outer loop
    vertex 0.01599546684181578 -0.01199902454394755 0.0004104272238975777
    vertex 0.01585528214774765 -0.01159225367200554 0.00377222518140007
    vertex 0.01436561235173785 -0.01376041154524145 0.002068877924185626
  endloop
endfacet
facet normal -0.220191 0.806848 -0.548189
  outer loop
    vertex -0.002887250220621193 0.01607724870136504 -0.01154061784992376
    vertex -0.00551207657654024 0.01523164937339913 -0.01173089379289517
    vertex -0.004852449215755619 0.01686911638217276 -0.009585752400997197
  endloop
endfacet
facet normal -0.2603 0.707135 -0.657423
  outer loop
    vertex -0.00647563775238065 0.01299731269035273 -0.01375267168695372
    vertex -0.00551207657654024 0.01523164937339913 -0.01173089379289517
    vertex -0.003500916615266312 0.0140824393802459 -0.01376330207307286
  endloop
endfacet
facet normal 0.843492 0.418673 -0.336503
  outer loop
    vertex 0.01658542728796155 0.007600525021217106 -0.008194853328619928
    vertex 0.01612793819386992 0.009866830374176263 -0.006521906775011787
    vertex 0.01767235732497472 0.007597672835843276 -0.005473860982697837
  endloop
endfacet
facet normal -0.750081 -0.598869 -0.280595
  outer loop
    vertex -0.01531373558343956 -0.01090764199070947 -0.006820032894569387
    vertex -0.01387395497424183 -0.01313276531247042 -0.005919784507926283
    vertex -0.0155686168363258 -0.01187570506406711 -0.00407256663972042
  endloop
endfacet
facet normal -0.295546 0.0705727 -0.952718
  outer loop
    vertex -0.006477980025347403 -3.231982274257382e-05 -0.01892180568075515
    vertex -0.006800719390091419 0.002614794149642711 -0.01862560246897342
    vertex -0.004439704710527118 0.001764593058318524 -0.01942099980489824
  endloop
endfacet
facet normal 0.131408 0.719337 -0.682119
  outer loop
    vertex 0.002160611353230089 0.01548161422307887 -0.01247603220691801
    vertex 0.004243177934628922 0.01397566851010583 -0.01366294736543747
    vertex 0.001534167147771264 0.01357752128519835 -0.01460469948039621
  endloop
endfacet
facet normal 0.134992 0.983287 0.122164
  outer loop
    vertex 0.00423600847315563 0.01946658557189829 0.001763031022788609
    vertex 0.001300181013964485 0.01989956274962304 0.001522147070667438
    vertex 0.002485885559077093 0.01941615660058682 0.004102832661547503
  endloop
endfacet
facet normal -0.826751 0.158615 -0.539745
  outer loop
    vertex -0.01737485953214726 0.003226487421425073 -0.009365043254440281
    vertex -0.01594005161518303 0.004683372004136621 -0.01113466574155552
    vertex -0.01638412299343847 0.001617984843946932 -0.01135529122394661
  endloop
endfacet
facet normal -0.682481 -0.498112 -0.534887
  outer loop
    vertex -0.01468296532682848 -0.009750603860527996 -0.009451785734251971
    vertex -0.01369743370538739 -0.008679674943831485 -0.01170656024440746
    vertex -0.01255033855872996 -0.01115781830477739 -0.01086241652390622
  endloop
endfacet
facet normal 0.954746 -0.0415944 0.2945
  outer loop
    vertex 0.01861747497288409 0 0.007306820487327891
    vertex 0.01899405769055531 -0.002532197711048682 0.005728328482202882
    vertex 0.01949855824363647 0 0.004450418679126283
  endloop
endfacet
facet normal -0.0442272 0.965145 -0.257952
  outer loop
    vertex -0.00147763739458019 0.01959148583191139 -0.003740357018808972
    vertex 0.0006121917151995265 0.01919013676962184 -0.005600345709601219
    vertex -0.001532558333499255 0.01884906099878839 -0.006508775953923784
  endloop
endfacet
facet normal -0.0619363 -0.54515 0.836048
  outer loop
    vertex -0.002954091582332172 -0.0107118537917944 0.01662917710731395
    vertex -0.0005076046007633852 -0.01219858705061178 0.01584098518205009
    vertex -0.0002818809471425107 -0.009688902245180594 0.01749416235248126
  endloop
endfacet
facet normal 0.677366 -0.635767 0.370103
  outer loop
    vertex 0.01321629438685755 -0.01208286868048546 0.008906954986417149
    vertex 0.01273136350234798 -0.01393463701554608 0.006613491862553013
    vertex 0.01467210838291376 -0.01198128648204978 0.006417009415224749
  endloop
endfacet
facet normal 0.796218 -0.251962 -0.550048
  outer loop
    vertex 0.01538705106244063 -0.006435731266680595 -0.01103721081908444
    vertex 0.015279496805296 -0.004336561557909642 -0.01215447288990393
    vertex 0.01677986106427927 -0.004671698166421311 -0.009829114858691004
  endloop
endfacet
facet normal -0.149843 -0.7883 0.596766
  outer loop
    vertex -0.003207364603956935 -0.01474446786836193 0.0131268229048817
    vertex -0.004176733820324297 -0.01619335022183676 0.01096951699880622
    vertex -0.001436738705349957 -0.01603001064545764 0.01187327000447072
  endloop
endfacet
facet normal 0.609699 0.208642 0.764681
  outer loop
    vertex 0.01308480569818936 0.005084814796351267 0.0142454385094822
    vertex 0.01088690276457257 0.004812726065055723 0.0160721192136406
    vertex 0.01236489756322839 0.002545877812089063 0.01551218277409022
  endloop
endfacet
facet normal -0.613107 0.348241 0.709103
  outer loop
    vertex -0.01092372791901074 0.007099339651012278 0.01517470081652321
    vertex -0.01238283718260579 0.00837224591948638 0.01328799614587238
    vertex -0.01319841286414744 0.005600447668339717 0.01394406267131985
  endloop
endfacet
facet normal 0.809398 -0.202145 -0.551373
  outer loop
    vertex 0.01677986106427927 -0.004671698166421311 -0.009829114858691004
    vertex 0.015279496805296 -0.004336561557909642 -0.01215447288990393
    vertex 0.01638602604955429 -0.002586302217728838 -0.01117180339703036
  endloop
endfacet
facet normal 0.0486705 -0.455254 -0.88903
  outer loop
    vertex 0.002202035661219756 -0.00817163183502281 -0.01812113330063984
    vertex 0.001919599635463852 -0.01017784661200825 -0.01710925409192228
    vertex -0.0006018263660379379 -0.009001716550311756 -0.0178495631367545
  endloop
endfacet
facet normal 0.652448 0.635774 -0.412435
  outer loop
    vertex 0.01209165824489331 0.01397347649255722 -0.007650735624804604
    vertex 0.01424063350472995 0.01200763472050507 -0.007281556550826469
    vertex 0.01277794032557417 0.01192743300887143 -0.009719083436978493
  endloop
endfacet
facet normal 0.221536 -0.71547 -0.662589
  outer loop
    vertex 0.003079072882530255 -0.01373370857841873 -0.01420931239951936
    vertex 0.006120087517465489 -0.01391189391663675 -0.01300014370808294
    vertex 0.004240821771354512 -0.01546751609063034 -0.0119486976984815
  endloop
endfacet
facet normal -0.764272 0.435398 -0.475728
  outer loop
    vertex -0.01529777721450065 0.007405031745025916 -0.01054246257525551
    vertex -0.01614546746556058 0.008585224400021414 -0.008100481610361315
    vertex -0.01434526362604653 0.01007045017837024 -0.009633246841236296
  endloop
endfacet
facet normal 0.734718 0.569118 0.36918
  outer loop
    vertex 0.01434592662072135 0.01070644019685538 0.008920007158295207
    vertex 0.01567090877449483 0.01083466023857597 0.006085454436283443
    vertex 0.0138188968168378 0.01274612366076474 0.006824545581215147
  endloop
endfacet
facet normal 0.289075 0.0832805 0.953677
  outer loop
    vertex 0.005895103488218104 0 0.01911145611572281
    vertex 0.007263018980815382 0.00218662074939841 0.01850587055457311
    vertex 0.004413050965076307 0.002586302217727091 0.01933483959122027
  endloop
endfacet
facet normal -0.943541 -0.30945 -0.118196
  outer loop
    vertex -0.01825675181686864 -0.007665196121472028 -0.002817051919406873
    vertex -0.01908864044208665 -0.005922750741115534 -0.0007381258235216678
    vertex -0.01907458231231498 -0.004935325874843435 -0.003435530253079042
  endloop
endfacet
facet normal -0.853442 0.196945 0.482545
  outer loop
    vertex -0.0169842450032669 0.002464884819562807 0.01026936047158207
    vertex -0.01625398589971385 0.005004449718020742 0.01052442043020449
    vertex -0.01740797788252753 0.00498780989703956 0.008490233122384012
  endloop
endfacet
facet normal 0.562913 0.0841429 0.822222
  outer loop
    vertex 0.01236489756322839 0.002545877812089063 0.01551218277409022
    vertex 0.009962868432376166 0.00248558560338795 0.01716284116361254
    vertex 0.01126640116127246 0 0.01652477548631989
  endloop
endfacet
facet normal -0.414242 0.832692 -0.367461
  outer loop
    vertex -0.008478923923269453 0.01718142689716544 -0.005736411672881312
    vertex -0.006710588034352974 0.01716166553930181 -0.007774653956951347
    vertex -0.009011757604363716 0.01567633921332967 -0.008546380154709677
  endloop
endfacet
facet normal 0.961434 -0.168876 0.217083
  outer loop
    vertex 0.01899405769055531 -0.002532197711048682 0.005728328482202882
    vertex 0.0188902374644048 -0.004982015191450011 0.004282342019334567
    vertex 0.01961056316987575 -0.002586302217728273 0.002955816807396369
  endloop
endfacet
facet normal 0.201921 0.195093 -0.959774
  outer loop
    vertex 0.004020818889113121 0.002321444413249187 -0.01945363491219945
    vertex 0.002711827268312045 0.004798497965790705 -0.01922551456110191
    vertex 0.005092870844608128 0.004993720675584473 -0.01868489819009942
  endloop
endfacet
facet normal -0.500545 0.220523 0.837153
  outer loop
    vertex -0.01138561807556503 0.004233595421745004 0.01588849806754392
    vertex -0.009400130197916566 0.003045983668659751 0.01738848859885399
    vertex -0.009046171009856538 0.00571308324446438 0.01689755810471594
  endloop
endfacet
facet normal -0.394457 0.134322 0.909044
  outer loop
    vertex -0.006863586915366949 0.004088097981149771 0.01833517465288299
    vertex -0.009400130197916566 0.003045983668659751 0.01738848859885399
    vertex -0.007224589310172833 0.001133999626079573 0.01861503032894085
  endloop
endfacet
facet normal 0.328599 -0.901281 0.282337
  outer loop
    vertex 0.007684654460513194 -0.01720076408625769 0.006714149288735117
    vertex 0.005042991987152185 -0.01824118080362582 0.006467422570618986
    vertex 0.006572667967512634 -0.0184703373821221 0.003955587539091545
  endloop
endfacet
facet normal 0.842958 -0.511225 0.167543
  outer loop
    vertex 0.01722377341521468 -0.009062748090908741 0.004605239014652127
    vertex 0.01585528214774765 -0.01159225367200554 0.00377222518140007
    vertex 0.01736365200117311 -0.009771250969058256 0.001739610209740993
  endloop
endfacet
facet normal 0.344884 -0.576109 -0.741049
  outer loop
    vertex 0.008044349038795147 -0.01214053682204393 -0.01370750940961308
    vertex 0.005303149971570375 -0.01212578066313645 -0.01499473386521212
    vertex 0.007253393597694748 -0.01008071906075075 -0.01567696987734356
  endloop
endfacet
facet normal -0.460048 -0.298018 -0.836386
  outer loop
    vertex -0.008675721154263495 -0.004567921601194259 -0.01743175133768285
    vertex -0.008105158950871612 -0.007186092140127459 -0.01681268801038978
    vertex -0.01060065152817045 -0.006002070099159945 -0.01586194634031611
  endloop
endfacet
facet normal -0.326643 -0.367557 -0.87075
  outer loop
    vertex -0.005554823356780697 -0.008701752923704325 -0.01712960692864162
    vertex -0.008105158950871612 -0.007186092140127459 -0.01681268801038978
    vertex -0.005989655099514176 -0.005922216324149825 -0.01813977358179636
  endloop
endfacet
facet normal 0.773063 0.0897334 -0.627951
  outer loop
    vertex 0.01433884142339037 0.00264400754131991 -0.01368966218561684
    vertex 0.01637269209718008 0.00255490081244008 -0.01119854612570443
    vertex 0.0156366296493606 0 -0.01246979603717467
  endloop
endfacet
facet normal 0.0714889 0.997418 -0.00686537
  outer loop
    vertex -3.413538260087866e-05 0.01997831720026293 -0.0009304174446628144
    vertex 0.001300181013964485 0.01989956274962304 0.001522147070667438
    vertex 0.002934561172675762 0.01976625186469045 -0.0008268240111686708
  endloop
endfacet
facet normal -0.908038 0.218049 0.357661
  outer loop
    vertex -0.01854069146698905 0.004936234597654483 0.005645914268109144
    vertex -0.01818520700317938 0.002845168131874787 0.007823251533274372
    vertex -0.01740797788252753 0.00498780989703956 0.008490233122384012
  endloop
endfacet
facet normal -0.583732 -0.635541 0.505316
  outer loop
    vertex -0.01296961395483418 -0.01173259240684995 0.009702339371373152
    vertex -0.01145854584339557 -0.01379623915545018 0.00885242974106123
    vertex -0.01064222824875157 -0.01251460085554203 0.01140735479100834
  endloop
endfacet
facet normal 0.600911 0.777135 0.186996
  outer loop
    vertex 0.01306676579230295 0.01445925639277231 0.004493276788400041
    vertex 0.01214937084141399 0.0157511105349981 0.002072511778512067
    vertex 0.01075817748548625 0.01620920997281598 0.004639302668283216
  endloop
endfacet
facet normal -0.40316 -0.143705 0.903776
  outer loop
    vertex -0.007395930344480968 -0.004370176796640177 0.01806105669958692
    vertex -0.007338614358430967 -0.001482161858259047 0.01854583337367596
    vertex -0.009471846834927767 -0.002304047013096678 0.01746354731711484
  endloop
endfacet
facet normal 0.0931342 0.623509 0.776249
  outer loop
    vertex 0.0007166043986598676 0.01345543915871535 0.01477963582710788
    vertex 0.0006630919985868339 0.01157360660949904 0.01629760531642518
    vertex 0.003507903512198202 0.01255284624569436 0.01516972854342043
  endloop
endfacet
facet normal -0.15689 0.987018 0.0343535
  outer loop
    vertex -0.004461429143328151 0.01942160431610082 0.001702038715152008
    vertex -0.001555695329964721 0.0198980426968226 0.001283631129160812
    vertex -0.003020387280539283 0.01974495248056573 -0.001007031387672585
  endloop
endfacet
facet normal -0.926453 -0.371734 -0.0591549
  outer loop
    vertex -0.01811334728351638 -0.008479601716497767 5.481711683246232e-05
    vertex -0.01908864044208665 -0.005922750741115534 -0.0007381258235216678
    vertex -0.01825675181686864 -0.007665196121472028 -0.002817051919406873
  endloop
endfacet
facet normal 0.531917 -0.347173 -0.772357
  outer loop
    vertex 0.01107041764989932 -0.005211412055691828 -0.01582046261784362
    vertex 0.01165747624444067 -0.007844642950368928 -0.01423252699247497
    vertex 0.009114296381067189 -0.007765388035018088 -0.01601962390768471
  endloop
endfacet
facet normal 0.659697 0.737673 0.143659
  outer loop
    vertex 0.01421015897907401 0.01395202373730489 0.00184727242796592
    vertex 0.01214937084141399 0.0157511105349981 0.002072511778512067
    vertex 0.01306676579230295 0.01445925639277231 0.004493276788400041
  endloop
endfacet
facet normal -0.927025 0.257448 -0.272662
  outer loop
    vertex -0.01908474027859682 0.003870311619936735 -0.004559975489307692
    vertex -0.01826702168555293 0.006616981931044123 -0.004746732440719052
    vertex -0.0180650047345829 0.004935862144989999 -0.007020888036790789
  endloop
endfacet
facet normal 0.983547 0.164246 0.0752262
  outer loop
    vertex 0.01983955039433064 0.002527834528484166 4.788264214138281e-05
    vertex 0.01932332529446882 0.004893012218402312 0.001633257785748194
    vertex 0.0196244111066444 0.002487568827197088 0.002948642068371353
  endloop
endfacet
facet normal 0.911902 -0.292938 -0.28744
  outer loop
    vertex 0.01765289504296705 -0.007429584193528098 -0.005759911050812055
    vertex 0.01802997991179568 -0.00491958921781563 -0.007121619640797754
    vertex 0.01883671570730374 -0.005098279009517484 -0.00438014754355717
  endloop
endfacet
facet normal 0.0592856 0.985752 0.157409
  outer loop
    vertex 0.002485885559077093 0.01941615660058682 0.004102832661547503
    vertex 0.001300181013964485 0.01989956274962304 0.001522147070667438
    vertex -0.0003507074212706963 0.0196480160246331 0.00371920295230398
  endloop
endfacet
facet normal 0.173848 -0.921746 0.346642
  outer loop
    vertex 0.002345381167030299 -0.01897541901456566 0.005867934935136843
    vertex 0.005042991987152185 -0.01824118080362582 0.006467422570618986
    vertex 0.003060589217655792 -0.01787916255999399 0.008424270876110179
  endloop
endfacet
facet normal 0.765179 0.565123 -0.308442
  outer loop
    vertex 0.01612793819386992 0.009866830374176263 -0.006521906775011787
    vertex 0.01424063350472995 0.01200763472050507 -0.007281556550826469
    vertex 0.01527605525501716 0.01204349434491852 -0.004647190528650415
  endloop
endfacet
facet normal -0.737645 -0.0191585 0.674917
  outer loop
    vertex -0.01540228653740156 0.001054992572767315 0.01271442330942243
    vertex -0.01528658492970895 -0.001890005666234835 0.01275728026533852
    vertex -0.01350883757075548 -0.0005122522324753235 0.01473936583226257
  endloop
endfacet
facet normal 0.191062 -0.866131 -0.461858
  outer loop
    vertex 0.00536541460528514 -0.01663905068421451 -0.009713615106721777
    vertex 0.00353368738025639 -0.01811717981365106 -0.007699405762683987
    vertex 0.002468254694272173 -0.01696738792070367 -0.01029638120470307
  endloop
endfacet
facet normal 0.305034 0.789306 -0.532869
  outer loop
    vertex 0.004866319820212711 0.01556791927173088 -0.01157405810233711
    vertex 0.005378176738750629 0.01668882956460091 -0.009620716331462244
    vertex 0.007560086158834778 0.01534539088942498 -0.0103616637525905
  endloop
endfacet
facet normal -0.0659969 0.773574 0.63026
  outer loop
    vertex -0.002607446480022736 0.01585679668577594 0.01190643614688217
    vertex -0.001586320706547807 0.01447261087060627 0.01371229817368289
    vertex 0.0001915962511717282 0.01556042263859085 0.01256330124549143
  endloop
endfacet
facet normal -0.712454 -0.604899 -0.355678
  outer loop
    vertex -0.01345524580716672 -0.01209112075552414 -0.008530015190142144
    vertex -0.01387395497424183 -0.01313276531247042 -0.005919784507926283
    vertex -0.01531373558343956 -0.01090764199070947 -0.006820032894569387
  endloop
endfacet
facet normal 0.280305 0.81738 0.503307
  outer loop
    vertex 0.007211040362194654 0.01611062267434925 0.009404718706029627
    vertex 0.004441881490064155 0.01724181528801598 0.009109856991312426
    vertex 0.0051347553447961 0.01551250351895422 0.01153241180861665
  endloop
endfacet
facet normal -0.249037 -0.82174 -0.512566
  outer loop
    vertex -0.00345274010787816 -0.01640945258438119 -0.01089992897354817
    vertex -0.005126869454786451 -0.01721587439332153 -0.00879368400995589
    vertex -0.006332771263185532 -0.01562029619866555 -0.01076579559503738
  endloop
endfacet
facet normal 0.536213 -0.660288 -0.525828
  outer loop
    vertex 0.01188083595797723 -0.01314372659676851 -0.009278372060282741
    vertex 0.009561495068234355 -0.0143690196862079 -0.01010490402317113
    vertex 0.0104940546952439 -0.01220781983161023 -0.01186776942024799
  endloop
endfacet
facet normal -0.610204 -0.698404 0.374008
  outer loop
    vertex -0.01163342080269216 -0.01495653031489426 0.006400446966199962
    vertex -0.01145854584339557 -0.01379623915545018 0.00885242974106123
    vertex -0.01341018909091458 -0.01307989196671033 0.007005944239365758
  endloop
endfacet
facet normal -0.863355 0.0838921 -0.497575
  outer loop
    vertex -0.01737485953214726 0.003226487421425073 -0.009365043254440281
    vertex -0.01638412299343847 0.001617984843946932 -0.01135529122394661
    vertex -0.01778460092628314 0.0003239134372026905 -0.009143470346539576
  endloop
endfacet
facet normal -0.624335 0.0146123 0.78102
  outer loop
    vertex -0.01350883757075548 -0.0005122522324753235 0.01473936583226257
    vertex -0.01158303553395896 -0.0008080708710145243 0.01628435781007228
    vertex -0.01169085939909064 0.001537137851202609 0.01615428778179634
  endloop
endfacet
facet normal 0.368395 -0.212617 0.90503
  outer loop
    vertex 0.00745654039527829 -0.00260619949664599 0.01837410486302027
    vertex 0.00588427673618854 -0.004927451189820908 0.01846877126567664
    vertex 0.008571495672925058 -0.005118448222295615 0.01733005913794601
  endloop
endfacet
facet normal 0.732465 -0.0400057 -0.679628
  outer loop
    vertex 0.0156366296493606 0 -0.01246979603717467
    vertex 0.01468107190745847 -0.00247867243347577 -0.01335373770206533
    vertex 0.01360345475541839 0 -0.01466103743659653
  endloop
endfacet
facet normal 0.042062 -0.871819 -0.488018
  outer loop
    vertex 0.002468254694272173 -0.01696738792070367 -0.01029638120470307
    vertex 0.0006623736154295875 -0.01823649516225974 -0.008184833864560702
    vertex -0.0004988283200430271 -0.01684749859736588 -0.01076628818669078
  endloop
endfacet
facet normal -0.0100589 -0.968195 -0.249996
  outer loop
    vertex -0.001429326338278797 -0.01896216538807807 -0.006196233534485002
    vertex 0.001557559733201949 -0.01928980873383384 -0.005047503015315175
    vertex -0.0009857193404819197 -0.01967475140046282 -0.003454347219343537
  endloop
endfacet
facet normal 0.595359 -0.701222 -0.39222
  outer loop
    vertex 0.01304546687685325 -0.01361065207146754 -0.006675772925615504
    vertex 0.01063887228114122 -0.01511245983580518 -0.007643818044455304
    vertex 0.01188083595797723 -0.01314372659676851 -0.009278372060282741
  endloop
endfacet
facet normal -0.36859 0.929564 -0.00716875
  outer loop
    vertex -0.008736773770170859 0.01796836464822577 -0.0008981402770420037
    vertex -0.007371287511443831 0.01852857085528759 0.001534986151149101
    vertex -0.00593952554631642 0.01907772005064544 -0.0008732891582149564
  endloop
endfacet
facet normal 0.550957 0.832153 0.0629939
  outer loop
    vertex 0.00977198854392463 0.01732259155724031 0.002106196011398912
    vertex 0.01214937084141399 0.0157511105349981 0.002072511778512067
    vertex 0.01113381074637772 0.0166098422535651 -0.0003890996986990377
  endloop
endfacet
facet normal -0.514087 -0.720976 -0.464659
  outer loop
    vertex -0.01039343855812752 -0.01516941082042601 -0.007865456776282639
    vertex -0.01137521075067056 -0.01329575452268016 -0.009686459211211241
    vertex -0.0090401569125825 -0.014552573024886 -0.01031979560607899
  endloop
endfacet
facet normal 0.296104 0.157429 0.942093
  outer loop
    vertex 0.007263018980815382 0.00218662074939841 0.01850587055457311
    vertex 0.005955463150845207 0.004793337248738864 0.01848124391589423
    vertex 0.004413050965076307 0.002586302217727091 0.01933483959122027
  endloop
endfacet
facet normal -0.432024 -0.541702 0.721051
  outer loop
    vertex -0.007896457680664534 -0.009762083925006533 0.01556751982618308
    vertex -0.01017261799141897 -0.01031484522023272 0.01378846660377075
    vertex -0.008258225465305045 -0.01224614147304726 0.01348457382293927
  endloop
endfacet
facet normal -0.641516 0.478173 0.599839
  outer loop
    vertex -0.01164622773127602 0.01093573874854592 0.01203224823774878
    vertex -0.01411223845434646 0.009221638177108147 0.01076132497131123
    vertex -0.01238283718260579 0.00837224591948638 0.01328799614587238
  endloop
endfacet
facet normal -0.545949 -0.741586 0.389859
  outer loop
    vertex -0.009567684460299528 -0.01553804235153862 0.008187102903343482
    vertex -0.01145854584339557 -0.01379623915545018 0.00885242974106123
    vertex -0.01163342080269216 -0.01495653031489426 0.006400446966199962
  endloop
endfacet
facet normal 0.597758 -0.792991 0.117688
  outer loop
    vertex 0.01216709900197288 -0.01538500141902274 0.003906844406021168
    vertex 0.0106463621279654 -0.01680352522976002 0.002072803245135064
    vertex 0.01247719183955863 -0.01560911411653127 0.0008217300627065938
  endloop
endfacet
facet normal 0.416526 0.290724 0.861386
  outer loop
    vertex 0.008993685806690603 0.007054960476893079 0.01641161626044213
    vertex 0.006979893516034324 0.006673770312330759 0.01751404797078833
    vertex 0.008431616095338886 0.004242711790392 0.01763256211344486
  endloop
endfacet
facet normal -0.402082 0.401642 -0.822809
  outer loop
    vertex -0.009171069036642684 0.008672231111294348 -0.0155139904691679
    vertex -0.006589860696811157 0.008621071127098756 -0.01680032346766358
    vertex -0.007628270533127392 0.006692701469687055 -0.0172341879910563
  endloop
endfacet
facet normal 0.95698 0.289935 0.0112483
  outer loop
    vertex 0.01858539347095712 0.00737506120825714 0.0004377461640784345
    vertex 0.01932332529446882 0.004893012218402312 0.001633257785748194
    vertex 0.01931121424960027 0.005045697855175898 -0.001271981666655991
  endloop
endfacet
facet normal -0.11818 -0.922959 -0.366305
  outer loop
    vertex -0.001429326338278797 -0.01896216538807807 -0.006196233534485002
    vertex -0.003877023184996668 -0.0183213457755175 -0.007021180826394197
    vertex -0.002229548620876535 -0.01784840410270455 -0.008744345826515959
  endloop
endfacet
facet normal 0.37565 0.718337 -0.585559
  outer loop
    vertex 0.008521795522766488 0.01321027590899032 -0.01236396422982965
    vertex 0.006258235882092416 0.01406506903541978 -0.01276747103669974
    vertex 0.007560086158834778 0.01534539088942498 -0.0103616637525905
  endloop
endfacet
facet normal 0.509959 -0.430368 -0.744799
  outer loop
    vertex 0.009114296381067189 -0.007765388035018088 -0.01601962390768471
    vertex 0.01165747624444067 -0.007844642950368928 -0.01423252699247497
    vertex 0.009861375881927903 -0.01016708736236612 -0.01412032578524114
  endloop
endfacet
facet normal -0.849368 0.327643 0.413792
  outer loop
    vertex -0.01740797788252753 0.00498780989703956 0.008490233122384012
    vertex -0.01608701706172197 0.00711002956995053 0.009521310916585778
    vertex -0.01709092417697593 0.007629011933624764 0.007049715433510116
  endloop
endfacet
facet normal 0.97793 0.20882 0.0068979
  outer loop
    vertex 0.01931121424960027 0.005045697855175898 -0.001271981666655991
    vertex 0.01932332529446882 0.004893012218402312 0.001633257785748194
    vertex 0.01983955039433064 0.002527834528484166 4.788264214138281e-05
  endloop
endfacet
facet normal -0.569808 0.820599 0.0439935
  outer loop
    vertex -0.01245996524771051 0.01553985565325127 0.001806142935085953
    vertex -0.01004497457747345 0.01724025048532965 0.001368301480304218
    vertex -0.0113080395676896 0.01647810136087766 -0.0007748655858976006
  endloop
endfacet
facet normal 0.0815867 0.304203 -0.949107
  outer loop
    vertex 0.002882611243747806 0.007109541714964728 -0.01847011015182625
    vertex 0.002711827268312045 0.004798497965790705 -0.01922551456110191
    vertex -6.219977741351425e-05 0.006039314495677833 -0.01906627419319216
  endloop
endfacet
facet normal 0.341737 -0.929649 -0.137728
  outer loop
    vertex 0.007404050957109079 -0.01853730806377463 -0.001244282593805761
    vertex 0.005297159736078366 -0.01906797477319929 -0.00289005826569392
    vertex 0.007170867004065914 -0.01817364960170901 -0.004277514063600587
  endloop
endfacet
facet normal 0.111442 -0.890963 -0.440188
  outer loop
    vertex 0.002468254694272173 -0.01696738792070367 -0.01029638120470307
    vertex 0.00353368738025639 -0.01811717981365106 -0.007699405762683987
    vertex 0.0006623736154295875 -0.01823649516225974 -0.008184833864560702
  endloop
endfacet
facet normal -0.513409 0.0620804 -0.855895
  outer loop
    vertex -0.01080266050804742 0.002716913558898525 -0.01661086712550992
    vertex -0.008819586763261928 0.001326075304669088 -0.01790129642265168
    vertex -0.01101769783663167 -0.0001637788635616086 -0.01669082115608853
  endloop
endfacet
facet normal -0.517266 0.0890701 0.851177
  outer loop
    vertex -0.01169085939909064 0.001537137851202609 0.01615428778179634
    vertex -0.00961200242126207 0.0004294078171869094 0.01753353981317494
    vertex -0.009400130197916566 0.003045983668659751 0.01738848859885399
  endloop
endfacet
facet normal -0.875345 -0.437737 0.205322
  outer loop
    vertex -0.0168541688513899 -0.009378733728653445 0.00528926705469262
    vertex -0.01813672064804017 -0.007409230849526558 0.004020281377388578
    vertex -0.01765017617824639 -0.009024880265376145 0.002650059824322422
  endloop
endfacet
facet normal -0.514396 0.734836 -0.442056
  outer loop
    vertex -0.01063146973402609 0.01364209625641223 -0.01004315991236178
    vertex -0.0115395690195447 0.0143212485927111 -0.007857492321913821
    vertex -0.009011757604363716 0.01567633921332967 -0.008546380154709677
  endloop
endfacet
facet normal -0.221089 -0.492941 -0.841504
  outer loop
    vertex -0.002808443496181078 -0.009881501915408056 -0.0171600863932716
    vertex -0.004945020366946102 -0.01110131282256729 -0.01588419425674439
    vertex -0.005554823356780697 -0.008701752923704325 -0.01712960692864162
  endloop
endfacet
facet normal -0.757375 0.304426 -0.577675
  outer loop
    vertex -0.0141172808584098 0.005950914496805754 -0.01285647688196434
    vertex -0.01594005161518303 0.004683372004136621 -0.01113466574155552
    vertex -0.01529777721450065 0.007405031745025916 -0.01054246257525551
  endloop
endfacet
facet normal 0.618209 0.754489 -0.220371
  outer loop
    vertex 0.01235725872884519 0.01547818703444771 -0.002779187441507708
    vertex 0.01337257739536392 0.01396160796778907 -0.005123248652834502
    vertex 0.01115695693769176 0.01569768528528099 -0.005394903944906207
  endloop
endfacet
facet normal 0.585867 -0.560069 -0.585733
  outer loop
    vertex 0.0104940546952439 -0.01220781983161023 -0.01186776942024799
    vertex 0.01182370735582186 -0.009952033852424179 -0.0126947613827156
    vertex 0.01293059231622096 -0.01081960543986101 -0.01075806304487092
  endloop
endfacet
facet normal 0.670427 -0.165927 0.723185
  outer loop
    vertex 0.01236509402995863 -0.002586302217942747 0.01550533748319416
    vertex 0.01301371417834327 -0.004913922926261803 0.01436998972717608
    vertex 0.01452231000217232 -0.002571777676204017 0.01350882940098751
  endloop
endfacet
facet normal -0.465954 -0.859671 0.209412
  outer loop
    vertex -0.007894953170992095 -0.01787693323645664 0.004252643000195759
    vertex -0.009844016239115112 -0.01651295524970109 0.005515220141155497
    vertex -0.01015102379816614 -0.01699364365511542 0.002858809397637458
  endloop
endfacet
facet normal -0.450374 -0.822744 0.34678
  outer loop
    vertex -0.009567684460299528 -0.01553804235153862 0.008187102903343482
    vertex -0.009844016239115112 -0.01651295524970109 0.005515220141155497
    vertex -0.007506042769330033 -0.01710143601174277 0.007155432082079732
  endloop
endfacet
facet normal -0.515642 -0.786348 0.34025
  outer loop
    vertex -0.01163342080269216 -0.01495653031489426 0.006400446966199962
    vertex -0.009844016239115112 -0.01651295524970109 0.005515220141155497
    vertex -0.009567684460299528 -0.01553804235153862 0.008187102903343482
  endloop
endfacet
facet normal 0.166963 0.441624 0.881528
  outer loop
    vertex 0.003870913735343402 0.01021321151339921 0.01675429310463738
    vertex 0.001682029611248477 0.009291260315419617 0.01763074752068079
    vertex 0.003927628740660024 0.007318100842064091 0.01819393120084063
  endloop
endfacet
facet normal -0.898147 0.43812 0.0371731
  outer loop
    vertex -0.01860106286622702 0.007347412574674207 0.0001264464479118961
    vertex -0.01766155688074753 0.009084354401794632 0.00235455168784081
    vertex -0.01729351041590856 0.01004621782499314 -8.947014950443486e-05
  endloop
endfacet
facet normal 0.317583 -0.493161 0.809897
  outer loop
    vertex 0.007179376807155411 -0.01078994106687248 0.0152326530989942
    vertex 0.007048402985839888 -0.008530265679260258 0.01665996947147377
    vertex 0.004864601961314144 -0.009851246450928745 0.01671192960495712
  endloop
endfacet
facet normal 0.682317 0.0773005 -0.726959
  outer loop
    vertex 0.01360345475541839 0 -0.01466103743659653
    vertex 0.01248119206132797 0.001848574421002474 -0.01551781612657719
    vertex 0.01433884142339037 0.00264400754131991 -0.01368966218561684
  endloop
endfacet
facet normal 0.222377 0.0359319 -0.974298
  outer loop
    vertex 0.002980845323523489 0 -0.01977661652450257
    vertex 0.004020818889113121 0.002321444413249187 -0.01945363491219945
    vertex 0.005895103488218082 0 -0.01911145611572282
  endloop
endfacet
facet normal -0.877114 -0.397451 0.269636
  outer loop
    vertex -0.01785259750162033 -0.006588297627479022 0.006154599647165824
    vertex -0.01813672064804017 -0.007409230849526558 0.004020281377388578
    vertex -0.0168541688513899 -0.009378733728653445 0.00528926705469262
  endloop
endfacet
facet normal -0.722532 0.65382 -0.224649
  outer loop
    vertex -0.01348596994555606 0.01360827740735572 -0.005739634189738103
    vertex -0.01546514622550374 0.01177557947725694 -0.004707969859567155
    vertex -0.01465719261056881 0.01330407887723674 -0.002858004549497872
  endloop
endfacet
facet normal -0.823106 0.527449 -0.210461
  outer loop
    vertex -0.01651653066584061 0.01097286645493463 -0.002607760826171955
    vertex -0.01546514622550374 0.01177557947725694 -0.004707969859567155
    vertex -0.01688465955342476 0.00933968260040869 -0.00526104558890768
  endloop
endfacet
facet normal 0.617265 0.383766 -0.68681
  outer loop
    vertex 0.01349054166002018 0.007119594813071027 -0.01293509394697048
    vertex 0.0122268369028247 0.006376807035959452 -0.01448588248529796
    vertex 0.01136488299876111 0.008803424789379625 -0.0139046447779944
  endloop
endfacet
facet normal 0.0429491 -0.992748 0.112276
  outer loop
    vertex 0.001631659157642521 -0.01991658193257699 0.0008169776718057944
    vertex 0.001889487176551135 -0.0196045689914056 0.00347717023898269
    vertex -0.0007660609918010848 -0.01985550936753559 0.00227418080032069
  endloop
endfacet
facet normal 0.409492 0.501941 -0.761821
  outer loop
    vertex 0.00898333693389123 0.01091661649209474 -0.01414663005442324
    vertex 0.009156029877268941 0.008773281748431944 -0.01546598345560959
    vertex 0.006763795511551676 0.009951320010032442 -0.01597567839986275
  endloop
endfacet
facet normal 0.00630165 0.978919 -0.204151
  outer loop
    vertex 0.001587545792193148 0.01965460588768893 -0.003343077288564193
    vertex 0.0006121917151995265 0.01919013676962184 -0.005600345709601219
    vertex -0.00147763739458019 0.01959148583191139 -0.003740357018808972
  endloop
endfacet
facet normal 0.055801 0.859622 0.507874
  outer loop
    vertex 0.002337010841282672 0.01647212909170992 0.01109988033781315
    vertex 0.001427025484458796 0.01796509405920917 0.008672888429495247
    vertex -0.0005666957899353852 0.01708048573280654 0.01038921859492145
  endloop
endfacet
facet normal -0.797236 -0.597089 0.0888799
  outer loop
    vertex -0.01489559475653188 -0.01323006541534866 0.001756879607365046
    vertex -0.01640134000026886 -0.01102205901938126 0.003083871133633342
    vertex -0.01674866163289286 -0.01090444160336683 0.0007586084798005216
  endloop
endfacet
facet normal -0.335985 -0.915006 -0.223332
  outer loop
    vertex -0.006015676329986085 -0.0188122101535167 -0.003148394421410443
    vertex -0.008128631271636415 -0.01785005454837232 -0.003911637287621018
    vertex -0.006347948383547622 -0.01800087813005972 -0.005972598920616776
  endloop
endfacet
facet normal -0.191405 0.00804276 -0.981478
  outer loop
    vertex -0.004439704710527118 0.001764593058318524 -0.01942099980489824
    vertex -0.002319757983366005 -0.0006539568005461643 -0.01985424547550546
    vertex -0.00419562952125642 -0.001523332932277527 -0.01949554179031197
  endloop
endfacet
facet normal 0.756532 0.531996 -0.380316
  outer loop
    vertex 0.01486257748686882 0.009858549802681913 -0.009050568282426272
    vertex 0.01424063350472995 0.01200763472050507 -0.007281556550826469
    vertex 0.01612793819386992 0.009866830374176263 -0.006521906775011787
  endloop
endfacet
facet normal -0.731336 -0.361285 -0.578464
  outer loop
    vertex -0.01446820599748917 -0.005796428568647655 -0.01253285406692281
    vertex -0.01369743370538739 -0.008679674943831485 -0.01170656024440746
    vertex -0.01567034049253637 -0.007109106769928733 -0.01019318545802677
  endloop
endfacet
facet normal 0.0587483 -0.61116 0.789324
  outer loop
    vertex 0.002175033376747309 -0.01107770181040776 0.01650920205248345
    vertex -0.0005076046007633852 -0.01219858705061178 0.01584098518205009
    vertex 0.001877000634581716 -0.01336115883383028 0.01476334322688932
  endloop
endfacet
facet normal -0.7713 0.573576 0.275875
  outer loop
    vertex -0.01443550213183329 0.01210362102297201 0.006717040742328921
    vertex -0.01507608814933152 0.01245261641070084 0.004200465526763662
    vertex -0.01643639818415947 0.01021361525886539 0.005052413094317538
  endloop
endfacet
facet normal -0.93404 0.168903 0.314707
  outer loop
    vertex -0.01905753679604291 0.001805127848026444 0.005792391968759547
    vertex -0.01818520700317938 0.002845168131874787 0.007823251533274372
    vertex -0.01854069146698905 0.004936234597654483 0.005645914268109144
  endloop
endfacet
facet normal -0.887911 0.093336 0.450447
  outer loop
    vertex -0.0169842450032669 0.002464884819562807 0.01026936047158207
    vertex -0.01818520700317938 0.002845168131874787 0.007823251533274372
    vertex -0.01819011350499938 0.0005050144237654686 0.00829847763791817
  endloop
endfacet
facet normal -0.517288 0.553862 0.652419
  outer loop
    vertex -0.009366849726117668 0.01234935256999349 0.01263944687517316
    vertex -0.01164622773127602 0.01093573874854592 0.01203224823774878
    vertex -0.01024143956263105 0.009805981766453992 0.01410516349713634
  endloop
endfacet
facet normal -0.559163 0.821983 0.108079
  outer loop
    vertex -0.01245996524771051 0.01553985565325127 0.001806142935085953
    vertex -0.01130965254214482 0.01607133156093123 0.003715381707788974
    vertex -0.01004497457747345 0.01724025048532965 0.001368301480304218
  endloop
endfacet
facet normal 0.156885 -0.462276 -0.872747
  outer loop
    vertex 0.004386532899958855 -0.009935614427922419 -0.01679410298459666
    vertex 0.001919599635463852 -0.01017784661200825 -0.01710925409192228
    vertex 0.002202035661219756 -0.00817163183502281 -0.01812113330063984
  endloop
endfacet
facet normal 0.251285 -0.425653 -0.869296
  outer loop
    vertex 0.004386532899958855 -0.009935614427922419 -0.01679410298459666
    vertex 0.004230463855475954 -0.007260905776041982 -0.0181488959134971
    vertex 0.006513543611799223 -0.007773599925096489 -0.01723789122316675
  endloop
endfacet
facet normal -0.966791 0.230617 0.110141
  outer loop
    vertex -0.01948894376270289 0.003172898562153855 0.003180217874373737
    vertex -0.01881973851651947 0.006200254253855927 0.0027155642797354
    vertex -0.01949976536585111 0.004419718860797185 0.0004745902108842014
  endloop
endfacet
facet normal -0.439905 -0.411742 -0.798093
  outer loop
    vertex -0.008105158950871612 -0.007186092140127459 -0.01681268801038978
    vertex -0.00776285837106089 -0.009342486028069632 -0.01588886354419893
    vertex -0.009896626046684225 -0.008720362012396525 -0.01503369812337746
  endloop
endfacet
facet normal 0.296079 -0.162156 0.941299
  outer loop
    vertex 0.004413050965075891 -0.002586302217727215 0.01933483959122035
    vertex 0.00588427673618854 -0.004927451189820908 0.01846877126567664
    vertex 0.00745654039527829 -0.00260619949664599 0.01837410486302027
  endloop
endfacet
facet normal -0.624409 -0.610922 -0.486712
  outer loop
    vertex -0.01255033855872996 -0.01115781830477739 -0.01086241652390622
    vertex -0.01137521075067056 -0.01329575452268016 -0.009686459211211241
    vertex -0.01345524580716672 -0.01209112075552414 -0.008530015190142144
  endloop
endfacet
facet normal 0.494752 0.578666 0.648356
  outer loop
    vertex 0.0109239012632756 0.01016110042926244 0.01331992564756458
    vertex 0.01042420485673301 0.01254754130232567 0.01157130763445927
    vertex 0.008311710068675137 0.0120234010627028 0.01365112825445874
  endloop
endfacet
facet normal 0.157648 0.661529 -0.733162
  outer loop
    vertex 0.001534167147771264 0.01357752128519835 -0.01460469948039621
    vertex 0.004243177934628922 0.01397566851010583 -0.01366294736543747
    vertex 0.003876254893270989 0.0120087323960021 -0.01551660382440701
  endloop
endfacet
facet normal 0.0746734 0.292185 0.953442
  outer loop
    vertex 0.001434889865568951 0.007297781968237289 0.01856565294886658
    vertex 0.0001015606444908216 0.005228689830739698 0.01930415727477918
    vertex 0.002856507271043151 0.005129112375450465 0.0191189061520391
  endloop
endfacet
facet normal 0.436458 0.0830486 0.895884
  outer loop
    vertex 0.008677674782351177 0 0.01801937735804838
    vertex 0.009962868432376166 0.00248558560338795 0.01716284116361254
    vertex 0.007263018980815382 0.00218662074939841 0.01850587055457311
  endloop
endfacet
facet normal -0.411109 -0.00619261 0.911565
  outer loop
    vertex -0.007224589310172833 0.001133999626079573 0.01861503032894085
    vertex -0.00961200242126207 0.0004294078171869094 0.01753353981317494
    vertex -0.007338614358430967 -0.001482161858259047 0.01854583337367596
  endloop
endfacet
facet normal -0.205815 0.764653 0.610693
  outer loop
    vertex -0.003838089246529836 0.01427664735304886 0.01347020457500015
    vertex -0.002607446480022736 0.01585679668577594 0.01190643614688217
    vertex -0.005501971512668598 0.01551057413097806 0.01136443573615591
  endloop
endfacet
facet normal -0.122901 -0.98522 0.119315
  outer loop
    vertex -0.003436121623269411 -0.01967756698272546 0.0009931897253058987
    vertex -0.0007660609918010848 -0.01985550936753559 0.00227418080032069
    vertex -0.003097490924695548 -0.01936451557599451 0.003926969121153706
  endloop
endfacet
facet normal 0.491526 0.201882 0.84714
  outer loop
    vertex 0.01088690276457257 0.004812726065055723 0.0160721192136406
    vertex 0.008431616095338886 0.004242711790392 0.01763256211344486
    vertex 0.009962868432376166 0.00248558560338795 0.01716284116361254
  endloop
endfacet
facet normal -0.198342 0.756031 -0.62376
  outer loop
    vertex -0.003500916615266312 0.0140824393802459 -0.01376330207307286
    vertex -0.00551207657654024 0.01523164937339913 -0.01173089379289517
    vertex -0.002887250220621193 0.01607724870136504 -0.01154061784992376
  endloop
endfacet
facet normal 0.876502 -0.324561 -0.355532
  outer loop
    vertex 0.01672142266139784 -0.006987803375453122 -0.008459587942973155
    vertex 0.01802997991179568 -0.00491958921781563 -0.007121619640797754
    vertex 0.01765289504296705 -0.007429584193528098 -0.005759911050812055
  endloop
endfacet
facet normal -0.739009 -0.423332 -0.524077
  outer loop
    vertex -0.01567034049253637 -0.007109106769928733 -0.01019318545802677
    vertex -0.01369743370538739 -0.008679674943831485 -0.01170656024440746
    vertex -0.01468296532682848 -0.009750603860527996 -0.009451785734251971
  endloop
endfacet
facet normal -0.20637 0.474288 0.85584
  outer loop
    vertex -0.00363303553725223 0.008106322380426065 0.01791894500939344
    vertex -0.002919951936704327 0.01057156760948047 0.01672470744035662
    vertex -0.005705343050262979 0.009614146871634208 0.01658364376756393
  endloop
endfacet
facet normal -0.311435 0.314535 -0.896703
  outer loop
    vertex -0.007628270533127392 0.006692701469687055 -0.0172341879910563
    vertex -0.004928014407133619 0.007248052281628724 -0.01797721925454157
    vertex -0.005629135864389363 0.004922481693554808 -0.0185494475226855
  endloop
endfacet
facet normal -0.959212 -0.279684 0.0411027
  outer loop
    vertex -0.01875187804116484 -0.006689958704337211 0.001900400606067776
    vertex -0.01950189490975988 -0.004177963023688044 0.001490208006077358
    vertex -0.01908864044208665 -0.005922750741115534 -0.0007381258235216678
  endloop
endfacet
facet normal 0.836479 0.536061 0.113761
  outer loop
    vertex 0.01610816573340901 0.01178531492733815 0.001278025339533007
    vertex 0.01649780830111614 0.01063342309740806 0.003840915840152223
    vertex 0.01753851073397518 0.009360966644051916 0.002184707010833409
  endloop
endfacet
facet normal 0.378139 -0.925561 0.0186629
  outer loop
    vertex 0.008488415730153971 -0.01803648860440309 0.001622306141057242
    vertex 0.006236939672985831 -0.01896490529397306 0.001197059190753797
    vertex 0.007404050957109079 -0.01853730806377463 -0.001244282593805761
  endloop
endfacet
facet normal -0.173468 0.325333 -0.929552
  outer loop
    vertex -0.002841707100474017 0.004978450840939938 -0.01916089058419415
    vertex -0.004928014407133619 0.007248052281628724 -0.01797721925454157
    vertex -0.002303123693126854 0.007771446373924232 -0.0182838793069572
  endloop
endfacet
facet normal 0.921343 0.310271 0.234221
  outer loop
    vertex 0.01781617680097957 0.006818146888348496 0.006008054361034105
    vertex 0.01890692877395938 0.004708723031738096 0.004511759274031127
    vertex 0.01843520451419297 0.007007748857850018 0.003321850457979877
  endloop
endfacet
facet normal -0.199927 0.81122 0.549501
  outer loop
    vertex -0.005501971512668598 0.01551057413097806 0.01136443573615591
    vertex -0.002607446480022736 0.01585679668577594 0.01190643614688217
    vertex -0.004029807100682918 0.01711311659710464 0.009534248531750542
  endloop
endfacet
facet normal 0.537238 -0.712998 -0.450565
  outer loop
    vertex 0.01063887228114122 -0.01511245983580518 -0.007643818044455304
    vertex 0.009561495068234355 -0.0143690196862079 -0.01010490402317113
    vertex 0.01188083595797723 -0.01314372659676851 -0.009278372060282741
  endloop
endfacet
facet normal -0.0884638 -0.995009 0.0461749
  outer loop
    vertex -0.0009518240887646256 -0.0199698726796818 -0.0005460916235815754
    vertex -0.0007660609918010848 -0.01985550936753559 0.00227418080032069
    vertex -0.003436121623269411 -0.01967756698272546 0.0009931897253058987
  endloop
endfacet
facet normal 0.805522 -0.458936 0.374849
  outer loop
    vertex 0.01517722342431637 -0.00988634378178193 0.008480099985071194
    vertex 0.01602613042318281 -0.01015685721226666 0.006324665621893469
    vertex 0.01682155954180653 -0.007825313300664334 0.007469913408326996
  endloop
endfacet
facet normal 0.327175 0.428728 -0.84211
  outer loop
    vertex 0.006763795511551676 0.009951320010032442 -0.01597567839986275
    vertex 0.007921718541103932 0.007698996816517145 -0.01667248701828222
    vertex 0.005528053943007652 0.007579706775246806 -0.01766320086520207
  endloop
endfacet
facet normal -0.63152 -0.207835 0.746986
  outer loop
    vertex -0.01185927853505649 -0.00302869880594263 0.01581722150603038
    vertex -0.01365634013421498 -0.00308292438818483 0.01428285515418274
    vertex -0.01218428593719964 -0.005711492677237901 0.0147960139091046
  endloop
endfacet
facet normal -0.00336513 0.999419 0.0339232
  outer loop
    vertex -3.413538260087866e-05 0.01997831720026293 -0.0009304174446628144
    vertex -0.001555695329964721 0.0198980426968226 0.001283631129160812
    vertex 0.001300181013964485 0.01989956274962304 0.001522147070667438
  endloop
endfacet
facet normal 0.022653 -0.551376 0.833949
  outer loop
    vertex -0.0002818809471425107 -0.009688902245180594 0.01749416235248126
    vertex -0.0005076046007633852 -0.01219858705061178 0.01584098518205009
    vertex 0.002175033376747309 -0.01107770181040776 0.01650920205248345
  endloop
endfacet
facet normal -0.681408 -0.364113 -0.634905
  outer loop
    vertex -0.01238548038418905 -0.007348684710323815 -0.01387792162685469
    vertex -0.01369743370538739 -0.008679674943831485 -0.01170656024440746
    vertex -0.01446820599748917 -0.005796428568647655 -0.01253285406692281
  endloop
endfacet
facet normal 0.343856 0.815358 -0.465784
  outer loop
    vertex 0.007560086158834778 0.01534539088942498 -0.0103616637525905
    vertex 0.005378176738750629 0.01668882956460091 -0.009620716331462244
    vertex 0.007016029844401013 0.01698234678949887 -0.00789779860110852
  endloop
endfacet
facet normal -0.299674 0.933565 -0.196599
  outer loop
    vertex -0.004605137329083725 0.01917543533325511 -0.003330974325993984
    vertex -0.005858293274297065 0.01832027181272 -0.005481609309352755
    vertex -0.007407915160847141 0.01828061400598932 -0.003307861020919456
  endloop
endfacet
facet normal -0.850408 -0.490327 0.190749
  outer loop
    vertex -0.01765017617824639 -0.009024880265376145 0.002650059824322422
    vertex -0.01640134000026886 -0.01102205901938126 0.003083871133633342
    vertex -0.0168541688513899 -0.009378733728653445 0.00528926705469262
  endloop
endfacet
facet normal -0.0736727 -0.979578 0.18708
  outer loop
    vertex -0.003097490924695548 -0.01936451557599451 0.003926969121153706
    vertex -0.0007660609918010848 -0.01985550936753559 0.00227418080032069
    vertex -0.0004008565765325638 -0.01936707381988414 0.004975516622443232
  endloop
endfacet
facet normal -0.00944364 0.994242 0.106737
  outer loop
    vertex 0.001300181013964485 0.01989956274962304 0.001522147070667438
    vertex -0.001555695329964721 0.0198980426968226 0.001283631129160812
    vertex -0.0003507074212706963 0.0196480160246331 0.00371920295230398
  endloop
endfacet
facet normal -0.556158 0.422901 0.715432
  outer loop
    vertex -0.01024143956263105 0.009805981766453992 0.01410516349713634
    vertex -0.01238283718260579 0.00837224591948638 0.01328799614587238
    vertex -0.01092372791901074 0.007099339651012278 0.01517470081652321
  endloop
endfacet
facet normal 0.767053 0.163482 -0.620406
  outer loop
    vertex 0.01433884142339037 0.00264400754131991 -0.01368966218561684
    vertex 0.01510132004321702 0.004974045608300705 -0.01213297173980375
    vertex 0.01637269209718008 0.00255490081244008 -0.01119854612570443
  endloop
endfacet
facet normal -0.608134 0.729369 -0.31336
  outer loop
    vertex -0.01095950655679363 0.01571289128102176 -0.005744063337254193
    vertex -0.0115395690195447 0.0143212485927111 -0.007857492321913821
    vertex -0.01348596994555606 0.01360827740735572 -0.005739634189738103
  endloop
endfacet
facet normal 0.699993 0.563602 -0.438591
  outer loop
    vertex 0.01277794032557417 0.01192743300887143 -0.009719083436978493
    vertex 0.01424063350472995 0.01200763472050507 -0.007281556550826469
    vertex 0.01486257748686882 0.009858549802681913 -0.009050568282426272
  endloop
endfacet
facet normal 0.76867 0.512682 0.382498
  outer loop
    vertex 0.0162100099145621 0.008782804981089789 0.007752284517091887
    vertex 0.01567090877449483 0.01083466023857597 0.006085454436283443
    vertex 0.01434592662072135 0.01070644019685538 0.008920007158295207
  endloop
endfacet
facet normal -0.370059 0.0586277 -0.927157
  outer loop
    vertex -0.008819586763261928 0.001326075304669088 -0.01790129642265168
    vertex -0.006800719390091419 0.002614794149642711 -0.01862560246897342
    vertex -0.006477980025347403 -3.231982274257382e-05 -0.01892180568075515
  endloop
endfacet
facet normal -0.576465 0.487044 0.656107
  outer loop
    vertex -0.01024143956263105 0.009805981766453992 0.01410516349713634
    vertex -0.01164622773127602 0.01093573874854592 0.01203224823774878
    vertex -0.01238283718260579 0.00837224591948638 0.01328799614587238
  endloop
endfacet
facet normal 0.918242 0.26798 0.291581
  outer loop
    vertex 0.01781617680097957 0.006818146888348496 0.006008054361034105
    vertex 0.01809041313492303 0.004604780682347108 0.007178645239548145
    vertex 0.01890692877395938 0.004708723031738096 0.004511759274031127
  endloop
endfacet
facet normal 0.147071 -0.162096 0.975753
  outer loop
    vertex 0.001482052523141757 -0.002586302217727281 0.01977661652450257
    vertex 0.002892628096067879 -0.004829640010198005 0.01919133346252243
    vertex 0.004413050965075891 -0.002586302217727215 0.01933483959122035
  endloop
endfacet
facet normal 0.286696 -0.749584 -0.596599
  outer loop
    vertex 0.004240821771354512 -0.01546751609063034 -0.0119486976984815
    vertex 0.006120087517465489 -0.01391189391663675 -0.01300014370808294
    vertex 0.007014674273547918 -0.01513022013948623 -0.01103951010537652
  endloop
endfacet
facet normal 0.741213 0.60891 0.282544
  outer loop
    vertex 0.0138188968168378 0.01274612366076474 0.006824545581215147
    vertex 0.01567090877449483 0.01083466023857597 0.006085454436283443
    vertex 0.01505482037568744 0.01252535970784517 0.004058047269916298
  endloop
endfacet
facet normal 0.261463 -0.950056 0.170386
  outer loop
    vertex 0.006572667967512634 -0.0184703373821221 0.003955587539091545
    vertex 0.004210861312017367 -0.01901024519317958 0.004569379028505748
    vertex 0.004207063805035182 -0.01941374206783062 0.002325345794523118
  endloop
endfacet
facet normal -0.0015164 0.93736 -0.348358
  outer loop
    vertex -0.001532558333499255 0.01884906099878839 -0.006508775953923784
    vertex 0.0006121917151995265 0.01919013676962184 -0.005600345709601219
    vertex 0.0009980634262128476 0.01827609716799874 -0.008061522294401022
  endloop
endfacet
facet normal -0.45311 -0.880622 -0.138553
  outer loop
    vertex -0.01029024079149553 -0.01685647590309412 -0.00315755674239571
    vertex -0.008128631271636415 -0.01785005454837232 -0.003911637287621018
    vertex -0.008395381360429997 -0.01808861180336263 -0.001523054444264775
  endloop
endfacet
facet normal -0.47074 0.137404 -0.871507
  outer loop
    vertex -0.008396284211884557 0.003964811992379607 -0.01771391197049203
    vertex -0.008819586763261928 0.001326075304669088 -0.01790129642265168
    vertex -0.01080266050804742 0.002716913558898525 -0.01661086712550992
  endloop
endfacet
facet normal -0.808139 -0.539586 0.236133
  outer loop
    vertex -0.0168541688513899 -0.009378733728653445 0.00528926705469262
    vertex -0.01640134000026886 -0.01102205901938126 0.003083871133633342
    vertex -0.01513991989735549 -0.01209465670255136 0.004949960075504531
  endloop
endfacet
facet normal -0.574179 -0.358561 0.736038
  outer loop
    vertex -0.01218428593719964 -0.005711492677237901 0.0147960139091046
    vertex -0.01175133754543671 -0.008470708819873113 0.0137896032568792
    vertex -0.01013885706466709 -0.007794696371354807 0.01537681000404955
  endloop
endfacet
facet normal -0.122887 0.461229 0.87873
  outer loop
    vertex -0.0008178125075496706 0.009102876717290445 0.01778957048869665
    vertex -0.002919951936704327 0.01057156760948047 0.01672470744035662
    vertex -0.00363303553725223 0.008106322380426065 0.01791894500939344
  endloop
endfacet
facet normal 0.945715 -0.291453 0.143801
  outer loop
    vertex 0.01929168051047481 -0.005065978687918735 0.001472047219120284
    vertex 0.0188902374644048 -0.004982015191450011 0.004282342019334567
    vertex 0.01835390657470855 -0.007369441849549572 0.002970764257388601
  endloop
endfacet
facet normal 0.760541 0.629905 -0.157469
  outer loop
    vertex 0.01527605525501716 0.01204349434491852 -0.004647190528650415
    vertex 0.01430037396070201 0.01375271538992642 -0.002522325115395904
    vertex 0.01595271172653428 0.01191034642884922 -0.001911710363756665
  endloop
endfacet
facet normal -0.418556 0.217838 0.881679
  outer loop
    vertex -0.009046171009856538 0.00571308324446438 0.01689755810471594
    vertex -0.009400130197916566 0.003045983668659751 0.01738848859885399
    vertex -0.006863586915366949 0.004088097981149771 0.01833517465288299
  endloop
endfacet
facet normal 0.287498 0.8873 -0.360616
  outer loop
    vertex 0.007016029844401013 0.01698234678949887 -0.00789779860110852
    vertex 0.00431444979592282 0.0178243524499756 -0.007979848538506879
    vertex 0.005841334899458557 0.0182679139115037 -0.005671166362773815
  endloop
endfacet
facet normal -0.566122 -0.613814 -0.550216
  outer loop
    vertex -0.01005475815524041 -0.01236523125945306 -0.01208316574163706
    vertex -0.01137521075067056 -0.01329575452268016 -0.009686459211211241
    vertex -0.01255033855872996 -0.01115781830477739 -0.01086241652390622
  endloop
endfacet
facet normal 0.221109 0.920197 -0.323029
  outer loop
    vertex 0.005841334899458557 0.0182679139115037 -0.005671166362773815
    vertex 0.00431444979592282 0.0178243524499756 -0.007979848538506879
    vertex 0.002966468422568401 0.01887770542859064 -0.005901889769325076
  endloop
endfacet
facet normal -0.378066 -0.290252 -0.879102
  outer loop
    vertex -0.005989655099514176 -0.005922216324149825 -0.01813977358179636
    vertex -0.008105158950871612 -0.007186092140127459 -0.01681268801038978
    vertex -0.008675721154263495 -0.004567921601194259 -0.01743175133768285
  endloop
endfacet
facet normal 0.22289 -0.211933 0.951527
  outer loop
    vertex 0.002892628096067879 -0.004829640010198005 0.01919133346252243
    vertex 0.00588427673618854 -0.004927451189820908 0.01846877126567664
    vertex 0.004413050965075891 -0.002586302217727215 0.01933483959122035
  endloop
endfacet
facet normal -0.708465 0.682198 0.180784
  outer loop
    vertex -0.01450985292165974 0.01361181631360143 0.002045146654051121
    vertex -0.01507608814933152 0.01245261641070084 0.004200465526763662
    vertex -0.01313650240285775 0.01435544273788348 0.00462099214661319
  endloop
endfacet
facet normal 0.602534 -0.207939 0.770529
  outer loop
    vertex 0.0109056002879122 -0.005144419664221511 0.01595627866009679
    vertex 0.01301371417834327 -0.004913922926261803 0.01436998972717608
    vertex 0.01236509402995863 -0.002586302217942747 0.01550533748319416
  endloop
endfacet
facet normal 0.94893 0.27486 0.154867
  outer loop
    vertex 0.01843520451419297 0.007007748857850018 0.003321850457979877
    vertex 0.01890692877395938 0.004708723031738096 0.004511759274031127
    vertex 0.01932332529446882 0.004893012218402312 0.001633257785748194
  endloop
endfacet
facet normal -0.807229 0.370649 -0.459348
  outer loop
    vertex -0.01529777721450065 0.007405031745025916 -0.01054246257525551
    vertex -0.01685663679444286 0.006004800270119307 -0.00893287018243354
    vertex -0.01614546746556058 0.008585224400021414 -0.008100481610361315
  endloop
endfacet
facet normal -0.522177 -0.826597 0.209925
  outer loop
    vertex -0.009844016239115112 -0.01651295524970109 0.005515220141155497
    vertex -0.01163748805215829 -0.01571461052167138 0.004197605030019867
    vertex -0.01015102379816614 -0.01699364365511542 0.002858809397637458
  endloop
endfacet
facet normal 0.15191 -0.984529 -0.0873274
  outer loop
    vertex 0.001471143817804003 -0.01984319657998313 -0.002020714070689525
    vertex 0.003328843338057004 -0.01944322202008425 -0.003298472299168907
    vertex 0.004232902233936851 -0.01953451655755877 -0.0006965640964009659
  endloop
endfacet
facet normal -0.975352 -0.220501 -0.00823122
  outer loop
    vertex -0.01908864044208665 -0.005922750741115534 -0.0007381258235216678
    vertex -0.01950189490975988 -0.004177963023688044 0.001490208006077358
    vertex -0.0197130459281478 -0.003142287159563832 -0.001233633511856676
  endloop
endfacet
facet normal -0.985285 -0.134105 0.10597
  outer loop
    vertex -0.0199191169024808 -0.001405534687471333 0.001119488306155275
    vertex -0.01950189490975988 -0.004177963023688044 0.001490208006077358
    vertex -0.01947303625765223 -0.002614647598848026 0.003736907390075385
  endloop
endfacet
facet normal -0.0963822 0.961851 -0.256034
  outer loop
    vertex -0.001532558333499255 0.01884906099878839 -0.006508775953923784
    vertex -0.003380436495988176 0.01897226729131696 -0.005350301199317282
    vertex -0.00147763739458019 0.01959148583191139 -0.003740357018808972
  endloop
endfacet
facet normal 0.365185 0.0292418 0.930476
  outer loop
    vertex 0.008677674782351177 0 0.01801937735804838
    vertex 0.007263018980815382 0.00218662074939841 0.01850587055457311
    vertex 0.005895103488218104 0 0.01911145611572281
  endloop
endfacet
facet normal 0.132272 -0.985867 0.102812
  outer loop
    vertex 0.004207063805035182 -0.01941374206783062 0.002325345794523118
    vertex 0.001889487176551135 -0.0196045689914056 0.00347717023898269
    vertex 0.001631659157642521 -0.01991658193257699 0.0008169776718057944
  endloop
endfacet
facet normal -0.435675 0.899325 0.0374421
  outer loop
    vertex -0.008736773770170859 0.01796836464822577 -0.0008981402770420037
    vertex -0.01004497457747345 0.01724025048532965 0.001368301480304218
    vertex -0.007371287511443831 0.01852857085528759 0.001534986151149101
  endloop
endfacet
facet normal 0.594847 -0.29536 0.74761
  outer loop
    vertex 0.0109056002879122 -0.005144419664221511 0.01595627866009679
    vertex 0.01136286178536706 -0.00739878324268735 0.01470181548565938
    vertex 0.01301371417834327 -0.004913922926261803 0.01436998972717608
  endloop
endfacet
facet normal -0.637899 -0.642166 0.425098
  outer loop
    vertex -0.01341018909091458 -0.01307989196671033 0.007005944239365758
    vertex -0.01145854584339557 -0.01379623915545018 0.00885242974106123
    vertex -0.01296961395483418 -0.01173259240684995 0.009702339371373152
  endloop
endfacet
facet normal 0.474467 -0.763391 -0.438309
  outer loop
    vertex 0.008102143748976458 -0.01608932084745116 -0.00868844182455608
    vertex 0.009561495068234355 -0.0143690196862079 -0.01010490402317113
    vertex 0.01063887228114122 -0.01511245983580518 -0.007643818044455304
  endloop
endfacet
facet normal -0.875587 0.229442 -0.425093
  outer loop
    vertex -0.0180650047345829 0.004935862144989999 -0.007020888036790789
    vertex -0.01685663679444286 0.006004800270119307 -0.00893287018243354
    vertex -0.01737485953214726 0.003226487421425073 -0.009365043254440281
  endloop
endfacet
facet normal 0.243771 0.640678 -0.728085
  outer loop
    vertex 0.003876254893270989 0.0120087323960021 -0.01551660382440701
    vertex 0.004243177934628922 0.01397566851010583 -0.01366294736543747
    vertex 0.00640375502832408 0.01241131341695526 -0.01431611751849364
  endloop
endfacet
facet normal 0.895267 -0.390535 0.214427
  outer loop
    vertex 0.01835390657470855 -0.007369441849549572 0.002970764257388601
    vertex 0.01791178053520308 -0.006994566007506284 0.005499469467626641
    vertex 0.01722377341521468 -0.009062748090908741 0.004605239014652127
  endloop
endfacet
facet normal -0.21789 -0.622238 -0.751893
  outer loop
    vertex -0.002880380373647787 -0.01321358264556364 -0.01473447123489554
    vertex -0.00571641671350211 -0.01292653151676912 -0.01415017183300501
    vertex -0.004945020366946102 -0.01110131282256729 -0.01588419425674439
  endloop
endfacet
facet normal 0.966818 -0.210738 0.144404
  outer loop
    vertex 0.01961056316987575 -0.002586302217728273 0.002955816807396369
    vertex 0.0188902374644048 -0.004982015191450011 0.004282342019334567
    vertex 0.01929168051047481 -0.005065978687918735 0.001472047219120284
  endloop
endfacet
facet normal 0.553885 -0.461825 -0.69277
  outer loop
    vertex 0.01165747624444067 -0.007844642950368928 -0.01423252699247497
    vertex 0.01182370735582186 -0.009952033852424179 -0.0126947613827156
    vertex 0.009861375881927903 -0.01016708736236612 -0.01412032578524114
  endloop
endfacet
facet normal 0.556192 0.161262 0.815258
  outer loop
    vertex 0.01236489756322839 0.002545877812089063 0.01551218277409022
    vertex 0.01088690276457257 0.004812726065055723 0.0160721192136406
    vertex 0.009962868432376166 0.00248558560338795 0.01716284116361254
  endloop
endfacet
facet normal -0.0774616 0.996849 -0.0170913
  outer loop
    vertex -0.003020387280539283 0.01974495248056573 -0.001007031387672585
    vertex -0.001555695329964721 0.0198980426968226 0.001283631129160812
    vertex -3.413538260087866e-05 0.01997831720026293 -0.0009304174446628144
  endloop
endfacet
facet normal -0.967783 -0.200677 0.152068
  outer loop
    vertex -0.01950189490975988 -0.004177963023688044 0.001490208006077358
    vertex -0.01890434128452602 -0.005101538824048384 0.004074332120101678
    vertex -0.01947303625765223 -0.002614647598848026 0.003736907390075385
  endloop
endfacet
facet normal -0.989056 -0.146014 0.0211527
  outer loop
    vertex -0.0197130459281478 -0.003142287159563832 -0.001233633511856676
    vertex -0.01950189490975988 -0.004177963023688044 0.001490208006077358
    vertex -0.0199191169024808 -0.001405534687471333 0.001119488306155275
  endloop
endfacet
facet normal 0.643601 -0.722367 0.252909
  outer loop
    vertex 0.01216709900197288 -0.01538500141902274 0.003906844406021168
    vertex 0.01408116889914958 -0.01344942527230388 0.004564388488980343
    vertex 0.01273136350234798 -0.01393463701554608 0.006613491862553013
  endloop
endfacet
facet normal 0.013197 -0.984269 0.176184
  outer loop
    vertex -0.0007660609918010848 -0.01985550936753559 0.00227418080032069
    vertex 0.001889487176551135 -0.0196045689914056 0.00347717023898269
    vertex -0.0004008565765325638 -0.01936707381988414 0.004975516622443232
  endloop
endfacet
facet normal 0.19444 -0.290721 -0.936843
  outer loop
    vertex 0.00535280417773518 -0.005199033105715381 -0.01855579538043294
    vertex 0.004230463855475954 -0.007260905776041982 -0.0181488959134971
    vertex 0.002362861130460879 -0.0054910883024944 -0.01908572336937656
  endloop
endfacet
facet normal -0.0396903 -0.215551 -0.975686
  outer loop
    vertex -0.0009330956909252527 -0.006041212668477907 -0.01904292734654519
    vertex -0.002226922451587856 -0.003228801882165584 -0.01961162040220894
    vertex 0.0005749673976571835 -0.003166408076202448 -0.01973938378943454
  endloop
endfacet
facet normal 0.881137 -0.205874 -0.425692
  outer loop
    vertex 0.01802997991179568 -0.00491958921781563 -0.007121619640797754
    vertex 0.01677986106427927 -0.004671698166421311 -0.009829114858691004
    vertex 0.01790995490816657 -0.002485343835207912 -0.00854731426871822
  endloop
endfacet
facet normal -0.281161 0.802557 -0.526165
  outer loop
    vertex -0.00551207657654024 0.01523164937339913 -0.01173089379289517
    vertex -0.006887562103304868 0.01602456044906839 -0.009786467732909128
    vertex -0.004852449215755619 0.01686911638217276 -0.009585752400997197
  endloop
endfacet
facet normal 0.457711 -0.625034 -0.632324
  outer loop
    vertex 0.0104940546952439 -0.01220781983161023 -0.01186776942024799
    vertex 0.00835005104913822 -0.01367587029228034 -0.01196859303450117
    vertex 0.008044349038795147 -0.01214053682204393 -0.01370750940961308
  endloop
endfacet
facet normal -0.839218 0.430101 -0.332755
  outer loop
    vertex -0.01614546746556058 0.008585224400021414 -0.008100481610361315
    vertex -0.01738795006225897 0.00715087953085671 -0.006820858785194347
    vertex -0.01688465955342476 0.00933968260040869 -0.00526104558890768
  endloop
endfacet
facet normal -0.635896 -0.710674 -0.300964
  outer loop
    vertex -0.01387395497424183 -0.01313276531247042 -0.005919784507926283
    vertex -0.01233653763727513 -0.013834556691458 -0.007510983975147927
    vertex -0.01189876407817923 -0.01523614761686042 -0.005126326092736389
  endloop
endfacet
facet normal -0.105059 -0.595228 0.79666
  outer loop
    vertex -0.002954091582332172 -0.0107118537917944 0.01662917710731395
    vertex -0.003185334942808993 -0.01275310125280682 0.01507355464838262
    vertex -0.0005076046007633852 -0.01219858705061178 0.01584098518205009
  endloop
endfacet
facet normal 0.41141 -0.761456 -0.500925
  outer loop
    vertex 0.007014674273547918 -0.01513022013948623 -0.01103951010537652
    vertex 0.009561495068234355 -0.0143690196862079 -0.01010490402317113
    vertex 0.008102143748976458 -0.01608932084745116 -0.00868844182455608
  endloop
endfacet
facet normal -0.767636 0.264768 0.583637
  outer loop
    vertex -0.01470721128462241 0.006628241346526509 0.01182219746416341
    vertex -0.01625398589971385 0.005004449718020742 0.01052442043020449
    vertex -0.01518497328648249 0.003999828560733524 0.01238620029603726
  endloop
endfacet
facet normal -0.320567 -0.0110804 0.947161
  outer loop
    vertex -0.007224589310172833 0.001133999626079573 0.01861503032894085
    vertex -0.007338614358430967 -0.001482161858259047 0.01854583337367596
    vertex -0.004899723461399158 -0.0005813367490429341 0.01938181512619566
  endloop
endfacet
facet normal -0.955983 -0.264787 0.126426
  outer loop
    vertex -0.01875187804116484 -0.006689958704337211 0.001900400606067776
    vertex -0.01890434128452602 -0.005101538824048384 0.004074332120101678
    vertex -0.01950189490975988 -0.004177963023688044 0.001490208006077358
  endloop
endfacet
facet normal -0.486773 0.487066 -0.725134
  outer loop
    vertex -0.01091830500285607 0.009950784360375458 -0.01348230345593494
    vertex -0.008716391217703822 0.01092725207097473 -0.01430453376791128
    vertex -0.009171069036642684 0.008672231111294348 -0.0155139904691679
  endloop
endfacet
facet normal 0.0139644 0.0780974 -0.996848
  outer loop
    vertex 1.224646799147353e-18 0 -0.02
    vertex -0.001007469810393862 0.002485038283500497 -0.01981942454539692
    vertex 0.001482052523137759 0.002586302217718858 -0.01977661652450397
  endloop
endfacet
facet normal 0.016241 0.509701 0.860198
  outer loop
    vertex -0.0008178125075496706 0.009102876717290445 0.01778957048869665
    vertex 0.001682029611248477 0.009291260315419617 0.01763074752068079
    vertex 0.0006630919985868339 0.01157360660949904 0.01629760531642518
  endloop
endfacet
facet normal 0.815776 -0.309492 -0.488594
  outer loop
    vertex 0.01538705106244063 -0.006435731266680595 -0.01103721081908444
    vertex 0.01677986106427927 -0.004671698166421311 -0.009829114858691004
    vertex 0.01672142266139784 -0.006987803375453122 -0.008459587942973155
  endloop
endfacet
facet normal 0.856945 -0.154707 -0.49164
  outer loop
    vertex 0.01790995490816657 -0.002485343835207912 -0.00854731426871822
    vertex 0.01677986106427927 -0.004671698166421311 -0.009829114858691004
    vertex 0.01638602604955429 -0.002586302217728838 -0.01117180339703036
  endloop
endfacet
facet normal -0.235387 0.942417 -0.237578
  outer loop
    vertex -0.004605137329083725 0.01917543533325511 -0.003330974325993984
    vertex -0.003380436495988176 0.01897226729131696 -0.005350301199317282
    vertex -0.005858293274297065 0.01832027181272 -0.005481609309352755
  endloop
endfacet
facet normal -0.107733 -0.244423 -0.963665
  outer loop
    vertex -0.003791771688676353 -0.004475331866597479 -0.01912050920202623
    vertex -0.002226922451587856 -0.003228801882165584 -0.01961162040220894
    vertex -0.0009330956909252527 -0.006041212668477907 -0.01904292734654519
  endloop
endfacet
facet normal 0.432002 -0.536422 0.725001
  outer loop
    vertex 0.009354643798514948 -0.01161476912779601 0.01332620641859124
    vertex 0.009416887314840644 -0.009363308269170086 0.0149549554180574
    vertex 0.007179376807155411 -0.01078994106687248 0.0152326530989942
  endloop
endfacet
facet normal -0.443742 -0.495871 -0.746462
  outer loop
    vertex -0.009896626046684225 -0.008720362012396525 -0.01503369812337746
    vertex -0.00776285837106089 -0.009342486028069632 -0.01588886354419893
    vertex -0.008289223019767825 -0.01124548251392225 -0.01431180997489906
  endloop
endfacet
facet normal 0.919229 -0.278745 0.278063
  outer loop
    vertex 0.01808436735795401 -0.005012110041786545 0.006916242490803069
    vertex 0.01791178053520308 -0.006994566007506284 0.005499469467626641
    vertex 0.0188902374644048 -0.004982015191450011 0.004282342019334567
  endloop
endfacet
facet normal -0.574364 -0.747424 -0.33386
  outer loop
    vertex -0.01189876407817923 -0.01523614761686042 -0.005126326092736389
    vertex -0.01233653763727513 -0.013834556691458 -0.007510983975147927
    vertex -0.01039343855812752 -0.01516941082042601 -0.007865456776282639
  endloop
endfacet
facet normal 0.444474 0.315851 -0.838261
  outer loop
    vertex 0.007691563023524575 0.005492749646042864 -0.01762582082006525
    vertex 0.007921718541103932 0.007698996816517145 -0.01667248701828222
    vertex 0.01029757111373757 0.006525648547742102 -0.0158548396456372
  endloop
endfacet
facet normal 0.277609 0.38747 0.879091
  outer loop
    vertex 0.003927628740660024 0.007318100842064091 0.01819393120084063
    vertex 0.006979893516034324 0.006673770312330759 0.01751404797078833
    vertex 0.006514357614166273 0.00894340199868578 0.01666069342988632
  endloop
endfacet
facet normal 0.239025 -0.672676 -0.700267
  outer loop
    vertex 0.005303149971570375 -0.01212578066313645 -0.01499473386521212
    vertex 0.006120087517465489 -0.01391189391663675 -0.01300014370808294
    vertex 0.003079072882530255 -0.01373370857841873 -0.01420931239951936
  endloop
endfacet
facet normal -0.171414 -0.552767 -0.815516
  outer loop
    vertex -0.002808443496181078 -0.009881501915408056 -0.0171600863932716
    vertex -0.001985254929006451 -0.01166197574849317 -0.01612628551491052
    vertex -0.004945020366946102 -0.01110131282256729 -0.01588419425674439
  endloop
endfacet
facet normal 0.60893 0.792819 0.0253548
  outer loop
    vertex 0.01214937084141399 0.0157511105349981 0.002072511778512067
    vertex 0.01322382114292007 0.01500150222771668 -0.000292378678893633
    vertex 0.01113381074637772 0.0166098422535651 -0.0003890996986990377
  endloop
endfacet
facet normal -0.263228 0.872784 -0.411047
  outer loop
    vertex -0.004852449215755619 0.01686911638217276 -0.009585752400997197
    vertex -0.006710588034352974 0.01716166553930181 -0.007774653956951347
    vertex -0.004195796911756698 0.01812689041676609 -0.007335607138734094
  endloop
endfacet
facet normal -0.923468 -0.264846 0.277604
  outer loop
    vertex -0.01860056336387855 -0.003904574570930375 0.006226824227998013
    vertex -0.01890434128452602 -0.005101538824048384 0.004074332120101678
    vertex -0.01785259750162033 -0.006588297627479022 0.006154599647165824
  endloop
endfacet
facet normal 0.469275 -0.872066 0.138856
  outer loop
    vertex 0.008488415730153971 -0.01803648860440309 0.001622306141057242
    vertex 0.0106463621279654 -0.01680352522976002 0.002072803245135064
    vertex 0.009403394606703976 -0.01711432192793117 0.004321591699564501
  endloop
endfacet
facet normal 0.660242 0.748428 0.0627382
  outer loop
    vertex 0.01421015897907401 0.01395202373730489 0.00184727242796592
    vertex 0.01322382114292007 0.01500150222771668 -0.000292378678893633
    vertex 0.01214937084141399 0.0157511105349981 0.002072511778512067
  endloop
endfacet
facet normal -0.507728 -0.67106 -0.54027
  outer loop
    vertex -0.0090401569125825 -0.014552573024886 -0.01031979560607899
    vertex -0.01137521075067056 -0.01329575452268016 -0.009686459211211241
    vertex -0.01005475815524041 -0.01236523125945306 -0.01208316574163706
  endloop
endfacet
facet normal 0.747414 -0.643447 0.165377
  outer loop
    vertex 0.01585528214774765 -0.01159225367200554 0.00377222518140007
    vertex 0.01408116889914958 -0.01344942527230388 0.004564388488980343
    vertex 0.01436561235173785 -0.01376041154524145 0.002068877924185626
  endloop
endfacet
facet normal -0.521618 0.841907 0.138232
  outer loop
    vertex -0.01004497457747345 0.01724025048532965 0.001368301480304218
    vertex -0.01130965254214482 0.01607133156093123 0.003715381707788974
    vertex -0.009399124875093798 0.01724459833623997 0.003778925747370879
  endloop
endfacet
facet normal 0.0020834 0.33496 0.94223
  outer loop
    vertex -0.001498639733280839 0.006644230320003349 0.01880447506325503
    vertex 0.0001015606444908216 0.005228689830739698 0.01930415727477918
    vertex 0.001434889865568951 0.007297781968237289 0.01856565294886658
  endloop
endfacet
facet normal 0.523021 -0.330975 0.785433
  outer loop
    vertex 0.009122894305100956 -0.007179039838935606 0.01628601198848054
    vertex 0.01136286178536706 -0.00739878324268735 0.01470181548565938
    vertex 0.0109056002879122 -0.005144419664221511 0.01595627866009679
  endloop
endfacet
facet normal -0.633181 -0.75037 -0.189807
  outer loop
    vertex -0.01189876407817923 -0.01523614761686042 -0.005126326092736389
    vertex -0.01226292753555226 -0.01561219794212659 -0.002424847144389192
    vertex -0.01381353462090354 -0.01407333979664161 -0.0033357710121294
  endloop
endfacet
facet normal -0.703474 0.657344 0.270227
  outer loop
    vertex -0.01313650240285775 0.01435544273788348 0.00462099214661319
    vertex -0.01507608814933152 0.01245261641070084 0.004200465526763662
    vertex -0.01443550213183329 0.01210362102297201 0.006717040742328921
  endloop
endfacet
facet normal -0.563999 -0.70823 -0.424635
  outer loop
    vertex -0.01039343855812752 -0.01516941082042601 -0.007865456776282639
    vertex -0.01233653763727513 -0.013834556691458 -0.007510983975147927
    vertex -0.01137521075067056 -0.01329575452268016 -0.009686459211211241
  endloop
endfacet
facet normal 0.934263 0.201912 0.293911
  outer loop
    vertex 0.01890692877395938 0.004708723031738096 0.004511759274031127
    vertex 0.01809041313492303 0.004604780682347108 0.007178645239548145
    vertex 0.01896074249368627 0.002525413801058274 0.005840593225139401
  endloop
endfacet
facet normal 0.821726 0.473505 0.31711
  outer loop
    vertex 0.01716282745290345 0.008949204803201587 0.005034787702795157
    vertex 0.01567090877449483 0.01083466023857597 0.006085454436283443
    vertex 0.0162100099145621 0.008782804981089789 0.007752284517091887
  endloop
endfacet
facet normal 0.880733 0.202572 0.428105
  outer loop
    vertex 0.01787688837697804 0.002510183621731824 0.008609055705607721
    vertex 0.01809041313492303 0.004604780682347108 0.007178645239548145
    vertex 0.0168332490602236 0.004877979041180611 0.009635717230714271
  endloop
endfacet
facet normal -0.597796 0.764221 0.242085
  outer loop
    vertex -0.01089822547620739 0.01572008242393229 0.005840178940282498
    vertex -0.01130965254214482 0.01607133156093123 0.003715381707788974
    vertex -0.01313650240285775 0.01435544273788348 0.00462099214661319
  endloop
endfacet
facet normal 0.869963 0.265393 0.415609
  outer loop
    vertex 0.01809041313492303 0.004604780682347108 0.007178645239548145
    vertex 0.01693208860503219 0.006734035012814573 0.008243612552608633
    vertex 0.0168332490602236 0.004877979041180611 0.009635717230714271
  endloop
endfacet
facet normal 0.414539 -0.3206 0.851688
  outer loop
    vertex 0.008571495672925058 -0.005118448222295615 0.01733005913794601
    vertex 0.007045801363556882 -0.006451864668423719 0.01757071784093199
    vertex 0.009122894305100956 -0.007179039838935606 0.01628601198848054
  endloop
endfacet
facet normal -0.566719 -0.566064 -0.598666
  outer loop
    vertex -0.01255033855872996 -0.01115781830477739 -0.01086241652390622
    vertex -0.01113227157447529 -0.01016675834669658 -0.01314190071154111
    vertex -0.01005475815524041 -0.01236523125945306 -0.01208316574163706
  endloop
endfacet
facet normal 0.966809 0.204657 0.152959
  outer loop
    vertex 0.01932332529446882 0.004893012218402312 0.001633257785748194
    vertex 0.01890692877395938 0.004708723031738096 0.004511759274031127
    vertex 0.0196244111066444 0.002487568827197088 0.002948642068371353
  endloop
endfacet
facet normal 0.00122339 0.725231 0.688505
  outer loop
    vertex 0.0001915962511717282 0.01556042263859085 0.01256330124549143
    vertex -0.001586320706547807 0.01447261087060627 0.01371229817368289
    vertex 0.0007166043986598676 0.01345543915871535 0.01477963582710788
  endloop
endfacet
facet normal 0.963023 0.156995 0.218948
  outer loop
    vertex 0.0196244111066444 0.002487568827197088 0.002948642068371353
    vertex 0.01890692877395938 0.004708723031738096 0.004511759274031127
    vertex 0.01896074249368627 0.002525413801058274 0.005840593225139401
  endloop
endfacet
facet normal 0.610496 0.789638 -0.0613735
  outer loop
    vertex 0.01113381074637772 0.0166098422535651 -0.0003890996986990377
    vertex 0.01322382114292007 0.01500150222771668 -0.000292378678893633
    vertex 0.01235725872884519 0.01547818703444771 -0.002779187441507708
  endloop
endfacet
facet normal -0.351077 -0.415264 -0.839226
  outer loop
    vertex -0.005554823356780697 -0.008701752923704325 -0.01712960692864162
    vertex -0.00776285837106089 -0.009342486028069632 -0.01588886354419893
    vertex -0.008105158950871612 -0.007186092140127459 -0.01681268801038978
  endloop
endfacet
facet normal 0.863832 -0.272386 -0.423792
  outer loop
    vertex 0.01672142266139784 -0.006987803375453122 -0.008459587942973155
    vertex 0.01677986106427927 -0.004671698166421311 -0.009829114858691004
    vertex 0.01802997991179568 -0.00491958921781563 -0.007121619640797754
  endloop
endfacet
facet normal 0.188867 0.292462 -0.937441
  outer loop
    vertex 0.005092870844608128 0.004993720675584473 -0.01868489819009942
    vertex 0.002711827268312045 0.004798497965790705 -0.01922551456110191
    vertex 0.002882611243747806 0.007109541714964728 -0.01847011015182625
  endloop
endfacet
facet normal -0.210471 0.292947 -0.932676
  outer loop
    vertex -0.005629135864389363 0.004922481693554808 -0.0185494475226855
    vertex -0.004928014407133619 0.007248052281628724 -0.01797721925454157
    vertex -0.002841707100474017 0.004978450840939938 -0.01916089058419415
  endloop
endfacet
facet normal 0.487026 -0.871776 0.0530314
  outer loop
    vertex 0.01025531826803249 -0.01716757690247786 -0.0003205472178447027
    vertex 0.0106463621279654 -0.01680352522976002 0.002072803245135064
    vertex 0.008488415730153971 -0.01803648860440309 0.001622306141057242
  endloop
endfacet
facet normal -0.316214 0.367097 -0.874785
  outer loop
    vertex -0.007628270533127392 0.006692701469687055 -0.0172341879910563
    vertex -0.006589860696811157 0.008621071127098756 -0.01680032346766358
    vertex -0.004928014407133619 0.007248052281628724 -0.01797721925454157
  endloop
endfacet
facet normal -0.339141 0.762574 -0.550876
  outer loop
    vertex -0.008014565552088833 0.01449619262877102 -0.01120835127397583
    vertex -0.006887562103304868 0.01602456044906839 -0.009786467732909128
    vertex -0.00551207657654024 0.01523164937339913 -0.01173089379289517
  endloop
endfacet
facet normal -0.370919 -0.670831 0.642187
  outer loop
    vertex -0.008222551726450105 -0.01403488740069984 0.01163664808935672
    vertex -0.00596257768164904 -0.01400912049362221 0.01296889395382177
    vertex -0.008258225465305045 -0.01224614147304726 0.01348457382293927
  endloop
endfacet
facet normal -0.766366 0.627778 0.136303
  outer loop
    vertex -0.01624105040996724 0.01143914463054114 0.002318243236259859
    vertex -0.01507608814933152 0.01245261641070084 0.004200465526763662
    vertex -0.01450985292165974 0.01361181631360143 0.002045146654051121
  endloop
endfacet
facet normal 0.237299 -0.970579 0.0408194
  outer loop
    vertex 0.004232902233936851 -0.01953451655755877 -0.0006965640964009659
    vertex 0.006236939672985831 -0.01896490529397306 0.001197059190753797
    vertex 0.004207063805035182 -0.01941374206783062 0.002325345794523118
  endloop
endfacet
facet normal -0.501837 0.864881 -0.0118122
  outer loop
    vertex -0.0113080395676896 0.01647810136087766 -0.0007748655858976006
    vertex -0.01004497457747345 0.01724025048532965 0.001368301480304218
    vertex -0.008736773770170859 0.01796836464822577 -0.0008981402770420037
  endloop
endfacet
facet normal -0.735624 -0.165162 0.656947
  outer loop
    vertex -0.01469558294446595 -0.004808710591883494 0.01268527273517716
    vertex -0.01365634013421498 -0.00308292438818483 0.01428285515418274
    vertex -0.01528658492970895 -0.001890005666234835 0.01275728026533852
  endloop
endfacet
facet normal 0.285731 -0.933661 -0.215949
  outer loop
    vertex 0.007170867004065914 -0.01817364960170901 -0.004277514063600587
    vertex 0.005297159736078366 -0.01906797477319929 -0.00289005826569392
    vertex 0.004425554854068338 -0.01881194853033499 -0.005150248219810304
  endloop
endfacet
facet normal -0.573029 -0.797616 -0.188275
  outer loop
    vertex -0.01029024079149553 -0.01685647590309412 -0.00315755674239571
    vertex -0.01226292753555226 -0.01561219794212659 -0.002424847144389192
    vertex -0.01189876407817923 -0.01523614761686042 -0.005126326092736389
  endloop
endfacet
facet normal 0.878733 -0.325796 0.348834
  outer loop
    vertex 0.01682155954180653 -0.007825313300664334 0.007469913408326996
    vertex 0.01791178053520308 -0.006994566007506284 0.005499469467626641
    vertex 0.01808436735795401 -0.005012110041786545 0.006916242490803069
  endloop
endfacet
facet normal -0.082496 0.97147 0.222353
  outer loop
    vertex -0.0003507074212706963 0.0196480160246331 0.00371920295230398
    vertex -0.002578431574203776 0.01956169655585764 0.003269819333494775
    vertex -0.002335207835854259 0.01902078032873632 0.005723348674449446
  endloop
endfacet
facet normal -0.186651 0.414105 -0.890886
  outer loop
    vertex -0.002303123693126854 0.007771446373924232 -0.0182838793069572
    vertex -0.004928014407133619 0.007248052281628724 -0.01797721925454157
    vertex -0.004544253720707699 0.009412420720725031 -0.01705157160785774
  endloop
endfacet
facet normal -0.431794 0.0847438 0.897983
  outer loop
    vertex -0.009400130197916566 0.003045983668659751 0.01738848859885399
    vertex -0.00961200242126207 0.0004294078171869094 0.01753353981317494
    vertex -0.007224589310172833 0.001133999626079573 0.01861503032894085
  endloop
endfacet
facet normal -0.153957 0.969459 -0.190912
  outer loop
    vertex -0.00147763739458019 0.01959148583191139 -0.003740357018808972
    vertex -0.003380436495988176 0.01897226729131696 -0.005350301199317282
    vertex -0.004605137329083725 0.01917543533325511 -0.003330974325993984
  endloop
endfacet
facet normal 0.0818919 -0.661548 -0.745418
  outer loop
    vertex -3.015960211112467e-05 -0.01340875602629485 -0.014839284087371
    vertex 0.002287142421986629 -0.01199436250936265 -0.01583995730851396
    vertex 0.003079072882530255 -0.01373370857841873 -0.01420931239951936
  endloop
endfacet
facet normal -0.134958 0.748095 0.649723
  outer loop
    vertex -0.003838089246529836 0.01427664735304886 0.01347020457500015
    vertex -0.001586320706547807 0.01447261087060627 0.01371229817368289
    vertex -0.002607446480022736 0.01585679668577594 0.01190643614688217
  endloop
endfacet
facet normal -0.495926 0.558153 -0.665224
  outer loop
    vertex -0.009641598509717802 0.01240933963174983 -0.01237125167803526
    vertex -0.008716391217703822 0.01092725207097473 -0.01430453376791128
    vertex -0.01091830500285607 0.009950784360375458 -0.01348230345593494
  endloop
endfacet
facet normal 0.719745 0.663762 -0.203436
  outer loop
    vertex 0.01337257739536392 0.01396160796778907 -0.005123248652834502
    vertex 0.01430037396070201 0.01375271538992642 -0.002522325115395904
    vertex 0.01527605525501716 0.01204349434491852 -0.004647190528650415
  endloop
endfacet
facet normal -0.366322 0.897718 -0.244766
  outer loop
    vertex -0.007407915160847141 0.01828061400598932 -0.003307861020919456
    vertex -0.005858293274297065 0.01832027181272 -0.005481609309352755
    vertex -0.008478923923269453 0.01718142689716544 -0.005736411672881312
  endloop
endfacet
facet normal -0.712573 -0.0828345 0.696691
  outer loop
    vertex -0.01528658492970895 -0.001890005666234835 0.01275728026533852
    vertex -0.01365634013421498 -0.00308292438818483 0.01428285515418274
    vertex -0.01350883757075548 -0.0005122522324753235 0.01473936583226257
  endloop
endfacet
facet normal -0.557056 -0.827057 0.0752735
  outer loop
    vertex -0.01015102379816614 -0.01699364365511542 0.002858809397637458
    vertex -0.01247644264856993 -0.01551245056308177 0.001924124830900945
    vertex -0.01093836900449737 -0.01674242948418879 -0.0002076980703256324
  endloop
endfacet
facet normal 0.131438 0.407519 0.903688
  outer loop
    vertex 0.003927628740660024 0.007318100842064091 0.01819393120084063
    vertex 0.001682029611248477 0.009291260315419617 0.01763074752068079
    vertex 0.001434889865568951 0.007297781968237289 0.01856565294886658
  endloop
endfacet
facet normal 0.672252 -0.721352 0.166518
  outer loop
    vertex 0.01436561235173785 -0.01376041154524145 0.002068877924185626
    vertex 0.01408116889914958 -0.01344942527230388 0.004564388488980343
    vertex 0.01216709900197288 -0.01538500141902274 0.003906844406021168
  endloop
endfacet
facet normal 0.81369 0.320438 0.485003
  outer loop
    vertex 0.0168332490602236 0.004877979041180611 0.009635717230714271
    vertex 0.01693208860503219 0.006734035012814573 0.008243612552608633
    vertex 0.01534376932820004 0.007581292948944494 0.01034856222019621
  endloop
endfacet
facet normal 0.923221 -0.32233 0.209203
  outer loop
    vertex 0.0188902374644048 -0.004982015191450011 0.004282342019334567
    vertex 0.01791178053520308 -0.006994566007506284 0.005499469467626641
    vertex 0.01835390657470855 -0.007369441849549572 0.002970764257388601
  endloop
endfacet
facet normal -0.878072 0.394706 -0.27055
  outer loop
    vertex -0.01688465955342476 0.00933968260040869 -0.00526104558890768
    vertex -0.01738795006225897 0.00715087953085671 -0.006820858785194347
    vertex -0.01826702168555293 0.006616981931044123 -0.004746732440719052
  endloop
endfacet
facet normal 0.562196 -0.826312 0.0338341
  outer loop
    vertex 0.01247719183955863 -0.01560911411653127 0.0008217300627065938
    vertex 0.0106463621279654 -0.01680352522976002 0.002072803245135064
    vertex 0.01025531826803249 -0.01716757690247786 -0.0003205472178447027
  endloop
endfacet
facet normal -0.590412 0.66806 -0.45289
  outer loop
    vertex -0.01302754140313902 0.01249873137455389 -0.008606095457072317
    vertex -0.0115395690195447 0.0143212485927111 -0.007857492321913821
    vertex -0.01063146973402609 0.01364209625641223 -0.01004315991236178
  endloop
endfacet
facet normal -0.205611 -0.578346 0.789455
  outer loop
    vertex -0.005693247119705732 -0.01160340259606881 0.01526263363340371
    vertex -0.003185334942808993 -0.01275310125280682 0.01507355464838262
    vertex -0.002954091582332172 -0.0107118537917944 0.01662917710731395
  endloop
endfacet
facet normal 0.650657 -0.481211 -0.587436
  outer loop
    vertex 0.01293059231622096 -0.01081960543986101 -0.01075806304487092
    vertex 0.01182370735582186 -0.009952033852424179 -0.0126947613827156
    vertex 0.01350091284502409 -0.008233775957973649 -0.01224460231387523
  endloop
endfacet
facet normal 0.667935 0.738614 -0.0911697
  outer loop
    vertex 0.01322382114292007 0.01500150222771668 -0.000292378678893633
    vertex 0.01430037396070201 0.01375271538992642 -0.002522325115395904
    vertex 0.01235725872884519 0.01547818703444771 -0.002779187441507708
  endloop
endfacet
facet normal -0.417894 -0.862195 0.286329
  outer loop
    vertex -0.007506042769330033 -0.01710143601174277 0.007155432082079732
    vertex -0.009844016239115112 -0.01651295524970109 0.005515220141155497
    vertex -0.007894953170992095 -0.01787693323645664 0.004252643000195759
  endloop
endfacet
facet normal 0.508102 -0.514007 0.691107
  outer loop
    vertex 0.01153188592740833 -0.009644157434004291 0.01319112710671008
    vertex 0.009416887314840644 -0.009363308269170086 0.0149549554180574
    vertex 0.009354643798514948 -0.01161476912779601 0.01332620641859124
  endloop
endfacet
facet normal -0.809453 0.176514 0.560026
  outer loop
    vertex -0.01518497328648249 0.003999828560733524 0.01238620029603726
    vertex -0.01625398589971385 0.005004449718020742 0.01052442043020449
    vertex -0.0169842450032669 0.002464884819562807 0.01026936047158207
  endloop
endfacet
facet normal -0.853375 0.51594 0.0745421
  outer loop
    vertex -0.01729351041590856 0.01004621782499314 -8.947014950443486e-05
    vertex -0.01766155688074753 0.009084354401794632 0.00235455168784081
    vertex -0.01624105040996724 0.01143914463054114 0.002318243236259859
  endloop
endfacet
facet normal 0.277462 -0.424795 0.861722
  outer loop
    vertex 0.004864601961314144 -0.009851246450928745 0.01671192960495712
    vertex 0.007048402985839888 -0.008530265679260258 0.01665996947147377
    vertex 0.005045491721055869 -0.007164720333600284 0.01797803648438982
  endloop
endfacet
facet normal 0.355258 -0.712641 -0.604926
  outer loop
    vertex 0.006120087517465489 -0.01391189391663675 -0.01300014370808294
    vertex 0.00835005104913822 -0.01367587029228034 -0.01196859303450117
    vertex 0.007014674273547918 -0.01513022013948623 -0.01103951010537652
  endloop
endfacet
facet normal -0.780075 0.605081 -0.159247
  outer loop
    vertex -0.01465719261056881 0.01330407887723674 -0.002858004549497872
    vertex -0.01546514622550374 0.01177557947725694 -0.004707969859567155
    vertex -0.01651653066584061 0.01097286645493463 -0.002607760826171955
  endloop
endfacet
facet normal 0.212701 0.822394 -0.527661
  outer loop
    vertex 0.00290886464619981 0.01695540642827381 -0.01020062249679596
    vertex 0.005378176738750629 0.01668882956460091 -0.009620716331462244
    vertex 0.004866319820212711 0.01556791927173088 -0.01157405810233711
  endloop
endfacet
facet normal 0.539256 -0.441779 0.716962
  outer loop
    vertex 0.01136286178536706 -0.00739878324268735 0.01470181548565938
    vertex 0.009416887314840644 -0.009363308269170086 0.0149549554180574
    vertex 0.01153188592740833 -0.009644157434004291 0.01319112710671008
  endloop
endfacet
facet normal -0.838167 0.362466 -0.407547
  outer loop
    vertex -0.01685663679444286 0.006004800270119307 -0.00893287018243354
    vertex -0.01738795006225897 0.00715087953085671 -0.006820858785194347
    vertex -0.01614546746556058 0.008585224400021414 -0.008100481610361315
  endloop
endfacet
facet normal 0.28426 -0.332213 -0.89935
  outer loop
    vertex 0.006513543611799223 -0.007773599925096489 -0.01723789122316675
    vertex 0.004230463855475954 -0.007260905776041982 -0.0181488959134971
    vertex 0.00535280417773518 -0.005199033105715381 -0.01855579538043294
  endloop
endfacet
facet normal -0.840287 0.232888 -0.489573
  outer loop
    vertex -0.01737485953214726 0.003226487421425073 -0.009365043254440281
    vertex -0.01685663679444286 0.006004800270119307 -0.00893287018243354
    vertex -0.01594005161518303 0.004683372004136621 -0.01113466574155552
  endloop
endfacet
facet normal 0.0589293 -0.968102 0.243527
  outer loop
    vertex -0.0004008565765325638 -0.01936707381988414 0.004975516622443232
    vertex 0.001889487176551135 -0.0196045689914056 0.00347717023898269
    vertex 0.002345381167030299 -0.01897541901456566 0.005867934935136843
  endloop
endfacet
facet normal 0.0973182 0.965694 -0.240758
  outer loop
    vertex 0.002966468422568401 0.01887770542859064 -0.005901889769325076
    vertex 0.0006121917151995265 0.01919013676962184 -0.005600345709601219
    vertex 0.001587545792193148 0.01965460588768893 -0.003343077288564193
  endloop
endfacet
facet normal -0.0744965 0.0421963 -0.996328
  outer loop
    vertex 1.224646799147353e-18 0 -0.02
    vertex -0.002319757983366005 -0.0006539568005461643 -0.01985424547550546
    vertex -0.001007469810393862 0.002485038283500497 -0.01981942454539692
  endloop
endfacet
facet normal -0.853268 -0.511484 0.101579
  outer loop
    vertex -0.01674866163289286 -0.01090444160336683 0.0007586084798005216
    vertex -0.01640134000026886 -0.01102205901938126 0.003083871133633342
    vertex -0.01765017617824639 -0.009024880265376145 0.002650059824322422
  endloop
endfacet
facet normal 0.20743 -0.972469 -0.106195
  outer loop
    vertex 0.004232902233936851 -0.01953451655755877 -0.0006965640964009659
    vertex 0.003328843338057004 -0.01944322202008425 -0.003298472299168907
    vertex 0.005297159736078366 -0.01906797477319929 -0.00289005826569392
  endloop
endfacet
facet normal -0.370479 -0.919243 -0.133182
  outer loop
    vertex -0.008395381360429997 -0.01808861180336263 -0.001523054444264775
    vertex -0.008128631271636415 -0.01785005454837232 -0.003911637287621018
    vertex -0.006015676329986085 -0.0188122101535167 -0.003148394421410443
  endloop
endfacet
facet normal 0.371027 -0.66279 -0.650421
  outer loop
    vertex 0.008044349038795147 -0.01214053682204393 -0.01370750940961308
    vertex 0.00835005104913822 -0.01367587029228034 -0.01196859303450117
    vertex 0.006120087517465489 -0.01391189391663675 -0.01300014370808294
  endloop
endfacet
facet normal 0.776003 -0.14611 -0.613573
  outer loop
    vertex 0.01638602604955429 -0.002586302217728838 -0.01117180339703036
    vertex 0.015279496805296 -0.004336561557909642 -0.01215447288990393
    vertex 0.01468107190745847 -0.00247867243347577 -0.01335373770206533
  endloop
endfacet
facet normal 0.364952 0.653292 -0.663339
  outer loop
    vertex 0.00640375502832408 0.01241131341695526 -0.01431611751849364
    vertex 0.006258235882092416 0.01406506903541978 -0.01276747103669974
    vertex 0.008521795522766488 0.01321027590899032 -0.01236396422982965
  endloop
endfacet
facet normal 0.803518 0.390868 0.448978
  outer loop
    vertex 0.01534376932820004 0.007581292948944494 0.01034856222019621
    vertex 0.01693208860503219 0.006734035012814573 0.008243612552608633
    vertex 0.0162100099145621 0.008782804981089789 0.007752284517091887
  endloop
endfacet
facet normal 0.392491 0.449953 -0.80218
  outer loop
    vertex 0.009156029877268941 0.008773281748431944 -0.01546598345560959
    vertex 0.007921718541103932 0.007698996816517145 -0.01667248701828222
    vertex 0.006763795511551676 0.009951320010032442 -0.01597567839986275
  endloop
endfacet
facet normal 0.392134 -0.368797 0.842745
  outer loop
    vertex 0.009122894305100956 -0.007179039838935606 0.01628601198848054
    vertex 0.007045801363556882 -0.006451864668423719 0.01757071784093199
    vertex 0.007048402985839888 -0.008530265679260258 0.01665996947147377
  endloop
endfacet
facet normal 0.461427 0.37357 -0.804693
  outer loop
    vertex 0.01029757111373757 0.006525648547742102 -0.0158548396456372
    vertex 0.007921718541103932 0.007698996816517145 -0.01667248701828222
    vertex 0.009156029877268941 0.008773281748431944 -0.01546598345560959
  endloop
endfacet
facet normal -0.240881 -0.928079 -0.283983
  outer loop
    vertex -0.006347948383547622 -0.01800087813005972 -0.005972598920616776
    vertex -0.003877023184996668 -0.0183213457755175 -0.007021180826394197
    vertex -0.003611434720191528 -0.01910544811301283 -0.004683950433423648
  endloop
endfacet
facet normal 0.1087 0.53712 0.836472
  outer loop
    vertex 0.0006630919985868339 0.01157360660949904 0.01629760531642518
    vertex 0.001682029611248477 0.009291260315419617 0.01763074752068079
    vertex 0.003870913735343402 0.01021321151339921 0.01675429310463738
  endloop
endfacet
facet normal -0.347679 0.206693 -0.914547
  outer loop
    vertex -0.005629135864389363 0.004922481693554808 -0.0185494475226855
    vertex -0.006800719390091419 0.002614794149642711 -0.01862560246897342
    vertex -0.008396284211884557 0.003964811992379607 -0.01771391197049203
  endloop
endfacet
facet normal 0.623408 0.0161524 -0.781729
  outer loop
    vertex 0.01126640116127244 0 -0.0165247754863199
    vertex 0.01248119206132797 0.001848574421002474 -0.01551781612657719
    vertex 0.01360345475541839 0 -0.01466103743659653
  endloop
endfacet
facet normal 0.025791 0.421842 0.906302
  outer loop
    vertex 0.001434889865568951 0.007297781968237289 0.01856565294886658
    vertex 0.001682029611248477 0.009291260315419617 0.01763074752068079
    vertex -0.0008178125075496706 0.009102876717290445 0.01778957048869665
  endloop
endfacet
facet normal -0.953379 -0.185746 0.237839
  outer loop
    vertex -0.01947303625765223 -0.002614647598848026 0.003736907390075385
    vertex -0.01890434128452602 -0.005101538824048384 0.004074332120101678
    vertex -0.01860056336387855 -0.003904574570930375 0.006226824227998013
  endloop
endfacet
facet normal 0.166502 -0.970527 0.174227
  outer loop
    vertex 0.004207063805035182 -0.01941374206783062 0.002325345794523118
    vertex 0.004210861312017367 -0.01901024519317958 0.004569379028505748
    vertex 0.001889487176551135 -0.0196045689914056 0.00347717023898269
  endloop
endfacet
facet normal -0.782534 0.317267 0.535707
  outer loop
    vertex -0.01608701706172197 0.00711002956995053 0.009521310916585778
    vertex -0.01625398589971385 0.005004449718020742 0.01052442043020449
    vertex -0.01470721128462241 0.006628241346526509 0.01182219746416341
  endloop
endfacet
facet normal 0.701884 0.70987 -0.0586836
  outer loop
    vertex 0.01322382114292007 0.01500150222771668 -0.000292378678893633
    vertex 0.0148650093255023 0.01337641527450332 -0.0003209550696965315
    vertex 0.01430037396070201 0.01375271538992642 -0.002522325115395904
  endloop
endfacet
facet normal -0.541972 -0.107904 0.83344
  outer loop
    vertex -0.009471846834927767 -0.002304047013096678 0.01746354731711484
    vertex -0.01158303553395896 -0.0008080708710145243 0.01628435781007228
    vertex -0.01185927853505649 -0.00302869880594263 0.01581722150603038
  endloop
endfacet
facet normal -0.186214 -0.148856 -0.971167
  outer loop
    vertex -0.00419562952125642 -0.001523332932277527 -0.01949554179031197
    vertex -0.002226922451587856 -0.003228801882165584 -0.01961162040220894
    vertex -0.003791771688676353 -0.004475331866597479 -0.01912050920202623
  endloop
endfacet
facet normal -0.929612 0.0752151 0.360784
  outer loop
    vertex -0.01819011350499938 0.0005050144237654686 0.00829847763791817
    vertex -0.01818520700317938 0.002845168131874787 0.007823251533274372
    vertex -0.01905753679604291 0.001805127848026444 0.005792391968759547
  endloop
endfacet
facet normal 0.883145 0.300105 0.360545
  outer loop
    vertex 0.01781617680097957 0.006818146888348496 0.006008054361034105
    vertex 0.01693208860503219 0.006734035012814573 0.008243612552608633
    vertex 0.01809041313492303 0.004604780682347108 0.007178645239548145
  endloop
endfacet
facet normal 0.364442 0.261204 0.893843
  outer loop
    vertex 0.008431616095338886 0.004242711790392 0.01763256211344486
    vertex 0.006979893516034324 0.006673770312330759 0.01751404797078833
    vertex 0.005955463150845207 0.004793337248738864 0.01848124391589423
  endloop
endfacet
facet normal -0.551199 -0.788649 0.272421
  outer loop
    vertex -0.01163342080269216 -0.01495653031489426 0.006400446966199962
    vertex -0.01163748805215829 -0.01571461052167138 0.004197605030019867
    vertex -0.009844016239115112 -0.01651295524970109 0.005515220141155497
  endloop
endfacet
facet normal -0.638295 -0.438036 0.633012
  outer loop
    vertex -0.01231453595271444 -0.01012037763322199 0.01208015566250219
    vertex -0.01175133754543671 -0.008470708819873113 0.0137896032568792
    vertex -0.01372390381445455 -0.007571249715691605 0.012422988442168
  endloop
endfacet
facet normal 0.383241 0.392903 0.835915
  outer loop
    vertex 0.006514357614166273 0.00894340199868578 0.01666069342988632
    vertex 0.006979893516034324 0.006673770312330759 0.01751404797078833
    vertex 0.008993685806690603 0.007054960476893079 0.01641161626044213
  endloop
endfacet
facet normal 0.795163 0.606211 -0.0149905
  outer loop
    vertex 0.01595271172653428 0.01191034642884922 -0.001911710363756665
    vertex 0.0148650093255023 0.01337641527450332 -0.0003209550696965315
    vertex 0.01610816573340901 0.01178531492733815 0.001278025339533007
  endloop
endfacet
facet normal 0.248779 0.733085 -0.633006
  outer loop
    vertex 0.004866319820212711 0.01556791927173088 -0.01157405810233711
    vertex 0.006258235882092416 0.01406506903541978 -0.01276747103669974
    vertex 0.004243177934628922 0.01397566851010583 -0.01366294736543747
  endloop
endfacet
facet normal -0.148465 0.984785 0.0903178
  outer loop
    vertex -0.004461429143328151 0.01942160431610082 0.001702038715152008
    vertex -0.002578431574203776 0.01956169655585764 0.003269819333494775
    vertex -0.001555695329964721 0.0198980426968226 0.001283631129160812
  endloop
endfacet
facet normal 0.758329 0.649407 0.0566304
  outer loop
    vertex 0.01610816573340901 0.01178531492733815 0.001278025339533007
    vertex 0.0148650093255023 0.01337641527450332 -0.0003209550696965315
    vertex 0.01421015897907401 0.01395202373730489 0.00184727242796592
  endloop
endfacet
facet normal -0.186522 -0.887272 -0.42185
  outer loop
    vertex -0.002229548620876535 -0.01784840410270455 -0.008744345826515959
    vertex -0.003877023184996668 -0.0183213457755175 -0.007021180826394197
    vertex -0.005126869454786451 -0.01721587439332153 -0.00879368400995589
  endloop
endfacet
facet normal 0.344804 0.341793 -0.874236
  outer loop
    vertex 0.005528053943007652 0.007579706775246806 -0.01766320086520207
    vertex 0.007921718541103932 0.007698996816517145 -0.01667248701828222
    vertex 0.007691563023524575 0.005492749646042864 -0.01762582082006525
  endloop
endfacet
facet normal -0.524056 -0.449077 0.723668
  outer loop
    vertex -0.01013885706466709 -0.007794696371354807 0.01537681000404955
    vertex -0.01175133754543671 -0.008470708819873113 0.0137896032568792
    vertex -0.01017261799141897 -0.01031484522023272 0.01378846660377075
  endloop
endfacet
facet normal 0.919967 0.152752 0.361008
  outer loop
    vertex 0.01896074249368627 0.002525413801058274 0.005840593225139401
    vertex 0.01809041313492303 0.004604780682347108 0.007178645239548145
    vertex 0.01787688837697804 0.002510183621731824 0.008609055705607721
  endloop
endfacet
facet normal -0.512907 -0.0482453 0.857088
  outer loop
    vertex -0.00961200242126207 0.0004294078171869094 0.01753353981317494
    vertex -0.01158303553395896 -0.0008080708710145243 0.01628435781007228
    vertex -0.009471846834927767 -0.002304047013096678 0.01746354731711484
  endloop
endfacet
facet normal -0.413757 0.764694 -0.494012
  outer loop
    vertex -0.009011757604363716 0.01567633921332967 -0.008546380154709677
    vertex -0.006887562103304868 0.01602456044906839 -0.009786467732909128
    vertex -0.008014565552088833 0.01449619262877102 -0.01120835127397583
  endloop
endfacet
facet normal 0.570551 0.273681 -0.774319
  outer loop
    vertex 0.01029757111373757 0.006525648547742102 -0.0158548396456372
    vertex 0.0122268369028247 0.006376807035959452 -0.01448588248529796
    vertex 0.01213671893373323 0.00408054877991378 -0.015363891928099
  endloop
endfacet
facet normal -0.227741 0.926092 -0.300813
  outer loop
    vertex -0.005858293274297065 0.01832027181272 -0.005481609309352755
    vertex -0.003380436495988176 0.01897226729131696 -0.005350301199317282
    vertex -0.004195796911756698 0.01812689041676609 -0.007335607138734094
  endloop
endfacet
facet normal 0.71093 0.295079 -0.638363
  outer loop
    vertex 0.01510132004321702 0.004974045608300705 -0.01213297173980375
    vertex 0.01361070446369266 0.005063188571423668 -0.01375183062331054
    vertex 0.01349054166002018 0.007119594813071027 -0.01293509394697048
  endloop
endfacet
facet normal 0.136711 0.328073 0.934708
  outer loop
    vertex 0.003927628740660024 0.007318100842064091 0.01819393120084063
    vertex 0.001434889865568951 0.007297781968237289 0.01856565294886658
    vertex 0.002856507271043151 0.005129112375450465 0.0191189061520391
  endloop
endfacet
facet normal 0.8638 0.46991 0.181751
  outer loop
    vertex 0.01753851073397518 0.009360966644051916 0.002184707010833409
    vertex 0.01649780830111614 0.01063342309740806 0.003840915840152223
    vertex 0.01716282745290345 0.008949204803201587 0.005034787702795157
  endloop
endfacet
facet normal -0.136543 0.685596 0.715063
  outer loop
    vertex -0.001951768638988369 0.01282677711363246 0.01522052522277258
    vertex -0.001586320706547807 0.01447261087060627 0.01371229817368289
    vertex -0.003838089246529836 0.01427664735304886 0.01347020457500015
  endloop
endfacet
facet normal -0.670841 -0.73489 -0.099548
  outer loop
    vertex -0.01381353462090354 -0.01407333979664161 -0.0033357710121294
    vertex -0.01226292753555226 -0.01561219794212659 -0.002424847144389192
    vertex -0.01346223677307991 -0.01478368531366817 -0.0004591618581360114
  endloop
endfacet
facet normal -0.148183 0.93038 -0.335313
  outer loop
    vertex -0.004195796911756698 0.01812689041676609 -0.007335607138734094
    vertex -0.003380436495988176 0.01897226729131696 -0.005350301199317282
    vertex -0.001532558333499255 0.01884906099878839 -0.006508775953923784
  endloop
endfacet
facet normal 0.756097 -0.542627 0.365886
  outer loop
    vertex 0.01467210838291376 -0.01198128648204978 0.006417009415224749
    vertex 0.01602613042318281 -0.01015685721226666 0.006324665621893469
    vertex 0.01517722342431637 -0.00988634378178193 0.008480099985071194
  endloop
endfacet
facet normal -0.802471 0.301422 -0.514962
  outer loop
    vertex -0.01594005161518303 0.004683372004136621 -0.01113466574155552
    vertex -0.01685663679444286 0.006004800270119307 -0.00893287018243354
    vertex -0.01529777721450065 0.007405031745025916 -0.01054246257525551
  endloop
endfacet
facet normal -0.0391575 0.679808 0.732344
  outer loop
    vertex 0.0007166043986598676 0.01345543915871535 0.01477963582710788
    vertex -0.001586320706547807 0.01447261087060627 0.01371229817368289
    vertex -0.001951768638988369 0.01282677711363246 0.01522052522277258
  endloop
endfacet
facet normal -0.0731633 -0.525864 -0.847416
  outer loop
    vertex -9.149204040736508e-06 -0.01086340486386178 -0.01679244922743224
    vertex -0.001985254929006451 -0.01166197574849317 -0.01612628551491052
    vertex -0.002808443496181078 -0.009881501915408056 -0.0171600863932716
  endloop
endfacet
facet normal 0.691629 -0.656987 0.300027
  outer loop
    vertex 0.01273136350234798 -0.01393463701554608 0.006613491862553013
    vertex 0.01408116889914958 -0.01344942527230388 0.004564388488980343
    vertex 0.01467210838291376 -0.01198128648204978 0.006417009415224749
  endloop
endfacet
facet normal -0.912146 -0.387628 0.133169
  outer loop
    vertex -0.01765017617824639 -0.009024880265376145 0.002650059824322422
    vertex -0.01813672064804017 -0.007409230849526558 0.004020281377388578
    vertex -0.01875187804116484 -0.006689958704337211 0.001900400606067776
  endloop
endfacet
facet normal 0.133778 0.0775259 -0.987974
  outer loop
    vertex 0.001482052523137759 0.002586302217718858 -0.01977661652450397
    vertex 0.004020818889113121 0.002321444413249187 -0.01945363491219945
    vertex 0.002980845323523489 0 -0.01977661652450257
  endloop
endfacet
facet normal -0.570629 -0.488908 0.659812
  outer loop
    vertex -0.01017261799141897 -0.01031484522023272 0.01378846660377075
    vertex -0.01175133754543671 -0.008470708819873113 0.0137896032568792
    vertex -0.01231453595271444 -0.01012037763322199 0.01208015566250219
  endloop
endfacet
facet normal 0.726043 0.201633 -0.657424
  outer loop
    vertex 0.01433884142339037 0.00264400754131991 -0.01368966218561684
    vertex 0.01361070446369266 0.005063188571423668 -0.01375183062331054
    vertex 0.01510132004321702 0.004974045608300705 -0.01213297173980375
  endloop
endfacet
facet normal -0.407059 0.129508 -0.904174
  outer loop
    vertex -0.008396284211884557 0.003964811992379607 -0.01771391197049203
    vertex -0.006800719390091419 0.002614794149642711 -0.01862560246897342
    vertex -0.008819586763261928 0.001326075304669088 -0.01790129642265168
  endloop
endfacet
facet normal 0.277735 -0.926561 0.253668
  outer loop
    vertex 0.005042991987152185 -0.01824118080362582 0.006467422570618986
    vertex 0.004210861312017367 -0.01901024519317958 0.004569379028505748
    vertex 0.006572667967512634 -0.0184703373821221 0.003955587539091545
  endloop
endfacet
facet normal -0.270417 -0.890891 -0.364949
  outer loop
    vertex -0.005126869454786451 -0.01721587439332153 -0.00879368400995589
    vertex -0.003877023184996668 -0.0183213457755175 -0.007021180826394197
    vertex -0.006347948383547622 -0.01800087813005972 -0.005972598920616776
  endloop
endfacet
facet normal -0.620075 -0.652495 -0.435611
  outer loop
    vertex -0.01137521075067056 -0.01329575452268016 -0.009686459211211241
    vertex -0.01233653763727513 -0.013834556691458 -0.007510983975147927
    vertex -0.01345524580716672 -0.01209112075552414 -0.008530015190142144
  endloop
endfacet
facet normal -0.543303 -0.667914 0.508638
  outer loop
    vertex -0.01145854584339557 -0.01379623915545018 0.00885242974106123
    vertex -0.009673465426023377 -0.01428598658642166 0.01011605920821496
    vertex -0.01064222824875157 -0.01251460085554203 0.01140735479100834
  endloop
endfacet
facet normal -0.38419 0.817821 -0.428447
  outer loop
    vertex -0.006710588034352974 0.01716166553930181 -0.007774653956951347
    vertex -0.006887562103304868 0.01602456044906839 -0.009786467732909128
    vertex -0.009011757604363716 0.01567633921332967 -0.008546380154709677
  endloop
endfacet
facet normal -0.290572 0.490221 -0.821737
  outer loop
    vertex -0.004544253720707699 0.009412420720725031 -0.01705157160785774
    vertex -0.006589860696811157 0.008621071127098756 -0.01680032346766358
    vertex -0.006693605405519375 0.0106012976396463 -0.01558230198112049
  endloop
endfacet
facet normal 0.141149 -0.34269 -0.928784
  outer loop
    vertex 0.002362861130460879 -0.0054910883024944 -0.01908572336937656
    vertex 0.004230463855475954 -0.007260905776041982 -0.0181488959134971
    vertex 0.002202035661219756 -0.00817163183502281 -0.01812113330063984
  endloop
endfacet
facet normal -0.618976 -0.742311 0.2566
  outer loop
    vertex -0.01341028782512001 -0.01420286119535553 0.004294521430020131
    vertex -0.01163748805215829 -0.01571461052167138 0.004197605030019867
    vertex -0.01163342080269216 -0.01495653031489426 0.006400446966199962
  endloop
endfacet
facet normal 0.0895372 -0.980192 -0.176652
  outer loop
    vertex 0.001557559733201949 -0.01928980873383384 -0.005047503015315175
    vertex 0.003328843338057004 -0.01944322202008425 -0.003298472299168907
    vertex 0.001471143817804003 -0.01984319657998313 -0.002020714070689525
  endloop
endfacet
facet normal 0.0799439 -0.204276 0.975643
  outer loop
    vertex 0.001482052523141757 -0.002586302217727281 0.01977661652450257
    vertex 0.0001549020629201413 -0.00457928995215148 0.01946807922947273
    vertex 0.002892628096067879 -0.004829640010198005 0.01919133346252243
  endloop
endfacet
facet normal 0.717942 -0.199279 -0.666969
  outer loop
    vertex 0.01468107190745847 -0.00247867243347577 -0.01335373770206533
    vertex 0.015279496805296 -0.004336561557909642 -0.01215447288990393
    vertex 0.01369568536086745 -0.005360050740167232 -0.01355352568739787
  endloop
endfacet
facet normal 0.666362 0.72368 -0.179581
  outer loop
    vertex 0.01235725872884519 0.01547818703444771 -0.002779187441507708
    vertex 0.01430037396070201 0.01375271538992642 -0.002522325115395904
    vertex 0.01337257739536392 0.01396160796778907 -0.005123248652834502
  endloop
endfacet
facet normal 0.139979 -0.963797 0.226939
  outer loop
    vertex 0.001889487176551135 -0.0196045689914056 0.00347717023898269
    vertex 0.004210861312017367 -0.01901024519317958 0.004569379028505748
    vertex 0.002345381167030299 -0.01897541901456566 0.005867934935136843
  endloop
endfacet
facet normal 0.429232 0.135336 0.892997
  outer loop
    vertex 0.009962868432376166 0.00248558560338795 0.01716284116361254
    vertex 0.008431616095338886 0.004242711790392 0.01763256211344486
    vertex 0.007263018980815382 0.00218662074939841 0.01850587055457311
  endloop
endfacet
facet normal 0.325888 -0.634058 -0.701261
  outer loop
    vertex 0.008044349038795147 -0.01214053682204393 -0.01370750940961308
    vertex 0.006120087517465489 -0.01391189391663675 -0.01300014370808294
    vertex 0.005303149971570375 -0.01212578066313645 -0.01499473386521212
  endloop
endfacet
facet normal 0.785249 0.571593 0.238043
  outer loop
    vertex 0.01567090877449483 0.01083466023857597 0.006085454436283443
    vertex 0.01649780830111614 0.01063342309740806 0.003840915840152223
    vertex 0.01505482037568744 0.01252535970784517 0.004058047269916298
  endloop
endfacet
facet normal -0.514225 0.82458 0.235881
  outer loop
    vertex -0.009399124875093798 0.01724459833623997 0.003778925747370879
    vertex -0.01130965254214482 0.01607133156093123 0.003715381707788974
    vertex -0.01089822547620739 0.01572008242393229 0.005840178940282498
  endloop
endfacet
facet normal 0.502926 -0.399407 0.766511
  outer loop
    vertex 0.009122894305100956 -0.007179039838935606 0.01628601198848054
    vertex 0.009416887314840644 -0.009363308269170086 0.0149549554180574
    vertex 0.01136286178536706 -0.00739878324268735 0.01470181548565938
  endloop
endfacet
facet normal -0.147562 0.962682 0.226866
  outer loop
    vertex -0.002335207835854259 0.01902078032873632 0.005723348674449446
    vertex -0.002578431574203776 0.01956169655585764 0.003269819333494775
    vertex -0.004279110529588827 0.01904575848392883 0.004352964144972386
  endloop
endfacet
facet normal 0.355458 0.186953 0.915805
  outer loop
    vertex 0.007263018980815382 0.00218662074939841 0.01850587055457311
    vertex 0.008431616095338886 0.004242711790392 0.01763256211344486
    vertex 0.005955463150845207 0.004793337248738864 0.01848124391589423
  endloop
endfacet
facet normal 0.151369 -0.959532 -0.237458
  outer loop
    vertex 0.004425554854068338 -0.01881194853033499 -0.005150248219810304
    vertex 0.003328843338057004 -0.01944322202008425 -0.003298472299168907
    vertex 0.001557559733201949 -0.01928980873383384 -0.005047503015315175
  endloop
endfacet
facet normal 0.202289 0.861767 -0.465227
  outer loop
    vertex 0.00431444979592282 0.0178243524499756 -0.007979848538506879
    vertex 0.005378176738750629 0.01668882956460091 -0.009620716331462244
    vertex 0.00290886464619981 0.01695540642827381 -0.01020062249679596
  endloop
endfacet
facet normal -0.0741479 0.256374 0.96373
  outer loop
    vertex -0.001893975859215322 0.003623779146681896 0.01957756573583097
    vertex 0.0001015606444908216 0.005228689830739698 0.01930415727477918
    vertex -0.001498639733280839 0.006644230320003349 0.01880447506325503
  endloop
endfacet
facet normal 0.188915 -0.936162 0.296499
  outer loop
    vertex 0.002345381167030299 -0.01897541901456566 0.005867934935136843
    vertex 0.004210861312017367 -0.01901024519317958 0.004569379028505748
    vertex 0.005042991987152185 -0.01824118080362582 0.006467422570618986
  endloop
endfacet
facet normal 0.822418 0.507268 0.257503
  outer loop
    vertex 0.01716282745290345 0.008949204803201587 0.005034787702795157
    vertex 0.01649780830111614 0.01063342309740806 0.003840915840152223
    vertex 0.01567090877449483 0.01083466023857597 0.006085454436283443
  endloop
endfacet
facet normal -0.352483 0.881441 -0.314352
  outer loop
    vertex -0.008478923923269453 0.01718142689716544 -0.005736411672881312
    vertex -0.005858293274297065 0.01832027181272 -0.005481609309352755
    vertex -0.006710588034352974 0.01716166553930181 -0.007774653956951347
  endloop
endfacet
facet normal -0.873068 0.301475 -0.38323
  outer loop
    vertex -0.0180650047345829 0.004935862144989999 -0.007020888036790789
    vertex -0.01738795006225897 0.00715087953085671 -0.006820858785194347
    vertex -0.01685663679444286 0.006004800270119307 -0.00893287018243354
  endloop
endfacet
facet normal -0.476453 -0.67299 0.565754
  outer loop
    vertex -0.01064222824875157 -0.01251460085554203 0.01140735479100834
    vertex -0.009673465426023377 -0.01428598658642166 0.01011605920821496
    vertex -0.008222551726450105 -0.01403488740069984 0.01163664808935672
  endloop
endfacet
facet normal -0.833376 0.290186 0.4704
  outer loop
    vertex -0.01740797788252753 0.00498780989703956 0.008490233122384012
    vertex -0.01625398589971385 0.005004449718020742 0.01052442043020449
    vertex -0.01608701706172197 0.00711002956995053 0.009521310916585778
  endloop
endfacet
facet normal -0.544765 0.0214484 0.838315
  outer loop
    vertex -0.01169085939909064 0.001537137851202609 0.01615428778179634
    vertex -0.01158303553395896 -0.0008080708710145243 0.01628435781007228
    vertex -0.00961200242126207 0.0004294078171869094 0.01753353981317494
  endloop
endfacet
facet normal -0.571121 -0.809044 0.138813
  outer loop
    vertex -0.01015102379816614 -0.01699364365511542 0.002858809397637458
    vertex -0.01163748805215829 -0.01571461052167138 0.004197605030019867
    vertex -0.01247644264856993 -0.01551245056308177 0.001924124830900945
  endloop
endfacet
facet normal 0.484526 -0.668906 -0.563736
  outer loop
    vertex 0.009561495068234355 -0.0143690196862079 -0.01010490402317113
    vertex 0.00835005104913822 -0.01367587029228034 -0.01196859303450117
    vertex 0.0104940546952439 -0.01220781983161023 -0.01186776942024799
  endloop
endfacet
facet normal -0.268507 0.418639 -0.867551
  outer loop
    vertex -0.004928014407133619 0.007248052281628724 -0.01797721925454157
    vertex -0.006589860696811157 0.008621071127098756 -0.01680032346766358
    vertex -0.004544253720707699 0.009412420720725031 -0.01705157160785774
  endloop
endfacet
facet normal -0.918945 -0.311344 0.242085
  outer loop
    vertex -0.01890434128452602 -0.005101538824048384 0.004074332120101678
    vertex -0.01813672064804017 -0.007409230849526558 0.004020281377388578
    vertex -0.01785259750162033 -0.006588297627479022 0.006154599647165824
  endloop
endfacet
facet normal -0.671913 -0.644465 -0.364964
  outer loop
    vertex -0.01345524580716672 -0.01209112075552414 -0.008530015190142144
    vertex -0.01233653763727513 -0.013834556691458 -0.007510983975147927
    vertex -0.01387395497424183 -0.01313276531247042 -0.005919784507926283
  endloop
endfacet
facet normal -0.282712 0.89432 -0.346793
  outer loop
    vertex -0.006710588034352974 0.01716166553930181 -0.007774653956951347
    vertex -0.005858293274297065 0.01832027181272 -0.005481609309352755
    vertex -0.004195796911756698 0.01812689041676609 -0.007335607138734094
  endloop
endfacet
facet normal 0.276559 0.669724 -0.689192
  outer loop
    vertex 0.004243177934628922 0.01397566851010583 -0.01366294736543747
    vertex 0.006258235882092416 0.01406506903541978 -0.01276747103669974
    vertex 0.00640375502832408 0.01241131341695526 -0.01431611751849364
  endloop
endfacet
facet normal -0.304566 0.840433 -0.448232
  outer loop
    vertex -0.004852449215755619 0.01686911638217276 -0.009585752400997197
    vertex -0.006887562103304868 0.01602456044906839 -0.009786467732909128
    vertex -0.006710588034352974 0.01716166553930181 -0.007774653956951347
  endloop
endfacet
facet normal 0.362246 -0.25255 0.897216
  outer loop
    vertex 0.00588427673618854 -0.004927451189820908 0.01846877126567664
    vertex 0.007045801363556882 -0.006451864668423719 0.01757071784093199
    vertex 0.008571495672925058 -0.005118448222295615 0.01733005913794601
  endloop
endfacet
facet normal -0.902861 0.303475 -0.30454
  outer loop
    vertex -0.01826702168555293 0.006616981931044123 -0.004746732440719052
    vertex -0.01738795006225897 0.00715087953085671 -0.006820858785194347
    vertex -0.0180650047345829 0.004935862144989999 -0.007020888036790789
  endloop
endfacet
facet normal 0.755368 0.650071 -0.0826237
  outer loop
    vertex 0.01430037396070201 0.01375271538992642 -0.002522325115395904
    vertex 0.0148650093255023 0.01337641527450332 -0.0003209550696965315
    vertex 0.01595271172653428 0.01191034642884922 -0.001911710363756665
  endloop
endfacet
facet normal 0.28213 0.864725 -0.415516
  outer loop
    vertex 0.007016029844401013 0.01698234678949887 -0.00789779860110852
    vertex 0.005378176738750629 0.01668882956460091 -0.009620716331462244
    vertex 0.00431444979592282 0.0178243524499756 -0.007979848538506879
  endloop
endfacet
facet normal -0.142929 -0.0979569 -0.984873
  outer loop
    vertex -0.002319757983366005 -0.0006539568005461643 -0.01985424547550546
    vertex -0.002226922451587856 -0.003228801882165584 -0.01961162040220894
    vertex -0.00419562952125642 -0.001523332932277527 -0.01949554179031197
  endloop
endfacet
facet normal -0.197717 0.968571 0.150921
  outer loop
    vertex -0.004279110529588827 0.01904575848392883 0.004352964144972386
    vertex -0.002578431574203776 0.01956169655585764 0.003269819333494775
    vertex -0.004461429143328151 0.01942160431610082 0.001702038715152008
  endloop
endfacet
facet normal 0.417015 -0.729362 -0.542337
  outer loop
    vertex 0.007014674273547918 -0.01513022013948623 -0.01103951010537652
    vertex 0.00835005104913822 -0.01367587029228034 -0.01196859303450117
    vertex 0.009561495068234355 -0.0143690196862079 -0.01010490402317113
  endloop
endfacet
facet normal 0.703621 0.710171 0.0239763
  outer loop
    vertex 0.01421015897907401 0.01395202373730489 0.00184727242796592
    vertex 0.0148650093255023 0.01337641527450332 -0.0003209550696965315
    vertex 0.01322382114292007 0.01500150222771668 -0.000292378678893633
  endloop
endfacet
facet normal 0.141361 0.164602 -0.976178
  outer loop
    vertex 0.001482052523137759 0.002586302217718858 -0.01977661652450397
    vertex 0.002711827268312045 0.004798497965790705 -0.01922551456110191
    vertex 0.004020818889113121 0.002321444413249187 -0.01945363491219945
  endloop
endfacet
facet normal 0.0646656 -0.562753 -0.824092
  outer loop
    vertex -9.149204040736508e-06 -0.01086340486386178 -0.01679244922743224
    vertex 0.001919599635463852 -0.01017784661200825 -0.01710925409192228
    vertex 0.002287142421986629 -0.01199436250936265 -0.01583995730851396
  endloop
endfacet
facet normal -0.0653112 0.988851 0.133824
  outer loop
    vertex -0.001555695329964721 0.0198980426968226 0.001283631129160812
    vertex -0.002578431574203776 0.01956169655585764 0.003269819333494775
    vertex -0.0003507074212706963 0.0196480160246331 0.00371920295230398
  endloop
endfacet
facet normal -0.516366 -0.730972 0.446146
  outer loop
    vertex -0.009567684460299528 -0.01553804235153862 0.008187102903343482
    vertex -0.009673465426023377 -0.01428598658642166 0.01011605920821496
    vertex -0.01145854584339557 -0.01379623915545018 0.00885242974106123
  endloop
endfacet
facet normal -0.934802 -0.3148 0.164454
  outer loop
    vertex -0.01875187804116484 -0.006689958704337211 0.001900400606067776
    vertex -0.01813672064804017 -0.007409230849526558 0.004020281377388578
    vertex -0.01890434128452602 -0.005101538824048384 0.004074332120101678
  endloop
endfacet
facet normal 0.222406 -0.955458 -0.193998
  outer loop
    vertex 0.005297159736078366 -0.01906797477319929 -0.00289005826569392
    vertex 0.003328843338057004 -0.01944322202008425 -0.003298472299168907
    vertex 0.004425554854068338 -0.01881194853033499 -0.005150248219810304
  endloop
endfacet
facet normal 0.658515 0.31071 -0.685432
  outer loop
    vertex 0.01349054166002018 0.007119594813071027 -0.01293509394697048
    vertex 0.01361070446369266 0.005063188571423668 -0.01375183062331054
    vertex 0.0122268369028247 0.006376807035959452 -0.01448588248529796
  endloop
endfacet
facet normal 0.312903 -0.380872 0.870074
  outer loop
    vertex 0.007048402985839888 -0.008530265679260258 0.01665996947147377
    vertex 0.007045801363556882 -0.006451864668423719 0.01757071784093199
    vertex 0.005045491721055869 -0.007164720333600284 0.01797803648438982
  endloop
endfacet
facet normal 0.294197 -0.308701 0.904517
  outer loop
    vertex 0.005045491721055869 -0.007164720333600284 0.01797803648438982
    vertex 0.007045801363556882 -0.006451864668423719 0.01757071784093199
    vertex 0.00588427673618854 -0.004927451189820908 0.01846877126567664
  endloop
endfacet
facet normal 0.630972 0.25535 -0.732578
  outer loop
    vertex 0.0122268369028247 0.006376807035959452 -0.01448588248529796
    vertex 0.01361070446369266 0.005063188571423668 -0.01375183062331054
    vertex 0.01213671893373323 0.00408054877991378 -0.015363891928099
  endloop
endfacet
facet normal 0.0744474 -0.0868972 -0.993432
  outer loop
    vertex 0.002980845323523489 0 -0.01977661652450257
    vertex 0.003534170341523441 -0.002704785835627707 -0.01949855824363647
    vertex 1.224646799147353e-18 0 -0.02
  endloop
endfacet
facet normal 0.0910492 -0.0652555 -0.993706
  outer loop
    vertex 0.003534170341523441 -0.002704785835627707 -0.01949855824363647
    vertex 0.0005749673976571835 -0.003166408076202448 -0.01973938378943454
    vertex 1.224646799147353e-18 0 -0.02
  endloop
endfacet
facet normal -0.0318806 0.0903175 0.995403
  outer loop
    vertex 0.001457269051194186 0.002571777674637519 0.01978035203186909
    vertex -0.001893975859215322 0.003623779146681896 0.01957756573583097
    vertex -0.002708057853940655 0.0009754143880663211 0.01979179096068023
  endloop
endfacet
endsolid Created by Gmsh
