solid Created by Gmsh
facet normal 0.000367691 0.657684 0.753294
  outer loop
    vertex 0.1676678761707789 0.06561365869668684 0.06249854639961687
    vertex 0.1617630911159444 0.06560598050674241 0.06250813225158641
    vertex 0.1650407514076889 0.06028265745255257 0.06715421101984773
  endloop
endfacet
facet normal 0.0582013 0.412247 0.909211
  outer loop
    vertex 0.1528989142288087 0.06194661893660024 0.06603989700664142
    vertex 0.146990101459033 0.06015213247190372 0.06723177896425434
    vertex 0.1499999999999999 0.05505278438297654 0.06935121107267317
  endloop
endfacet
facet normal -0.0670189 0.454758 0.88809
  outer loop
    vertex 0.1499999999999999 0.05505278438297654 0.06935121107267317
    vertex 0.1558460641041136 0.05748845609271583 0.06854516177733339
    vertex 0.1528989142288087 0.06194661893660024 0.06603989700664142
  endloop
endfacet
facet normal 0.0555838 0.431697 0.900305
  outer loop
    vertex 0.004660740432650879 0.05894923923645649 0.06788605929456423
    vertex 0.0111958693329174 0.0550515495210756 0.06935153346471853
    vertex 0.01117000497361266 0.0619199477817455 0.06605972742235872
  endloop
endfacet
facet normal 0.0140612 -0.58821 0.808586
  outer loop
    vertex 0.1882323505702821 0.04036948206125682 0.06752863726110921
    vertex 0.1894571576284406 0.0361913492095593 0.06446793569752304
    vertex 0.1939494022499119 0.04087533867259473 0.06779720640044822
  endloop
endfacet
facet normal 0.0652776 0.452112 0.889569
  outer loop
    vertex 0.1883662112080928 0.06188742455792047 0.06608381600801717
    vertex 0.1853996690528586 0.05741408518844131 0.06857501926832205
    vertex 0.1911764705882353 0.05505278438301229 0.06935121107266383
  endloop
endfacet
facet normal 0.0521225 0.951165 0.30425
  outer loop
    vertex 0.1945342269899814 0.0673526849147939 0.05994405984736034
    vertex 0.1901034740988174 0.06973144992926623 0.05326647879051121
    vertex 0.1883882600195296 0.06826141960565835 0.05815601336352984
  endloop
endfacet
facet normal -0.00745447 -0.574567 0.818424
  outer loop
    vertex 0.1939494022499119 0.04087533867259473 0.06779720640044822
    vertex 0.1894571576284406 0.0361913492095593 0.06446793569752304
    vertex 0.1948418592156482 0.03639654524458162 0.06466103743659654
  endloop
endfacet
facet normal -0.0472358 0.414954 0.908615
  outer loop
    vertex 0.1911764705882353 0.05505278438301229 0.06935121107266383
    vertex 0.1951452591017614 0.06017504834524184 0.06721825749522847
    vertex 0.1883662112080928 0.06188742455792047 0.06608381600801717
  endloop
endfacet
facet normal -0.0560116 0.420476 0.905573
  outer loop
    vertex 0.1410693720800781 0.06197338672391065 0.06601992541679519
    vertex 0.1441210561381023 0.05541976912580096 0.06925165194530108
    vertex 0.146990101459033 0.06015213247190372 0.06723177896425434
  endloop
endfacet
facet normal -0.098529 0.42979 0.897537
  outer loop
    vertex 0.0111958693329174 0.0550515495210756 0.06935153346471853
    vertex 0.0148463760298324 0.05895894718666399 0.067881198654077
    vertex 0.01117000497361266 0.0619199477817455 0.06605972742235872
  endloop
endfacet
facet normal 0.0708214 0.467494 0.881155
  outer loop
    vertex 0.1410693720800781 0.06197338672391065 0.06601992541679519
    vertex 0.1378196045095592 0.05893340000437067 0.06789397564438687
    vertex 0.1441210561381023 0.05541976912580096 0.06925165194530108
  endloop
endfacet
facet normal -0.0336723 -0.989313 0.141868
  outer loop
    vertex 0.005920710498154035 0.03001078614844279 0.04934324312206644
    vertex 0.01145045012384891 0.03001074216868086 0.05065541693069862
    vertex 0.009322998310037325 0.03078459613996245 0.05554691396144322
  endloop
endfacet
facet normal 0.0477225 0.673324 0.737806
  outer loop
    vertex 0.1650407514076889 0.06028265745255257 0.06715421101984773
    vertex 0.1617630911159444 0.06560598050674241 0.06250813225158641
    vertex 0.1588020803816747 0.06194247837463562 0.06604298009321712
  endloop
endfacet
facet normal 0.0261545 -0.147607 -0.9887
  outer loop
    vertex 0.1884222085478173 0.04858179961337823 0.03005034567559163
    vertex 0.1943503930170399 0.04996927841137121 0.03000002359541412
    vertex 0.1948418592156483 0.04410489651178188 0.0308885438842772
  endloop
endfacet
facet normal -0.0338801 0.934155 0.355256
  outer loop
    vertex 0.1945342269899814 0.0673526849147939 0.05994405984736034
    vertex 0.1960965145353258 0.06949855824363652 0.05445041867912613
    vertex 0.1901034740988174 0.06973144992926623 0.05326647879051121
  endloop
endfacet
facet normal -0.0353349 0.95425 0.296915
  outer loop
    vertex 0.0111629024938252 0.06827834190943412 0.05811801804887279
    vertex 0.009445105888882059 0.06973945850852488 0.05321772866945377
    vertex 0.005654451464867825 0.06770715243411259 0.05929821233760021
  endloop
endfacet
facet normal 0.0301968 -0.993758 0.107395
  outer loop
    vertex 0.009322998310037325 0.03078459613996245 0.05554691396144322
    vertex 0.00390424570135461 0.03050144175636353 0.05445041867912631
    vertex 0.005920710498154035 0.03001078614844279 0.04934324312206644
  endloop
endfacet
facet normal 0.0240346 -0.861244 -0.507623
  outer loop
    vertex 0.1948418592156485 0.0343633703506394 0.03753020396282533
    vertex 0.1941504592585141 0.03156362051845173 0.04224758672332635
    vertex 0.188394697785355 0.0321459404273407 0.0409870894392581
  endloop
endfacet
facet normal -0.0232178 -0.216047 -0.976107
  outer loop
    vertex 0.1948418592156483 0.04410489651178188 0.0308885438842772
    vertex 0.1895800949650889 0.04304473654808618 0.03124835179738934
    vertex 0.1884222085478173 0.04858179961337823 0.03005034567559163
  endloop
endfacet
facet normal 0.0309774 0.942006 0.334163
  outer loop
    vertex 0.009445105888882059 0.06973945850852488 0.05321772866945377
    vertex 0.004151286209647544 0.069536600214866 0.0542803331698009
    vertex 0.005654451464867825 0.06770715243411259 0.05929821233760021
  endloop
endfacet
facet normal 0.0333316 0.436455 -0.899109
  outer loop
    vertex 0.1884238740135835 0.05861237942995223 0.031949323543021
    vertex 0.1948433333575089 0.06126855684101307 0.03347669443722421
    vertex 0.1945545919558082 0.05607551450806146 0.03094512861595926
  endloop
endfacet
facet normal 0.027167 -0.995904 0.0862428
  outer loop
    vertex 0.1883828351609672 0.03002313769710218 0.05096175492255559
    vertex 0.1940014359363281 0.03001854779649211 0.0491388566676042
    vertex 0.1948418592156485 0.03050144175636353 0.05445041867912631
  endloop
endfacet
facet normal -0.0516497 0.671228 0.739449
  outer loop
    vertex 0.1650407514076889 0.06028265745255257 0.06715421101984773
    vertex 0.1706243891286591 0.06190946441510294 0.06606750314595883
    vertex 0.1676678761707789 0.06561365869668684 0.06249854639961687
  endloop
endfacet
facet normal -0.0258852 0.865773 -0.499767
  outer loop
    vertex 0.01107896946572914 0.06642587692220728 0.03858989187884277
    vertex 0.005156588073936527 0.06563834297834543 0.03753235271225425
    vertex 0.005158140784351486 0.06861747497288402 0.04269317951267194
  endloop
endfacet
facet normal -0.0265972 -0.148924 -0.988491
  outer loop
    vertex 0.005158140784352646 0.04999999999999994 0.03
    vertex 0.01108931272881219 0.04862798049588941 0.03004711643695729
    vertex 0.005156782833512947 0.04410719326901236 0.03088783557963079
  endloop
endfacet
facet normal 0.0242733 0.88166 -0.47126
  outer loop
    vertex 0.1940327970429735 0.06582829212411988 0.03777440519101321
    vertex 0.1884182706763901 0.06639528113186349 0.0385459720356915
    vertex 0.1904132064003873 0.06876653113617104 0.04308499391792581
  endloop
endfacet
facet normal 0.0311473 0.433673 0.900532
  outer loop
    vertex 0.2 0.06126640116127251 0.06652477548631985
    vertex 0.1951452591017614 0.06017504834524184 0.06721825749522847
    vertex 0.2 0.05589510348821813 0.06911145611572281
  endloop
endfacet
facet normal -0.027295 -0.817494 -0.57529
  outer loop
    vertex 0.188394697785355 0.0321459404273407 0.0409870894392581
    vertex 0.1892368028201989 0.03537726787952801 0.03635537815353915
    vertex 0.1948418592156485 0.0343633703506394 0.03753020396282533
  endloop
endfacet
facet normal -0.0317992 -0.867617 -0.496216
  outer loop
    vertex 0.005158140784351495 0.03138252502711592 0.04269317951267211
    vertex 0.00541322203985173 0.03422745377696022 0.03770256995782965
    vertex 0.01118623218975801 0.03221625812552431 0.04084912436200668
  endloop
endfacet
facet normal -0.0306147 0.571304 0.820167
  outer loop
    vertex 0.01117000497361266 0.0619199477817455 0.06605972742235872
    vertex 0.005153383114594159 0.06359728087626292 0.06466676354115028
    vertex 0.004660740432650879 0.05894923923645649 0.06788605929456423
  endloop
endfacet
facet normal -0.0529529 -0.974161 -0.219559
  outer loop
    vertex 0.2 0.03050144175636353 0.04554958132087372
    vertex 0.1940014359363281 0.03001854779649211 0.0491388566676042
    vertex 0.1941504592585141 0.03156362051845173 0.04224758672332635
  endloop
endfacet
facet normal 0.0273399 0.897599 -0.439965
  outer loop
    vertex 0.005158140784351486 0.06861747497288402 0.04269317951267194
    vertex 0.009895501299423107 0.06901281092012183 0.04379411401041754
    vertex 0.01107896946572914 0.06642587692220728 0.03858989187884277
  endloop
endfacet
facet normal -0.0437171 0.362255 0.931053
  outer loop
    vertex 0.1951452591017614 0.06017504834524184 0.06721825749522847
    vertex 0.1957072048325711 0.0542895647210198 0.06953457536022174
    vertex 0.2 0.05589510348821813 0.06911145611572281
  endloop
endfacet
facet normal 0.0272305 -0.217192 -0.975749
  outer loop
    vertex 0.01108931272881219 0.04862798049588941 0.03004711643695729
    vertex 0.009992339908920355 0.04297217464324922 0.03127542601939871
    vertex 0.005156782833512947 0.04410719326901236 0.03088783557963079
  endloop
endfacet
facet normal -0.0332506 -0.980054 0.195929
  outer loop
    vertex 0.1948418592156485 0.03050144175636353 0.05445041867912631
    vertex 0.189743351756166 0.0310819984504599 0.05648916153070629
    vertex 0.1883828351609672 0.03002313769710218 0.05096175492255559
  endloop
endfacet
facet normal -0.000289067 0.313526 -0.94958
  outer loop
    vertex 0.01405783218519313 0.05376590057319968 0.03035774980118687
    vertex 0.01030977354936869 0.05867770147360463 0.03198063549580619
    vertex 0.01679322978443957 0.05866462709245481 0.03197434502303181
  endloop
endfacet
facet normal 0.000286921 0.545516 -0.8381
  outer loop
    vertex 0.01679322978443957 0.05866462709245481 0.03197434502303181
    vertex 0.01030977354936869 0.05867770147360463 0.03198063549580619
    vertex 0.01405344873566149 0.06297025615180063 0.03477592513954697
  endloop
endfacet
facet normal -0.0106808 0.87185 -0.489656
  outer loop
    vertex 0.1904132064003873 0.06876653113617104 0.04308499391792581
    vertex 0.1962086584264016 0.06861747497288402 0.04269317951267194
    vertex 0.1940327970429735 0.06582829212411988 0.03777440519101321
  endloop
endfacet
facet normal -0.00604478 0.350973 0.936366
  outer loop
    vertex 0.1441210561381023 0.05541976912580096 0.06925165194530108
    vertex 0.1378196045095592 0.05893340000437067 0.06789397564438687
    vertex 0.138235294117647 0.05505278438328256 0.06935121107259326
  endloop
endfacet
facet normal 0.0118178 -0.778077 0.628057
  outer loop
    vertex 0.1934303645711421 0.03276877448295182 0.06015307181007934
    vertex 0.1894571576284406 0.0361913492095593 0.06446793569752304
    vertex 0.1869241190763181 0.03307256350326934 0.06065184930653598
  endloop
endfacet
facet normal 0.000827796 0.272441 0.962172
  outer loop
    vertex 0.1277354924937051 0.05333471481171374 0.0697200323814272
    vertex 0.1323955149005692 0.05329983953625712 0.06972589818069014
    vertex 0.1322130703043369 0.05753045188182737 0.06852814870556373
  endloop
endfacet
facet normal -0.0351063 -0.433616 0.900413
  outer loop
    vertex 0 0.03873359883872757 0.06652477548631991
    vertex 0.005629564554162989 0.04042151929227837 0.06755712696689879
    vertex 0 0.04410489651178192 0.06911145611572282
  endloop
endfacet
facet normal -0.000126301 0.273383 0.961905
  outer loop
    vertex 0.1263142889394623 0.05753677859342122 0.06852557606212956
    vertex 0.1277354924937051 0.05333471481171374 0.0697200323814272
    vertex 0.1322130703043369 0.05753045188182737 0.06852814870556373
  endloop
endfacet
facet normal 0.00820777 0.975761 -0.218683
  outer loop
    vertex 0.1948418592156485 0.06994407594362359 0.04850539812827133
    vertex 0.1904132064003873 0.06876653113617104 0.04308499391792581
    vertex 0.1884109356482701 0.06991118664742135 0.04811727689461529
  endloop
endfacet
facet normal 0.0763488 -0.973278 -0.216565
  outer loop
    vertex 0.1941504592585141 0.03156362051845173 0.04224758672332635
    vertex 0.1940014359363281 0.03001854779649211 0.0491388566676042
    vertex 0.1899833212526693 0.03043841222061943 0.04583535313026558
  endloop
endfacet
facet normal 0.00100379 0.273013 0.96201
  outer loop
    vertex 0.1100774363125038 0.0533448163286143 0.06971832152410126
    vertex 0.114705882352941 0.05330291453772972 0.06972538353382397
    vertex 0.1145075005586642 0.05754919165301658 0.06852052119639253
  endloop
endfacet
facet normal -0.000113996 0.274103 0.9617
  outer loop
    vertex 0.1086092460309879 0.0575548863333056 0.06851819895375444
    vertex 0.1100774363125038 0.0533448163286143 0.06971832152410126
    vertex 0.1145075005586642 0.05754919165301658 0.06852052119639253
  endloop
endfacet
facet normal 0.0375224 -0.809335 -0.586148
  outer loop
    vertex 0.00541322203985173 0.03422745377696022 0.03770256995782965
    vertex 0.00998261098504518 0.03553916068812163 0.03618391783478279
    vertex 0.01118623218975801 0.03221625812552431 0.04084912436200668
  endloop
endfacet
facet normal -0.037704 0.565055 -0.824191
  outer loop
    vertex 0.1884238740135835 0.05861237942995223 0.031949323543021
    vertex 0.1904952186652742 0.0633252195996783 0.03508562697863737
    vertex 0.1948433333575089 0.06126855684101307 0.03347669443722421
  endloop
endfacet
facet normal -0.030017 -0.995488 -0.090013
  outer loop
    vertex 0.1899833212526693 0.03043841222061943 0.04583535313026558
    vertex 0.1940014359363281 0.03001854779649211 0.0491388566676042
    vertex 0.1883828351609672 0.03002313769710218 0.05096175492255559
  endloop
endfacet
facet normal -0.040799 0.166113 0.985262
  outer loop
    vertex 0.1705882352941176 0.05 0.07000000000000001
    vertex 0.1757502689813794 0.05493334607156491 0.06938200445098947
    vertex 0.169512884260142 0.05679742652265632 0.06880943892488792
  endloop
endfacet
facet normal 0.0645943 0.1674 0.983771
  outer loop
    vertex 0.09483436847819489 0.05686550305112279 0.06878469770464843
    vertex 0.09034809327823468 0.05458549185612984 0.06946723566501847
    vertex 0.09411764705882336 0.05 0.07000000000000001
  endloop
endfacet
facet normal 0.00096657 0.274167 0.961682
  outer loop
    vertex 0.0747807889058609 0.05336213057615749 0.06971537668899246
    vertex 0.07941176470588222 0.05332186945213069 0.06972220026627357
    vertex 0.07911430792750632 0.05757509301856555 0.06850994234891292
  endloop
endfacet
facet normal -5.20173e-05 0.275136 0.961405
  outer loop
    vertex 0.07321294308507918 0.05757768585314128 0.06850888103346885
    vertex 0.0747807889058609 0.05336213057615749 0.06971537668899246
    vertex 0.07911430792750632 0.05757509301856555 0.06850994234891292
  endloop
endfacet
facet normal 0.0047206 0.350462 0.936565
  outer loop
    vertex 0.1757502689813794 0.05493334607156491 0.06938200445098947
    vertex 0.1794838041224818 0.05914196113534995 0.06778832613260032
    vertex 0.1735732199500759 0.0589158384385938 0.06790273233159938
  endloop
endfacet
facet normal -0.00379203 0.357069 0.93407
  outer loop
    vertex 0.1794117647058823 0.05505278438301258 0.06935121107266376
    vertex 0.1794838041224818 0.05914196113534995 0.06778832613260032
    vertex 0.1757502689813794 0.05493334607156491 0.06938200445098947
  endloop
endfacet
facet normal -0.0390612 0.284742 -0.957808
  outer loop
    vertex 0.1945545919558082 0.05607551450806146 0.03094512861595926
    vertex 0.1905342610477936 0.05322544322587679 0.03026180058879115
    vertex 0.1884238740135835 0.05861237942995223 0.031949323543021
  endloop
endfacet
facet normal -0.0133808 -0.77968 0.626035
  outer loop
    vertex 0.01125371983047619 0.03298329465341206 0.06050865068157684
    vertex 0.009051536765749239 0.03622868864560969 0.06450348177440302
    vertex 0.005158140784351488 0.03267949192431124 0.06000000000000002
  endloop
endfacet
facet normal -0.0740372 0.181317 0.980634
  outer loop
    vertex 0.09411764705882336 0.05 0.07000000000000001
    vertex 0.09847430094064388 0.05425340814265757 0.06954247986239143
    vertex 0.09483436847819489 0.05686550305112279 0.06878469770464843
  endloop
endfacet
facet normal 0.00729686 -0.780156 0.625543
  outer loop
    vertex 0.1948418592156482 0.03639654524458162 0.06466103743659654
    vertex 0.1894571576284406 0.0361913492095593 0.06446793569752304
    vertex 0.1934303645711421 0.03276877448295182 0.06015307181007934
  endloop
endfacet
facet normal -0.0116049 -0.363423 0.931552
  outer loop
    vertex 0.1882323505702821 0.04036948206125682 0.06752863726110921
    vertex 0.1939494022499119 0.04087533867259473 0.06779720640044822
    vertex 0.1911764705882353 0.04494721561698974 0.06935121107266436
  endloop
endfacet
facet normal 0.0739105 0.183384 0.980259
  outer loop
    vertex 0.169512884260142 0.05679742652265632 0.06880943892488792
    vertex 0.1660683926241583 0.05416097146876799 0.06956236990847732
    vertex 0.1705882352941176 0.05 0.07000000000000001
  endloop
endfacet
facet normal -0.0244869 -0.945416 -0.324946
  outer loop
    vertex 0.188394697785355 0.0321459404273407 0.0409870894392581
    vertex 0.1941504592585141 0.03156362051845173 0.04224758672332635
    vertex 0.1899833212526693 0.03043841222061943 0.04583535313026558
  endloop
endfacet
facet normal 0 0.13678 0.990601
  outer loop
    vertex 0.1470588235294117 0.05 0.07000000000000001
    vertex 0.1441210561381023 0.05541976912580096 0.06925165194530108
    vertex 0.1411764705882352 0.05 0.07000000000000001
  endloop
endfacet
facet normal 0.0181306 0.358874 0.93321
  outer loop
    vertex 0.02647058823529407 0.05505278438302355 0.06935121107266089
    vertex 0.02595572626743508 0.05913920153276214 0.06778974410562329
    vertex 0.02040726527917156 0.05788968691049513 0.06837805322808599
  endloop
endfacet
facet normal -0.0230273 0.280003 0.959723
  outer loop
    vertex 0.02040726527917156 0.05788968691049513 0.06837805322808599
    vertex 0.02058823529411761 0.05326475821325455 0.06973173468828797
    vertex 0.02647058823529407 0.05505278438302355 0.06935121107266089
  endloop
endfacet
facet normal 0.0312123 0.37043 0.928336
  outer loop
    vertex 0.1617647058823529 0.05505278438328256 0.06935121107259326
    vertex 0.1660683926241583 0.05416097146876799 0.06956236990847732
    vertex 0.1650407514076889 0.06028265745255257 0.06715421101984773
  endloop
endfacet
facet normal 0.0190563 0.358531 0.933323
  outer loop
    vertex 0.04411764705882344 0.05505278438328252 0.06935121107259327
    vertex 0.04369843878056492 0.05913725690355794 0.06779074299399503
    vertex 0.03775376414732793 0.05747091662098942 0.06855223449728426
  endloop
endfacet
facet normal -2.79277e-05 0.270151 0.962818
  outer loop
    vertex 0.03185646912156798 0.05747231693803888 0.06855167053333736
    vertex 0.03235294117647053 0.05326928814167319 0.06973098464463229
    vertex 0.03775376414732793 0.05747091662098942 0.06855223449728426
  endloop
endfacet
facet normal 3.38192e-05 0.270077 0.962839
  outer loop
    vertex 0.03235294117647053 0.05326928814167319 0.06973098464463229
    vertex 0.03823529411764699 0.0532674892183361 0.06973128262957219
    vertex 0.03775376414732793 0.05747091662098942 0.06855223449728426
  endloop
endfacet
facet normal 0.00191406 -0.778187 0.62803
  outer loop
    vertex 0.06146432603199878 0.0361472913384094 0.06442575692076824
    vertex 0.06442706844695469 0.03295114554231878 0.06045641246703683
    vertex 0.06747945835249361 0.03621204515742524 0.06448766031004037
  endloop
endfacet
facet normal -0.0191002 0.267995 0.963231
  outer loop
    vertex 0.03775376414732793 0.05747091662098942 0.06855223449728426
    vertex 0.03823529411764699 0.0532674892183361 0.06973128262957219
    vertex 0.04411764705882344 0.05505278438328252 0.06935121107259327
  endloop
endfacet
facet normal -0.0073617 0.999277 0.0373003
  outer loop
    vertex 0.1884109356482701 0.06991118664742135 0.04811727689461529
    vertex 0.1901034740988174 0.06973144992926623 0.05326647879051121
    vertex 0.1948418592156485 0.06994407594362359 0.04850539812827133
  endloop
endfacet
facet normal 0.00348674 -0.598499 0.801116
  outer loop
    vertex 0.09096205271788045 0.03610439165814584 0.06438443842524946
    vertex 0.09698041820384042 0.03598887606187778 0.06427194471649111
    vertex 0.09411764705888297 0.0402214684281633 0.06744649879771276
  endloop
endfacet
facet normal -0.000155391 -0.912911 0.408158
  outer loop
    vertex 0.07646666419712633 0.03293568117343117 0.06043115635896655
    vertex 0.07052366430946427 0.03293944321599886 0.06043730818841105
    vertex 0.07327303685345644 0.0308466087519918 0.05575739556576779
  endloop
endfacet
facet normal 0.0086211 0.388119 0.921569
  outer loop
    vertex 0.146990101459033 0.06015213247190372 0.06723177896425434
    vertex 0.1441210561381023 0.05541976912580096 0.06925165194530108
    vertex 0.1499999999999999 0.05505278438297654 0.06935121107267317
  endloop
endfacet
facet normal 0.000154584 -0.779703 0.62615
  outer loop
    vertex 0.07352350751491654 0.03612851119520501 0.06440769927290431
    vertex 0.07052366430946427 0.03293944321599886 0.06043730818841105
    vertex 0.07646666419712633 0.03293568117343117 0.06043115635896655
  endloop
endfacet
facet normal 0.00131005 -0.372497 0.928032
  outer loop
    vertex 0.06443003248623243 0.04030099789706862 0.06749083640673975
    vertex 0.07062763359655504 0.04024464338986605 0.06745946784438506
    vertex 0.06764705882352931 0.04494721561702628 0.0693512110726739
  endloop
endfacet
facet normal -0.00190508 -0.592876 0.805292
  outer loop
    vertex 0.06747945835249361 0.03621204515742524 0.06448766031004037
    vertex 0.06443003248623243 0.04030099789706862 0.06749083640673975
    vertex 0.06146432603199878 0.0361472913384094 0.06442575692076824
  endloop
endfacet
facet normal 0.0177712 0.359241 0.933076
  outer loop
    vertex 0.06764705882352931 0.05505278438328255 0.06935121107259326
    vertex 0.06735103055984826 0.05918670938147959 0.06776525740709194
    vertex 0.06166399056404328 0.0579968674344471 0.06833166962488359
  endloop
endfacet
facet normal 0.00263191 -0.456226 -0.88986
  outer loop
    vertex 0.1871717737464692 0.03887928195715379 0.03337683453094704
    vertex 0.1895800949650889 0.04304473654808618 0.03124835179738934
    vertex 0.1933126273013803 0.0387666261151792 0.03345275517906905
  endloop
endfacet
facet normal -0.0263478 0.369482 0.928864
  outer loop
    vertex 0.09949315459801629 0.06018731514272329 0.06721100259086731
    vertex 0.09847430094064388 0.05425340814265757 0.06954247986239143
    vertex 0.1029411764705881 0.05505278438328255 0.06935121107259326
  endloop
endfacet
facet normal -6.5438e-05 -0.600042 0.799969
  outer loop
    vertex 0.09411764705888297 0.0402214684281633 0.06744649879771276
    vertex 0.09698041820384042 0.03598887606187778 0.06427194471649111
    vertex 0.0999951381690474 0.040218931302217 0.06744507652976191
  endloop
endfacet
facet normal -0.0232096 0.284705 0.958334
  outer loop
    vertex 0.06166399056404328 0.0579968674344471 0.06833166962488359
    vertex 0.06176470588235284 0.05332789473933303 0.0697211844624992
    vertex 0.06764705882352931 0.05505278438328255 0.06935121107259326
  endloop
endfacet
facet normal -0.0034332 -0.987333 0.158627
  outer loop
    vertex 0.1027933659163515 0.03080766628474399 0.055626217784822
    vertex 0.09677433765318465 0.0308531718824978 0.05577918446139479
    vertex 0.09984547264322677 0.03000868548298067 0.05058935887336328
  endloop
endfacet
facet normal 0.00852137 0.13223 0.991182
  outer loop
    vertex 0.1411764705882352 0.05 0.07000000000000001
    vertex 0.1441210561381023 0.05541976912580096 0.06925165194530108
    vertex 0.138235294117647 0.05505278438328256 0.06935121107259326
  endloop
endfacet
facet normal -0.00131141 -0.592589 0.805504
  outer loop
    vertex 0.06747945835249361 0.03621204515742524 0.06448766031004037
    vertex 0.07062763359655504 0.04024464338986605 0.06745946784438506
    vertex 0.06443003248623243 0.04030099789706862 0.06749083640673975
  endloop
endfacet
facet normal -0.0085309 0.132236 0.991182
  outer loop
    vertex 0.1499999999999999 0.05505278438297654 0.06935121107267317
    vertex 0.1441210561381023 0.05541976912580096 0.06925165194530108
    vertex 0.1470588235294117 0.05 0.07000000000000001
  endloop
endfacet
facet normal 0.00321947 -0.995535 -0.0943377
  outer loop
    vertex 0.0909518572438302 0.03048451721493391 0.04562439356593982
    vertex 0.09696343076710137 0.03051776998071728 0.045478638095025
    vertex 0.09389841316509931 0.03001247676204131 0.05070633902062764
  endloop
endfacet
facet normal 9.51185e-05 -0.59928 0.80054
  outer loop
    vertex 0.1263650763971192 0.03601568924628666 0.06429821851642985
    vertex 0.1235238754248095 0.04021890307423395 0.06744506070292591
    vertex 0.1204729028298437 0.03601874320899004 0.06430120479343743
  endloop
endfacet
facet normal 0.00315161 -0.821717 -0.569888
  outer loop
    vertex 0.09094617390333763 0.0351299210527902 0.03662536908532622
    vertex 0.09695090899465059 0.03522810398527563 0.03651700744900561
    vertex 0.09389656576087799 0.03222880406292822 0.0408247836556186
  endloop
endfacet
facet normal -0.000135574 -0.599271 0.800546
  outer loop
    vertex 0.1028456142053156 0.03601316863688533 0.06429575281053054
    vertex 0.1087110814331298 0.03601749654333954 0.06429998591203775
    vertex 0.1058770616201925 0.04022143044087001 0.06744647750628351
  endloop
endfacet
facet normal 5.32522e-05 -0.599223 0.800582
  outer loop
    vertex 0.1176447026282263 0.04022118247817201 0.06744633852344926
    vertex 0.1117578089031999 0.04021909848138283 0.06744517026237097
    vertex 0.1145781535310933 0.03601820957244566 0.0643006830759915
  endloop
endfacet
facet normal -2.22996e-05 -0.599256 0.800558
  outer loop
    vertex 0.1145781535310933 0.03601820957244566 0.0643006830759915
    vertex 0.1117578089031999 0.04021909848138283 0.06744517026237097
    vertex 0.1087110814331298 0.03601749654333954 0.06429998591203775
  endloop
endfacet
facet normal 0.0195299 0.35907 0.933106
  outer loop
    vertex 0.08529411764705869 0.05505278438300006 0.06935121107266702
    vertex 0.0850576143027553 0.05918576984491847 0.0677657432255503
    vertex 0.07911430792750632 0.05757509301856555 0.06850994234891292
  endloop
endfacet
facet normal 6.39998e-05 -0.599363 0.800477
  outer loop
    vertex 0.1058770616201925 0.04022143044087001 0.06744647750628351
    vertex 0.0999951381690474 0.040218931302217 0.06744507652976191
    vertex 0.1028456142053156 0.03601316863688533 0.06429575281053054
  endloop
endfacet
facet normal -5.96622e-05 -0.599238 0.800571
  outer loop
    vertex 0.1087110814331298 0.03601749654333954 0.06429998591203775
    vertex 0.1117578089031999 0.04021909848138283 0.06744517026237097
    vertex 0.1058770616201925 0.04022143044087001 0.06744647750628351
  endloop
endfacet
facet normal -1.66149e-05 -0.59919 0.800607
  outer loop
    vertex 0.1145781535310933 0.03601820957244566 0.0643006830759915
    vertex 0.1204729028298437 0.03601874320899004 0.06430120479343743
    vertex 0.1176447026282263 0.04022118247817201 0.06744633852344926
  endloop
endfacet
facet normal 0.0323215 -0.346248 0.937586
  outer loop
    vertex 0.005629564554162989 0.04042151929227837 0.06755712696689879
    vertex 0.004540469472872721 0.04562028829544739 0.06951456188042676
    vertex 0 0.04410489651178192 0.06911145611572282
  endloop
endfacet
facet normal 0.0121765 -0.915935 0.401141
  outer loop
    vertex 0.005158140784351488 0.03267949192431124 0.06000000000000002
    vertex 0.009322998310037325 0.03078459613996245 0.05554691396144322
    vertex 0.01125371983047619 0.03298329465341206 0.06050865068157684
  endloop
endfacet
facet normal 5.89543e-05 -0.599296 0.800528
  outer loop
    vertex 0.1294087725476862 0.04022120794030946 0.0674463527951642
    vertex 0.1235238754248095 0.04021890307423395 0.06744506070292591
    vertex 0.1263650763971192 0.03601568924628666 0.06429821851642985
  endloop
endfacet
facet normal 0.000477359 -0.777656 0.628689
  outer loop
    vertex 0.06747945835249361 0.03621204515742524 0.06448766031004037
    vertex 0.06442706844695469 0.03295114554231878 0.06045641246703683
    vertex 0.07052366430946427 0.03293944321599886 0.06043730818841105
  endloop
endfacet
facet normal -5.83116e-05 -0.599208 0.800593
  outer loop
    vertex 0.1204729028298437 0.03601874320899004 0.06430120479343743
    vertex 0.1235238754248095 0.04021890307423395 0.06744506070292591
    vertex 0.1176447026282263 0.04022118247817201 0.06744633852344926
  endloop
endfacet
facet normal 0.00255912 -0.986774 0.162082
  outer loop
    vertex 0.09984547264322677 0.03000868548298067 0.05058935887336328
    vertex 0.09677433765318465 0.0308531718824978 0.05577918446139479
    vertex 0.09389841316509931 0.03001247676204131 0.05070633902062764
  endloop
endfacet
facet normal -0.00711227 0.3578 0.933771
  outer loop
    vertex 0.08972850817091653 0.05889815902223392 0.06791152606605694
    vertex 0.0850576143027553 0.05918576984491847 0.0677657432255503
    vertex 0.08529411764705869 0.05505278438300006 0.06935121107266702
  endloop
endfacet
facet normal -0.0025561 -0.995213 -0.0976929
  outer loop
    vertex 0.09389841316509931 0.03001247676204131 0.05070633902062764
    vertex 0.09696343076710137 0.03051776998071728 0.045478638095025
    vertex 0.09984547264322677 0.03000868548298067 0.05058935887336328
  endloop
endfacet
facet normal -0.0196044 0.272784 0.961876
  outer loop
    vertex 0.07911430792750632 0.05757509301856555 0.06850994234891292
    vertex 0.07941176470588222 0.05332186945213069 0.06972220026627357
    vertex 0.08529411764705869 0.05505278438300006 0.06935121107266702
  endloop
endfacet
facet normal -0.00242971 -0.819863 -0.572554
  outer loop
    vertex 0.09389656576087799 0.03222880406292822 0.0408247836556186
    vertex 0.09695090899465059 0.03522810398527563 0.03651700744900561
    vertex 0.09983670872467335 0.03228006016603931 0.04072618027559231
  endloop
endfacet
facet normal -0.00144536 -0.371425 0.928462
  outer loop
    vertex 0.04411764705882344 0.04504480240226808 0.06937642941223775
    vertex 0.04102599814671717 0.04019406028884963 0.0674311085815356
    vertex 0.04694844182933792 0.04025155964704966 0.06746333045799023
  endloop
endfacet
facet normal -0.00331502 -0.371359 0.928483
  outer loop
    vertex 0.06443003248623243 0.04030099789706862 0.06749083640673975
    vertex 0.06156179385947716 0.04503429982940031 0.06937374052204959
    vertex 0.05851711895907705 0.04016865867030575 0.06741679441398576
  endloop
endfacet
facet normal 0.000335239 -0.125786 0.992057
  outer loop
    vertex 0.1705882352941176 0.05 0.07000000000000001
    vertex 0.1675241479176234 0.04501645639158249 0.06936915829619349
    vertex 0.1735034246364786 0.0450010235856479 0.06936518099085964
  endloop
endfacet
facet normal -0.0382451 0.471121 0.881239
  outer loop
    vertex 0.09386474914667517 0.06201088607060801 0.06599182965763689
    vertex 0.09483436847819489 0.05686550305112279 0.06878469770464843
    vertex 0.09949315459801629 0.06018731514272329 0.06721100259086731
  endloop
endfacet
facet normal -0.000764273 -0.599723 0.800208
  outer loop
    vertex 0.0999951381690474 0.040218931302217 0.06744507652976191
    vertex 0.09698041820384042 0.03598887606187778 0.06427194471649111
    vertex 0.1028456142053156 0.03601316863688533 0.06429575281053054
  endloop
endfacet
facet normal 0.000506171 -0.37342 0.927662
  outer loop
    vertex 0.05851711895907705 0.04016865867030575 0.06741679441398576
    vertex 0.06156179385947716 0.04503429982940031 0.06937374052204959
    vertex 0.05575060901617654 0.04501252647424893 0.06936814673193933
  endloop
endfacet
facet normal 0.00196549 -0.914929 0.40361
  outer loop
    vertex 0.1411641213709479 0.03293018265237926 0.06042215600146467
    vertex 0.1352402429377245 0.03288371017951993 0.06034565719426901
    vertex 0.1381539971008708 0.03080691513762145 0.05562365481386752
  endloop
endfacet
facet normal -0.00304462 -0.913763 0.406237
  outer loop
    vertex 0.1381539971008708 0.03080691513762145 0.05562365481386752
    vertex 0.1441087985396083 0.03084676932159973 0.05575792971301202
    vertex 0.1411641213709479 0.03293018265237926 0.06042215600146467
  endloop
endfacet
facet normal -0.000159536 -0.912395 0.409311
  outer loop
    vertex 0.08506322178423829 0.03084343755388784 0.05574683523760732
    vertex 0.08223724714061492 0.03297172701674352 0.06048989605323606
    vertex 0.07923298858822685 0.03084138381134572 0.05573998482017452
  endloop
endfacet
facet normal 0.00221825 -0.373436 0.927653
  outer loop
    vertex 0.03823529411764699 0.04494721561695915 0.06935121107265638
    vertex 0.04102599814671717 0.04019406028884963 0.0674311085815356
    vertex 0.04411764705882344 0.04504480240226808 0.06937642941223775
  endloop
endfacet
facet normal 0.00304472 -0.987426 0.158052
  outer loop
    vertex 0.1411026687073386 0.03000834829095614 0.05057780787835019
    vertex 0.1441087985396083 0.03084676932159973 0.05575792971301202
    vertex 0.1381539971008708 0.03080691513762145 0.05562365481386752
  endloop
endfacet
facet normal -0.00246311 -0.778734 0.62735
  outer loop
    vertex 0.07352350751491654 0.03612851119520501 0.06440769927290431
    vertex 0.06747945835249361 0.03621204515742524 0.06448766031004037
    vertex 0.07052366430946427 0.03293944321599886 0.06043730818841105
  endloop
endfacet
facet normal -0.0204492 0.273655 0.96161
  outer loop
    vertex 0.04971326197344651 0.05763607663893358 0.06848486769128556
    vertex 0.04999999999999991 0.0532919685235897 0.06972721326593533
    vertex 0.05588235294117638 0.05505278438299514 0.06935121107266831
  endloop
endfacet
facet normal -0.00285928 -0.986887 0.16139
  outer loop
    vertex 0.1470532940114756 0.03001257341641932 0.05070906880200175
    vertex 0.1441087985396083 0.03084676932159973 0.05575792971301202
    vertex 0.1411026687073386 0.03000834829095614 0.05057780787835019
  endloop
endfacet
facet normal 0.000109925 0.060033 -0.998196
  outer loop
    vertex 0.07917268533068136 0.05379976745404277 0.03036427319157253
    vertex 0.07621334937075029 0.04858343617137379 0.03005022940183452
    vertex 0.07327431091192164 0.05379489252150431 0.03036333045676455
  endloop
endfacet
facet normal 0.00224219 0.8547 0.519118
  outer loop
    vertex 0.04367428365063785 0.06560858048580304 0.06250488765316221
    vertex 0.0466969143549824 0.06831360608090975 0.05803814856252767
    vertex 0.04072238941747713 0.06827171047873683 0.05813293281548662
  endloop
endfacet
facet normal 0.000131499 0.0604898 -0.998169
  outer loop
    vertex 0.08506789562065961 0.05380560391860847 0.0303654035229987
    vertex 0.08209472976047345 0.04859627222220937 0.03004932210861348
    vertex 0.07917268533068136 0.05379976745404277 0.03036427319157253
  endloop
endfacet
facet normal 0.00285506 -0.995242 -0.0973965
  outer loop
    vertex 0.1411026687073386 0.03000834829095614 0.05057780787835019
    vertex 0.144051318885445 0.0305143993272491 0.04549318666660251
    vertex 0.1470532940114756 0.03001257341641932 0.05070906880200175
  endloop
endfacet
facet normal -0.00129911 -0.782615 0.622504
  outer loop
    vertex 0.1352402429377245 0.03288371017951993 0.06034565719426901
    vertex 0.1322416309227548 0.03609055554076181 0.06437105962813347
    vertex 0.1293093504328434 0.03285298342200545 0.06029465018706222
  endloop
endfacet
facet normal -0.000614661 -0.596788 0.802398
  outer loop
    vertex 0.141173478038558 0.0402200150852802 0.06744568413871617
    vertex 0.138122163960139 0.03609492646069097 0.06437528886201623
    vertex 0.1441823139532868 0.03611582534380446 0.06439547477911921
  endloop
endfacet
facet normal -0.00189166 -0.995505 -0.0946899
  outer loop
    vertex 0.144051318885445 0.0305143993272491 0.04549318666660251
    vertex 0.1499761979998802 0.0304951433875139 0.04557726684884143
    vertex 0.1470532940114756 0.03001257341641932 0.05070906880200175
  endloop
endfacet
facet normal -0.000233818 -0.593534 0.804809
  outer loop
    vertex 0.0201458820522869 0.03620061614317593 0.06447677468126183
    vertex 0.02326330651150553 0.04024117027133396 0.06745752681014421
    vertex 0.01729203483762008 0.04025087033696217 0.0674629456511001
  endloop
endfacet
facet normal -0.0016808 -0.434755 -0.900547
  outer loop
    vertex 0.1529454043080252 0.03904924872264209 0.03326437791830121
    vertex 0.1499321647301518 0.0437433919402982 0.03100381997381383
    vertex 0.1558986467302813 0.04366976870743305 0.03102822697314228
  endloop
endfacet
facet normal 0.00222233 0.887282 -0.461222
  outer loop
    vertex 0.0199864570256795 0.06879338865625859 0.04315832309920942
    vertex 0.02302017296998462 0.06636790554818026 0.0385068860631311
    vertex 0.01702330982055938 0.06642665710927453 0.03859101511025979
  endloop
endfacet
facet normal -0.00288712 0.697458 0.71662
  outer loop
    vertex 0.0496077663591666 0.06568780737373733 0.06240534964458934
    vertex 0.04661897504542697 0.06192294483864718 0.06605750249492669
    vertex 0.05255619392929133 0.06202897327361744 0.06597822900019265
  endloop
endfacet
facet normal -0.000285494 0.0602565 -0.998183
  outer loop
    vertex 0.08209472976047345 0.04859627222220937 0.03004932210861348
    vertex 0.07621334937075029 0.04858343617137379 0.03005022940183452
    vertex 0.07917268533068136 0.05379976745404277 0.03036427319157253
  endloop
endfacet
facet normal -0.00385135 -0.996522 -0.0832444
  outer loop
    vertex 0.1706409888163004 0.0300235373546721 0.05097002071102581
    vertex 0.1676660679943768 0.03047983138212148 0.04564534534898684
    vertex 0.1735493332230857 0.03044302749815099 0.04581373357728853
  endloop
endfacet
facet normal -0.0018834 -0.193049 -0.981187
  outer loop
    vertex 0.08801868832521154 0.04871333157081026 0.03004143080395475
    vertex 0.09097236922761637 0.04367082498122168 0.03102787456341087
    vertex 0.08504643058987317 0.04358913777187667 0.0310553214465903
  endloop
endfacet
facet normal -0.00231199 -0.598194 0.801348
  outer loop
    vertex 0.1263650763971192 0.03601568924628666 0.06429821851642985
    vertex 0.1322416309227548 0.03609055554076181 0.06437105962813347
    vertex 0.1294087725476862 0.04022120794030946 0.0674463527951642
  endloop
endfacet
facet normal 0.00277758 0.695142 0.718868
  outer loop
    vertex 0.04367428365063785 0.06560858048580304 0.06250488765316221
    vertex 0.04661897504542697 0.06192294483864718 0.06605750249492669
    vertex 0.0496077663591666 0.06568780737373733 0.06240534964458934
  endloop
endfacet
facet normal 0.019686 0.359841 0.932806
  outer loop
    vertex 0.05588235294117638 0.05505278438299514 0.06935121107266831
    vertex 0.05550524019151702 0.05919278809401995 0.06776211268567017
    vertex 0.04971326197344651 0.05763607663893358 0.06848486769128556
  endloop
endfacet
facet normal 0.00035521 -0.436635 -0.899639
  outer loop
    vertex 0.09687270429981522 0.04368613267536538 0.0310227747179175
    vertex 0.09388829030811865 0.03900415378020049 0.03329397216839022
    vertex 0.09097236922761637 0.04367082498122168 0.03102787456341087
  endloop
endfacet
facet normal 0.00990571 0.34057 0.940167
  outer loop
    vertex 0.09034809327823468 0.05458549185612984 0.06946723566501847
    vertex 0.08972850817091653 0.05889815902223392 0.06791152606605694
    vertex 0.08529411764705869 0.05505278438300006 0.06935121107266702
  endloop
endfacet
facet normal 0.00188892 0.999474 0.0323823
  outer loop
    vertex 0.04368277077743123 0.06973759810638794 0.05322912077673029
    vertex 0.04668920332843454 0.06990094849862188 0.04801197362814279
    vertex 0.04073798686033308 0.06990939486936282 0.04809842277680094
  endloop
endfacet
facet normal -0.00228769 -0.43527 -0.900297
  outer loop
    vertex 0.09982928520158638 0.03909246327231737 0.0332361805505352
    vertex 0.09388829030811865 0.03900415378020049 0.03329397216839022
    vertex 0.09687270429981522 0.04368613267536538 0.0310227747179175
  endloop
endfacet
facet normal -8.06956e-05 -0.436856 -0.899532
  outer loop
    vertex 0.09097236922761637 0.04367082498122168 0.03102787456341087
    vertex 0.09388829030811865 0.03900415378020049 0.03329397216839022
    vertex 0.0879886580944149 0.03900108887855795 0.03329598987839692
  endloop
endfacet
facet normal 0.0049114 -0.986057 0.166336
  outer loop
    vertex 0.1676202052294052 0.03091739140782633 0.05598782509079044
    vertex 0.1617630885539066 0.03085283396340685 0.05577806479430039
    vertex 0.1647744095199893 0.03001252520316731 0.05070770844701619
  endloop
endfacet
facet normal 7.35594e-05 -0.194599 -0.980883
  outer loop
    vertex 0.07326176018130928 0.04358997516061908 0.03105503809561709
    vertex 0.067353153410009 0.04359314324667211 0.03105396646940746
    vertex 0.07032711688558342 0.04869050274427507 0.03004291562033049
  endloop
endfacet
facet normal 0.00196986 -0.81991 -0.572489
  outer loop
    vertex 0.141099184451786 0.03229211560914319 0.04070318170554841
    vertex 0.1440857103802185 0.03520289813665107 0.03654467479227368
    vertex 0.1470868416251677 0.03224948134972434 0.04078484467595819
  endloop
endfacet
facet normal 0.00255729 -0.195527 -0.980695
  outer loop
    vertex 0.08504643058987317 0.04358913777187667 0.0310553214465903
    vertex 0.08209472976047345 0.04859627222220937 0.03004932210861348
    vertex 0.08801868832521154 0.04871333157081026 0.03004143080395475
  endloop
endfacet
facet normal -0.00255501 0.0620172 -0.998072
  outer loop
    vertex 0.08801868832521154 0.04871333157081026 0.03004143080395475
    vertex 0.08209472976047345 0.04859627222220937 0.03004932210861348
    vertex 0.08506789562065961 0.05380560391860847 0.0303654035229987
  endloop
endfacet
facet normal 0.00162863 -0.433031 -0.901378
  outer loop
    vertex 0.147015421369376 0.03911180908035069 0.03322360889531761
    vertex 0.1499321647301518 0.0437433919402982 0.03100381997381383
    vertex 0.1529454043080252 0.03904924872264209 0.03326437791830121
  endloop
endfacet
facet normal -0.00159938 0.886261 -0.463183
  outer loop
    vertex 0.02592883907416004 0.06876830313031219 0.04308980480675736
    vertex 0.02302017296998462 0.06636790554818026 0.0385068860631311
    vertex 0.0199864570256795 0.06879338865625859 0.04315832309920942
  endloop
endfacet
facet normal 0.00187178 -0.437864 -0.899039
  outer loop
    vertex 0.09097236922761637 0.04367082498122168 0.03102787456341087
    vertex 0.0879886580944149 0.03900108887855795 0.03329598987839692
    vertex 0.08504643058987317 0.04358913777187667 0.0310553214465903
  endloop
endfacet
facet normal 0.000235695 -0.373189 0.927755
  outer loop
    vertex 0.01729203483762008 0.04025087033696217 0.0674629456511001
    vertex 0.02326330651150553 0.04024117027133396 0.06745752681014421
    vertex 0.02058823529411761 0.04494721561698962 0.06935121107266433
  endloop
endfacet
facet normal 0.0196327 0.358401 0.933361
  outer loop
    vertex 0.1205882352941175 0.05505278438304818 0.06935121107265446
    vertex 0.1204486295109213 0.05917536698889485 0.06777111815894259
    vertex 0.1145075005586642 0.05754919165301658 0.06852052119639253
  endloop
endfacet
facet normal -0.00276549 0.8562 0.516637
  outer loop
    vertex 0.0496077663591666 0.06568780737373733 0.06240534964458934
    vertex 0.0466969143549824 0.06831360608090975 0.05803814856252767
    vertex 0.04367428365063785 0.06560858048580304 0.06250488765316221
  endloop
endfacet
facet normal -0.00223384 -0.441375 -0.89732
  outer loop
    vertex 0.1765844329323452 0.03890512251927838 0.03335957651717433
    vertex 0.1735921687894521 0.04363898871041541 0.03103852496840561
    vertex 0.179505633068177 0.04354314321010903 0.03107094824364309
  endloop
endfacet
facet normal -0.000105146 -0.371044 0.928615
  outer loop
    vertex 0.05262069669612419 0.04025561166103782 0.06746559177066434
    vertex 0.04986682819844322 0.0450276969055763 0.06937204692171647
    vertex 0.04694844182933792 0.04025155964704966 0.06746333045799023
  endloop
endfacet
facet normal -0.00583992 -0.985086 0.171964
  outer loop
    vertex 0.1647744095199893 0.03001252520316731 0.05070770844701619
    vertex 0.1706409888163004 0.0300235373546721 0.05097002071102581
    vertex 0.1676202052294052 0.03091739140782633 0.05598782509079044
  endloop
endfacet
facet normal 0.000608691 -0.780425 0.62525
  outer loop
    vertex 0.1441823139532868 0.03611582534380446 0.06439547477911921
    vertex 0.138122163960139 0.03609492646069097 0.06437528886201623
    vertex 0.1411641213709479 0.03293018265237926 0.06042215600146467
  endloop
endfacet
facet normal 0.00128748 -0.915681 0.401905
  outer loop
    vertex 0.1322581368937199 0.03080681394414645 0.05562330943710096
    vertex 0.1352402429377245 0.03288371017951993 0.06034565719426901
    vertex 0.1293093504328434 0.03285298342200545 0.06029465018706222
  endloop
endfacet
facet normal -0.00162365 -0.649443 -0.760409
  outer loop
    vertex 0.1499923087083048 0.03515852479040821 0.03659363533231054
    vertex 0.147015421369376 0.03911180908035069 0.03322360889531761
    vertex 0.1529454043080252 0.03904924872264209 0.03326437791830121
  endloop
endfacet
facet normal 3.62658e-05 -0.36872 0.929541
  outer loop
    vertex 0.03491531811705854 0.04029699537630299 0.06748861633384741
    vertex 0.03235294117647053 0.0450758800049364 0.0693843504475702
    vertex 0.02916221508925126 0.04029841511769237 0.06748940395700723
  endloop
endfacet
facet normal -7.87247e-06 -0.91538 0.402591
  outer loop
    vertex 0.1381539971008708 0.03080691513762145 0.05562365481386752
    vertex 0.1352402429377245 0.03288371017951993 0.06034565719426901
    vertex 0.1322581368937199 0.03080681394414645 0.05562330943710096
  endloop
endfacet
facet normal -0.000395597 -0.370891 0.928676
  outer loop
    vertex 0.04986682819844322 0.0450276969055763 0.06937204692171647
    vertex 0.04411764705882344 0.04504480240226808 0.06937642941223775
    vertex 0.04694844182933792 0.04025155964704966 0.06746333045799023
  endloop
endfacet
facet normal 0.00326908 -0.82234 -0.568987
  outer loop
    vertex 0.1676874914481899 0.03517993950462948 0.0365699662355764
    vertex 0.170650406647391 0.03217465162027544 0.04093043798513671
    vertex 0.1647746753096959 0.0322418493175942 0.04079956064413386
  endloop
endfacet
facet normal 0.0012722 -0.195272 -0.980748
  outer loop
    vertex 0.07032711688558342 0.04869050274427507 0.03004291562033049
    vertex 0.067353153410009 0.04359314324667211 0.03105396646940746
    vertex 0.06441724731672153 0.04863243846950072 0.03004681039381677
  endloop
endfacet
facet normal -0.0025755 0.999552 0.0298121
  outer loop
    vertex 0.04960742920109566 0.06975634634911546 0.0531123590624786
    vertex 0.04668920332843454 0.06990094849862188 0.04801197362814279
    vertex 0.04368277077743123 0.06973759810638794 0.05322912077673029
  endloop
endfacet
facet normal -0.00230306 0.544746 -0.838598
  outer loop
    vertex 0.1765854252762858 0.05863538831640877 0.03196031960857314
    vertex 0.1735626875553921 0.0630121972632412 0.03481175710022722
    vertex 0.1795151868705359 0.06293148929315588 0.03474298244541238
  endloop
endfacet
facet normal 0.000390991 -0.91305 0.407847
  outer loop
    vertex 0.07327303685345644 0.0308466087519918 0.05575739556576779
    vertex 0.07923298858822685 0.03084138381134572 0.05573998482017452
    vertex 0.07646666419712633 0.03293568117343117 0.06043115635896655
  endloop
endfacet
facet normal -0.000602534 -0.596486 0.802623
  outer loop
    vertex 0.09411764705888297 0.0402214684281633 0.06744649879771276
    vertex 0.08823529411764691 0.04024552164997464 0.06745995853714683
    vertex 0.09096205271788045 0.03610439165814584 0.06438443842524946
  endloop
endfacet
facet normal -0.00281745 -0.772662 0.634811
  outer loop
    vertex 0.1676097186656484 0.0363207736718244 0.06459036555616574
    vertex 0.1646784608312553 0.03299953368836233 0.0605349012898495
    vertex 0.1705711693427735 0.03306745056861902 0.06064371973296176
  endloop
endfacet
facet normal 0.00583188 -0.996049 -0.088614
  outer loop
    vertex 0.1647744095199893 0.03001252520316731 0.05070770844701619
    vertex 0.1676660679943768 0.03047983138212148 0.04564534534898684
    vertex 0.1706409888163004 0.0300235373546721 0.05097002071102581
  endloop
endfacet
facet normal -0.000227769 -0.368567 0.929601
  outer loop
    vertex 0.03235294117647053 0.0450758800049364 0.0693843504475702
    vertex 0.02647058823529407 0.04508597790086262 0.06938691277148555
    vertex 0.02916221508925126 0.04029841511769237 0.06748940395700723
  endloop
endfacet
facet normal 0.000120998 0.0610003 -0.998138
  outer loop
    vertex 0.06737191623942528 0.05378987046797042 0.03036236058391932
    vertex 0.06441724731672153 0.04863243846950072 0.03004681039381677
    vertex 0.06146389265383566 0.05378443372718155 0.0303613121272176
  endloop
endfacet
facet normal 0.00144369 -0.648105 -0.761549
  outer loop
    vertex 0.1499923087083048 0.03515852479040821 0.03659363533231054
    vertex 0.1440857103802185 0.03520289813665107 0.03654467479227368
    vertex 0.147015421369376 0.03911180908035069 0.03322360889531761
  endloop
endfacet
facet normal -0.0197357 0.272063 0.962077
  outer loop
    vertex 0.1145075005586642 0.05754919165301658 0.06852052119639253
    vertex 0.114705882352941 0.05330291453772972 0.06972538353382397
    vertex 0.1205882352941175 0.05505278438304818 0.06935121107265446
  endloop
endfacet
facet normal -0.000133111 -0.597088 0.802175
  outer loop
    vertex 0.1352881306814749 0.04022225383106379 0.06744693898240758
    vertex 0.1322416309227548 0.03609055554076181 0.06437105962813347
    vertex 0.138122163960139 0.03609492646069097 0.06437528886201623
  endloop
endfacet
facet normal 0.00235509 0.0612944 -0.998117
  outer loop
    vertex 0.07327431091192164 0.05379489252150431 0.03036333045676455
    vertex 0.07621334937075029 0.04858343617137379 0.03005022940183452
    vertex 0.07032711688558342 0.04869050274427507 0.03004291562033049
  endloop
endfacet
facet normal 2.62573e-05 -0.597164 0.802119
  outer loop
    vertex 0.1294087725476862 0.04022120794030946 0.0674463527951642
    vertex 0.1322416309227548 0.03609055554076181 0.06437105962813347
    vertex 0.1352881306814749 0.04022225383106379 0.06744693898240758
  endloop
endfacet
facet normal -5.60743e-05 -0.597054 0.802201
  outer loop
    vertex 0.141173478038558 0.0402200150852802 0.06744568413871617
    vertex 0.1352881306814749 0.04022225383106379 0.06744693898240758
    vertex 0.138122163960139 0.03609492646069097 0.06437528886201623
  endloop
endfacet
facet normal -0.00336154 -0.782046 0.623212
  outer loop
    vertex 0.09390323173083893 0.03291708085931035 0.06040066698018254
    vertex 0.09698041820384042 0.03598887606187778 0.06427194471649111
    vertex 0.09096205271788045 0.03610439165814584 0.06438443842524946
  endloop
endfacet
facet normal 0.00228995 -0.783871 0.62092
  outer loop
    vertex 0.1293093504328434 0.03285298342200545 0.06029465018706222
    vertex 0.1322416309227548 0.03609055554076181 0.06437105962813347
    vertex 0.1263650763971192 0.03601568924628666 0.06429821851642985
  endloop
endfacet
facet normal -0.000750717 -0.995642 -0.0932573
  outer loop
    vertex 0.1529572766516771 0.03001247720489006 0.05070635155196298
    vertex 0.1499761979998802 0.0304951433875139 0.04557726684884143
    vertex 0.1559081570743592 0.03048750104805788 0.04561110667132846
  endloop
endfacet
facet normal 0.00313561 -0.371768 0.92832
  outer loop
    vertex 0.02058823529411761 0.04494721561698962 0.06935121107266433
    vertex 0.02326330651150553 0.04024117027133396 0.06745752681014421
    vertex 0.02647058823529407 0.04508597790086262 0.06938691277148555
  endloop
endfacet
facet normal 0.00125104 0.54647 -0.837478
  outer loop
    vertex 0.1706816959494173 0.0586866374597528 0.03198494158647218
    vertex 0.1735626875553921 0.0630121972632412 0.03481175710022722
    vertex 0.1765854252762858 0.05863538831640877 0.03196031960857314
  endloop
endfacet
facet normal -0.00179417 0.0585654 -0.998282
  outer loop
    vertex 0.1795110119246595 0.05372213818813137 0.03034941000100877
    vertex 0.1765869493374456 0.04856065014038412 0.03005186043808537
    vertex 0.1736157726696969 0.05380188946363717 0.03036468394687051
  endloop
endfacet
facet normal 0.00104881 0.545642 -0.838018
  outer loop
    vertex 0.1499706385517307 0.06296839046768879 0.03477433585430315
    vertex 0.1529602449747217 0.05865577980999298 0.03197009495640873
    vertex 0.1470027987510386 0.05869976060605652 0.03199127529786445
  endloop
endfacet
facet normal 0.00332723 -0.915124 0.403159
  outer loop
    vertex 0.09985155513655236 0.03285550560382644 0.0602988500280164
    vertex 0.09677433765318465 0.0308531718824978 0.05577918446139479
    vertex 0.1027933659163515 0.03080766628474399 0.055626217784822
  endloop
endfacet
facet normal 0.000133151 -0.782096 0.623158
  outer loop
    vertex 0.138122163960139 0.03609492646069097 0.06437528886201623
    vertex 0.1322416309227548 0.03609055554076181 0.06437105962813347
    vertex 0.1352402429377245 0.03288371017951993 0.06034565719426901
  endloop
endfacet
facet normal -5.93285e-05 -0.995605 -0.0936557
  outer loop
    vertex 0.1470532940114756 0.03001257341641932 0.05070906880200175
    vertex 0.1499761979998802 0.0304951433875139 0.04557726684884143
    vertex 0.1529572766516771 0.03001247720489006 0.05070635155196298
  endloop
endfacet
facet normal -0.000881019 0.0637077 -0.997968
  outer loop
    vertex 0.1558882186707342 0.05381169552799438 0.03036658518744466
    vertex 0.1529360872460594 0.04869551110027991 0.03004258762488215
    vertex 0.1499632313945599 0.05385151517564615 0.0303743578232006
  endloop
endfacet
facet normal -0.00393978 -0.654805 -0.755787
  outer loop
    vertex 0.1706931387177782 0.03905414637844501 0.03326117421993133
    vertex 0.1765844329323452 0.03890512251927838 0.03335957651717433
    vertex 0.1735601231646172 0.03504764420794679 0.03671741530168722
  endloop
endfacet
facet normal 0.00106643 0.0648259 -0.997896
  outer loop
    vertex 0.1499632313945599 0.05385151517564615 0.0303743578232006
    vertex 0.1529360872460594 0.04869551110027991 0.03004258762488215
    vertex 0.1470116615901943 0.04874455576347966 0.03003944239834499
  endloop
endfacet
facet normal -0.00312723 -0.939236 -0.343258
  outer loop
    vertex 0.09389656576087799 0.03222880406292822 0.0408247836556186
    vertex 0.09696343076710137 0.03051776998071728 0.045478638095025
    vertex 0.0909518572438302 0.03048451721493391 0.04562439356593982
  endloop
endfacet
facet normal 0.000141397 -0.912544 0.408979
  outer loop
    vertex 0.0673742199907271 0.03084862264821574 0.05576409104105452
    vertex 0.06442706844695469 0.03295114554231878 0.06045641246703683
    vertex 0.06147292702815225 0.03085049563990297 0.05577031045634677
  endloop
endfacet
facet normal 7.08441e-05 -0.191947 -0.981405
  outer loop
    vertex 0.08801868832521154 0.04871333157081026 0.03004143080395475
    vertex 0.09391730575841348 0.04871657704590648 0.03004122184298583
    vertex 0.09097236922761637 0.04367082498122168 0.03102787456341087
  endloop
endfacet
facet normal 0.00278077 0.494244 0.869319
  outer loop
    vertex 0.04661897504542697 0.06192294483864718 0.06605750249492669
    vertex 0.04971326197344651 0.05763607663893358 0.06848486769128556
    vertex 0.05255619392929133 0.06202897327361744 0.06597822900019265
  endloop
endfacet
facet normal 5.44555e-06 -0.19459 -0.980885
  outer loop
    vertex 0.05849618494889711 0.04866253920764162 0.03004477014342095
    vertex 0.06146427199727003 0.04361833678796669 0.03104546559136362
    vertex 0.05555064747845794 0.04361857418475737 0.03104538566563395
  endloop
endfacet
facet normal 0.000222985 -0.778956 0.627079
  outer loop
    vertex 0.05261150011862639 0.03294949432985274 0.06045371973951263
    vertex 0.05851796396156193 0.03294410610479553 0.0604449262053653
    vertex 0.05556336009506586 0.0361500968551475 0.0644284504669838
  endloop
endfacet
facet normal -0.000350933 -0.191709 -0.981452
  outer loop
    vertex 0.09097236922761637 0.04367082498122168 0.03102787456341087
    vertex 0.09391730575841348 0.04871657704590648 0.03004122184298583
    vertex 0.09687270429981522 0.04368613267536538 0.0310227747179175
  endloop
endfacet
facet normal -0.00306501 -0.650647 -0.759374
  outer loop
    vertex 0.09388829030811865 0.03900415378020049 0.03329397216839022
    vertex 0.09695090899465059 0.03522810398527563 0.03651700744900561
    vertex 0.09094617390333763 0.0351299210527902 0.03662536908532622
  endloop
endfacet
facet normal -0.000223548 -0.912534 0.409001
  outer loop
    vertex 0.05557131481489162 0.03085223358502279 0.05577607490580504
    vertex 0.05851796396156193 0.03294410610479553 0.0604449262053653
    vertex 0.05261150011862639 0.03294949432985274 0.06045371973951263
  endloop
endfacet
facet normal -0.00234553 -0.195937 -0.980614
  outer loop
    vertex 0.07032711688558342 0.04869050274427507 0.03004291562033049
    vertex 0.07621334937075029 0.04858343617137379 0.03005022940183452
    vertex 0.07326176018130928 0.04358997516061908 0.03105503809561709
  endloop
endfacet
facet normal 2.57679e-06 0.85524 0.518232
  outer loop
    vertex 0.1499969424268771 0.06564090916601455 0.06246442780317181
    vertex 0.1469818784021852 0.06828847994102605 0.05809515296005505
    vertex 0.1440248727527512 0.06564098425690887 0.062464333575251
  endloop
endfacet
facet normal -0.00126487 0.0617913 -0.998088
  outer loop
    vertex 0.07032711688558342 0.04869050274427507 0.03004291562033049
    vertex 0.06441724731672153 0.04863243846950072 0.03004681039381677
    vertex 0.06737191623942528 0.05378987046797042 0.03036236058391932
  endloop
endfacet
facet normal 0.000449341 -0.64728 -0.762252
  outer loop
    vertex 0.141110424654277 0.03911176933931639 0.03322363468805745
    vertex 0.1440857103802185 0.03520289813665107 0.03654467479227368
    vertex 0.1381421659774681 0.0352169464461965 0.03652924175759296
  endloop
endfacet
facet normal -0.00192902 -0.781375 0.624058
  outer loop
    vertex 0.1411641213709479 0.03293018265237926 0.06042215600146467
    vertex 0.138122163960139 0.03609492646069097 0.06437528886201623
    vertex 0.1352402429377245 0.03288371017951993 0.06034565719426901
  endloop
endfacet
facet normal 0.00115194 -0.372446 0.928053
  outer loop
    vertex 0.00882352941176469 0.04494721561698981 0.06935121107266437
    vertex 0.01146906990652237 0.04025242260993681 0.06746381215613387
    vertex 0.01469502222493448 0.04499867331419761 0.06936457413375985
  endloop
endfacet
facet normal -0.000496241 0.855087 0.518484
  outer loop
    vertex 0.152906812132001 0.06827912946460162 0.05811624457593123
    vertex 0.1469818784021852 0.06828847994102605 0.05809515296005505
    vertex 0.1499969424268771 0.06564090916601455 0.06246442780317181
  endloop
endfacet
facet normal -8.42222e-05 -0.779067 0.626941
  outer loop
    vertex 0.05851796396156193 0.03294410610479553 0.0604449262053653
    vertex 0.06146432603199878 0.0361472913384094 0.06442575692076824
    vertex 0.05556336009506586 0.0361500968551475 0.0644284504669838
  endloop
endfacet
facet normal -0.00194721 -0.937906 -0.346885
  outer loop
    vertex 0.141099184451786 0.03229211560914319 0.04070318170554841
    vertex 0.1470868416251677 0.03224948134972434 0.04078484467595819
    vertex 0.144051318885445 0.0305143993272491 0.04549318666660251
  endloop
endfacet
facet normal 0.0021853 -0.372594 0.927992
  outer loop
    vertex 0.05262069669612419 0.04025561166103782 0.06746559177066434
    vertex 0.05851711895907705 0.04016865867030575 0.06741679441398576
    vertex 0.05575060901617654 0.04501252647424893 0.06936814673193933
  endloop
endfacet
facet normal -0.00438236 -0.824764 -0.565459
  outer loop
    vertex 0.1735601231646172 0.03504764420794679 0.03671741530168722
    vertex 0.170650406647391 0.03217465162027544 0.04093043798513671
    vertex 0.1676874914481899 0.03517993950462948 0.0365699662355764
  endloop
endfacet
facet normal 0.000602583 -0.593081 0.805142
  outer loop
    vertex 0.03787281491406472 0.03616483946511199 0.06444258747502944
    vertex 0.03491531811705854 0.04029699537630299 0.06748861633384741
    vertex 0.03195931041757633 0.03618495740111852 0.0644618324561962
  endloop
endfacet
facet normal -0.000471319 -0.912687 0.408658
  outer loop
    vertex 0.07052366430946427 0.03293944321599886 0.06043730818841105
    vertex 0.06442706844695469 0.03295114554231878 0.06045641246703683
    vertex 0.0673742199907271 0.03084862264821574 0.05576409104105452
  endloop
endfacet
facet normal 1.74869e-05 0.54514 -0.838345
  outer loop
    vertex 0.1558823010317995 0.06296900235771034 0.03477485705007327
    vertex 0.1529602449747217 0.05865577980999298 0.03197009495640873
    vertex 0.1499706385517307 0.06296839046768879 0.03477433585430315
  endloop
endfacet
facet normal 0.000106757 0.885639 -0.464374
  outer loop
    vertex 0.08800637111522336 0.06637245400153564 0.03851336646499074
    vertex 0.08505667539635085 0.06875855231541503 0.04306337870214629
    vertex 0.09095845553956224 0.06876025226690242 0.04306797757633586
  endloop
endfacet
facet normal 0.0527388 0.790549 0.610124
  outer loop
    vertex 0 0.06563662964936066 0.06246979603717458
    vertex 0.005153383114594159 0.06359728087626292 0.06466676354115028
    vertex 0.005654451464867825 0.06770715243411259 0.05929821233760021
  endloop
endfacet
facet normal -0.0014361 -0.821042 -0.570866
  outer loop
    vertex 0.1470868416251677 0.03224948134972434 0.04078484467595819
    vertex 0.1440857103802185 0.03520289813665107 0.03654467479227368
    vertex 0.1499923087083048 0.03515852479040821 0.03659363533231054
  endloop
endfacet
facet normal -0.000668685 0.693562 0.720397
  outer loop
    vertex 0.1676678761707789 0.06561365869668684 0.06249854639961687
    vertex 0.1706243891286591 0.06190946441510294 0.06606750314595883
    vertex 0.1735835630179491 0.06559435903282515 0.06252261819091139
  endloop
endfacet
facet normal 0.0030908 0.0613245 -0.998113
  outer loop
    vertex 0.1736157726696969 0.05380188946363717 0.03036468394687051
    vertex 0.1765869493374456 0.04856065014038412 0.03005186043808537
    vertex 0.1706893150005585 0.04870107019909897 0.03004222503954083
  endloop
endfacet
facet normal 0.000655585 0.0613056 -0.998119
  outer loop
    vertex 0.06146389265383566 0.05378443372718155 0.0303613121272176
    vertex 0.06441724731672153 0.04863243846950072 0.03004681039381677
    vertex 0.05849618494889711 0.04866253920764162 0.03004477014342095
  endloop
endfacet
facet normal -9.24652e-05 0.73972 -0.672914
  outer loop
    vertex 0.1086459646881025 0.06295061633338694 0.03475921469918918
    vertex 0.102745032993471 0.06294736940949949 0.03475645627244252
    vertex 0.1056909546729463 0.06639617051244781 0.03854724519922228
  endloop
endfacet
facet normal 0.000121038 -0.912453 0.409182
  outer loop
    vertex 0.05261150011862639 0.03294949432985274 0.06045371973951263
    vertex 0.0496743991047462 0.0308538436426928 0.05578140958085007
    vertex 0.05557131481489162 0.03085223358502279 0.05577607490580504
  endloop
endfacet
facet normal 0.000335249 -0.912302 0.409519
  outer loop
    vertex 0.04375556847822818 0.03085833303530753 0.0557962561893692
    vertex 0.0496743991047462 0.0308538436426928 0.05578140958085007
    vertex 0.04671521281073634 0.03295170533080793 0.06045732512989805
  endloop
endfacet
facet normal 0.00013294 0.0610448 -0.998135
  outer loop
    vertex 0.05555233111714559 0.05377978133059889 0.03036041616803309
    vertex 0.05258070985027765 0.04864476895059183 0.03004596910890634
    vertex 0.04963391053235396 0.05377377046189926 0.03035926028631059
  endloop
endfacet
facet normal 9.18644e-05 -0.191459 -0.981501
  outer loop
    vertex 0.09687270429981522 0.04368613267536538 0.0310227747179175
    vertex 0.09391730575841348 0.04871657704590648 0.03004122184298583
    vertex 0.09981271850557547 0.04872079334364852 0.03004095116669269
  endloop
endfacet
facet normal 0.00392821 -0.438232 -0.898853
  outer loop
    vertex 0.1706931387177782 0.03905414637844501 0.03326117421993133
    vertex 0.1735921687894521 0.04363898871041541 0.03103852496840561
    vertex 0.1765844329323452 0.03890512251927838 0.03335957651717433
  endloop
endfacet
facet normal 0.000386397 -0.194804 -0.980842
  outer loop
    vertex 0.05849618494889711 0.04866253920764162 0.03004477014342095
    vertex 0.05555064747845794 0.04361857418475737 0.03104538566563395
    vertex 0.05258070985027765 0.04864476895059183 0.03004596910890634
  endloop
endfacet
facet normal 0.000107745 0.885579 -0.464489
  outer loop
    vertex 0.07031046874368443 0.0663816977046206 0.03852655325046445
    vertex 0.06735166303929788 0.06875114375485344 0.04304337668945482
    vertex 0.07326024807984223 0.06875287888942594 0.04304805542610393
  endloop
endfacet
facet normal 0.00437585 -0.651392 -0.758729
  outer loop
    vertex 0.1735601231646172 0.03504764420794679 0.03671741530168722
    vertex 0.1676874914481899 0.03517993950462948 0.0365699662355764
    vertex 0.1706931387177782 0.03905414637844501 0.03326117421993133
  endloop
endfacet
facet normal -4.28757e-05 -0.986548 0.163475
  outer loop
    vertex 0.1647744095199893 0.03001252520316731 0.05070770844701619
    vertex 0.1617630885539066 0.03085283396340685 0.05577806479430039
    vertex 0.1588627468108786 0.03001245550892523 0.05070573735717088
  endloop
endfacet
facet normal 0.000121138 0.739638 -0.673005
  outer loop
    vertex 0.1056909546729463 0.06639617051244781 0.03854724519922228
    vertex 0.102745032993471 0.06294736940949949 0.03475645627244252
    vertex 0.09979139885624404 0.06639297397947894 0.03854267028893178
  endloop
endfacet
facet normal 0.000378285 -0.777668 0.628675
  outer loop
    vertex 0.02899419027270802 0.03296906648842396 0.06048557598438332
    vertex 0.03491534963697385 0.03295990325643326 0.06047067824784461
    vertex 0.03195931041757633 0.03618495740111852 0.0644618324561962
  endloop
endfacet
facet normal -0.000107803 0.974315 -0.22519
  outer loop
    vertex 0.07326024807984223 0.06875287888942594 0.04304805542610393
    vertex 0.06735166303929788 0.06875114375485344 0.04304337668945482
    vertex 0.07028287951823382 0.06990178792139376 0.0480203946019811
  endloop
endfacet
facet normal -0.000602321 -0.778023 0.628236
  outer loop
    vertex 0.03195931041757633 0.03618495740111852 0.0644618324561962
    vertex 0.03491534963697385 0.03295990325643326 0.06047067824784461
    vertex 0.03787281491406472 0.03616483946511199 0.06444258747502944
  endloop
endfacet
facet normal 3.51784e-05 0.739497 -0.67316
  outer loop
    vertex 0.09685274449875449 0.06294374754714055 0.03475338072109449
    vertex 0.09389199985838767 0.06639204570169083 0.03854134223769297
    vertex 0.09979139885624404 0.06639297397947894 0.03854267028893178
  endloop
endfacet
facet normal -0.000200286 0.853678 0.520801
  outer loop
    vertex 0.1706278923701396 0.06827182166728993 0.05813268301108277
    vertex 0.1735835630179491 0.06559435903282515 0.06252261819091139
    vertex 0.1765428849125461 0.06826806894385749 0.05814110908061485
  endloop
endfacet
facet normal 0.000292314 -0.912579 0.4089
  outer loop
    vertex 0.06147292702815225 0.03085049563990297 0.05577031045634677
    vertex 0.06442706844695469 0.03295114554231878 0.06045641246703683
    vertex 0.05851796396156193 0.03294410610479553 0.0604449262053653
  endloop
endfacet
facet normal 0.000173115 0.885657 -0.46434
  outer loop
    vertex 0.08210204610049554 0.06637702665838444 0.03851988685462701
    vertex 0.08505667539635085 0.06875855231541503 0.04306337870214629
    vertex 0.08800637111522336 0.06637245400153564 0.03851336646499074
  endloop
endfacet
facet normal 0.000668454 0.853938 0.520375
  outer loop
    vertex 0.1676678761707789 0.06561365869668684 0.06249854639961687
    vertex 0.1735835630179491 0.06559435903282515 0.06252261819091139
    vertex 0.1706278923701396 0.06827182166728993 0.05813268301108277
  endloop
endfacet
facet normal -0.0404522 -0.931883 0.360497
  outer loop
    vertex 0.2 0.03138252502711593 0.05730682048732792
    vertex 0.1934303645711421 0.03276877448295182 0.06015307181007934
    vertex 0.1948418592156485 0.03050144175636353 0.05445041867912631
  endloop
endfacet
facet normal -9.21552e-05 0.739448 -0.673214
  outer loop
    vertex 0.09095686988073758 0.06294051417206298 0.03475063630958206
    vertex 0.09389199985838767 0.06639204570169083 0.03854134223769297
    vertex 0.09685274449875449 0.06294374754714055 0.03475338072109449
  endloop
endfacet
facet normal 0.0361922 0.466237 0.883919
  outer loop
    vertex 0.1650407514076889 0.06028265745255257 0.06715421101984773
    vertex 0.169512884260142 0.05679742652265632 0.06880943892488792
    vertex 0.1706243891286591 0.06190946441510294 0.06606750314595883
  endloop
endfacet
facet normal 0.00010151 -0.433413 -0.901195
  outer loop
    vertex 0.114565845497366 0.04371223854563909 0.03101410903083416
    vertex 0.1116136025233481 0.03909605036070044 0.03323384712393393
    vertex 0.1086639946642597 0.04370779545678868 0.03101558107324876
  endloop
endfacet
facet normal -0.000386581 0.0613443 -0.998117
  outer loop
    vertex 0.05849618494889711 0.04866253920764162 0.03004477014342095
    vertex 0.05258070985027765 0.04864476895059183 0.03004596910890634
    vertex 0.05555233111714559 0.05377978133059889 0.03036041616803309
  endloop
endfacet
facet normal -7.59132e-05 -0.433522 -0.901143
  outer loop
    vertex 0.09982928520158638 0.03909246327231737 0.0332361805505352
    vertex 0.102766922697798 0.04370785868426123 0.03101556011722302
    vertex 0.1057237382905308 0.03909539357077108 0.03323427428878729
  endloop
endfacet
facet normal -0.000219065 -0.433247 -0.901275
  outer loop
    vertex 0.1175151987692752 0.03910452361863154 0.03322833954484405
    vertex 0.1116136025233481 0.03909605036070044 0.03323384712393393
    vertex 0.114565845497366 0.04371223854563909 0.03101410903083416
  endloop
endfacet
facet normal -1.44534e-06 -0.433483 -0.901162
  outer loop
    vertex 0.1057237382905308 0.03909539357077108 0.03323427428878729
    vertex 0.102766922697798 0.04370785868426123 0.03101556011722302
    vertex 0.1086639946642597 0.04370779545678868 0.03101558107324876
  endloop
endfacet
facet normal 0.00244193 -0.373323 0.927698
  outer loop
    vertex 0.03491531811705854 0.04029699537630299 0.06748861633384741
    vertex 0.04102599814671717 0.04019406028884963 0.0674311085815356
    vertex 0.03823529411764699 0.04494721561695915 0.06935121107265638
  endloop
endfacet
facet normal 1.02883e-06 -0.647478 -0.762084
  outer loop
    vertex 0.147015421369376 0.03911180908035069 0.03322360889531761
    vertex 0.1440857103802185 0.03520289813665107 0.03654467479227368
    vertex 0.141110424654277 0.03911176933931639 0.03322363468805745
  endloop
endfacet
facet normal -9.18645e-05 -0.912403 0.409294
  outer loop
    vertex 0.04671521281073634 0.03295170533080793 0.06045732512989805
    vertex 0.0496743991047462 0.0308538436426928 0.05578140958085007
    vertex 0.05261150011862639 0.03294949432985274 0.06045371973951263
  endloop
endfacet
facet normal -9.2478e-05 -0.784637 0.619955
  outer loop
    vertex 0.1263650763971192 0.03601568924628666 0.06429821851642985
    vertex 0.1204729028298437 0.03601874320899004 0.06430120479343743
    vertex 0.1234183304405929 0.03285371807528432 0.06029587374428068
  endloop
endfacet
facet normal 0.0408847 0.565972 0.82341
  outer loop
    vertex 0.004660740432650879 0.05894923923645649 0.06788605929456423
    vertex 0.005153383114594159 0.06359728087626292 0.06466676354115028
    vertex 0 0.06126640116127251 0.06652477548631985
  endloop
endfacet
facet normal -4.23882e-06 0.739755 -0.672877
  outer loop
    vertex 0.1086459646881025 0.06295061633338694 0.03475921469918918
    vertex 0.1056909546729463 0.06639617051244781 0.03854724519922228
    vertex 0.1115852552785113 0.06639605874813341 0.03854708519512356
  endloop
endfacet
facet normal -0.000341462 -0.371161 0.928568
  outer loop
    vertex 0.05575060901617654 0.04501252647424893 0.06936814673193933
    vertex 0.04986682819844322 0.0450276969055763 0.06937204692171647
    vertex 0.05262069669612419 0.04025561166103782 0.06746559177066434
  endloop
endfacet
facet normal -0.000743589 0.885866 -0.463941
  outer loop
    vertex 0.09389199985838767 0.06639204570169083 0.03854134223769297
    vertex 0.08800637111522336 0.06637245400153564 0.03851336646499074
    vertex 0.09095845553956224 0.06876025226690242 0.04306797757633586
  endloop
endfacet
facet normal -0.000103253 0.739551 -0.673101
  outer loop
    vertex 0.09979139885624404 0.06639297397947894 0.03854267028893178
    vertex 0.102745032993471 0.06294736940949949 0.03475645627244252
    vertex 0.09685274449875449 0.06294374754714055 0.03475338072109449
  endloop
endfacet
facet normal -0.0473846 0.433396 0.899957
  outer loop
    vertex 0 0.05589510348821813 0.06911145611572281
    vertex 0.004660740432650879 0.05894923923645649 0.06788605929456423
    vertex 0 0.06126640116127251 0.06652477548631985
  endloop
endfacet
facet normal 0.00165178 -0.191514 -0.981488
  outer loop
    vertex 0.1558986467302813 0.04366976870743305 0.03102822697314228
    vertex 0.1499321647301518 0.0437433919402982 0.03100381997381383
    vertex 0.1529360872460594 0.04869551110027991 0.03004258762488215
  endloop
endfacet
facet normal 0.000497413 0.958472 0.285186
  outer loop
    vertex 0.152906812132001 0.06827912946460162 0.05811624457593123
    vertex 0.1499552027582049 0.06974100658321046 0.05320821743054326
    vertex 0.1469818784021852 0.06828847994102605 0.05809515296005505
  endloop
endfacet
facet normal -0.00249257 -0.64873 -0.761014
  outer loop
    vertex 0.1933126273013803 0.0387666261151792 0.03345275517906905
    vertex 0.1892368028201989 0.03537726787952801 0.03635537815353915
    vertex 0.1871717737464692 0.03887928195715379 0.03337683453094704
  endloop
endfacet
facet normal -7.25059e-05 -0.435589 -0.900146
  outer loop
    vertex 0.1529454043080252 0.03904924872264209 0.03326437791830121
    vertex 0.1558986467302813 0.04366976870743305 0.03102822697314228
    vertex 0.1588578496264335 0.03905204506087662 0.03326254850190974
  endloop
endfacet
facet normal -5.57264e-05 0.739775 -0.672855
  outer loop
    vertex 0.1115852552785113 0.06639605874813341 0.03854708519512356
    vertex 0.1145406541386208 0.06295257218171292 0.03476087686651504
    vertex 0.1086459646881025 0.06295061633338694 0.03475921469918918
  endloop
endfacet
facet normal 0.000619095 0.693462 0.720493
  outer loop
    vertex 0.1794933072270897 0.0655936543818596 0.06252349563896242
    vertex 0.1765418931615697 0.06192986679126496 0.06605236052244884
    vertex 0.1824482255578758 0.06190684095949014 0.06606944735718712
  endloop
endfacet
facet normal -3.91458e-05 0.739781 -0.672848
  outer loop
    vertex 0.1174873560668482 0.06639502444238048 0.03854560461945953
    vertex 0.1145406541386208 0.06295257218171292 0.03476087686651504
    vertex 0.1115852552785113 0.06639605874813341 0.03854708519512356
  endloop
endfacet
facet normal -0.000496955 -0.191128 -0.981565
  outer loop
    vertex 0.102766922697798 0.04370785868426123 0.03101556011722302
    vertex 0.09687270429981522 0.04368613267536538 0.0310227747179175
    vertex 0.09981271850557547 0.04872079334364852 0.03004095116669269
  endloop
endfacet
facet normal -0.000653163 -0.194963 -0.98081
  outer loop
    vertex 0.05849618494889711 0.04866253920764162 0.03004477014342095
    vertex 0.06441724731672153 0.04863243846950072 0.03004681039381677
    vertex 0.06146427199727003 0.04361833678796669 0.03104546559136362
  endloop
endfacet
facet normal -0.0356866 -0.773078 0.633306
  outer loop
    vertex 0.1948418592156482 0.03639654524458162 0.06466103743659654
    vertex 0.1934303645711421 0.03276877448295182 0.06015307181007934
    vertex 0.2 0.03436337035063941 0.06246979603717469
  endloop
endfacet
facet normal -0.000275411 -0.907595 0.419847
  outer loop
    vertex 0.1794605874983904 0.03092337303308109 0.05600685471482558
    vertex 0.1764905982857578 0.03307427172666429 0.06065456345502734
    vertex 0.1735321730783002 0.03091955142943596 0.05599470452533406
  endloop
endfacet
facet normal -1.75078e-05 -0.915968 0.401251
  outer loop
    vertex 0.1116329234143103 0.03285381274097618 0.06029603139459516
    vertex 0.1145759947212826 0.03080681799491842 0.05562332326296582
    vertex 0.1175242366729317 0.03285339637791708 0.06029533798508689
  endloop
endfacet
facet normal -0.000277005 -0.771343 0.63642
  outer loop
    vertex 0.1764905982857578 0.03307427172666429 0.06065456345502734
    vertex 0.1735188854090055 0.03632923824738489 0.06459829692475241
    vertex 0.1705711693427735 0.03306745056861902 0.06064371973296176
  endloop
endfacet
facet normal -4.37154e-05 0.999444 0.0333393
  outer loop
    vertex 0.03776539076392405 0.06973824879350016 0.05322514101488442
    vertex 0.04073798686033308 0.06990939486936282 0.04809842277680094
    vertex 0.03481612477729197 0.06990920286986854 0.04809641362517524
  endloop
endfacet
facet normal 0.000318403 -0.98446 0.175609
  outer loop
    vertex 0.1824462598059542 0.03002267858074848 0.05095217063172238
    vertex 0.1854055556183049 0.03092780111565354 0.05602089941087987
    vertex 0.1794605874983904 0.03092337303308109 0.05600685471482558
  endloop
endfacet
facet normal 1.75194e-05 -0.784619 0.619978
  outer loop
    vertex 0.1175242366729317 0.03285339637791708 0.06029533798508689
    vertex 0.1145781535310933 0.03601820957244566 0.0643006830759915
    vertex 0.1116329234143103 0.03285381274097618 0.06029603139459516
  endloop
endfacet
facet normal 0.0463017 0.675698 -0.735723
  outer loop
    vertex 0 0.0636034547554183 0.03533896256340339
    vertex 0.005156588073936527 0.06563834297834543 0.03753235271225425
    vertex 0.004832552508715438 0.06117707963537408 0.03341467845278524
  endloop
endfacet
facet normal 0.0432664 -0.679536 0.732365
  outer loop
    vertex 0.2 0.03873359883872757 0.06652477548631991
    vertex 0.1948418592156482 0.03639654524458162 0.06466103743659654
    vertex 0.2 0.03436337035063941 0.06246979603717469
  endloop
endfacet
facet normal 0.000275758 -0.984547 0.17512
  outer loop
    vertex 0.1794605874983904 0.03092337303308109 0.05600685471482558
    vertex 0.1735321730783002 0.03091955142943596 0.05599470452533406
    vertex 0.1765352442295569 0.03002238524088391 0.05094599605514349
  endloop
endfacet
facet normal 0.000746475 -0.939338 -0.342992
  outer loop
    vertex 0.1499761979998802 0.0304951433875139 0.04557726684884143
    vertex 0.1529650522551866 0.03224257318320088 0.04079816361555894
    vertex 0.1559081570743592 0.03048750104805788 0.04561110667132846
  endloop
endfacet
facet normal 0.000277424 -0.907729 0.419558
  outer loop
    vertex 0.1764905982857578 0.03307427172666429 0.06065456345502734
    vertex 0.1705711693427735 0.03306745056861902 0.06064371973296176
    vertex 0.1735321730783002 0.03091955142943596 0.05599470452533406
  endloop
endfacet
facet normal -4.16729e-05 0.958833 0.283972
  outer loop
    vertex 0.1351778609383307 0.06829274980682341 0.05808549964473206
    vertex 0.138141231517507 0.06974540298256969 0.05318104716342405
    vertex 0.1322372726437339 0.06974570885217869 0.05317914798727458
  endloop
endfacet
facet normal -0.000377824 -0.911792 0.410653
  outer loop
    vertex 0.03194739843475244 0.03086342107243921 0.05581303250887489
    vertex 0.03491534963697385 0.03295990325643326 0.06047067824784461
    vertex 0.02899419027270802 0.03296906648842396 0.06048557598438332
  endloop
endfacet
facet normal 0.0408794 -0.687761 -0.724785
  outer loop
    vertex 0.006584051423974276 0.03879812103198983 0.03343141805747845
    vertex 0.00541322203985173 0.03422745377696022 0.03770256995782965
    vertex 0 0.03639654524458161 0.03533896256340348
  endloop
endfacet
facet normal 0.000153964 -0.437946 -0.899001
  outer loop
    vertex 0.05850872664239805 0.03901132110350559 0.03328925686542522
    vertex 0.06146427199727003 0.04361833678796669 0.03104546559136362
    vertex 0.06441747621812083 0.03900539250496235 0.03329315691011429
  endloop
endfacet
facet normal 2.30838e-05 -0.915977 0.40123
  outer loop
    vertex 0.1175242366729317 0.03285339637791708 0.06029533798508689
    vertex 0.1145759947212826 0.03080681799491842 0.05562332326296582
    vertex 0.1204678373389207 0.03080651816527489 0.05562229980168945
  endloop
endfacet
facet normal -0.0382218 -0.686058 -0.726542
  outer loop
    vertex 0.1948418592156485 0.0343633703506394 0.03753020396282533
    vertex 0.1933126273013803 0.0387666261151792 0.03345275517906905
    vertex 0.2 0.03639654524458161 0.03533896256340348
  endloop
endfacet
facet normal -0.000250991 -0.584836 0.811151
  outer loop
    vertex 0.1735188854090055 0.03632923824738489 0.06459829692475241
    vertex 0.1705538079818336 0.04047356984329698 0.0675854237500681
    vertex 0.1676097186656484 0.0363207736718244 0.06459036555616574
  endloop
endfacet
facet normal 0.00326096 -0.595261 0.803526
  outer loop
    vertex 0.06443003248623243 0.04030099789706862 0.06749083640673975
    vertex 0.05851711895907705 0.04016865867030575 0.06741679441398576
    vertex 0.06146432603199878 0.0361472913384094 0.06442575692076824
  endloop
endfacet
facet normal -7.72269e-06 -0.651871 -0.75833
  outer loop
    vertex 0.05260117340265982 0.03901161886629858 0.03328906106586124
    vertex 0.05850872664239805 0.03901132110350559 0.03328925686542522
    vertex 0.05555249679289354 0.03512824813498958 0.03662722928987569
  endloop
endfacet
facet normal 0.0370037 -0.423668 -0.905061
  outer loop
    vertex 0 0.04132232521764882 0.03198062264195163
    vertex 0.005156782833512947 0.04410719326901236 0.03088783557963079
    vertex 0.006584051423974276 0.03879812103198983 0.03343141805747845
  endloop
endfacet
facet normal 0.0463174 0.154112 -0.986967
  outer loop
    vertex 0 0.05298084532352342 0.03022338347549742
    vertex 0.004788042485276833 0.05598922683723393 0.03091783131056229
    vertex 0.005158140784352646 0.04999999999999994 0.03
  endloop
endfacet
facet normal 1.40401e-05 0.886244 -0.463218
  outer loop
    vertex 0.1174873560668482 0.06639502444238048 0.03854560461945953
    vertex 0.1145315697314104 0.06876373988770884 0.04307742349797388
    vertex 0.1204295341348638 0.06876396407149532 0.0430780311815472
  endloop
endfacet
facet normal -0.00104192 0.315802 -0.948824
  outer loop
    vertex 0.1470027987510386 0.05869976060605652 0.03199127529786445
    vertex 0.1529602449747217 0.05865577980999298 0.03197009495640873
    vertex 0.1499632313945599 0.05385151517564615 0.0303743578232006
  endloop
endfacet
facet normal -0.0432664 -0.865214 0.499532
  outer loop
    vertex 0 0.03138252502711593 0.05730682048732792
    vertex 0.005158140784351488 0.03267949192431124 0.06000000000000002
    vertex 0 0.03436337035063941 0.06246979603717469
  endloop
endfacet
facet normal 7.72825e-06 -0.437857 -0.899045
  outer loop
    vertex 0.05260117340265982 0.03901161886629858 0.03328906106586124
    vertex 0.05555064747845794 0.04361857418475737 0.03104538566563395
    vertex 0.05850872664239805 0.03901132110350559 0.03328925686542522
  endloop
endfacet
facet normal -5.42661e-06 -0.437864 -0.899041
  outer loop
    vertex 0.05555064747845794 0.04361857418475737 0.03104538566563395
    vertex 0.06146427199727003 0.04361833678796669 0.03104546559136362
    vertex 0.05850872664239805 0.03901132110350559 0.03328925686542522
  endloop
endfacet
facet normal -0.000334651 -0.986321 0.164835
  outer loop
    vertex 0.04670831616594667 0.03001408834824865 0.0507505567589393
    vertex 0.0496743991047462 0.0308538436426928 0.05578140958085007
    vertex 0.04375556847822818 0.03085833303530753 0.0557962561893692
  endloop
endfacet
facet normal -0.039449 0.439627 -0.897314
  outer loop
    vertex 0.1945545919558082 0.05607551450806146 0.03094512861595926
    vertex 0.1948433333575089 0.06126855684101307 0.03347669443722421
    vertex 0.2 0.05867767478235107 0.03198062264195158
  endloop
endfacet
facet normal 3.91123e-05 0.886251 -0.463205
  outer loop
    vertex 0.1174873560668482 0.06639502444238048 0.03854560461945953
    vertex 0.1115852552785113 0.06639605874813341 0.03854708519512356
    vertex 0.1145315697314104 0.06876373988770884 0.04307742349797388
  endloop
endfacet
facet normal 0.0408164 0.865304 0.499583
  outer loop
    vertex 0.2 0.06861747497288415 0.05730682048732776
    vertex 0.1945342269899814 0.0673526849147939 0.05994405984736034
    vertex 0.2 0.06563662964936066 0.06246979603717458
  endloop
endfacet
facet normal 0.000251288 -0.771536 0.636186
  outer loop
    vertex 0.1735188854090055 0.03632923824738489 0.06459829692475241
    vertex 0.1676097186656484 0.0363207736718244 0.06459036555616574
    vertex 0.1705711693427735 0.03306745056861902 0.06064371973296176
  endloop
endfacet
facet normal -0.000167776 -0.995839 -0.0911327
  outer loop
    vertex 0.05852023616366775 0.03001347626890737 0.05073407707120628
    vertex 0.05261433499820101 0.03001376231315617 0.0507418241873809
    vertex 0.05556279115237747 0.03047954485121555 0.04564662995091222
  endloop
endfacet
facet normal -0.000186357 -0.777462 0.62893
  outer loop
    vertex 0.02899419027270802 0.03296906648842396 0.06048557598438332
    vertex 0.03195931041757633 0.03618495740111852 0.0644618324561962
    vertex 0.02604806829278948 0.03619118396061489 0.06446777797695349
  endloop
endfacet
facet normal 2.44384e-05 0.853611 0.520912
  outer loop
    vertex 0.1765428849125461 0.06826806894385749 0.05814110908061485
    vertex 0.1735835630179491 0.06559435903282515 0.06252261819091139
    vertex 0.1794933072270897 0.0655936543818596 0.06252349563896242
  endloop
endfacet
facet normal 9.36726e-05 0.974751 -0.223296
  outer loop
    vertex 0.1233822006209594 0.06990623162505215 0.04806558988583755
    vertex 0.1204295341348638 0.06876396407149532 0.0430780311815472
    vertex 0.1174795735733259 0.06990581291595091 0.04806128595322522
  endloop
endfacet
facet normal -0.0431848 0.154223 -0.987092
  outer loop
    vertex 0.2 0.05298084532352342 0.03022338347549742
    vertex 0.1943503930170399 0.04996927841137121 0.03000002359541412
    vertex 0.1945545919558082 0.05607551450806146 0.03094512861595926
  endloop
endfacet
facet normal 0.00154445 -0.912796 0.408414
  outer loop
    vertex 0.07923298858822685 0.03084138381134572 0.05573998482017452
    vertex 0.08223724714061492 0.03297172701674352 0.06048989605323606
    vertex 0.07646666419712633 0.03293568117343117 0.06043115635896655
  endloop
endfacet
facet normal 0.000185803 -0.592686 0.805434
  outer loop
    vertex 0.03195931041757633 0.03618495740111852 0.0644618324561962
    vertex 0.02916221508925126 0.04029841511769237 0.06748940395700723
    vertex 0.02604806829278948 0.03619118396061489 0.06446777797695349
  endloop
endfacet
facet normal -0.0366427 0.865444 0.499664
  outer loop
    vertex 0 0.06563662964936066 0.06246979603717458
    vertex 0.005654451464867825 0.06770715243411259 0.05929821233760021
    vertex 0 0.06861747497288415 0.05730682048732776
  endloop
endfacet
facet normal 0.000151801 -0.912844 0.408309
  outer loop
    vertex 0.07327303685345644 0.0308466087519918 0.05575739556576779
    vertex 0.07052366430946427 0.03293944321599886 0.06043730818841105
    vertex 0.0673742199907271 0.03084862264821574 0.05576409104105452
  endloop
endfacet
facet normal 0.000471291 0.499014 0.866594
  outer loop
    vertex 0.01709000680843133 0.06192371554756513 0.06605693020289849
    vertex 0.02040726527917156 0.05788968691049513 0.06837805322808599
    vertex 0.02297920392388978 0.06194281614602466 0.0660427286489005
  endloop
endfacet
facet normal 8.74271e-05 0.999442 0.0334152
  outer loop
    vertex 0.04368277077743123 0.06973759810638794 0.05322912077673029
    vertex 0.04073798686033308 0.06990939486936282 0.04809842277680094
    vertex 0.03776539076392405 0.06973824879350016 0.05322514101488442
  endloop
endfacet
facet normal -0.000134311 -0.984506 0.17535
  outer loop
    vertex 0.1824462598059542 0.03002267858074848 0.05095217063172238
    vertex 0.1794605874983904 0.03092337303308109 0.05600685471482558
    vertex 0.1765352442295569 0.03002238524088391 0.05094599605514349
  endloop
endfacet
facet normal -3.63499e-05 0.975054 -0.22197
  outer loop
    vertex 0.0377806686875357 0.06877033930323433 0.043095337630162
    vertex 0.04073798686033308 0.06990939486936282 0.04809842277680094
    vertex 0.04370403721731225 0.06877091880406029 0.04309691320847146
  endloop
endfacet
facet normal -1.70198e-05 -0.433475 -0.901166
  outer loop
    vertex 0.1086639946642597 0.04370779545678868 0.03101558107324876
    vertex 0.1116136025233481 0.03909605036070044 0.03323384712393393
    vertex 0.1057237382905308 0.03909539357077108 0.03323427428878729
  endloop
endfacet
facet normal -5.25233e-05 0.958145 0.286284
  outer loop
    vertex 0.02592893807886032 0.06973922081109751 0.05321918650760325
    vertex 0.02891004246225318 0.06827017854652644 0.05813637363191031
    vertex 0.03185112456994674 0.06973883033802591 0.05322157987432063
  endloop
endfacet
facet normal -0.000523685 0.486805 0.87351
  outer loop
    vertex 0.1824482255578758 0.06190684095949014 0.06606944735718712
    vertex 0.1853996690528586 0.05741408518844131 0.06857501926832205
    vertex 0.1883662112080928 0.06188742455792047 0.06608381600801717
  endloop
endfacet
facet normal 3.35962e-05 0.0609879 -0.998139
  outer loop
    vertex 0.04963391053235396 0.05377377046189926 0.03035926028631059
    vertex 0.05258070985027765 0.04864476895059183 0.03004596910890634
    vertex 0.04667238751543118 0.04864631078946528 0.03004586445066382
  endloop
endfacet
facet normal -0.000195967 -0.996667 -0.0815732
  outer loop
    vertex 0.1765352442295569 0.03002238524088391 0.05094599605514349
    vertex 0.1735493332230857 0.03044302749815099 0.04581373357728853
    vertex 0.1794821199464492 0.03044113753150247 0.04582257268903472
  endloop
endfacet
facet normal 0.000167607 -0.986428 0.164194
  outer loop
    vertex 0.05852023616366775 0.03001347626890737 0.05073407707120628
    vertex 0.05557131481489162 0.03085223358502279 0.05577607490580504
    vertex 0.05261433499820101 0.03001376231315617 0.0507418241873809
  endloop
endfacet
facet normal 7.82424e-05 0.999446 0.0332692
  outer loop
    vertex 0.03185112456994674 0.06973883033802591 0.05322157987432063
    vertex 0.03776539076392405 0.06973824879350016 0.05322514101488442
    vertex 0.03481612477729197 0.06990920286986854 0.04809641362517524
  endloop
endfacet
facet normal 6.12868e-05 0.886488 -0.462751
  outer loop
    vertex 0.04370403721731225 0.06877091880406029 0.04309691320847146
    vertex 0.04663651831166164 0.06639457061909528 0.03854495507579748
    vertex 0.04074507894132449 0.06639618184711618 0.03854726142635317
  endloop
endfacet
facet normal -0.000607201 0.492301 0.870425
  outer loop
    vertex 0.1233922957388289 0.06200433254536833 0.06599674967423728
    vertex 0.1263142889394623 0.05753677859342122 0.06852557606212956
    vertex 0.1292680572580076 0.06198202545843503 0.06601346514385362
  endloop
endfacet
facet normal 0.000477787 -0.770734 0.637157
  outer loop
    vertex 0.1869241190763181 0.03307256350326934 0.06065184930653598
    vertex 0.1842522713615394 0.03634756292745878 0.0646154357437711
    vertex 0.1824118151169188 0.03308151421461768 0.06066606013154886
  endloop
endfacet
facet normal -6.13795e-05 0.54407 -0.83904
  outer loop
    vertex 0.05850220435270544 0.05864349356408786 0.03196420173633638
    vertex 0.05553977432203833 0.06294129421471224 0.03475129828318963
    vertex 0.06145444253503307 0.06293913205339147 0.0347494635600941
  endloop
endfacet
facet normal 0.000375581 -0.77071 0.637186
  outer loop
    vertex 0.1842522713615394 0.03634756292745878 0.0646154357437711
    vertex 0.1789154181397363 0.03633611171979229 0.0646047306399674
    vertex 0.1824118151169188 0.03308151421461768 0.06066606013154886
  endloop
endfacet
facet normal -0.000151313 -0.986555 0.163431
  outer loop
    vertex 0.07327303685345644 0.0308466087519918 0.05575739556576779
    vertex 0.0673742199907271 0.03084862264821574 0.05576409104105452
    vertex 0.07031933424750476 0.0300130731003884 0.05072301667310097
  endloop
endfacet
facet normal -0.000289773 0.489175 0.872185
  outer loop
    vertex 0.02890136718888622 0.0619393902942028 0.06604527841462079
    vertex 0.03185646912156798 0.05747231693803888 0.06855167053333736
    vertex 0.03481013032741069 0.06192864673166067 0.06605326717996188
  endloop
endfacet
facet normal -3.60289e-05 -0.592784 0.805362
  outer loop
    vertex 0.03195931041757633 0.03618495740111852 0.0644618324561962
    vertex 0.03491531811705854 0.04029699537630299 0.06748861633384741
    vertex 0.02916221508925126 0.04029841511769237 0.06748940395700723
  endloop
endfacet
facet normal -0.000179437 0.693129 0.720813
  outer loop
    vertex 0.1794933072270897 0.0655936543818596 0.06252349563896242
    vertex 0.1824482255578758 0.06190684095949014 0.06606944735718712
    vertex 0.1854153738138787 0.06558844562892582 0.06252997856638325
  endloop
endfacet
facet normal -7.81756e-05 0.95814 0.286299
  outer loop
    vertex 0.03185112456994674 0.06973883033802591 0.05322157987432063
    vertex 0.0348157039753027 0.06827114208770906 0.0581342096611009
    vertex 0.03776539076392405 0.06973824879350016 0.05322514101488442
  endloop
endfacet
facet normal 5.85428e-05 -0.190812 -0.981627
  outer loop
    vertex 0.1057105469767021 0.04872349155011994 0.03004077841754883
    vertex 0.102766922697798 0.04370785868426123 0.03101556011722302
    vertex 0.09981271850557547 0.04872079334364852 0.03004095116669269
  endloop
endfacet
facet normal -1.3532e-05 -0.784609 0.619991
  outer loop
    vertex 0.1234183304405929 0.03285371807528432 0.06029587374428068
    vertex 0.1204729028298437 0.03601874320899004 0.06430120479343743
    vertex 0.1175242366729317 0.03285339637791708 0.06029533798508689
  endloop
endfacet
facet normal 1.0647e-05 0.694143 0.719837
  outer loop
    vertex 0.03185970760855018 0.06560913384016959 0.06250419692581946
    vertex 0.03481013032741069 0.06192864673166067 0.06605326717996188
    vertex 0.03776497505064883 0.06560944134742487 0.06250381305127772
  endloop
endfacet
facet normal -0.00029084 -0.778992 0.627033
  outer loop
    vertex 0.05851796396156193 0.03294410610479553 0.0604449262053653
    vertex 0.06442706844695469 0.03295114554231878 0.06045641246703683
    vertex 0.06146432603199878 0.0361472913384094 0.06442575692076824
  endloop
endfacet
facet normal 4.37114e-05 0.975043 -0.222015
  outer loop
    vertex 0.03481612477729197 0.06990920286986854 0.04809641362517524
    vertex 0.04073798686033308 0.06990939486936282 0.04809842277680094
    vertex 0.0377806686875357 0.06877033930323433 0.043095337630162
  endloop
endfacet
facet normal -0.00016468 0.974784 -0.223151
  outer loop
    vertex 0.1263361786568795 0.06876659645154823 0.04308517117892729
    vertex 0.1204295341348638 0.06876396407149532 0.0430780311815472
    vertex 0.1233822006209594 0.06990623162505215 0.04806558988583755
  endloop
endfacet
facet normal 7.21193e-05 -0.826795 -0.562504
  outer loop
    vertex 0.1765213576250512 0.03215425831784043 0.04097063104012068
    vertex 0.1735601231646172 0.03504764420794679 0.03671741530168722
    vertex 0.1789570411888922 0.03504965387951786 0.0367151533363089
  endloop
endfacet
facet normal 4.16333e-05 0.999502 0.0315483
  outer loop
    vertex 0.138141231517507 0.06974540298256969 0.05318104716342405
    vertex 0.1351919640283099 0.06990680400112528 0.04807148905608953
    vertex 0.1322372726437339 0.06974570885217869 0.05317914798727458
  endloop
endfacet
facet normal -0.037842 0.433626 -0.900298
  outer loop
    vertex 0.004832552508715438 0.06117707963537408 0.03341467845278524
    vertex 0.01030977354936869 0.05867770147360463 0.03198063549580619
    vertex 0.004788042485276833 0.05598922683723393 0.03091783131056229
  endloop
endfacet
facet normal -0.00016297 0.999473 0.0324676
  outer loop
    vertex 0.141098574847637 0.06990798909915392 0.04808376148980128
    vertex 0.1440445181285577 0.06974225235960409 0.05320054241804527
    vertex 0.1470067289179071 0.06990870901411669 0.04809125554585509
  endloop
endfacet
facet normal -2.8415e-05 0.0632177 -0.998
  outer loop
    vertex 0.1588525427169353 0.04869682023302582 0.03004250209833535
    vertex 0.1529360872460594 0.04869551110027991 0.03004258762488215
    vertex 0.1558882186707342 0.05381169552799438 0.03036658518744466
  endloop
endfacet
facet normal 0.000605025 0.696822 0.717244
  outer loop
    vertex 0.1292680572580076 0.06198202545843503 0.06601346514385362
    vertex 0.1263159812072374 0.06565206515068663 0.06245041591749695
    vertex 0.1233922957388289 0.06200433254536833 0.06599674967423728
  endloop
endfacet
facet normal -3.51082e-05 0.886133 -0.463431
  outer loop
    vertex 0.09979139885624404 0.06639297397947894 0.03854267028893178
    vertex 0.09389199985838767 0.06639204570169083 0.03854134223769297
    vertex 0.0968380546483996 0.06876203945713515 0.04307281619928387
  endloop
endfacet
facet normal 0.0519764 -0.976861 -0.207462
  outer loop
    vertex 0.005158140784351495 0.03138252502711592 0.04269317951267211
    vertex 0.005920710498154035 0.03001078614844279 0.04934324312206644
    vertex 0 0.03050144175636353 0.04554958132087372
  endloop
endfacet
facet normal -6.01118e-05 0.999504 0.0314895
  outer loop
    vertex 0.1322372726437339 0.06974570885217869 0.05317914798727458
    vertex 0.1351919640283099 0.06990680400112528 0.04807148905608953
    vertex 0.1292889259011479 0.06990653605707046 0.04806872523742645
  endloop
endfacet
facet normal -2.30926e-05 -0.987692 0.156412
  outer loop
    vertex 0.1145759947212826 0.03080681799491842 0.05562332326296582
    vertex 0.1175202778793156 0.03000848533399245 0.05058253013553368
    vertex 0.1204678373389207 0.03080651816527489 0.05562229980168945
  endloop
endfacet
facet normal 0.000134475 -0.996683 -0.0813844
  outer loop
    vertex 0.1824462598059542 0.03002267858074848 0.05095217063172238
    vertex 0.1765352442295569 0.03002238524088391 0.05094599605514349
    vertex 0.1794821199464492 0.03044113753150247 0.04582257268903472
  endloop
endfacet
facet normal 0.000195815 -0.942912 -0.333042
  outer loop
    vertex 0.1794821199464492 0.03044113753150247 0.04582257268903472
    vertex 0.1735493332230857 0.03044302749815099 0.04581373357728853
    vertex 0.1765213576250512 0.03215425831784043 0.04097063104012068
  endloop
endfacet
facet normal 0.000104279 -0.594655 0.803981
  outer loop
    vertex 0.04966795648113215 0.03615433055717689 0.06443251321426988
    vertex 0.05262069669612419 0.04025561166103782 0.06746559177066434
    vertex 0.04694844182933792 0.04025155964704966 0.06746333045799023
  endloop
endfacet
facet normal -0.000266451 0.854146 0.520033
  outer loop
    vertex 0.1647189973283526 0.06827452886443411 0.05812659798334856
    vertex 0.1617630911159444 0.06560598050674241 0.06250813225158641
    vertex 0.1676678761707789 0.06561365869668684 0.06249854639961687
  endloop
endfacet
facet normal 1.44285e-06 -0.19078 -0.981633
  outer loop
    vertex 0.1086639946642597 0.04370779545678868 0.03101558107324876
    vertex 0.102766922697798 0.04370785868426123 0.03101556011722302
    vertex 0.1057105469767021 0.04872349155011994 0.03004077841754883
  endloop
endfacet
facet normal 0.0432664 -0.974015 0.222313
  outer loop
    vertex 0.2 0.03138252502711593 0.05730682048732792
    vertex 0.1948418592156485 0.03050144175636353 0.05445041867912631
    vertex 0.2 0.0300559240563764 0.0514946018717285
  endloop
endfacet
facet normal 0.000215458 -0.777317 0.629109
  outer loop
    vertex 0.02899419027270802 0.03296906648842396 0.06048557598438332
    vertex 0.02604806829278948 0.03619118396061489 0.06446777797695349
    vertex 0.02308470177093627 0.03297428623869743 0.06049404930987997
  endloop
endfacet
facet normal -1.59237e-05 -0.43556 -0.90016
  outer loop
    vertex 0.1588578496264335 0.03905204506087662 0.03326254850190974
    vertex 0.1558986467302813 0.04366976870743305 0.03102822697314228
    vertex 0.161815263021316 0.0436690717971603 0.03102845952247186
  endloop
endfacet
facet normal -0.0433059 0.679535 0.732364
  outer loop
    vertex 0 0.06126640116127251 0.06652477548631985
    vertex 0.005153383114594159 0.06359728087626292 0.06466676354115028
    vertex 0 0.06563662964936066 0.06246979603717458
  endloop
endfacet
facet normal 8.5277e-05 0.856799 0.515651
  outer loop
    vertex 0.07617426695983313 0.06831317381360268 0.05803913334090045
    vertex 0.07321857407221113 0.06567912337141446 0.06241632354217484
    vertex 0.07911727118976736 0.06567667883987473 0.06241940983104366
  endloop
endfacet
facet normal 0.00016297 0.975013 -0.222146
  outer loop
    vertex 0.141098574847637 0.06990798909915392 0.04808376148980128
    vertex 0.1470067289179071 0.06990870901411669 0.04809125554585509
    vertex 0.1440539459803314 0.06877190681617487 0.0430996004112191
  endloop
endfacet
facet normal 0.000231085 -0.826837 -0.562442
  outer loop
    vertex 0.1824323049263722 0.03214947414299182 0.04098009275944136
    vertex 0.1765213576250512 0.03215425831784043 0.04097063104012068
    vertex 0.1789570411888922 0.03504965387951786 0.0367151533363089
  endloop
endfacet
facet normal -2.72998e-05 -0.995118 -0.0986935
  outer loop
    vertex 0.1234146576916899 0.03000844864380677 0.05058126962133634
    vertex 0.1175202778793156 0.03000848533399245 0.05058253013553368
    vertex 0.1204658174660259 0.03051221691213778 0.04550263295689234
  endloop
endfacet
facet normal -0.00013685 0.696515 0.717543
  outer loop
    vertex 0.1322230554362634 0.06564812667344358 0.06245536557519945
    vertex 0.1263159812072374 0.06565206515068663 0.06245041591749695
    vertex 0.1292680572580076 0.06198202545843503 0.06601346514385362
  endloop
endfacet
facet normal -0.000162242 -0.647396 -0.762153
  outer loop
    vertex 0.1204612171456553 0.0352141373653634 0.03653232513944382
    vertex 0.1145633767224363 0.03520909240963313 0.03653786596957126
    vertex 0.1175151987692752 0.03910452361863154 0.03322833954484405
  endloop
endfacet
facet normal -8.50957e-06 0.544129 -0.839002
  outer loop
    vertex 0.07621769649632665 0.05864997656521199 0.03196731008913858
    vertex 0.07326166127287138 0.06293701533064287 0.03474766790504772
    vertex 0.07916177046780121 0.06293671558136046 0.03474741366302143
  endloop
endfacet
facet normal 0.000384533 0.694154 0.719826
  outer loop
    vertex 0.04071746560611847 0.06193720159916368 0.06604690680414528
    vertex 0.04661897504542697 0.06192294483864718 0.06605750249492669
    vertex 0.04367428365063785 0.06560858048580304 0.06250488765316221
  endloop
endfacet
facet normal -0.00219672 0.958469 0.285187
  outer loop
    vertex 0.04072238941747713 0.06827171047873683 0.05813293281548662
    vertex 0.0466969143549824 0.06831360608090975 0.05803814856252767
    vertex 0.04368277077743123 0.06973759810638794 0.05322912077673029
  endloop
endfacet
facet normal 0.000131573 -0.784661 0.619925
  outer loop
    vertex 0.1057406453198231 0.0328543053184791 0.06029685164931815
    vertex 0.1087110814331298 0.03601749654333954 0.06429998591203775
    vertex 0.1028456142053156 0.03601316863688533 0.06429575281053054
  endloop
endfacet
facet normal 0.0432333 0.865244 -0.499483
  outer loop
    vertex 0.005158140784351486 0.06861747497288402 0.04269317951267194
    vertex 0.005156588073936527 0.06563834297834543 0.03753235271225425
    vertex 0 0.06732050807568871 0.03999999999999987
  endloop
endfacet
facet normal -0.000117778 -0.438008 -0.898971
  outer loop
    vertex 0.04372254537305672 0.0436162141525715 0.03104618037824113
    vertex 0.04668729664601379 0.03901022633347052 0.03328997681753688
    vertex 0.04076824270747432 0.03900568176444213 0.03329296655491228
  endloop
endfacet
facet normal 0.000289247 0.694259 0.719726
  outer loop
    vertex 0.03185970760855018 0.06560913384016959 0.06250419692581946
    vertex 0.02890136718888622 0.0619393902942028 0.06604527841462079
    vertex 0.03481013032741069 0.06192864673166067 0.06605326717996188
  endloop
endfacet
facet normal -0.00014629 0.958366 0.285542
  outer loop
    vertex 0.155866071533819 0.06973992133024257 0.05321488815914877
    vertex 0.1499552027582049 0.06974100658321046 0.05320821743054326
    vertex 0.152906812132001 0.06827912946460162 0.05811624457593123
  endloop
endfacet
facet normal -0.000138849 -0.651971 -0.758244
  outer loop
    vertex 0.04668729664601379 0.03901022633347052 0.03328997681753688
    vertex 0.04964747635318396 0.03512785394472855 0.03662766767872284
    vertex 0.04373247131504542 0.03512356718195635 0.03663243677365864
  endloop
endfacet
facet normal -8.52702e-05 0.69815 0.715951
  outer loop
    vertex 0.07321857407221113 0.06567912337141446 0.06241632354217484
    vertex 0.07616692254369292 0.06201927204322712 0.06598552781583703
    vertex 0.07911727118976736 0.06567667883987473 0.06241940983104366
  endloop
endfacet
facet normal -4.29608e-05 0.999449 0.0331992
  outer loop
    vertex 0.02889199855482327 0.06990901385603257 0.04809443780466145
    vertex 0.03185112456994674 0.06973883033802591 0.05322157987432063
    vertex 0.03481612477729197 0.06990920286986854 0.04809641362517524
  endloop
endfacet
facet normal 0.0391005 -0.86895 -0.493352
  outer loop
    vertex 0 0.03267949192431123 0.04000000000000001
    vertex 0.00541322203985173 0.03422745377696022 0.03770256995782965
    vertex 0.005158140784351495 0.03138252502711592 0.04269317951267211
  endloop
endfacet
facet normal 2.72945e-05 -0.987697 0.156383
  outer loop
    vertex 0.1204678373389207 0.03080651816527489 0.05562229980168945
    vertex 0.1175202778793156 0.03000848533399245 0.05058253013553368
    vertex 0.1234146576916899 0.03000844864380677 0.05058126962133634
  endloop
endfacet
facet normal 0.0432664 0.99627 -0.0746601
  outer loop
    vertex 0.2 0.06949855824363643 0.04554958132087353
    vertex 0.1948418592156485 0.06994407594362359 0.04850539812827133
    vertex 0.2 0.06994407594362362 0.05149460187172829
  endloop
endfacet
facet normal 0.0432536 0.432966 -0.900372
  outer loop
    vertex 0.004832552508715438 0.06117707963537408 0.03341467845278524
    vertex 0.004788042485276833 0.05598922683723393 0.03091783131056229
    vertex 0 0.05867767478235107 0.03198062264195158
  endloop
endfacet
facet normal 3.63571e-05 0.886495 -0.462739
  outer loop
    vertex 0.0377806686875357 0.06877033930323433 0.043095337630162
    vertex 0.04370403721731225 0.06877091880406029 0.04309691320847146
    vertex 0.04074507894132449 0.06639618184711618 0.03854726142635317
  endloop
endfacet
facet normal 0.000162524 0.974404 -0.224804
  outer loop
    vertex 0.07915668709147894 0.0687534670697313 0.04304964224917136
    vertex 0.07618780378407937 0.06990256533515561 0.04802822590546933
    vertex 0.08208828427679238 0.06990330354482081 0.04803569146956915
  endloop
endfacet
facet normal 6.06452e-05 0.493938 0.869497
  outer loop
    vertex 0.07616692254369292 0.06201927204322712 0.06598552781583703
    vertex 0.07321294308507918 0.05757768585314128 0.06850888103346885
    vertex 0.07911430792750632 0.05757509301856555 0.06850994234891292
  endloop
endfacet
facet normal -7.56396e-05 0.85657 0.516031
  outer loop
    vertex 0.09682121908726088 0.06567740071951846 0.06241849856784798
    vertex 0.1027632979598897 0.06567959317335875 0.06241573026116312
    vertex 0.09977199404047384 0.06830564539056282 0.05805626134351206
  endloop
endfacet
facet normal -0.000153828 0.886428 -0.462867
  outer loop
    vertex 0.1292910491978759 0.066401579934506 0.03855499341843745
    vertex 0.1233873352451078 0.06639751394371422 0.03854916874346243
    vertex 0.1263361786568795 0.06876659645154823 0.04308517117892729
  endloop
endfacet
facet normal -0.0371537 -0.424017 -0.904892
  outer loop
    vertex 0.2 0.04132232521764882 0.03198062264195163
    vertex 0.1933126273013803 0.0387666261151792 0.03345275517906905
    vertex 0.1948418592156483 0.04410489651178188 0.0308885438842772
  endloop
endfacet
facet normal 0.0432375 -0.148853 -0.987914
  outer loop
    vertex 0.005158140784352646 0.04999999999999994 0.03
    vertex 0.005156782833512947 0.04410719326901236 0.03088783557963079
    vertex 0 0.04701915467647647 0.03022338347549744
  endloop
endfacet
facet normal 0.000134893 -0.594642 0.803991
  outer loop
    vertex 0.04966795648113215 0.03615433055717689 0.06443251321426988
    vertex 0.04694844182933792 0.04025155964704966 0.06746333045799023
    vertex 0.04377057975977117 0.03615883985307398 0.06443683780428204
  endloop
endfacet
facet normal -0.0443997 0.681022 -0.730916
  outer loop
    vertex 0.2 0.0636034547554183 0.03533896256340339
    vertex 0.1948433333575089 0.06126855684101307 0.03347669443722421
    vertex 0.1940327970429735 0.06582829212411988 0.03777440519101321
  endloop
endfacet
facet normal -1.4037e-05 0.974737 -0.223357
  outer loop
    vertex 0.1204295341348638 0.06876396407149532 0.0430780311815472
    vertex 0.1145315697314104 0.06876373988770884 0.04307742349797388
    vertex 0.1174795735733259 0.06990581291595091 0.04806128595322522
  endloop
endfacet
facet normal 0.000138764 -0.823163 -0.567805
  outer loop
    vertex 0.04964747635318396 0.03512785394472855 0.03662766767872284
    vertex 0.04669547875092889 0.03221859557262347 0.04084458321046638
    vertex 0.04373247131504542 0.03512356718195635 0.03663243677365864
  endloop
endfacet
facet normal 8.50988e-06 0.738963 -0.673746
  outer loop
    vertex 0.07326166127287138 0.06293701533064287 0.03474766790504772
    vertex 0.07621493589106637 0.06637950182605888 0.03852341863052704
    vertex 0.07916177046780121 0.06293671558136046 0.03474741366302143
  endloop
endfacet
facet normal 3.02705e-05 0.854039 0.520209
  outer loop
    vertex 0.0348157039753027 0.06827114208770906 0.0581342096611009
    vertex 0.03776497505064883 0.06560944134742487 0.06250381305127772
    vertex 0.04072238941747713 0.06827171047873683 0.05813293281548662
  endloop
endfacet
facet normal -0.000107977 -0.656059 -0.75471
  outer loop
    vertex 0.1843369585626419 0.03505266261490049 0.03671176817270234
    vertex 0.1789570411888922 0.03504965387951786 0.0367151533363089
    vertex 0.1824943221218091 0.0389226480220737 0.03334790484181849
  endloop
endfacet
facet normal -6.21386e-06 0.886141 -0.463416
  outer loop
    vertex 0.1027336094334414 0.06876194017196617 0.04307254729474375
    vertex 0.09979139885624404 0.06639297397947894 0.03854267028893178
    vertex 0.0968380546483996 0.06876203945713515 0.04307281619928387
  endloop
endfacet
facet normal 0.000260775 -0.593308 0.804975
  outer loop
    vertex 0.0201458820522869 0.03620061614317593 0.06447677468126183
    vertex 0.01729203483762008 0.04025087033696217 0.0674629456511001
    vertex 0.01423122238885255 0.03620950452681944 0.06448524195877262
  endloop
endfacet
facet normal 4.13187e-06 -0.437855 -0.899046
  outer loop
    vertex 0.0496376330248534 0.04361839343582841 0.03104544651910465
    vertex 0.05555064747845794 0.04361857418475737 0.03104538566563395
    vertex 0.05260117340265982 0.03901161886629858 0.03328906106586124
  endloop
endfacet
facet normal 0.000117717 -0.652083 -0.758147
  outer loop
    vertex 0.04668729664601379 0.03901022633347052 0.03328997681753688
    vertex 0.04373247131504542 0.03512356718195635 0.03663243677365864
    vertex 0.04076824270747432 0.03900568176444213 0.03329296655491228
  endloop
endfacet
facet normal -6.12488e-05 0.739545 -0.673107
  outer loop
    vertex 0.04074507894132449 0.06639618184711618 0.03854726142635317
    vertex 0.04663651831166164 0.06639457061909528 0.03854495507579748
    vertex 0.04370648999406958 0.06294212223243867 0.03475200104536282
  endloop
endfacet
facet normal 0.000114402 0.958807 0.284059
  outer loop
    vertex 0.1410802610963531 0.06829061549395637 0.05809032662209895
    vertex 0.138141231517507 0.06974540298256969 0.05318104716342405
    vertex 0.1351778609383307 0.06829274980682341 0.05808549964473206
  endloop
endfacet
facet normal 0.000164703 0.886343 -0.46303
  outer loop
    vertex 0.1233873352451078 0.06639751394371422 0.03854916874346243
    vertex 0.1204295341348638 0.06876396407149532 0.0430780311815472
    vertex 0.1263361786568795 0.06876659645154823 0.04308517117892729
  endloop
endfacet
facet normal 1.5357e-05 0.739516 -0.673139
  outer loop
    vertex 0.04370648999406958 0.06294212223243867 0.03475200104536282
    vertex 0.04663651831166164 0.06639457061909528 0.03854495507579748
    vertex 0.04962337339202393 0.06294158198448921 0.03475154251280661
  endloop
endfacet
facet normal -1.06543e-05 0.854027 0.520229
  outer loop
    vertex 0.0348157039753027 0.06827114208770906 0.0581342096611009
    vertex 0.03185970760855018 0.06560913384016959 0.06250419692581946
    vertex 0.03776497505064883 0.06560944134742487 0.06250381305127772
  endloop
endfacet
facet normal -3.03046e-05 0.958132 0.286326
  outer loop
    vertex 0.0348157039753027 0.06827114208770906 0.0581342096611009
    vertex 0.04072238941747713 0.06827171047873683 0.05813293281548662
    vertex 0.03776539076392405 0.06973824879350016 0.05322514101488442
  endloop
endfacet
facet normal 4.73874e-05 0.0632614 -0.997997
  outer loop
    vertex 0.1618021036487205 0.05381384217464491 0.03036700206624317
    vertex 0.1588525427169353 0.04869682023302582 0.03004250209833535
    vertex 0.1558882186707342 0.05381169552799438 0.03036658518744466
  endloop
endfacet
facet normal -0.0408699 -0.153024 -0.987377
  outer loop
    vertex 0.1948418592156483 0.04410489651178188 0.0308885438842772
    vertex 0.1943503930170399 0.04996927841137121 0.03000002359541412
    vertex 0.2 0.04701915467647647 0.03022338347549744
  endloop
endfacet
facet normal -0.0432664 0.930002 -0.364999
  outer loop
    vertex 0 0.06949855824363643 0.04554958132087353
    vertex 0.005158140784351486 0.06861747497288402 0.04269317951267194
    vertex 0 0.06732050807568871 0.03999999999999987
  endloop
endfacet
facet normal 0.000230791 0.489112 0.872221
  outer loop
    vertex 0.03775376414732793 0.05747091662098942 0.06855223449728426
    vertex 0.04071746560611847 0.06193720159916368 0.06604690680414528
    vertex 0.03481013032741069 0.06192864673166067 0.06605326717996188
  endloop
endfacet
facet normal 0.000158512 -0.778561 0.627569
  outer loop
    vertex 0.04671521281073634 0.03295170533080793 0.06045732512989805
    vertex 0.04377057975977117 0.03615883985307398 0.06443683780428204
    vertex 0.04081530007922691 0.03295553616478557 0.06046356786999862
  endloop
endfacet
facet normal 0.000496208 -0.433817 -0.901001
  outer loop
    vertex 0.09982928520158638 0.03909246327231737 0.0332361805505352
    vertex 0.09687270429981522 0.04368613267536538 0.0310227747179175
    vertex 0.102766922697798 0.04370785868426123 0.03101556011722302
  endloop
endfacet
facet normal -7.50255e-05 -0.651841 -0.758355
  outer loop
    vertex 0.05555249679289354 0.03512824813498958 0.03662722928987569
    vertex 0.05850872664239805 0.03901132110350559 0.03328925686542522
    vertex 0.06145732494034985 0.03513056305338001 0.03662465533563743
  endloop
endfacet
facet normal 0.000109586 -0.198585 -0.980084
  outer loop
    vertex 0.1854482381162447 0.04353835016438853 0.03107258386884406
    vertex 0.179505633068177 0.04354314321010903 0.03107094824364309
    vertex 0.1825018790822895 0.04858183289451631 0.03005034330969768
  endloop
endfacet
facet normal -0.000158694 -0.912185 0.40978
  outer loop
    vertex 0.04375556847822818 0.03085833303530753 0.0557962561893692
    vertex 0.04671521281073634 0.03295170533080793 0.06045732512989805
    vertex 0.04081530007922691 0.03295553616478557 0.06046356786999862
  endloop
endfacet
facet normal -0.000139454 -0.823072 -0.567937
  outer loop
    vertex 0.04964747635318396 0.03512785394472855 0.03662766767872284
    vertex 0.05260588552161033 0.03222154426996071 0.04083885859431081
    vertex 0.04669547875092889 0.03221859557262347 0.04084458321046638
  endloop
endfacet
facet normal 0.0338635 -0.865529 0.499713
  outer loop
    vertex 0.2 0.03436337035063941 0.06246979603717469
    vertex 0.1934303645711421 0.03276877448295182 0.06015307181007934
    vertex 0.2 0.03138252502711593 0.05730682048732792
  endloop
endfacet
facet normal -0.000547502 0.693511 0.720445
  outer loop
    vertex 0.1735835630179491 0.06559435903282515 0.06252261819091139
    vertex 0.1706243891286591 0.06190946441510294 0.06606750314595883
    vertex 0.1765418931615697 0.06192986679126496 0.06605236052244884
  endloop
endfacet
facet normal -0.0432664 -0.930002 -0.364999
  outer loop
    vertex 0 0.03267949192431123 0.04000000000000001
    vertex 0.005158140784351495 0.03138252502711592 0.04269317951267211
    vertex 0 0.03050144175636353 0.04554958132087372
  endloop
endfacet
facet normal 0.0370061 0.781296 -0.623063
  outer loop
    vertex 0.2 0.0636034547554183 0.03533896256340339
    vertex 0.1940327970429735 0.06582829212411988 0.03777440519101321
    vertex 0.2 0.06732050807568871 0.03999999999999987
  endloop
endfacet
facet normal 0.0432664 -0.781099 -0.622906
  outer loop
    vertex 0.2 0.03267949192431123 0.04000000000000001
    vertex 0.1948418592156485 0.0343633703506394 0.03753020396282533
    vertex 0.2 0.03639654524458161 0.03533896256340348
  endloop
endfacet
facet normal -0.000108137 0.85656 0.516048
  outer loop
    vertex 0.09977199404047384 0.06830564539056282 0.05805626134351206
    vertex 0.1027632979598897 0.06567959317335875 0.06241573026116312
    vertex 0.1056711346954107 0.06830362423034041 0.05806085231439553
  endloop
endfacet
facet normal -0.000345919 0.494143 0.869381
  outer loop
    vertex 0.0702592986491041 0.06203203828407158 0.06597592109177546
    vertex 0.07321294308507918 0.05757768585314128 0.06850888103346885
    vertex 0.07616692254369292 0.06201927204322712 0.06598552781583703
  endloop
endfacet
facet normal 4.53233e-05 0.311 -0.95041
  outer loop
    vertex 0.185453254323493 0.05372008274023007 0.03034902077743091
    vertex 0.1795110119246595 0.05372213818813137 0.03034941000100877
    vertex 0.1825049088980579 0.05861537355802868 0.03195075241303338
  endloop
endfacet
facet normal -0.0461154 0.562721 -0.82536
  outer loop
    vertex 0 0.0636034547554183 0.03533896256340339
    vertex 0.004832552508715438 0.06117707963537408 0.03341467845278524
    vertex 0 0.05867767478235107 0.03198062264195158
  endloop
endfacet
facet normal -0.000102798 0.855872 0.517188
  outer loop
    vertex 0.1204166305142884 0.06565562306901886 0.06244594176110448
    vertex 0.1233759533247674 0.06829772380698729 0.0580742370217384
    vertex 0.1174742957295944 0.06829964033968851 0.05806989240560523
  endloop
endfacet
facet normal -0.0338854 -0.562997 -0.825764
  outer loop
    vertex 0 0.04132232521764882 0.03198062264195163
    vertex 0.006584051423974276 0.03879812103198983 0.03343141805747845
    vertex 0 0.03639654524458161 0.03533896256340348
  endloop
endfacet
facet normal -0.000156262 -0.907834 0.41933
  outer loop
    vertex 0.1705711693427735 0.03306745056861902 0.06064371973296176
    vertex 0.1676202052294052 0.03091739140782633 0.05598782509079044
    vertex 0.1735321730783002 0.03091955142943596 0.05599470452533406
  endloop
endfacet
facet normal -0.000135286 -0.778667 0.627437
  outer loop
    vertex 0.04671521281073634 0.03295170533080793 0.06045732512989805
    vertex 0.04966795648113215 0.03615433055717689 0.06443251321426988
    vertex 0.04377057975977117 0.03615883985307398 0.06443683780428204
  endloop
endfacet
facet normal -4.80755e-05 0.0643036 -0.99793
  outer loop
    vertex 0.1145512756148635 0.05382367622510582 0.03036891495292325
    vertex 0.1175053530954652 0.04872852923986163 0.03004045686629794
    vertex 0.1116074946292636 0.04872631284938594 0.03004059817924494
  endloop
endfacet
facet normal -5.8512e-05 0.0640051 -0.99795
  outer loop
    vertex 0.1027560171373848 0.05381712314522686 0.03036763970139674
    vertex 0.1057105469767021 0.04872349155011994 0.03004077841754883
    vertex 0.09981271850557547 0.04872079334364852 0.03004095116669269
  endloop
endfacet
facet normal 0.000139361 -0.940267 -0.340439
  outer loop
    vertex 0.05260588552161033 0.03222154426996071 0.04083885859431081
    vertex 0.04965621079968372 0.03047821408999113 0.04565260136589949
    vertex 0.04669547875092889 0.03221859557262347 0.04084458321046638
  endloop
endfacet
facet normal 2.63657e-05 -0.192423 -0.981312
  outer loop
    vertex 0.161815263021316 0.0436690717971603 0.03102845952247186
    vertex 0.1588525427169353 0.04869682023302582 0.03004250209833535
    vertex 0.1647684581657264 0.0486980352408397 0.03004242279819756
  endloop
endfacet
facet normal -0.000230449 0.694243 0.71974
  outer loop
    vertex 0.03481013032741069 0.06192864673166067 0.06605326717996188
    vertex 0.04071746560611847 0.06193720159916368 0.06604690680414528
    vertex 0.03776497505064883 0.06560944134742487 0.06250381305127772
  endloop
endfacet
facet normal 0.000126998 -0.594665 0.803973
  outer loop
    vertex 0.05556336009506586 0.0361500968551475 0.0644284504669838
    vertex 0.05262069669612419 0.04025561166103782 0.06746559177066434
    vertex 0.04966795648113215 0.03615433055717689 0.06443251321426988
  endloop
endfacet
facet normal -0.0432664 -3.48847e-15 -0.999064
  outer loop
    vertex 0 0.05298084532352342 0.03022338347549742
    vertex 0.005158140784352646 0.04999999999999994 0.03
    vertex 0 0.04701915467647647 0.03022338347549744
  endloop
endfacet
facet normal 4.95998e-05 -0.995122 -0.0986493
  outer loop
    vertex 0.1204658174660259 0.03051221691213778 0.04550263295689234
    vertex 0.1175202778793156 0.03000848533399245 0.05058253013553368
    vertex 0.1145724910331209 0.03051170187602444 0.04550486527109027
  endloop
endfacet
facet normal 0.000168246 0.999467 0.0326594
  outer loop
    vertex 0.1470067289179071 0.06990870901411669 0.04809125554585509
    vertex 0.1440445181285577 0.06974225235960409 0.05320054241804527
    vertex 0.1499552027582049 0.06974100658321046 0.05320821743054326
  endloop
endfacet
facet normal -2.97207e-05 0.694327 0.71966
  outer loop
    vertex 0.03776497505064883 0.06560944134742487 0.06250381305127772
    vertex 0.04071746560611847 0.06193720159916368 0.06604690680414528
    vertex 0.04367428365063785 0.06560858048580304 0.06250488765316221
  endloop
endfacet
facet normal -4.9966e-05 0.975031 -0.222067
  outer loop
    vertex 0.03185571629932236 0.06876954229766553 0.043093171354656
    vertex 0.03481612477729197 0.06990920286986854 0.04809641362517524
    vertex 0.0377806686875357 0.06877033930323433 0.043095337630162
  endloop
endfacet
facet normal 0.0432664 -0.294479 -0.954678
  outer loop
    vertex 0.2 0.04132232521764882 0.03198062264195163
    vertex 0.1948418592156483 0.04410489651178188 0.0308885438842772
    vertex 0.2 0.04701915467647647 0.03022338347549744
  endloop
endfacet
facet normal 7.43626e-05 -0.821699 -0.569922
  outer loop
    vertex 0.155889346991341 0.03516082218769548 0.03659109244364743
    vertex 0.1529650522551866 0.03224257318320088 0.04079816361555894
    vertex 0.1499923087083048 0.03515852479040821 0.03659363533231054
  endloop
endfacet
facet normal -0.000131736 -0.995812 -0.0914211
  outer loop
    vertex 0.06146791604328983 0.03048055983496226 0.04564208127158026
    vertex 0.06442139697472171 0.03001325385514024 0.05072799625063135
    vertex 0.05852023616366775 0.03001347626890737 0.05073407707120628
  endloop
endfacet
facet normal -0.0347355 -0.996602 -0.074685
  outer loop
    vertex 0 0.03050144175636353 0.04554958132087372
    vertex 0.005920710498154035 0.03001078614844279 0.04934324312206644
    vertex 0 0.0300559240563764 0.0514946018717285
  endloop
endfacet
facet normal 2.83947e-05 -0.192436 -0.98131
  outer loop
    vertex 0.1588525427169353 0.04869682023302582 0.03004250209833535
    vertex 0.1558986467302813 0.04366976870743305 0.03102822697314228
    vertex 0.1529360872460594 0.04869551110027991 0.03004258762488215
  endloop
endfacet
facet normal 0.000131684 -0.986481 0.163875
  outer loop
    vertex 0.06442139697472171 0.03001325385514024 0.05072799625063135
    vertex 0.06147292702815225 0.03085049563990297 0.05577031045634677
    vertex 0.05852023616366775 0.03001347626890737 0.05073407707120628
  endloop
endfacet
facet normal 4.686e-05 0.0633461 -0.997992
  outer loop
    vertex 0.1647684581657264 0.0486980352408397 0.03004242279819756
    vertex 0.1618021036487205 0.05381384217464491 0.03036700206624317
    vertex 0.1677153017961126 0.05381596424320757 0.03036741441137818
  endloop
endfacet
facet normal -0.000185106 0.853548 0.521014
  outer loop
    vertex 0.1765428849125461 0.06826806894385749 0.05814110908061485
    vertex 0.1794933072270897 0.0655936543818596 0.06252349563896242
    vertex 0.1824652868536147 0.06826458760772217 0.05814891646293188
  endloop
endfacet
facet normal 0.000132409 -0.995854 -0.0909605
  outer loop
    vertex 0.05556279115237747 0.03047954485121555 0.04564662995091222
    vertex 0.05261433499820101 0.03001376231315617 0.0507418241873809
    vertex 0.04965621079968372 0.03047821408999113 0.04565260136589949
  endloop
endfacet
facet normal 0.000100846 -0.995825 -0.0912876
  outer loop
    vertex 0.06146791604328983 0.03048055983496226 0.04564208127158026
    vertex 0.05852023616366775 0.03001347626890737 0.05073407707120628
    vertex 0.05556279115237747 0.03047954485121555 0.04564662995091222
  endloop
endfacet
facet normal -0.000132493 -0.940213 -0.340586
  outer loop
    vertex 0.05260588552161033 0.03222154426996071 0.04083885859431081
    vertex 0.05556279115237747 0.03047954485121555 0.04564662995091222
    vertex 0.04965621079968372 0.03047821408999113 0.04565260136589949
  endloop
endfacet
facet normal 0.000207867 -0.911653 0.410961
  outer loop
    vertex 0.03194739843475244 0.03086342107243921 0.05581303250887489
    vertex 0.02899419027270802 0.03296906648842396 0.06048557598438332
    vertex 0.02603224249981896 0.03086621510435805 0.0558222225625017
  endloop
endfacet
facet normal -0.000264344 0.69843 0.715678
  outer loop
    vertex 0.06436156621459574 0.06202228027333646 0.06598326553084022
    vertex 0.0702592986491041 0.06203203828407158 0.06597592109177546
    vertex 0.06731581722173603 0.06568148584315217 0.0624133396695256
  endloop
endfacet
facet normal 0.000136807 0.855641 0.51757
  outer loop
    vertex 0.1292779456624787 0.06829507773317371 0.05808023085914824
    vertex 0.1263159812072374 0.06565206515068663 0.06245041591749695
    vertex 0.1322230554362634 0.06564812667344358 0.06245536557519945
  endloop
endfacet
facet normal 1.95897e-05 -0.94008 -0.340954
  outer loop
    vertex 0.06736801695215758 0.03048139006381452 0.04563836427941979
    vertex 0.06441171391807332 0.03222322988943128 0.04083558815657052
    vertex 0.07031422122833225 0.03222364470505502 0.04083478355804504
  endloop
endfacet
facet normal 0.000139676 -0.986276 0.165105
  outer loop
    vertex 0.04670831616594667 0.03001408834824865 0.0507505567589393
    vertex 0.04375556847822818 0.03085833303530753 0.0557962561893692
    vertex 0.04080188405649662 0.03001433161253407 0.05075700667516524
  endloop
endfacet
facet normal 0.000168496 -0.912107 0.409951
  outer loop
    vertex 0.04375556847822818 0.03085833303530753 0.0557962561893692
    vertex 0.04081530007922691 0.03295553616478557 0.06046356786999862
    vertex 0.03785623099750554 0.0308605881831121 0.05580369841597336
  endloop
endfacet
facet normal -0.000161732 0.739829 -0.672795
  outer loop
    vertex 0.1204422865465868 0.06295826153373199 0.03476571439077625
    vertex 0.1145406541386208 0.06295257218171292 0.03476087686651504
    vertex 0.1174873560668482 0.06639502444238048 0.03854560461945953
  endloop
endfacet
facet normal 0.000162012 0.314904 -0.949123
  outer loop
    vertex 0.1618021036487205 0.05381384217464491 0.03036700206624317
    vertex 0.1588617659013816 0.05867514755464536 0.03197940581154077
    vertex 0.1647621130398425 0.05868186884012865 0.03198264299507823
  endloop
endfacet
facet normal -0.000100894 -0.940149 -0.340764
  outer loop
    vertex 0.05850953122418266 0.0322225518495198 0.04083690351153127
    vertex 0.06146791604328983 0.03048055983496226 0.04564208127158026
    vertex 0.05556279115237747 0.03047954485121555 0.04564662995091222
  endloop
endfacet
facet normal -5.8946e-05 -0.939497 -0.342558
  outer loop
    vertex 0.1559081570743592 0.03048750104805788 0.04561110667132846
    vertex 0.1529650522551866 0.03224257318320088 0.04079816361555894
    vertex 0.1588618053941329 0.03224132433767664 0.04080057400049308
  endloop
endfacet
facet normal -4.73561e-05 0.31479 -0.949161
  outer loop
    vertex 0.1618021036487205 0.05381384217464491 0.03036700206624317
    vertex 0.1558882186707342 0.05381169552799438 0.03036658518744466
    vertex 0.1588617659013816 0.05867514755464536 0.03197940581154077
  endloop
endfacet
facet normal -2.42194e-05 0.693731 0.720235
  outer loop
    vertex 0.1794933072270897 0.0655936543818596 0.06252349563896242
    vertex 0.1735835630179491 0.06559435903282515 0.06252261819091139
    vertex 0.1765418931615697 0.06192986679126496 0.06605236052244884
  endloop
endfacet
facet normal 3.26998e-05 0.489013 0.872277
  outer loop
    vertex 0.03185646912156798 0.05747231693803888 0.06855167053333736
    vertex 0.03775376414732793 0.05747091662098942 0.06855223449728426
    vertex 0.03481013032741069 0.06192864673166067 0.06605326717996188
  endloop
endfacet
facet normal -7.43715e-05 -0.650123 -0.759829
  outer loop
    vertex 0.155889346991341 0.03516082218769548 0.03659109244364743
    vertex 0.1499923087083048 0.03515852479040821 0.03659363533231054
    vertex 0.1529454043080252 0.03904924872264209 0.03326437791830121
  endloop
endfacet
facet normal 0.0408242 0.294509 -0.954776
  outer loop
    vertex 0.2 0.05298084532352342 0.03022338347549742
    vertex 0.1945545919558082 0.05607551450806146 0.03094512861595926
    vertex 0.2 0.05867767478235107 0.03198062264195158
  endloop
endfacet
facet normal 3.6078e-05 -0.651894 -0.75831
  outer loop
    vertex 0.04668729664601379 0.03901022633347052 0.03328997681753688
    vertex 0.05260117340265982 0.03901161886629858 0.03328906106586124
    vertex 0.04964747635318396 0.03512785394472855 0.03662766767872284
  endloop
endfacet
facet normal 7.79496e-06 -0.987706 0.156326
  outer loop
    vertex 0.1381539971008708 0.03080691513762145 0.05562365481386752
    vertex 0.1322581368937199 0.03080681394414645 0.05562330943710096
    vertex 0.1352047877351642 0.03000836443054923 0.05057836602447815
  endloop
endfacet
facet normal -0.000133153 0.854106 0.520099
  outer loop
    vertex 0.1588137104242934 0.06827701766094389 0.0581209990408536
    vertex 0.1617630911159444 0.06560598050674241 0.06250813225158641
    vertex 0.1647189973283526 0.06827452886443411 0.05812659798334856
  endloop
endfacet
facet normal -4.98332e-05 -0.195019 -0.9808
  outer loop
    vertex 0.04667238751543118 0.04864631078946528 0.03004586445066382
    vertex 0.0496376330248534 0.04361839343582841 0.03104544651910465
    vertex 0.04372254537305672 0.0436162141525715 0.03104618037824113
  endloop
endfacet
facet normal 4.84863e-05 -0.190472 -0.981693
  outer loop
    vertex 0.1234030090203746 0.04873076342842941 0.03004031466867807
    vertex 0.1204580155046904 0.04371389392378727 0.03101356088155019
    vertex 0.1175053530954652 0.04872852923986163 0.03004045686629794
  endloop
endfacet
facet normal -0.000131661 0.313304 -0.949653
  outer loop
    vertex 0.01679322978443957 0.05866462709245481 0.03197434502303181
    vertex 0.02296934979942068 0.0586589404547186 0.03197161265665624
    vertex 0.01999408434928862 0.05376594853820563 0.03035775899731432
  endloop
endfacet
facet normal -0.000317525 -0.907308 0.420466
  outer loop
    vertex 0.1794605874983904 0.03092337303308109 0.05600685471482558
    vertex 0.1854055556183049 0.03092780111565354 0.05602089941087987
    vertex 0.1824118151169188 0.03308151421461768 0.06066606013154886
  endloop
endfacet
facet normal 3.78294e-05 -0.433113 -0.90134
  outer loop
    vertex 0.1175151987692752 0.03910452361863154 0.03322833954484405
    vertex 0.114565845497366 0.04371223854563909 0.03101410903083416
    vertex 0.1204580155046904 0.04371389392378727 0.03101356088155019
  endloop
endfacet
facet normal 1.61583e-05 -0.78462 0.619977
  outer loop
    vertex 0.1175242366729317 0.03285339637791708 0.06029533798508689
    vertex 0.1204729028298437 0.03601874320899004 0.06430120479343743
    vertex 0.1145781535310933 0.03601820957244566 0.0643006830759915
  endloop
endfacet
facet normal 2.9816e-05 0.854039 0.520209
  outer loop
    vertex 0.03776497505064883 0.06560944134742487 0.06250381305127772
    vertex 0.04367428365063785 0.06560858048580304 0.06250488765316221
    vertex 0.04072238941747713 0.06827171047873683 0.05813293281548662
  endloop
endfacet
facet normal -0.000107901 -0.995791 -0.0916537
  outer loop
    vertex 0.06736801695215758 0.03048139006381452 0.04563836427941979
    vertex 0.07031933424750476 0.0300130731003884 0.05072301667310097
    vertex 0.06442139697472171 0.03001325385514024 0.05072799625063135
  endloop
endfacet
facet normal 0.00010278 0.958995 0.283424
  outer loop
    vertex 0.1174742957295944 0.06829964033968851 0.05806989240560523
    vertex 0.1233759533247674 0.06829772380698729 0.0580742370217384
    vertex 0.1204268169004 0.06974685237421713 0.05317203740691613
  endloop
endfacet
facet normal 0.000223207 -0.771158 0.636644
  outer loop
    vertex 0.1764905982857578 0.03307427172666429 0.06065456345502734
    vertex 0.1789154181397363 0.03633611171979229 0.0646047306399674
    vertex 0.1735188854090055 0.03632923824738489 0.06459829692475241
  endloop
endfacet
facet normal -0.000122402 -0.438478 -0.898742
  outer loop
    vertex 0.03187490687044717 0.04360652802345918 0.03104944549399182
    vertex 0.03484907646988059 0.03900136196646559 0.03329581006431949
    vertex 0.02893504248499553 0.03899664505785422 0.03329891680108275
  endloop
endfacet
facet normal 6.12558e-05 -0.190746 -0.981639
  outer loop
    vertex 0.1116074946292636 0.04872631284938594 0.03004059817924494
    vertex 0.1086639946642597 0.04370779545678868 0.03101558107324876
    vertex 0.1057105469767021 0.04872349155011994 0.03004077841754883
  endloop
endfacet
facet normal 0.00025512 0.494036 0.869442
  outer loop
    vertex 0.07616692254369292 0.06201927204322712 0.06598552781583703
    vertex 0.07911430792750632 0.05757509301856555 0.06850994234891292
    vertex 0.08207489596449208 0.06202868731800561 0.06597844427363475
  endloop
endfacet
facet normal -7.41042e-05 0.886743 -0.462262
  outer loop
    vertex 0.1470103345483911 0.06640733786761784 0.03856324940825262
    vertex 0.1411020704168578 0.06640538062079904 0.0385604420239805
    vertex 0.1440539459803314 0.06877190681617487 0.0430996004112191
  endloop
endfacet
facet normal -0.000230501 -0.942994 -0.332811
  outer loop
    vertex 0.1824323049263722 0.03214947414299182 0.04098009275944136
    vertex 0.1794821199464492 0.03044113753150247 0.04582257268903472
    vertex 0.1765213576250512 0.03215425831784043 0.04097063104012068
  endloop
endfacet
facet normal 7.49957e-05 -0.822962 -0.568096
  outer loop
    vertex 0.05555249679289354 0.03512824813498958 0.03662722928987569
    vertex 0.06145732494034985 0.03513056305338001 0.03662465533563743
    vertex 0.05850953122418266 0.0322225518495198 0.04083690351153127
  endloop
endfacet
facet normal -0.000111132 -0.995772 -0.091863
  outer loop
    vertex 0.07326522153360009 0.03048212086489514 0.04563509518231632
    vertex 0.07621636429107867 0.03001288819589356 0.05071788698981726
    vertex 0.07031933424750476 0.0300130731003884 0.05072301667310097
  endloop
endfacet
facet normal -7.07248e-05 0.886643 -0.462454
  outer loop
    vertex 0.1411020704168578 0.06640538062079904 0.0385604420239805
    vertex 0.1351962899177705 0.06640351226186819 0.03855776309130335
    vertex 0.1381465675882815 0.06877007942132828 0.04309463118167981
  endloop
endfacet
facet normal 0.000146242 0.999455 0.0330164
  outer loop
    vertex 0.1529145841049427 0.06990937841468077 0.04809825050518119
    vertex 0.1499552027582049 0.06974100658321046 0.05320821743054326
    vertex 0.155866071533819 0.06973992133024257 0.05321488815914877
  endloop
endfacet
facet normal 0.00013056 -0.912617 0.408815
  outer loop
    vertex 0.06147292702815225 0.03085049563990297 0.05577031045634677
    vertex 0.05851796396156193 0.03294410610479553 0.0604449262053653
    vertex 0.05557131481489162 0.03085223358502279 0.05577607490580504
  endloop
endfacet
facet normal 0.000114641 0.886693 -0.462359
  outer loop
    vertex 0.1411020704168578 0.06640538062079904 0.0385604420239805
    vertex 0.1381465675882815 0.06877007942132828 0.04309463118167981
    vertex 0.1440539459803314 0.06877190681617487 0.0430996004112191
  endloop
endfacet
facet normal -2.73362e-05 -0.190429 -0.981701
  outer loop
    vertex 0.1263551099272447 0.04371509191227166 0.03101316428867604
    vertex 0.1204580155046904 0.04371389392378727 0.03101356088155019
    vertex 0.1234030090203746 0.04873076342842941 0.03004031466867807
  endloop
endfacet
facet normal 0.000218609 -0.647564 -0.762011
  outer loop
    vertex 0.1145633767224363 0.03520909240963313 0.03653786596957126
    vertex 0.1116136025233481 0.03909605036070044 0.03323384712393393
    vertex 0.1175151987692752 0.03910452361863154 0.03322833954484405
  endloop
endfacet
facet normal 0.000113052 0.886793 -0.462166
  outer loop
    vertex 0.1470103345483911 0.06640733786761784 0.03856324940825262
    vertex 0.1440539459803314 0.06877190681617487 0.0430996004112191
    vertex 0.149963249818072 0.06877370752880668 0.04310450106063185
  endloop
endfacet
facet normal -0.0432794 0.781099 -0.622906
  outer loop
    vertex 0 0.06732050807568871 0.03999999999999987
    vertex 0.005156588073936527 0.06563834297834543 0.03753235271225425
    vertex 0 0.0636034547554183 0.03533896256340339
  endloop
endfacet
facet normal 0.000132707 0.958236 0.285979
  outer loop
    vertex 0.1588137104242934 0.06827701766094389 0.0581209990408536
    vertex 0.1647189973283526 0.06827452886443411 0.05812659798334856
    vertex 0.1617720427400253 0.06973885782396815 0.05322141146163784
  endloop
endfacet
facet normal 0.000107874 -0.98653 0.163579
  outer loop
    vertex 0.07031933424750476 0.0300130731003884 0.05072301667310097
    vertex 0.0673742199907271 0.03084862264821574 0.05576409104105452
    vertex 0.06442139697472171 0.03001325385514024 0.05072799625063135
  endloop
endfacet
facet normal 9.70968e-05 -0.780806 0.624774
  outer loop
    vertex 0.09390323173083893 0.03291708085931035 0.06040066698018254
    vertex 0.09096205271788045 0.03610439165814584 0.06438443842524946
    vertex 0.08801316934291713 0.03291941406897082 0.0604044982701103
  endloop
endfacet
facet normal 0.0333792 -0.563006 -0.825778
  outer loop
    vertex 0.2 0.03639654524458161 0.03533896256340348
    vertex 0.1933126273013803 0.0387666261151792 0.03345275517906905
    vertex 0.2 0.04132232521764882 0.03198062264195163
  endloop
endfacet
facet normal 7.64645e-05 0.886541 -0.46265
  outer loop
    vertex 0.182481968677075 0.06639323300866107 0.03854304091288857
    vertex 0.1765827599281877 0.06639524287012788 0.03854591726808641
    vertex 0.1795320348293577 0.06877318486346623 0.04310307821690557
  endloop
endfacet
facet normal 0.000108579 -0.826883 -0.562373
  outer loop
    vertex 0.1843369585626419 0.03505266261490049 0.03671176817270234
    vertex 0.1824323049263722 0.03214947414299182 0.04098009275944136
    vertex 0.1789570411888922 0.03504965387951786 0.0367151533363089
  endloop
endfacet
facet normal 0.000113252 0.545653 -0.838011
  outer loop
    vertex 0.1588617659013816 0.05867514755464536 0.03197940581154077
    vertex 0.1558823010317995 0.06296900235771034 0.03477485705007327
    vertex 0.1617986837233965 0.06297298202681069 0.03477824788889115
  endloop
endfacet
facet normal -0.0410092 -0.781174 -0.622965
  outer loop
    vertex 0 0.03639654524458161 0.03533896256340348
    vertex 0.00541322203985173 0.03422745377696022 0.03770256995782965
    vertex 0 0.03267949192431123 0.04000000000000001
  endloop
endfacet
facet normal 0.000146189 -0.995889 -0.0905827
  outer loop
    vertex 0.04965621079968372 0.03047821408999113 0.04565260136589949
    vertex 0.04670831616594667 0.03001408834824865 0.0507505567589393
    vertex 0.04374882245941278 0.03047674740863873 0.04565919267256592
  endloop
endfacet
facet normal -0.000143142 0.958281 0.285826
  outer loop
    vertex 0.155866071533819 0.06973992133024257 0.05321488815914877
    vertex 0.1588137104242934 0.06827701766094389 0.0581209990408536
    vertex 0.1617720427400253 0.06973885782396815 0.05322141146163784
  endloop
endfacet
facet normal -1.57995e-05 -0.913378 0.407113
  outer loop
    vertex 0.09090954409951356 0.03084364577558537 0.0557475292803736
    vertex 0.08801316934291713 0.03291941406897082 0.0604044982701103
    vertex 0.08506322178423829 0.03084343755388784 0.05574683523760732
  endloop
endfacet
facet normal 7.78124e-05 -0.821687 -0.569939
  outer loop
    vertex 0.1588618053941329 0.03224132433767664 0.04080057400049308
    vertex 0.155889346991341 0.03516082218769548 0.03659109244364743
    vertex 0.1617917841355199 0.03516322593466106 0.03658843277860169
  endloop
endfacet
facet normal -0.0432778 -0.294479 -0.954678
  outer loop
    vertex 0 0.04701915467647647 0.03022338347549744
    vertex 0.005156782833512947 0.04410719326901236 0.03088783557963079
    vertex 0 0.04132232521764882 0.03198062264195163
  endloop
endfacet
facet normal 0.0001111 -0.98658 0.163282
  outer loop
    vertex 0.07621636429107867 0.03001288819589356 0.05071788698981726
    vertex 0.07327303685345644 0.0308466087519918 0.05575739556576779
    vertex 0.07031933424750476 0.0300130731003884 0.05072301667310097
  endloop
endfacet
facet normal -0.000127052 -0.778829 0.627237
  outer loop
    vertex 0.05261150011862639 0.03294949432985274 0.06045371973951263
    vertex 0.05556336009506586 0.0361500968551475 0.0644284504669838
    vertex 0.04966795648113215 0.03615433055717689 0.06443251321426988
  endloop
endfacet
facet normal -0.000128247 0.999546 0.0301191
  outer loop
    vertex 0.09092787391370431 0.06975057282296188 0.05314878915853059
    vertex 0.09388583260918849 0.06990462068307965 0.0480490834300981
    vertex 0.08797868183762478 0.06990404077558779 0.04804317583729684
  endloop
endfacet
facet normal -0.000162001 0.545785 -0.837925
  outer loop
    vertex 0.1588617659013816 0.05867514755464536 0.03197940581154077
    vertex 0.1617986837233965 0.06297298202681069 0.03477824788889115
    vertex 0.1647621130398425 0.05868186884012865 0.03198264299507823
  endloop
endfacet
facet normal -1.95996e-05 -0.822978 -0.568073
  outer loop
    vertex 0.06441171391807332 0.03222322988943128 0.04083558815657052
    vertex 0.06736036417286402 0.03512736853075474 0.03662820755545407
    vertex 0.07031422122833225 0.03222364470505502 0.04083478355804504
  endloop
endfacet
facet normal -0.0465532 0.294436 -0.954537
  outer loop
    vertex 0 0.05867767478235107 0.03198062264195158
    vertex 0.004788042485276833 0.05598922683723393 0.03091783131056229
    vertex 0 0.05298084532352342 0.03022338347549742
  endloop
endfacet
facet normal 9.42173e-05 -0.986661 0.162786
  outer loop
    vertex 0.08800664725370951 0.03001257796232811 0.05070919693173898
    vertex 0.08506322178423829 0.03084343755388784 0.05574683523760732
    vertex 0.08211232052686482 0.03001273278002279 0.05071354682903385
  endloop
endfacet
facet normal 4.46876e-05 0.492869 0.870104
  outer loop
    vertex 0.1115608953099831 0.06200261474803184 0.06599803860510184
    vertex 0.1145075005586642 0.05754919165301658 0.06852052119639253
    vertex 0.1174681417352809 0.06200426461206795 0.06599680065273845
  endloop
endfacet
facet normal 1.35234e-05 -0.91598 0.401225
  outer loop
    vertex 0.1234183304405929 0.03285371807528432 0.06029587374428068
    vertex 0.1175242366729317 0.03285339637791708 0.06029533798508689
    vertex 0.1204678373389207 0.03080651816527489 0.05562229980168945
  endloop
endfacet
facet normal -0.000103484 -0.822951 -0.568113
  outer loop
    vertex 0.06145732494034985 0.03513056305338001 0.03662465533563743
    vertex 0.06736036417286402 0.03512736853075474 0.03662820755545407
    vertex 0.06441171391807332 0.03222322988943128 0.04083558815657052
  endloop
endfacet
facet normal -0.000446484 -0.819097 -0.573655
  outer loop
    vertex 0.1381421659774681 0.0352169464461965 0.03652924175759296
    vertex 0.1440857103802185 0.03520289813665107 0.03654467479227368
    vertex 0.141099184451786 0.03229211560914319 0.04070318170554841
  endloop
endfacet
facet normal -0.000113926 0.975117 -0.221692
  outer loop
    vertex 0.149963249818072 0.06877370752880668 0.04310450106063185
    vertex 0.1529145841049427 0.06990937841468077 0.04809825050518119
    vertex 0.1558742064759697 0.06877552122609037 0.04310944104671978
  endloop
endfacet
facet normal -0.000113161 0.74068 -0.671858
  outer loop
    vertex 0.1558823010317995 0.06296900235771034 0.03477485705007327
    vertex 0.1588356880592427 0.06641231250288537 0.03857038940699937
    vertex 0.1617986837233965 0.06297298202681069 0.03477824788889115
  endloop
endfacet
facet normal 7.98363e-06 -0.915978 0.401228
  outer loop
    vertex 0.126363013380149 0.03080641444887939 0.05562194572117289
    vertex 0.1234183304405929 0.03285371807528432 0.06029587374428068
    vertex 0.1204678373389207 0.03080651816527489 0.05562229980168945
  endloop
endfacet
facet normal -0.000112614 0.854498 0.519455
  outer loop
    vertex 0.152906812132001 0.06827912946460162 0.05811624457593123
    vertex 0.1558546478937258 0.06562128159210222 0.06248901763231394
    vertex 0.1588137104242934 0.06827701766094389 0.0581209990408536
  endloop
endfacet
facet normal 8.20692e-05 -0.995725 -0.0923693
  outer loop
    vertex 0.08505636527473144 0.03048368811270527 0.04562809305704726
    vertex 0.0909518572438302 0.03048451721493391 0.04562439356593982
    vertex 0.08800664725370951 0.03001257796232811 0.05070919693173898
  endloop
endfacet
facet normal -4.68682e-05 0.315019 -0.949085
  outer loop
    vertex 0.1618021036487205 0.05381384217464491 0.03036700206624317
    vertex 0.1647621130398425 0.05868186884012865 0.03198264299507823
    vertex 0.1677153017961126 0.05381596424320757 0.03036741441137818
  endloop
endfacet
facet normal 0.000345103 0.698328 0.715778
  outer loop
    vertex 0.0702592986491041 0.06203203828407158 0.06597592109177546
    vertex 0.07616692254369292 0.06201927204322712 0.06598552781583703
    vertex 0.07321857407221113 0.06567912337141446 0.06241632354217484
  endloop
endfacet
facet normal 0.000110349 0.886595 -0.462546
  outer loop
    vertex 0.1351962899177705 0.06640351226186819 0.03855776309130335
    vertex 0.1322406831013712 0.06876831898846636 0.04308984787814528
    vertex 0.1381465675882815 0.06877007942132828 0.04309463118167981
  endloop
endfacet
facet normal 1.5904e-05 -0.192429 -0.981311
  outer loop
    vertex 0.161815263021316 0.0436690717971603 0.03102845952247186
    vertex 0.1558986467302813 0.04366976870743305 0.03102822697314228
    vertex 0.1588525427169353 0.04869682023302582 0.03004250209833535
  endloop
endfacet
facet normal -7.31103e-05 0.886546 -0.46264
  outer loop
    vertex 0.1351962899177705 0.06640351226186819 0.03855776309130335
    vertex 0.1292910491978759 0.066401579934506 0.03855499341843745
    vertex 0.1322406831013712 0.06876831898846636 0.04308984787814528
  endloop
endfacet
facet normal 5.53712e-05 -0.438097 -0.898928
  outer loop
    vertex 0.04372254537305672 0.0436162141525715 0.03104618037824113
    vertex 0.04076824270747432 0.03900568176444213 0.03329296655491228
    vertex 0.03780208270122218 0.04361379064103191 0.03104699680727542
  endloop
endfacet
facet normal -3.61077e-05 -0.437876 -0.899035
  outer loop
    vertex 0.04668729664601379 0.03901022633347052 0.03328997681753688
    vertex 0.0496376330248534 0.04361839343582841 0.03104544651910465
    vertex 0.05260117340265982 0.03901161886629858 0.03328906106586124
  endloop
endfacet
facet normal 0.0432787 0.562792 -0.825465
  outer loop
    vertex 0.2 0.05867767478235107 0.03198062264195158
    vertex 0.1948433333575089 0.06126855684101307 0.03347669443722421
    vertex 0.2 0.0636034547554183 0.03533896256340339
  endloop
endfacet
facet normal -7.98545e-06 -0.9877 0.156363
  outer loop
    vertex 0.126363013380149 0.03080641444887939 0.05562194572117289
    vertex 0.1204678373389207 0.03080651816527489 0.05562229980168945
    vertex 0.1234146576916899 0.03000844864380677 0.05058126962133634
  endloop
endfacet
facet normal 1.58213e-05 -0.986669 0.162741
  outer loop
    vertex 0.08800664725370951 0.03001257796232811 0.05070919693173898
    vertex 0.09090954409951356 0.03084364577558537 0.0557475292803736
    vertex 0.08506322178423829 0.03084343755388784 0.05574683523760732
  endloop
endfacet
facet normal -0.000103821 0.886957 -0.461852
  outer loop
    vertex 0.1529218458013288 0.06640957066429032 0.03856645327933356
    vertex 0.1558742064759697 0.06877552122609037 0.04310944104671978
    vertex 0.1588356880592427 0.06641231250288537 0.03857038940699937
  endloop
endfacet
facet normal -0.000688233 0.695177 0.718838
  outer loop
    vertex 0.1499969424268771 0.06564090916601455 0.06246442780317181
    vertex 0.1528989142288087 0.06194661893660024 0.06603989700664142
    vertex 0.1558546478937258 0.06562128159210222 0.06248901763231394
  endloop
endfacet
facet normal -0.000111746 0.489841 0.871812
  outer loop
    vertex 0.1528989142288087 0.06194661893660024 0.06603989700664142
    vertex 0.1558460641041136 0.05748845609271583 0.06854516177733339
    vertex 0.1588020803816747 0.06194247837463562 0.06604298009321712
  endloop
endfacet
facet normal -9.70342e-05 -0.913396 0.407071
  outer loop
    vertex 0.09090954409951356 0.03084364577558537 0.0557475292803736
    vertex 0.09390323173083893 0.03291708085931035 0.06040066698018254
    vertex 0.08801316934291713 0.03291941406897082 0.0604044982701103
  endloop
endfacet
facet normal 0.0395046 -3.48902e-15 -0.999219
  outer loop
    vertex 0.2 0.04701915467647647 0.03022338347549744
    vertex 0.1943503930170399 0.04996927841137121 0.03000002359541412
    vertex 0.2 0.05298084532352342 0.03022338347549742
  endloop
endfacet
facet normal 0.000194195 0.491944 0.870627
  outer loop
    vertex 0.1292680572580076 0.06198202545843503 0.06601346514385362
    vertex 0.1322130703043369 0.05753045188182737 0.06852814870556373
    vertex 0.1351740247162913 0.061989202386617 0.06600809252012048
  endloop
endfacet
facet normal 4.80941e-05 -0.190569 -0.981674
  outer loop
    vertex 0.1175053530954652 0.04872852923986163 0.03004045686629794
    vertex 0.114565845497366 0.04371223854563909 0.03101410903083416
    vertex 0.1116074946292636 0.04872631284938594 0.03004059817924494
  endloop
endfacet
facet normal -9.71621e-05 0.856853 0.515561
  outer loop
    vertex 0.07027355302085815 0.06831497698666911 0.05803502445408732
    vertex 0.07321857407221113 0.06567912337141446 0.06241632354217484
    vertex 0.07617426695983313 0.06831317381360268 0.05803913334090045
  endloop
endfacet
facet normal 0.000131072 0.545162 -0.83833
  outer loop
    vertex 0.01679322978443957 0.05866462709245481 0.03197434502303181
    vertex 0.01991735473746937 0.06296448948909196 0.0347710140755458
    vertex 0.02296934979942068 0.0586589404547186 0.03197161265665624
  endloop
endfacet
facet normal 7.23286e-05 -0.650059 -0.759884
  outer loop
    vertex 0.155889346991341 0.03516082218769548 0.03659109244364743
    vertex 0.1529454043080252 0.03904924872264209 0.03326437791830121
    vertex 0.1588578496264335 0.03905204506087662 0.03326254850190974
  endloop
endfacet
facet normal -0.00218266 0.740134 -0.672456
  outer loop
    vertex 0.01702330982055938 0.06642665710927453 0.03859101511025979
    vertex 0.02302017296998462 0.06636790554818026 0.0385068860631311
    vertex 0.01991735473746937 0.06296448948909196 0.0347710140755458
  endloop
endfacet
facet normal 4.76382e-05 -0.940178 -0.340684
  outer loop
    vertex 0.05260588552161033 0.03222154426996071 0.04083885859431081
    vertex 0.05850953122418266 0.0322225518495198 0.04083690351153127
    vertex 0.05556279115237747 0.03047954485121555 0.04564662995091222
  endloop
endfacet
facet normal -9.35455e-05 0.738924 -0.673789
  outer loop
    vertex 0.07621493589106637 0.06637950182605888 0.03852341863052704
    vertex 0.08210204610049554 0.06637702665838444 0.03851988685462701
    vertex 0.07916177046780121 0.06293671558136046 0.03474741366302143
  endloop
endfacet
facet normal 0.000103873 0.740596 -0.67195
  outer loop
    vertex 0.1558823010317995 0.06296900235771034 0.03477485705007327
    vertex 0.1529218458013288 0.06640957066429032 0.03856645327933356
    vertex 0.1588356880592427 0.06641231250288537 0.03857038940699937
  endloop
endfacet
facet normal 4.52777e-05 -0.937723 -0.347384
  outer loop
    vertex 0.1234119280094698 0.03228607382548019 0.04071469874028517
    vertex 0.1204658174660259 0.03051221691213778 0.04550263295689234
    vertex 0.1175161143237912 0.03228510282047886 0.04071655139945322
  endloop
endfacet
facet normal -5.67353e-05 -0.432933 -0.901426
  outer loop
    vertex 0.1293063520327896 0.03911053772603349 0.03322443409646458
    vertex 0.1234086407753453 0.03910834055058451 0.03322586054553146
    vertex 0.1263551099272447 0.04371509191227166 0.03101316428867604
  endloop
endfacet
facet normal 7.2535e-05 -0.995781 -0.0917576
  outer loop
    vertex 0.06736801695215758 0.03048139006381452 0.04563836427941979
    vertex 0.07326522153360009 0.03048212086489514 0.04563509518231632
    vertex 0.07031933424750476 0.0300130731003884 0.05072301667310097
  endloop
endfacet
facet normal 5.04188e-05 -0.78469 0.619889
  outer loop
    vertex 0.1057406453198231 0.0328543053184791 0.06029685164931815
    vertex 0.1028456142053156 0.03601316863688533 0.06429575281053054
    vertex 0.09985155513655236 0.03285550560382644 0.0602988500280164
  endloop
endfacet
facet normal -4.52917e-05 -0.81921 -0.573494
  outer loop
    vertex 0.1234119280094698 0.03228607382548019 0.04071469874028517
    vertex 0.1175161143237912 0.03228510282047886 0.04071655139945322
    vertex 0.1204612171456553 0.0352141373653634 0.03653232513944382
  endloop
endfacet
facet normal 0.000317936 0.885618 -0.464414
  outer loop
    vertex 0.07915668709147894 0.0687534670697313 0.04304964224917136
    vertex 0.08505667539635085 0.06875855231541503 0.04306337870214629
    vertex 0.08210204610049554 0.06637702665838444 0.03851988685462701
  endloop
endfacet
facet normal 0.000147894 0.49192 0.87064
  outer loop
    vertex 0.1292680572580076 0.06198202545843503 0.06601346514385362
    vertex 0.1263142889394623 0.05753677859342122 0.06852557606212956
    vertex 0.1322130703043369 0.05753045188182737 0.06852814870556373
  endloop
endfacet
facet normal 3.74092e-05 -0.195068 -0.98079
  outer loop
    vertex 0.04667238751543118 0.04864631078946528 0.03004586445066382
    vertex 0.04372254537305672 0.0436162141525715 0.03104618037824113
    vertex 0.04075505073260527 0.04864458796530185 0.03004598140182797
  endloop
endfacet
facet normal -8.65532e-05 0.698718 0.715397
  outer loop
    vertex 0.05551085045695277 0.06568531991594891 0.06240849463610863
    vertex 0.05845407482238274 0.06203669106090612 0.06597241585685468
    vertex 0.06141499608574211 0.06568283214475114 0.06241163872820833
  endloop
endfacet
facet normal 0.000389727 0.69852 0.71559
  outer loop
    vertex 0.05845407482238274 0.06203669106090612 0.06597241585685468
    vertex 0.06436156621459574 0.06202228027333646 0.06598326553084022
    vertex 0.06141499608574211 0.06568283214475114 0.06241163872820833
  endloop
endfacet
facet normal 4.11316e-05 -0.915934 0.40133
  outer loop
    vertex 0.1086834579816582 0.03080713187120908 0.05562439445548068
    vertex 0.1057406453198231 0.0328543053184791 0.06029685164931815
    vertex 0.1027933659163515 0.03080766628474399 0.055626217784822
  endloop
endfacet
facet normal -4.58073e-05 -0.647218 -0.762305
  outer loop
    vertex 0.1263592060538937 0.03521556223843352 0.03653076096899431
    vertex 0.1204612171456553 0.0352141373653634 0.03653232513944382
    vertex 0.1234086407753453 0.03910834055058451 0.03322586054553146
  endloop
endfacet
facet normal 4.57983e-05 -0.81918 -0.573537
  outer loop
    vertex 0.1263592060538937 0.03521556223843352 0.03653076096899431
    vertex 0.1234119280094698 0.03228607382548019 0.04071469874028517
    vertex 0.1204612171456553 0.0352141373653634 0.03653232513944382
  endloop
endfacet
facet normal -0.000356501 0.504089 0.863652
  outer loop
    vertex 0.05845407482238274 0.06203669106090612 0.06597241585685468
    vertex 0.06166399056404328 0.0579968674344471 0.06833166962488359
    vertex 0.06436156621459574 0.06202228027333646 0.06598326553084022
  endloop
endfacet
facet normal -0.000109694 -0.442093 -0.896969
  outer loop
    vertex 0.1854482381162447 0.04353835016438853 0.03107258386884406
    vertex 0.1824943221218091 0.0389226480220737 0.03334790484181849
    vertex 0.179505633068177 0.04354314321010903 0.03107094824364309
  endloop
endfacet
facet normal 8.51884e-05 0.99948 0.0322574
  outer loop
    vertex 0.02592893807886032 0.06973922081109751 0.05321918650760325
    vertex 0.02301933672712883 0.06990590523231216 0.04806223404865101
    vertex 0.02004414006032747 0.06973984623392759 0.05321534922845015
  endloop
endfacet
facet normal -4.96129e-05 -0.937742 -0.347333
  outer loop
    vertex 0.1204658174660259 0.03051221691213778 0.04550263295689234
    vertex 0.1145724910331209 0.03051170187602444 0.04550486527109027
    vertex 0.1175161143237912 0.03228510282047886 0.04071655139945322
  endloop
endfacet
facet normal 8.24516e-05 -0.995801 -0.0915444
  outer loop
    vertex 0.06146791604328983 0.03048055983496226 0.04564208127158026
    vertex 0.06736801695215758 0.03048139006381452 0.04563836427941979
    vertex 0.06442139697472171 0.03001325385514024 0.05072799625063135
  endloop
endfacet
facet normal 0.000153733 0.740123 -0.672472
  outer loop
    vertex 0.1263440180868618 0.06296271905444527 0.03476950707575353
    vertex 0.1233873352451078 0.06639751394371422 0.03854916874346243
    vertex 0.1292910491978759 0.066401579934506 0.03855499341843745
  endloop
endfacet
facet normal -8.45382e-05 0.886846 -0.462065
  outer loop
    vertex 0.1529218458013288 0.06640957066429032 0.03856645327933356
    vertex 0.1470103345483911 0.06640733786761784 0.03856324940825262
    vertex 0.149963249818072 0.06877370752880668 0.04310450106063185
  endloop
endfacet
facet normal -0.000254393 0.69822 0.715883
  outer loop
    vertex 0.07616692254369292 0.06201927204322712 0.06598552781583703
    vertex 0.08207489596449208 0.06202868731800561 0.06597844427363475
    vertex 0.07911727118976736 0.06567667883987473 0.06241940983104366
  endloop
endfacet
facet normal -0.000325911 0.698413 0.715695
  outer loop
    vertex 0.08207489596449208 0.06202868731800561 0.06597844427363475
    vertex 0.08798554903576572 0.06204078691934872 0.06596932842554254
    vertex 0.08502067777505359 0.06567501659167328 0.06242150775271534
  endloop
endfacet
facet normal -0.000189195 -0.995871 -0.0907751
  outer loop
    vertex 0.04965621079968372 0.03047821408999113 0.04565260136589949
    vertex 0.05261433499820101 0.03001376231315617 0.0507418241873809
    vertex 0.04670831616594667 0.03001408834824865 0.0507505567589393
  endloop
endfacet
facet normal -7.70865e-05 0.545517 -0.8381
  outer loop
    vertex 0.1292975134293038 0.05868069080258224 0.03198207539171162
    vertex 0.1233972985355632 0.05867748391623468 0.03198053072691961
    vertex 0.1263440180868618 0.06296271905444527 0.03476950707575353
  endloop
endfacet
facet normal -8.28293e-05 0.738999 -0.673707
  outer loop
    vertex 0.07326166127287138 0.06293701533064287 0.03474766790504772
    vertex 0.07031046874368443 0.0663816977046206 0.03852655325046445
    vertex 0.07621493589106637 0.06637950182605888 0.03852341863052704
  endloop
endfacet
facet normal 6.0078e-05 0.974858 -0.222826
  outer loop
    vertex 0.1292889259011479 0.06990653605707046 0.04806872523742645
    vertex 0.1351919640283099 0.06990680400112528 0.04807148905608953
    vertex 0.1322406831013712 0.06876831898846636 0.04308984787814528
  endloop
endfacet
facet normal 0.000113946 0.886899 -0.461964
  outer loop
    vertex 0.1529218458013288 0.06640957066429032 0.03856645327933356
    vertex 0.149963249818072 0.06877370752880668 0.04310450106063185
    vertex 0.1558742064759697 0.06877552122609037 0.04310944104671978
  endloop
endfacet
facet normal -3.7095e-05 -0.819152 -0.573576
  outer loop
    vertex 0.1263592060538937 0.03521556223843352 0.03653076096899431
    vertex 0.1293081757283222 0.03228686927148591 0.04071318139540943
    vertex 0.1234119280094698 0.03228607382548019 0.04071469874028517
  endloop
endfacet
facet normal 0.000112667 0.958324 0.285685
  outer loop
    vertex 0.155866071533819 0.06973992133024257 0.05321488815914877
    vertex 0.152906812132001 0.06827912946460162 0.05811624457593123
    vertex 0.1588137104242934 0.06827701766094389 0.0581209990408536
  endloop
endfacet
facet normal -8.0223e-05 0.740213 -0.672372
  outer loop
    vertex 0.1322458558430464 0.06296553983619754 0.0347719083022207
    vertex 0.1263440180868618 0.06296271905444527 0.03476950707575353
    vertex 0.1292910491978759 0.066401579934506 0.03855499341843745
  endloop
endfacet
facet normal 0.000685039 0.854736 0.519062
  outer loop
    vertex 0.152906812132001 0.06827912946460162 0.05811624457593123
    vertex 0.1499969424268771 0.06564090916601455 0.06246442780317181
    vertex 0.1558546478937258 0.06562128159210222 0.06248901763231394
  endloop
endfacet
facet normal 0.00010789 0.886498 -0.462733
  outer loop
    vertex 0.1292910491978759 0.066401579934506 0.03855499341843745
    vertex 0.1263361786568795 0.06876659645154823 0.04308517117892729
    vertex 0.1322406831013712 0.06876831898846636 0.04308984787814528
  endloop
endfacet
facet normal -6.75304e-05 0.315229 -0.949016
  outer loop
    vertex 0.1263492293121344 0.05382992391522975 0.03037013288879542
    vertex 0.120449835363952 0.05382686284309272 0.0303695359000314
    vertex 0.1233972985355632 0.05867748391623468 0.03198053072691961
  endloop
endfacet
facet normal 3.08967e-05 -0.784682 0.619899
  outer loop
    vertex 0.1293093504328434 0.03285298342200545 0.06029465018706222
    vertex 0.1263650763971192 0.03601568924628666 0.06429821851642985
    vertex 0.1234183304405929 0.03285371807528432 0.06029587374428068
  endloop
endfacet
facet normal 0.000112102 0.886094 -0.463506
  outer loop
    vertex 0.0968380546483996 0.06876203945713515 0.04307281619928387
    vertex 0.09389199985838767 0.06639204570169083 0.03854134223769297
    vertex 0.09095845553956224 0.06876025226690242 0.04306797757633586
  endloop
endfacet
facet normal -2.6379e-05 0.0633038 -0.997994
  outer loop
    vertex 0.1647684581657264 0.0486980352408397 0.03004242279819756
    vertex 0.1588525427169353 0.04869682023302582 0.03004250209833535
    vertex 0.1618021036487205 0.05381384217464491 0.03036700206624317
  endloop
endfacet
facet normal 0.00014316 0.999444 0.0333294
  outer loop
    vertex 0.155866071533819 0.06973992133024257 0.05321488815914877
    vertex 0.1617720427400253 0.06973885782396815 0.05322141146163784
    vertex 0.1588226972234988 0.06990993300806145 0.04810406550363533
  endloop
endfacet
facet normal 4.27899e-05 -0.995131 -0.0985649
  outer loop
    vertex 0.1145724910331209 0.03051170187602444 0.04550486527109027
    vertex 0.1116275304929167 0.03000852204795306 0.05058378873988895
    vertex 0.1086796893299275 0.03051125772155436 0.04550679130193964
  endloop
endfacet
facet normal -0.000126469 0.99945 0.0331736
  outer loop
    vertex 0.1529145841049427 0.06990937841468077 0.04809825050518119
    vertex 0.155866071533819 0.06973992133024257 0.05321488815914877
    vertex 0.1588226972234988 0.06990993300806145 0.04810406550363533
  endloop
endfacet
facet normal -9.4019e-05 -0.995753 -0.0920649
  outer loop
    vertex 0.07916141782649239 0.03048285666310582 0.04563180632673792
    vertex 0.08211232052686482 0.03001273278002279 0.05071354682903385
    vertex 0.07621636429107867 0.03001288819589356 0.05071788698981726
  endloop
endfacet
facet normal -0.000101315 -0.190654 -0.981657
  outer loop
    vertex 0.114565845497366 0.04371223854563909 0.03101410903083416
    vertex 0.1086639946642597 0.04370779545678868 0.03101558107324876
    vertex 0.1116074946292636 0.04872631284938594 0.03004059817924494
  endloop
endfacet
facet normal -5.17151e-05 -0.373852 0.927488
  outer loop
    vertex 0.1147050758249924 0.04494766953322991 0.06935132958880466
    vertex 0.1117578089031999 0.04021909848138283 0.06744517026237097
    vertex 0.1176447026282263 0.04022118247817201 0.06744633852344926
  endloop
endfacet
facet normal -0.000144123 0.854183 0.519973
  outer loop
    vertex 0.1647189973283526 0.06827452886443411 0.05812659798334856
    vertex 0.1676678761707789 0.06561365869668684 0.06249854639961687
    vertex 0.1706278923701396 0.06827182166728993 0.05813268301108277
  endloop
endfacet
facet normal -4.53087e-05 0.0580562 -0.998313
  outer loop
    vertex 0.185453254323493 0.05372008274023007 0.03034902077743091
    vertex 0.1825018790822895 0.04858183289451631 0.03005034330969768
    vertex 0.1795110119246595 0.05372213818813137 0.03034941000100877
  endloop
endfacet
facet normal -9.19326e-05 0.857042 0.515247
  outer loop
    vertex 0.05846615621313757 0.06831840869594491 0.0580271976958544
    vertex 0.06141499608574211 0.06568283214475114 0.06241163872820833
    vertex 0.06437113022438296 0.06831670392048093 0.05803108694321253
  endloop
endfacet
facet normal 0.000111773 0.694845 0.71916
  outer loop
    vertex 0.1528989142288087 0.06194661893660024 0.06603989700664142
    vertex 0.1588020803816747 0.06194247837463562 0.06604298009321712
    vertex 0.1558546478937258 0.06562128159210222 0.06248901763231394
  endloop
endfacet
facet normal -0.000207861 -0.984407 0.175907
  outer loop
    vertex 0.1883828351609672 0.03002313769710218 0.05096175492255559
    vertex 0.1854055556183049 0.03092780111565354 0.05602089941087987
    vertex 0.1824462598059542 0.03002267858074848 0.05095217063172238
  endloop
endfacet
facet normal 5.67184e-05 -0.647173 -0.762343
  outer loop
    vertex 0.1293063520327896 0.03911053772603349 0.03322443409646458
    vertex 0.1263592060538937 0.03521556223843352 0.03653076096899431
    vertex 0.1234086407753453 0.03910834055058451 0.03322586054553146
  endloop
endfacet
facet normal -0.000170306 0.999574 0.0291855
  outer loop
    vertex 0.07322902809099906 0.06975299647748207 0.05313354913166865
    vertex 0.07618780378407937 0.06990256533515561 0.04802822590546933
    vertex 0.07028287951823382 0.06990178792139376 0.0480203946019811
  endloop
endfacet
facet normal -4.69934e-05 0.69834 0.715766
  outer loop
    vertex 0.06436156621459574 0.06202228027333646 0.06598326553084022
    vertex 0.06731581722173603 0.06568148584315217 0.0624133396695256
    vertex 0.06141499608574211 0.06568283214475114 0.06241163872820833
  endloop
endfacet
facet normal -9.42453e-05 -0.995734 -0.0922678
  outer loop
    vertex 0.08505636527473144 0.03048368811270527 0.04562809305704726
    vertex 0.08800664725370951 0.03001257796232811 0.05070919693173898
    vertex 0.08211232052686482 0.03001273278002279 0.05071354682903385
  endloop
endfacet
facet normal 5.68012e-05 -0.987675 0.156516
  outer loop
    vertex 0.1116275304929167 0.03000852204795306 0.05058378873988895
    vertex 0.1086834579816582 0.03080713187120908 0.05562439445548068
    vertex 0.105736433879089 0.03000859879432762 0.05058641097691003
  endloop
endfacet
facet normal -0.000130285 -0.986456 0.164025
  outer loop
    vertex 0.06147292702815225 0.03085049563990297 0.05577031045634677
    vertex 0.05557131481489162 0.03085223358502279 0.05577607490580504
    vertex 0.05852023616366775 0.03001347626890737 0.05073407707120628
  endloop
endfacet
facet normal 4.3753e-05 -0.987704 0.156333
  outer loop
    vertex 0.1293087650570333 0.03000839001245545 0.05057924960587717
    vertex 0.126363013380149 0.03080641444887939 0.05562194572117289
    vertex 0.1234146576916899 0.03000844864380677 0.05058126962133634
  endloop
endfacet
facet normal -3.24556e-05 0.886476 -0.462774
  outer loop
    vertex 0.03482144635341942 0.06639532358191375 0.03854603279887955
    vertex 0.0377806686875357 0.06877033930323433 0.043095337630162
    vertex 0.04074507894132449 0.06639618184711618 0.03854726142635317
  endloop
endfacet
facet normal -4.27972e-05 -0.937791 -0.347201
  outer loop
    vertex 0.1145724910331209 0.03051170187602444 0.04550486527109027
    vertex 0.1086796893299275 0.03051125772155436 0.04550679130193964
    vertex 0.1116230982092484 0.03228348100025355 0.04071964685307596
  endloop
endfacet
facet normal 0.000133336 0.492913 0.870079
  outer loop
    vertex 0.1115608953099831 0.06200261474803184 0.06599803860510184
    vertex 0.1086092460309879 0.0575548863333056 0.06851819895375444
    vertex 0.1145075005586642 0.05754919165301658 0.06852052119639253
  endloop
endfacet
facet normal -3.20792e-05 -0.822927 -0.568147
  outer loop
    vertex 0.06145732494034985 0.03513056305338001 0.03662465533563743
    vertex 0.06441171391807332 0.03222322988943128 0.04083558815657052
    vertex 0.05850953122418266 0.0322225518495198 0.04083690351153127
  endloop
endfacet
facet normal -7.0297e-05 0.31506 -0.949072
  outer loop
    vertex 0.120449835363952 0.05382686284309272 0.0303695359000314
    vertex 0.1145512756148635 0.05382367622510582 0.03036891495292325
    vertex 0.1174964024375055 0.05867390513796217 0.03197880776259147
  endloop
endfacet
facet normal 7.57084e-05 -0.940338 -0.340242
  outer loop
    vertex 0.02305888712403402 0.03222211930855054 0.04083774273879037
    vertex 0.02898768135557616 0.03222372069418906 0.0408346361751539
    vertex 0.02601695972840825 0.03047505256479617 0.04566682245314976
  endloop
endfacet
facet normal -1.27824e-05 -0.651873 -0.758328
  outer loop
    vertex 0.05260117340265982 0.03901161886629858 0.03328906106586124
    vertex 0.05555249679289354 0.03512824813498958 0.03662722928987569
    vertex 0.04964747635318396 0.03512785394472855 0.03662766767872284
  endloop
endfacet
facet normal -0.000115518 -0.986635 0.162949
  outer loop
    vertex 0.1500086452978238 0.03084523549700571 0.05575282511769911
    vertex 0.1441087985396083 0.03084676932159973 0.05575792971301202
    vertex 0.1470532940114756 0.03001257341641932 0.05070906880200175
  endloop
endfacet
facet normal -8.20744e-05 -0.939904 -0.341438
  outer loop
    vertex 0.08800126679431708 0.0322271790145655 0.04082793184610477
    vertex 0.0909518572438302 0.03048451721493391 0.04562439356593982
    vertex 0.08505636527473144 0.03048368811270527 0.04562809305704726
  endloop
endfacet
facet normal -5.04748e-05 -0.915912 0.401378
  outer loop
    vertex 0.1057406453198231 0.0328543053184791 0.06029685164931815
    vertex 0.09985155513655236 0.03285550560382644 0.0602988500280164
    vertex 0.1027933659163515 0.03080766628474399 0.055626217784822
  endloop
endfacet
facet normal -2.07067e-05 -0.915948 0.401297
  outer loop
    vertex 0.1086834579816582 0.03080713187120908 0.05562439445548068
    vertex 0.1116329234143103 0.03285381274097618 0.06029603139459516
    vertex 0.1057406453198231 0.0328543053184791 0.06029685164931815
  endloop
endfacet
facet normal -0.000113022 0.975049 -0.221991
  outer loop
    vertex 0.1440539459803314 0.06877190681617487 0.0430996004112191
    vertex 0.1470067289179071 0.06990870901411669 0.04809125554585509
    vertex 0.149963249818072 0.06877370752880668 0.04310450106063185
  endloop
endfacet
facet normal 5.89445e-05 -0.821694 -0.56993
  outer loop
    vertex 0.1588618053941329 0.03224132433767664 0.04080057400049308
    vertex 0.1529650522551866 0.03224257318320088 0.04079816361555894
    vertex 0.155889346991341 0.03516082218769548 0.03659109244364743
  endloop
endfacet
facet normal -0.000114602 0.974978 -0.222303
  outer loop
    vertex 0.1381465675882815 0.06877007942132828 0.04309463118167981
    vertex 0.141098574847637 0.06990798909915392 0.04808376148980128
    vertex 0.1440539459803314 0.06877190681617487 0.0430996004112191
  endloop
endfacet
facet normal 1.41514e-06 0.73957 -0.67308
  outer loop
    vertex 0.03778558920412863 0.06294217202555726 0.03475204330866318
    vertex 0.04074507894132449 0.06639618184711618 0.03854726142635317
    vertex 0.04370648999406958 0.06294212223243867 0.03475200104536282
  endloop
endfacet
facet normal 7.66978e-05 -0.939873 -0.341524
  outer loop
    vertex 0.09389656576087799 0.03222880406292822 0.0408247836556186
    vertex 0.0909518572438302 0.03048451721493391 0.04562439356593982
    vertex 0.08800126679431708 0.0322271790145655 0.04082793184610477
  endloop
endfacet
facet normal 8.59755e-05 0.315145 -0.949043
  outer loop
    vertex 0.120449835363952 0.05382686284309272 0.0303695359000314
    vertex 0.1174964024375055 0.05867390513796217 0.03197880776259147
    vertex 0.1233972985355632 0.05867748391623468 0.03198053072691961
  endloop
endfacet
facet normal -6.39359e-05 -0.995137 -0.0985031
  outer loop
    vertex 0.09984547264322677 0.03000868548298067 0.05058935887336328
    vertex 0.1028211651026966 0.03051183945958648 0.04550426883020467
    vertex 0.105736433879089 0.03000859879432762 0.05058641097691003
  endloop
endfacet
facet normal -0.000209088 0.698668 0.715446
  outer loop
    vertex 0.05551085045695277 0.06568531991594891 0.06240849463610863
    vertex 0.05255619392929133 0.06202897327361744 0.06597822900019265
    vertex 0.05845407482238274 0.06203669106090612 0.06597241585685468
  endloop
endfacet
facet normal 0.000162116 -0.819279 -0.573396
  outer loop
    vertex 0.1175161143237912 0.03228510282047886 0.04071655139945322
    vertex 0.1145633767224363 0.03520909240963313 0.03653786596957126
    vertex 0.1204612171456553 0.0352141373653634 0.03653232513944382
  endloop
endfacet
facet normal 6.75127e-05 0.0645072 -0.997917
  outer loop
    vertex 0.1263492293121344 0.05382992391522975 0.03037013288879542
    vertex 0.1234030090203746 0.04873076342842941 0.03004031466867807
    vertex 0.120449835363952 0.05382686284309272 0.0303695359000314
  endloop
endfacet
facet normal -0.000179922 -0.778438 0.627721
  outer loop
    vertex 0.04377057975977117 0.03615883985307398 0.06443683780428204
    vertex 0.03787281491406472 0.03616483946511199 0.06444258747502944
    vertex 0.04081530007922691 0.03295553616478557 0.06046356786999862
  endloop
endfacet
facet normal 2.16859e-05 -0.784621 0.619976
  outer loop
    vertex 0.1145781535310933 0.03601820957244566 0.0643006830759915
    vertex 0.1087110814331298 0.03601749654333954 0.06429998591203775
    vertex 0.1116329234143103 0.03285381274097618 0.06029603139459516
  endloop
endfacet
facet normal -7.0497e-05 0.314883 -0.94913
  outer loop
    vertex 0.1145512756148635 0.05382367622510582 0.03036891495292325
    vertex 0.1086525798932801 0.05382047979180044 0.03036829263256901
    vertex 0.1115985036028781 0.05867014228547789 0.03197699712174555
  endloop
endfacet
facet normal -1.96806e-05 -0.373799 0.92751
  outer loop
    vertex 0.1029381841348338 0.04494890093282944 0.06935165104619316
    vertex 0.1058770616201925 0.04022143044087001 0.06744647750628351
    vertex 0.108822302452587 0.044948021513779 0.06935142148201937
  endloop
endfacet
facet normal -4.11438e-05 -0.987667 0.156572
  outer loop
    vertex 0.1086834579816582 0.03080713187120908 0.05562439445548068
    vertex 0.1027933659163515 0.03080766628474399 0.055626217784822
    vertex 0.105736433879089 0.03000859879432762 0.05058641097691003
  endloop
endfacet
facet normal 7.70669e-05 0.315309 -0.948989
  outer loop
    vertex 0.1292975134293038 0.05868069080258224 0.03198207539171162
    vertex 0.1263492293121344 0.05382992391522975 0.03037013288879542
    vertex 0.1233972985355632 0.05867748391623468 0.03198053072691961
  endloop
endfacet
facet normal 9.15779e-05 -0.77875 0.627335
  outer loop
    vertex 0.04671521281073634 0.03295170533080793 0.06045732512989805
    vertex 0.05261150011862639 0.03294949432985274 0.06045371973951263
    vertex 0.04966795648113215 0.03615433055717689 0.06443251321426988
  endloop
endfacet
facet normal 9.85859e-05 -0.647282 -0.762251
  outer loop
    vertex 0.1204612171456553 0.0352141373653634 0.03653232513944382
    vertex 0.1175151987692752 0.03910452361863154 0.03322833954484405
    vertex 0.1234086407753453 0.03910834055058451 0.03322586054553146
  endloop
endfacet
facet normal -7.67105e-05 -0.822783 -0.568356
  outer loop
    vertex 0.09094617390333763 0.0351299210527902 0.03662536908532622
    vertex 0.09389656576087799 0.03222880406292822 0.0408247836556186
    vertex 0.08800126679431708 0.0322271790145655 0.04082793184610477
  endloop
endfacet
facet normal 7.4237e-05 0.0639287 -0.997954
  outer loop
    vertex 0.1027560171373848 0.05381712314522686 0.03036763970139674
    vertex 0.09981271850557547 0.04872079334364852 0.03004095116669269
    vertex 0.09685926796079382 0.05381375616890426 0.03036698535924387
  endloop
endfacet
facet normal 0.000106687 0.999519 0.0310267
  outer loop
    vertex 0.1174795735733259 0.06990581291595091 0.04806128595322522
    vertex 0.1145253599278803 0.06974763331773173 0.0531671719796076
    vertex 0.1204268169004 0.06974685237421713 0.05317203740691613
  endloop
endfacet
facet normal 5.88713e-05 -0.986651 0.162849
  outer loop
    vertex 0.1500086452978238 0.03084523549700571 0.05575282511769911
    vertex 0.1470532940114756 0.03001257341641932 0.05070906880200175
    vertex 0.1529572766516771 0.03001247720489006 0.05070635155196298
  endloop
endfacet
facet normal -0.000120832 0.886171 -0.463358
  outer loop
    vertex 0.1056909546729463 0.06639617051244781 0.03854724519922228
    vertex 0.09979139885624404 0.06639297397947894 0.03854267028893178
    vertex 0.1027336094334414 0.06876194017196617 0.04307254729474375
  endloop
endfacet
facet normal 8.02038e-05 0.545593 -0.83805
  outer loop
    vertex 0.1322458558430464 0.06296553983619754 0.0347719083022207
    vertex 0.1292975134293038 0.05868069080258224 0.03198207539171162
    vertex 0.1263440180868618 0.06296271905444527 0.03476950707575353
  endloop
endfacet
facet normal 7.29635e-05 -0.995762 -0.091969
  outer loop
    vertex 0.07326522153360009 0.03048212086489514 0.04563509518231632
    vertex 0.07916141782649239 0.03048285666310582 0.04563180632673792
    vertex 0.07621636429107867 0.03001288819589356 0.05071788698981726
  endloop
endfacet
facet normal -9.63922e-05 0.97468 -0.223604
  outer loop
    vertex 0.1086310234683404 0.06876348124283334 0.04307672247776811
    vertex 0.1027336094334414 0.06876194017196617 0.04307254729474375
    vertex 0.1056802190317044 0.06990514890615612 0.04805448026898938
  endloop
endfacet
facet normal -5.68117e-05 -0.995136 -0.0985076
  outer loop
    vertex 0.1116275304929167 0.03000852204795306 0.05058378873988895
    vertex 0.105736433879089 0.03000859879432762 0.05058641097691003
    vertex 0.1086796893299275 0.03051125772155436 0.04550679130193964
  endloop
endfacet
facet normal 7.30908e-05 0.740273 -0.672306
  outer loop
    vertex 0.1351962899177705 0.06640351226186819 0.03855776309130335
    vertex 0.1322458558430464 0.06296553983619754 0.0347719083022207
    vertex 0.1292910491978759 0.066401579934506 0.03855499341843745
  endloop
endfacet
facet normal -0.000129454 0.696565 0.717494
  outer loop
    vertex 0.1322230554362634 0.06564812667344358 0.06245536557519945
    vertex 0.1351740247162913 0.061989202386617 0.06600809252012048
    vertex 0.1381242508015195 0.0656443923767604 0.06246005566448085
  endloop
endfacet
facet normal 0.000126528 0.975148 -0.221557
  outer loop
    vertex 0.1529145841049427 0.06990937841468077 0.04809825050518119
    vertex 0.1588226972234988 0.06990993300806145 0.04810406550363533
    vertex 0.1558742064759697 0.06877552122609037 0.04310944104671978
  endloop
endfacet
facet normal -1.51519e-06 0.740414 -0.672151
  outer loop
    vertex 0.144059202373563 0.06296817132085547 0.03477414919970179
    vertex 0.1381490363437634 0.06296811799530903 0.0347741037813946
    vertex 0.1411020704168578 0.06640538062079904 0.0385604420239805
  endloop
endfacet
facet normal -0.000168506 -0.986247 0.165281
  outer loop
    vertex 0.04375556847822818 0.03085833303530753 0.0557962561893692
    vertex 0.03785623099750554 0.0308605881831121 0.05580369841597336
    vertex 0.04080188405649662 0.03001433161253407 0.05075700667516524
  endloop
endfacet
facet normal -6.19486e-05 -0.995717 -0.092452
  outer loop
    vertex 0.08800664725370951 0.03001257796232811 0.05070919693173898
    vertex 0.0909518572438302 0.03048451721493391 0.04562439356593982
    vertex 0.09389841316509931 0.03001247676204131 0.05070633902062764
  endloop
endfacet
facet normal 7.48027e-05 0.974702 -0.223507
  outer loop
    vertex 0.1115797527222391 0.06990548472470867 0.04805791918953147
    vertex 0.1086310234683404 0.06876348124283334 0.04307672247776811
    vertex 0.1056802190317044 0.06990514890615612 0.04805448026898938
  endloop
endfacet
facet normal 2.07137e-05 -0.784621 0.619976
  outer loop
    vertex 0.1116329234143103 0.03285381274097618 0.06029603139459516
    vertex 0.1087110814331298 0.03601749654333954 0.06429998591203775
    vertex 0.1057406453198231 0.0328543053184791 0.06029685164931815
  endloop
endfacet
facet normal 4.65692e-05 -0.995114 -0.0987359
  outer loop
    vertex 0.1263602919346686 0.03051270071617908 0.04550053707396175
    vertex 0.1234146576916899 0.03000844864380677 0.05058126962133634
    vertex 0.1204658174660259 0.03051221691213778 0.04550263295689234
  endloop
endfacet
facet normal -3.97692e-05 0.974085 -0.226184
  outer loop
    vertex 0.05847099691585281 0.06990029986466724 0.04800549121427727
    vertex 0.06143617161679396 0.06874332320808189 0.04302233311791263
    vertex 0.05554078124260907 0.06874268366289174 0.0430206154201985
  endloop
endfacet
facet normal -9.36091e-05 0.999515 0.0311421
  outer loop
    vertex 0.1233822006209594 0.06990623162505215 0.04806558988583755
    vertex 0.1174795735733259 0.06990581291595091 0.04806128595322522
    vertex 0.1204268169004 0.06974685237421713 0.05317203740691613
  endloop
endfacet
facet normal -7.40441e-05 0.314707 -0.949189
  outer loop
    vertex 0.1086525798932801 0.05382047979180044 0.03036829263256901
    vertex 0.1027560171373848 0.05381712314522686 0.03036763970139674
    vertex 0.1057008122327278 0.0586664595462329 0.0319752259671998
  endloop
endfacet
facet normal 9.21835e-05 0.544846 -0.838536
  outer loop
    vertex 0.1057008122327278 0.0586664595462329 0.0319752259671998
    vertex 0.102745032993471 0.06294736940949949 0.03475645627244252
    vertex 0.1086459646881025 0.06295061633338694 0.03475921469918918
  endloop
endfacet
facet normal 6.81393e-05 0.974814 -0.22302
  outer loop
    vertex 0.1263361786568795 0.06876659645154823 0.04308517117892729
    vertex 0.1233822006209594 0.06990623162505215 0.04806558988583755
    vertex 0.1292889259011479 0.06990653605707046 0.04806872523742645
  endloop
endfacet
facet normal 6.20956e-06 0.974653 -0.223722
  outer loop
    vertex 0.1027336094334414 0.06876194017196617 0.04307254729474375
    vertex 0.0968380546483996 0.06876203945713515 0.04307281619928387
    vertex 0.09978219131686707 0.0699048802528518 0.0480517335604106
  endloop
endfacet
facet normal -0.000120632 -0.986401 0.164359
  outer loop
    vertex 0.05557131481489162 0.03085223358502279 0.05577607490580504
    vertex 0.0496743991047462 0.0308538436426928 0.05578140958085007
    vertex 0.05261433499820101 0.03001376231315617 0.0507418241873809
  endloop
endfacet
facet normal 9.04202e-05 0.314972 -0.949101
  outer loop
    vertex 0.1145512756148635 0.05382367622510582 0.03036891495292325
    vertex 0.1115985036028781 0.05867014228547789 0.03197699712174555
    vertex 0.1174964024375055 0.05867390513796217 0.03197880776259147
  endloop
endfacet
facet normal 1.20908e-05 -0.987706 0.156324
  outer loop
    vertex 0.1411026687073386 0.03000834829095614 0.05057780787835019
    vertex 0.1381539971008708 0.03080691513762145 0.05562365481386752
    vertex 0.1352047877351642 0.03000836443054923 0.05057836602447815
  endloop
endfacet
facet normal 1.26019e-05 -0.432747 -0.901515
  outer loop
    vertex 0.141110424654277 0.03911176933931639 0.03322363468805745
    vertex 0.1352051300294304 0.03911225784712946 0.03322331764583338
    vertex 0.1381569634894317 0.04372000344298071 0.03101153920814471
  endloop
endfacet
facet normal -5.77546e-05 0.698302 0.715804
  outer loop
    vertex 0.08207489596449208 0.06202868731800561 0.06597844427363475
    vertex 0.08502067777505359 0.06567501659167328 0.06242150775271534
    vertex 0.07911727118976736 0.06567667883987473 0.06241940983104366
  endloop
endfacet
facet normal -6.22944e-06 0.740474 -0.672085
  outer loop
    vertex 0.1470103345483911 0.06640733786761784 0.03856324940825262
    vertex 0.1499706385517307 0.06296839046768879 0.03477433585430315
    vertex 0.144059202373563 0.06296817132085547 0.03477414919970179
  endloop
endfacet
facet normal -7.48043e-05 0.999528 0.0307221
  outer loop
    vertex 0.1086251803797587 0.06974836258107925 0.05316262159706618
    vertex 0.1115797527222391 0.06990548472470867 0.04805791918953147
    vertex 0.1056802190317044 0.06990514890615612 0.04805448026898938
  endloop
endfacet
facet normal 7.04751e-05 0.0642354 -0.997935
  outer loop
    vertex 0.1145512756148635 0.05382367622510582 0.03036891495292325
    vertex 0.1116074946292636 0.04872631284938594 0.03004059817924494
    vertex 0.1086525798932801 0.05382047979180044 0.03036829263256901
  endloop
endfacet
facet normal -2.72606e-05 -0.995127 -0.0986051
  outer loop
    vertex 0.1145724910331209 0.03051170187602444 0.04550486527109027
    vertex 0.1175202778793156 0.03000848533399245 0.05058253013553368
    vertex 0.1116275304929167 0.03000852204795306 0.05058378873988895
  endloop
endfacet
facet normal -5.69768e-05 0.544105 -0.839017
  outer loop
    vertex 0.07031594992295516 0.05864760368321743 0.03196617204978366
    vertex 0.07326166127287138 0.06293701533064287 0.03474766790504772
    vertex 0.07621769649632665 0.05864997656521199 0.03196731008913858
  endloop
endfacet
facet normal -0.00012474 0.855563 0.517699
  outer loop
    vertex 0.1292779456624787 0.06829507773317371 0.05808023085914824
    vertex 0.1322230554362634 0.06564812667344358 0.06245536557519945
    vertex 0.1351778609383307 0.06829274980682341 0.05808549964473206
  endloop
endfacet
facet normal -0.000117852 0.697282 0.716797
  outer loop
    vertex 0.1145170506845134 0.0656590239798808 0.06244166258976341
    vertex 0.1086166216338069 0.06566241393962644 0.06243739480694391
    vertex 0.1115608953099831 0.06200261474803184 0.06599803860510184
  endloop
endfacet
facet normal -9.97711e-05 0.959098 0.283076
  outer loop
    vertex 0.1145253599278803 0.06974763331773173 0.0531671719796076
    vertex 0.1086251803797587 0.06974836258107925 0.05316262159706618
    vertex 0.1115729822013272 0.06830163209808947 0.05806537429671938
  endloop
endfacet
facet normal -8.69026e-05 0.959739 0.280895
  outer loop
    vertex 0.04960742920109566 0.06975634634911546 0.0531123590624786
    vertex 0.05258271535611203 0.06831762514436879 0.05802898555674306
    vertex 0.05551633963866262 0.06975572175770409 0.05311632120170202
  endloop
endfacet
facet normal -7.42586e-05 0.314531 -0.949247
  outer loop
    vertex 0.1027560171373848 0.05381712314522686 0.03036763970139674
    vertex 0.09685926796079382 0.05381375616890426 0.03036698535924387
    vertex 0.0998041807347827 0.05866283800809263 0.03197348514977047
  endloop
endfacet
facet normal -7.32469e-05 0.999522 0.0309227
  outer loop
    vertex 0.1174795735733259 0.06990581291595091 0.04806128595322522
    vertex 0.1115797527222391 0.06990548472470867 0.04805791918953147
    vertex 0.1145253599278803 0.06974763331773173 0.0531671719796076
  endloop
endfacet
facet normal 7.56737e-05 -0.937767 -0.347265
  outer loop
    vertex 0.1145724910331209 0.03051170187602444 0.04550486527109027
    vertex 0.1116230982092484 0.03228348100025355 0.04071964685307596
    vertex 0.1175161143237912 0.03228510282047886 0.04071655139945322
  endloop
endfacet
facet normal -9.93499e-05 0.959165 0.282847
  outer loop
    vertex 0.1086251803797587 0.06974836258107925 0.05316262159706618
    vertex 0.1027259274432978 0.06974908765789986 0.05315809067010235
    vertex 0.1056711346954107 0.06830362423034041 0.05806085231439553
  endloop
endfacet
facet normal 1.96672e-05 -0.127325 0.991861
  outer loop
    vertex 0.1058823529411763 0.05 0.07000000000000001
    vertex 0.1029381841348338 0.04494890093282944 0.06935165104619316
    vertex 0.108822302452587 0.044948021513779 0.06935142148201937
  endloop
endfacet
facet normal 0.000106945 0.959131 0.282961
  outer loop
    vertex 0.1086251803797587 0.06974836258107925 0.05316262159706618
    vertex 0.1056711346954107 0.06830362423034041 0.05806085231439553
    vertex 0.1115729822013272 0.06830163209808947 0.05806537429671938
  endloop
endfacet
facet normal 0.000110581 0.999511 0.0312601
  outer loop
    vertex 0.1233822006209594 0.06990623162505215 0.04806558988583755
    vertex 0.1204268169004 0.06974685237421713 0.05317203740691613
    vertex 0.1263282115902286 0.06974604177967775 0.05317707948204337
  endloop
endfacet
facet normal 7.40769e-05 0.740443 -0.672119
  outer loop
    vertex 0.1470103345483911 0.06640733786761784 0.03856324940825262
    vertex 0.144059202373563 0.06296817132085547 0.03477414919970179
    vertex 0.1411020704168578 0.06640538062079904 0.0385604420239805
  endloop
endfacet
facet normal 0.000106881 0.959064 0.28319
  outer loop
    vertex 0.1145253599278803 0.06974763331773173 0.0531671719796076
    vertex 0.1115729822013272 0.06830163209808947 0.05806537429671938
    vertex 0.1174742957295944 0.06829964033968851 0.05806989240560523
  endloop
endfacet
facet normal 8.84744e-05 0.314796 -0.949159
  outer loop
    vertex 0.1086525798932801 0.05382047979180044 0.03036829263256901
    vertex 0.1057008122327278 0.0586664595462329 0.0319752259671998
    vertex 0.1115985036028781 0.05867014228547789 0.03197699712174555
  endloop
endfacet
facet normal 0.00016157 0.545196 -0.838309
  outer loop
    vertex 0.1174964024375055 0.05867390513796217 0.03197880776259147
    vertex 0.1145406541386208 0.06295257218171292 0.03476087686651504
    vertex 0.1204422865465868 0.06295826153373199 0.03476571439077625
  endloop
endfacet
facet normal -3.30001e-05 0.697317 0.716763
  outer loop
    vertex 0.1115608953099831 0.06200261474803184 0.06599803860510184
    vertex 0.1086166216338069 0.06566241393962644 0.06243739480694391
    vertex 0.1056634708652933 0.06200139538718456 0.06599895336453186
  endloop
endfacet
facet normal -0.000139755 -0.995904 -0.0904179
  outer loop
    vertex 0.04670831616594667 0.03001408834824865 0.0507505567589393
    vertex 0.04080188405649662 0.03001433161253407 0.05075700667516524
    vertex 0.04374882245941278 0.03047674740863873 0.04565919267256592
  endloop
endfacet
facet normal -7.69787e-05 0.314354 -0.949306
  outer loop
    vertex 0.09685926796079382 0.05381375616890426 0.03036698535924387
    vertex 0.09096363220442874 0.05381026610801293 0.03036630772915782
    vertex 0.09390815143595171 0.05865929942433057 0.03197178507228771
  endloop
endfacet
facet normal 3.72414e-06 0.060611 -0.998161
  outer loop
    vertex 0.02890302992374762 0.04863874531663622 0.03004637913342493
    vertex 0.02593054260492142 0.05376553760049315 0.03035768021390365
    vertex 0.03186345955230652 0.05376570659181971 0.0303577126111971
  endloop
endfacet
facet normal 7.39979e-05 -0.937814 -0.347138
  outer loop
    vertex 0.1086796893299275 0.03051125772155436 0.04550679130193964
    vertex 0.1057299790570387 0.03228189513666545 0.04072267495169644
    vertex 0.1116230982092484 0.03228348100025355 0.04071964685307596
  endloop
endfacet
facet normal 8.68118e-05 0.857095 0.515159
  outer loop
    vertex 0.05846615621313757 0.06831840869594491 0.0580271976958544
    vertex 0.05551085045695277 0.06568531991594891 0.06240849463610863
    vertex 0.06141499608574211 0.06568283214475114 0.06241163872820833
  endloop
endfacet
facet normal -0.000106663 0.959029 0.283308
  outer loop
    vertex 0.1145253599278803 0.06974763331773173 0.0531671719796076
    vertex 0.1174742957295944 0.06829964033968851 0.05806989240560523
    vertex 0.1204268169004 0.06974685237421713 0.05317203740691613
  endloop
endfacet
facet normal -0.000140558 -0.986507 0.163721
  outer loop
    vertex 0.06442139697472171 0.03001325385514024 0.05072799625063135
    vertex 0.0673742199907271 0.03084862264821574 0.05576409104105452
    vertex 0.06147292702815225 0.03085049563990297 0.05577031045634677
  endloop
endfacet
facet normal -0.000107826 0.974837 -0.222921
  outer loop
    vertex 0.1263361786568795 0.06876659645154823 0.04308517117892729
    vertex 0.1292889259011479 0.06990653605707046 0.04806872523742645
    vertex 0.1322406831013712 0.06876831898846636 0.04308984787814528
  endloop
endfacet
facet normal -9.30843e-05 0.856959 0.515385
  outer loop
    vertex 0.06437113022438296 0.06831670392048093 0.05803108694321253
    vertex 0.06731581722173603 0.06568148584315217 0.0624133396695256
    vertex 0.07027355302085815 0.06831497698666911 0.05803502445408732
  endloop
endfacet
facet normal 9.93332e-05 0.999531 0.0306218
  outer loop
    vertex 0.1086251803797587 0.06974836258107925 0.05316262159706618
    vertex 0.1056802190317044 0.06990514890615612 0.04805448026898938
    vertex 0.1027259274432978 0.06974908765789986 0.05315809067010235
  endloop
endfacet
facet normal 7.33836e-05 -0.432865 -0.901459
  outer loop
    vertex 0.1322539377669228 0.04371830902519282 0.03101209968171768
    vertex 0.1293063520327896 0.03911053772603349 0.03322443409646458
    vertex 0.1263551099272447 0.04371509191227166 0.03101316428867604
  endloop
endfacet
facet normal 0.000126688 0.545418 -0.838164
  outer loop
    vertex 0.1233972985355632 0.05867748391623468 0.03198053072691961
    vertex 0.1204422865465868 0.06295826153373199 0.03476571439077625
    vertex 0.1263440180868618 0.06296271905444527 0.03476950707575353
  endloop
endfacet
facet normal -6.81624e-05 0.999508 0.031363
  outer loop
    vertex 0.1233822006209594 0.06990623162505215 0.04806558988583755
    vertex 0.1263282115902286 0.06974604177967775 0.05317707948204337
    vertex 0.1292889259011479 0.06990653605707046 0.04806872523742645
  endloop
endfacet
facet normal 9.97699e-05 0.999525 0.030823
  outer loop
    vertex 0.1145253599278803 0.06974763331773173 0.0531671719796076
    vertex 0.1115797527222391 0.06990548472470867 0.04805791918953147
    vertex 0.1086251803797587 0.06974836258107925 0.05316262159706618
  endloop
endfacet
facet normal 8.70006e-05 0.314619 -0.949218
  outer loop
    vertex 0.1027560171373848 0.05381712314522686 0.03036763970139674
    vertex 0.0998041807347827 0.05866283800809263 0.03197348514977047
    vertex 0.1057008122327278 0.0586664595462329 0.0319752259671998
  endloop
endfacet
facet normal -3.09001e-05 -0.915987 0.401207
  outer loop
    vertex 0.126363013380149 0.03080641444887939 0.05562194572117289
    vertex 0.1293093504328434 0.03285298342200545 0.06029465018706222
    vertex 0.1234183304405929 0.03285371807528432 0.06029587374428068
  endloop
endfacet
facet normal 9.41502e-05 0.739928 -0.672686
  outer loop
    vertex 0.1204422865465868 0.06295826153373199 0.03476571439077625
    vertex 0.1174873560668482 0.06639502444238048 0.03854560461945953
    vertex 0.1233873352451078 0.06639751394371422 0.03854916874346243
  endloop
endfacet
facet normal -0.000106885 0.856005 0.516968
  outer loop
    vertex 0.1115729822013272 0.06830163209808947 0.05806537429671938
    vertex 0.1145170506845134 0.0656590239798808 0.06244166258976341
    vertex 0.1174742957295944 0.06829964033968851 0.05806989240560523
  endloop
endfacet
facet normal 8.45369e-05 0.74051 -0.672046
  outer loop
    vertex 0.1529218458013288 0.06640957066429032 0.03856645327933356
    vertex 0.1499706385517307 0.06296839046768879 0.03477433585430315
    vertex 0.1470103345483911 0.06640733786761784 0.03856324940825262
  endloop
endfacet
facet normal 0.000117994 0.856072 0.516857
  outer loop
    vertex 0.1115729822013272 0.06830163209808947 0.05806537429671938
    vertex 0.1086166216338069 0.06566241393962644 0.06243739480694391
    vertex 0.1145170506845134 0.0656590239798808 0.06244166258976341
  endloop
endfacet
facet normal -0.00018995 -0.996698 -0.0811982
  outer loop
    vertex 0.1854208751374916 0.03043930659963499 0.0458311543927705
    vertex 0.1824462598059542 0.03002267858074848 0.05095217063172238
    vertex 0.1794821199464492 0.03044113753150247 0.04582257268903472
  endloop
endfacet
facet normal -8.14033e-05 -0.373853 0.927488
  outer loop
    vertex 0.1529420180298645 0.04022129764912349 0.06744640307722374
    vertex 0.1500051884974521 0.04494819606708335 0.06935146705093358
    vertex 0.1470611661823285 0.04021802140182792 0.06744456633754199
  endloop
endfacet
facet normal -2.19174e-05 -0.127344 0.991859
  outer loop
    vertex 0.1441176470588235 0.04494721561712726 0.06935121107270027
    vertex 0.1500051884974521 0.04494819606708335 0.06935146705093358
    vertex 0.1470588235294117 0.05 0.07000000000000001
  endloop
endfacet
facet normal 0.000108606 0.959199 0.282732
  outer loop
    vertex 0.1027259274432978 0.06974908765789986 0.05315809067010235
    vertex 0.09977199404047384 0.06830564539056282 0.05805626134351206
    vertex 0.1056711346954107 0.06830362423034041 0.05806085231439553
  endloop
endfacet
facet normal -4.4517e-05 0.697251 0.716827
  outer loop
    vertex 0.1145170506845134 0.0656590239798808 0.06244166258976341
    vertex 0.1115608953099831 0.06200261474803184 0.06599803860510184
    vertex 0.1174681417352809 0.06200426461206795 0.06599680065273845
  endloop
endfacet
facet normal 4.38054e-05 -0.940332 -0.34026
  outer loop
    vertex 0.02898768135557616 0.03222372069418906 0.0408346361751539
    vertex 0.03193215101592788 0.03047461576405178 0.045668791111181
    vertex 0.02601695972840825 0.03047505256479617 0.04566682245314976
  endloop
endfacet
facet normal 2.19424e-05 -0.373908 0.927466
  outer loop
    vertex 0.1470611661823285 0.04021802140182792 0.06744456633754199
    vertex 0.1500051884974521 0.04494819606708335 0.06935146705093358
    vertex 0.1441176470588235 0.04494721561712726 0.06935121107270027
  endloop
endfacet
facet normal -8.72338e-05 0.958123 0.286357
  outer loop
    vertex 0.04072238941747713 0.06827171047873683 0.05813293281548662
    vertex 0.04368277077743123 0.06973759810638794 0.05322912077673029
    vertex 0.03776539076392405 0.06973824879350016 0.05322514101488442
  endloop
endfacet
facet normal -0.00171137 0.886018 -0.463648
  outer loop
    vertex 0.04370403721731225 0.06877091880406029 0.04309691320847146
    vertex 0.04965948911145624 0.06874314714620208 0.0430218602008976
    vertex 0.04663651831166164 0.06639457061909528 0.03854495507579748
  endloop
endfacet
facet normal 8.23878e-05 -0.995744 -0.0921664
  outer loop
    vertex 0.07916141782649239 0.03048285666310582 0.04563180632673792
    vertex 0.08505636527473144 0.03048368811270527 0.04562809305704726
    vertex 0.08211232052686482 0.03001273278002279 0.05071354682903385
  endloop
endfacet
facet normal 0.000427504 0.696333 0.717718
  outer loop
    vertex 0.1351740247162913 0.061989202386617 0.06600809252012048
    vertex 0.1410693720800781 0.06197338672391065 0.06601992541679519
    vertex 0.1381242508015195 0.0656443923767604 0.06246005566448085
  endloop
endfacet
facet normal 8.49994e-05 0.314443 -0.949276
  outer loop
    vertex 0.09685926796079382 0.05381375616890426 0.03036698535924387
    vertex 0.09390815143595171 0.05865929942433057 0.03197178507228771
    vertex 0.0998041807347827 0.05866283800809263 0.03197348514977047
  endloop
endfacet
facet normal -0.000146216 -0.940323 -0.340283
  outer loop
    vertex 0.04965621079968372 0.03047821408999113 0.04565260136589949
    vertex 0.04374882245941278 0.03047674740863873 0.04565919267256592
    vertex 0.04669547875092889 0.03221859557262347 0.04084458321046638
  endloop
endfacet
facet normal 7.05171e-05 -0.43899 -0.898492
  outer loop
    vertex 0.07914812514468468 0.04358605359691076 0.0310563654084466
    vertex 0.08504643058987317 0.04358913777187667 0.0310553214465903
    vertex 0.08209809043541982 0.03899665023797706 0.03329891338820766
  endloop
endfacet
facet normal -0.000106945 0.856139 0.516745
  outer loop
    vertex 0.1056711346954107 0.06830362423034041 0.05806085231439553
    vertex 0.1086166216338069 0.06566241393962644 0.06243739480694391
    vertex 0.1115729822013272 0.06830163209808947 0.05806537429671938
  endloop
endfacet
facet normal -0.000118036 0.697221 0.716856
  outer loop
    vertex 0.1145170506845134 0.0656590239798808 0.06244166258976341
    vertex 0.1174681417352809 0.06200426461206795 0.06599680065273845
    vertex 0.1204166305142884 0.06565562306901886 0.06244594176110448
  endloop
endfacet
facet normal -0.000100748 0.959233 0.282616
  outer loop
    vertex 0.1027259274432978 0.06974908765789986 0.05315809067010235
    vertex 0.09682665219593424 0.06974982193571609 0.05315349544275994
    vertex 0.09977199404047384 0.06830564539056282 0.05805626134351206
  endloop
endfacet
facet normal -2.41663e-05 -0.987683 0.15647
  outer loop
    vertex 0.1116275304929167 0.03000852204795306 0.05058378873988895
    vertex 0.1145759947212826 0.03080681799491842 0.05562332326296582
    vertex 0.1086834579816582 0.03080713187120908 0.05562439445548068
  endloop
endfacet
facet normal -4.52113e-05 0.544078 -0.839035
  outer loop
    vertex 0.05258954626563052 0.05864161145509821 0.03196329987333837
    vertex 0.05553977432203833 0.06294129421471224 0.03475129828318963
    vertex 0.05850220435270544 0.05864349356408786 0.03196420173633638
  endloop
endfacet
facet normal 0.000129804 0.855487 0.517825
  outer loop
    vertex 0.1322230554362634 0.06564812667344358 0.06245536557519945
    vertex 0.1381242508015195 0.0656443923767604 0.06246005566448085
    vertex 0.1351778609383307 0.06829274980682341 0.05808549964473206
  endloop
endfacet
facet normal -0.000102832 0.314165 -0.949369
  outer loop
    vertex 0.09096363220442874 0.05381026610801293 0.03036630772915782
    vertex 0.08506789562065961 0.05380560391860847 0.0303654035229987
    vertex 0.08801233934060444 0.05865583352461669 0.03197012074377308
  endloop
endfacet
facet normal 3.70802e-05 -0.937688 -0.347479
  outer loop
    vertex 0.1234119280094698 0.03228607382548019 0.04071469874028517
    vertex 0.1293081757283222 0.03228686927148591 0.04071318139540943
    vertex 0.1263602919346686 0.03051270071617908 0.04550053707396175
  endloop
endfacet
facet normal 2.73372e-05 -0.432977 -0.901405
  outer loop
    vertex 0.1234086407753453 0.03910834055058451 0.03322586054553146
    vertex 0.1204580155046904 0.04371389392378727 0.03101356088155019
    vertex 0.1263551099272447 0.04371509191227166 0.03101316428867604
  endloop
endfacet
facet normal -7.6467e-05 0.739278 -0.673401
  outer loop
    vertex 0.182481968677075 0.06639323300866107 0.03854304091288857
    vertex 0.1795151868705359 0.06293148929315588 0.03474298244541238
    vertex 0.1765827599281877 0.06639524287012788 0.03854591726808641
  endloop
endfacet
facet normal 6.19803e-05 -0.986673 0.162715
  outer loop
    vertex 0.08800664725370951 0.03001257796232811 0.05070919693173898
    vertex 0.09389841316509931 0.03001247676204131 0.05070633902062764
    vertex 0.09090954409951356 0.03084364577558537 0.0557475292803736
  endloop
endfacet
facet normal 8.32434e-05 0.314267 -0.949335
  outer loop
    vertex 0.09096363220442874 0.05381026610801293 0.03036630772915782
    vertex 0.08801233934060444 0.05865583352461669 0.03197012074377308
    vertex 0.09390815143595171 0.05865929942433057 0.03197178507228771
  endloop
endfacet
facet normal 6.32657e-05 -0.190377 -0.981711
  outer loop
    vertex 0.1293016612511018 0.04873367840781044 0.03004012951882817
    vertex 0.1263551099272447 0.04371509191227166 0.03101316428867604
    vertex 0.1234030090203746 0.04873076342842941 0.03004031466867807
  endloop
endfacet
facet normal -4.7652e-05 -0.823002 -0.568038
  outer loop
    vertex 0.05260588552161033 0.03222154426996071 0.04083885859431081
    vertex 0.05555249679289354 0.03512824813498958 0.03662722928987569
    vertex 0.05850953122418266 0.0322225518495198 0.04083690351153127
  endloop
endfacet
facet normal -4.53156e-05 0.958888 0.283786
  outer loop
    vertex 0.1263282115902286 0.06974604177967775 0.05317707948204337
    vertex 0.1292779456624787 0.06829507773317371 0.05808023085914824
    vertex 0.1322372726437339 0.06974570885217869 0.05317914798727458
  endloop
endfacet
facet normal -7.77256e-05 -0.649992 -0.759941
  outer loop
    vertex 0.155889346991341 0.03516082218769548 0.03659109244364743
    vertex 0.1588578496264335 0.03905204506087662 0.03326254850190974
    vertex 0.1617917841355199 0.03516322593466106 0.03658843277860169
  endloop
endfacet
facet normal 7.02766e-05 0.0643719 -0.997926
  outer loop
    vertex 0.120449835363952 0.05382686284309272 0.0303695359000314
    vertex 0.1175053530954652 0.04872852923986163 0.03004045686629794
    vertex 0.1145512756148635 0.05382367622510582 0.03036891495292325
  endloop
endfacet
facet normal 0.000116271 0.0609403 -0.998141
  outer loop
    vertex 0.04963391053235396 0.05377377046189926 0.03035926028631059
    vertex 0.04667238751543118 0.04864631078946528 0.03004586445066382
    vertex 0.04371437726654144 0.05376850456451904 0.03035824922907331
  endloop
endfacet
facet normal -0.000103185 0.959301 0.282387
  outer loop
    vertex 0.09682665219593424 0.06974982193571609 0.05315349544275994
    vertex 0.09092787391370431 0.06975057282296188 0.05314878915853059
    vertex 0.0938730854661604 0.06830759346540896 0.05805183342508496
  endloop
endfacet
facet normal 0.000294188 -0.907456 0.420147
  outer loop
    vertex 0.1794605874983904 0.03092337303308109 0.05600685471482558
    vertex 0.1824118151169188 0.03308151421461768 0.06066606013154886
    vertex 0.1764905982857578 0.03307427172666429 0.06065456345502734
  endloop
endfacet
facet normal 0.000187466 0.69787 0.716224
  outer loop
    vertex 0.09091950657551913 0.06567202754924577 0.06242527876933479
    vertex 0.09386474914667517 0.06201088607060801 0.06599182965763689
    vertex 0.09682121908726088 0.06567740071951846 0.06241849856784798
  endloop
endfacet
facet normal -2.96178e-05 0.88792 -0.459999
  outer loop
    vertex 0.01107896946572914 0.06642587692220728 0.03858989187884277
    vertex 0.01404996478790094 0.06879498357715413 0.043162705773882
    vertex 0.01702330982055938 0.06642665710927453 0.03859101511025979
  endloop
endfacet
facet normal 0.000104736 0.959267 0.282502
  outer loop
    vertex 0.09682665219593424 0.06974982193571609 0.05315349544275994
    vertex 0.0938730854661604 0.06830759346540896 0.05805183342508496
    vertex 0.09977199404047384 0.06830564539056282 0.05805626134351206
  endloop
endfacet
facet normal 0.000103636 0.99955 0.0299853
  outer loop
    vertex 0.09092787391370431 0.06975057282296188 0.05314878915853059
    vertex 0.08797868183762478 0.06990404077558779 0.04804317583729684
    vertex 0.08502893632560488 0.06975132633143821 0.05314405918344993
  endloop
endfacet
facet normal 7.63683e-05 -0.822833 -0.568283
  outer loop
    vertex 0.08505036846317345 0.03512756242839894 0.03662799189804206
    vertex 0.09094617390333763 0.0351299210527902 0.03662536908532622
    vertex 0.08800126679431708 0.0322271790145655 0.04082793184610477
  endloop
endfacet
facet normal -4.65717e-05 -0.937704 -0.347434
  outer loop
    vertex 0.1234119280094698 0.03228607382548019 0.04071469874028517
    vertex 0.1263602919346686 0.03051270071617908 0.04550053707396175
    vertex 0.1204658174660259 0.03051221691213778 0.04550263295689234
  endloop
endfacet
facet normal 0.000118364 0.855937 0.517079
  outer loop
    vertex 0.1145170506845134 0.0656590239798808 0.06244166258976341
    vertex 0.1204166305142884 0.06565562306901886 0.06244594176110448
    vertex 0.1174742957295944 0.06829964033968851 0.05806989240560523
  endloop
endfacet
facet normal 0.000103784 0.959334 0.282272
  outer loop
    vertex 0.09092787391370431 0.06975057282296188 0.05314878915853059
    vertex 0.08797408222865732 0.06830952282779917 0.0580474451733641
    vertex 0.0938730854661604 0.06830759346540896 0.05805183342508496
  endloop
endfacet
facet normal -1.82551e-06 0.697173 0.716903
  outer loop
    vertex 0.1174681417352809 0.06200426461206795 0.06599680065273845
    vertex 0.1233922957388289 0.06200433254536833 0.06599674967423728
    vertex 0.1204166305142884 0.06565562306901886 0.06244594176110448
  endloop
endfacet
facet normal -0.000126691 0.740014 -0.672592
  outer loop
    vertex 0.1204422865465868 0.06295826153373199 0.03476571439077625
    vertex 0.1233873352451078 0.06639751394371422 0.03854916874346243
    vertex 0.1263440180868618 0.06296271905444527 0.03476950707575353
  endloop
endfacet
facet normal 5.87529e-05 -0.819121 -0.573621
  outer loop
    vertex 0.1322551505814027 0.03521738951463607 0.03652875554234099
    vertex 0.1293081757283222 0.03228686927148591 0.04071318139540943
    vertex 0.1263592060538937 0.03521556223843352 0.03653076096899431
  endloop
endfacet
facet normal -3.21534e-05 0.544023 -0.83907
  outer loop
    vertex 0.04074954351158367 0.05863854477170963 0.03196183090701364
    vertex 0.04370648999406958 0.06294212223243867 0.03475200104536282
    vertex 0.04667086736692915 0.05863988413189056 0.03196247239260587
  endloop
endfacet
facet normal -5.9619e-05 0.315383 -0.948964
  outer loop
    vertex 0.1292975134293038 0.05868069080258224 0.03198207539171162
    vertex 0.1322496801125871 0.05383262645476797 0.03037066036622188
    vertex 0.1263492293121344 0.05382992391522975 0.03037013288879542
  endloop
endfacet
facet normal -0.000104461 0.856578 0.516017
  outer loop
    vertex 0.0938730854661604 0.06830759346540896 0.05805183342508496
    vertex 0.09682121908726088 0.06567740071951846 0.06241849856784798
    vertex 0.09977199404047384 0.06830564539056282 0.05805626134351206
  endloop
endfacet
facet normal -0.000152133 0.99946 0.0328438
  outer loop
    vertex 0.1470067289179071 0.06990870901411669 0.04809125554585509
    vertex 0.1499552027582049 0.06974100658321046 0.05320821743054326
    vertex 0.1529145841049427 0.06990937841468077 0.04809825050518119
  endloop
endfacet
facet normal 0.000210999 -0.911932 0.410341
  outer loop
    vertex 0.03785623099750554 0.0308605881831121 0.05580369841597336
    vertex 0.03491534963697385 0.03295990325643326 0.06047067824784461
    vertex 0.03194739843475244 0.03086342107243921 0.05581303250887489
  endloop
endfacet
facet normal 1.56589e-05 -0.822978 -0.568073
  outer loop
    vertex 0.07620857374127789 0.03222455579222463 0.0408330166785215
    vertex 0.07325641002220032 0.0351254859616993 0.03663030171902166
    vertex 0.07915184599180339 0.03512596931810828 0.03662976397836808
  endloop
endfacet
facet normal 8.23876e-05 0.856906 0.515472
  outer loop
    vertex 0.06731581722173603 0.06568148584315217 0.0624133396695256
    vertex 0.07321857407221113 0.06567912337141446 0.06241632354217484
    vertex 0.07027355302085815 0.06831497698666911 0.05803502445408732
  endloop
endfacet
facet normal 7.94228e-05 -0.652024 -0.758198
  outer loop
    vertex 0.0879886580944149 0.03900108887855795 0.03329598987839692
    vertex 0.09388829030811865 0.03900415378020049 0.03329397216839022
    vertex 0.09094617390333763 0.0351299210527902 0.03662536908532622
  endloop
endfacet
facet normal -0.000282633 -0.777135 0.629334
  outer loop
    vertex 0.02604806829278948 0.03619118396061489 0.06446777797695349
    vertex 0.0201458820522869 0.03620061614317593 0.06447677468126183
    vertex 0.02308470177093627 0.03297428623869743 0.06049404930987997
  endloop
endfacet
facet normal -3.78002e-05 -0.190521 -0.981683
  outer loop
    vertex 0.1204580155046904 0.04371389392378727 0.03101356088155019
    vertex 0.114565845497366 0.04371223854563909 0.03101410903083416
    vertex 0.1175053530954652 0.04872852923986163 0.03004045686629794
  endloop
endfacet
facet normal -9.61061e-05 0.856745 0.515741
  outer loop
    vertex 0.07617426695983313 0.06831317381360268 0.05803913334090045
    vertex 0.07911727118976736 0.06567667883987473 0.06241940983104366
    vertex 0.08207477174849355 0.0683113892133803 0.05804319744107403
  endloop
endfacet
facet normal 7.96373e-05 -0.939936 -0.34135
  outer loop
    vertex 0.0821062365369967 0.03222549241039614 0.04083120073580435
    vertex 0.08800126679431708 0.0322271790145655 0.04082793184610477
    vertex 0.08505636527473144 0.03048368811270527 0.04562809305704726
  endloop
endfacet
facet normal 8.31071e-05 0.314063 -0.949402
  outer loop
    vertex 0.08506789562065961 0.05380560391860847 0.0303654035229987
    vertex 0.08211682217530752 0.05865237376533805 0.03196846018153497
    vertex 0.08801233934060444 0.05865583352461669 0.03197012074377308
  endloop
endfacet
facet normal -0.000193709 0.696538 0.71752
  outer loop
    vertex 0.1322230554362634 0.06564812667344358 0.06245536557519945
    vertex 0.1292680572580076 0.06198202545843503 0.06601346514385362
    vertex 0.1351740247162913 0.061989202386617 0.06600809252012048
  endloop
endfacet
facet normal -9.41714e-05 0.886273 -0.463163
  outer loop
    vertex 0.1174873560668482 0.06639502444238048 0.03854560461945953
    vertex 0.1204295341348638 0.06876396407149532 0.0430780311815472
    vertex 0.1233873352451078 0.06639751394371422 0.03854916874346243
  endloop
endfacet
facet normal 9.41586e-05 -0.432705 -0.901536
  outer loop
    vertex 0.1440431430944845 0.04372411952485206 0.031010178403638
    vertex 0.141110424654277 0.03911176933931639 0.03322363468805745
    vertex 0.1381569634894317 0.04372000344298071 0.03101153920814471
  endloop
endfacet
facet normal -7.0375e-05 0.0636511 -0.997972
  outer loop
    vertex 0.09096363220442874 0.05381026610801293 0.03036630772915782
    vertex 0.09391730575841348 0.04871657704590648 0.03004122184298583
    vertex 0.08801868832521154 0.04871333157081026 0.03004143080395475
  endloop
endfacet
facet normal 9.36443e-05 0.885558 -0.464528
  outer loop
    vertex 0.07621493589106637 0.06637950182605888 0.03852341863052704
    vertex 0.07915668709147894 0.0687534670697313 0.04304964224917136
    vertex 0.08210204610049554 0.06637702665838444 0.03851988685462701
  endloop
endfacet
facet normal 0.000124824 0.95886 0.28388
  outer loop
    vertex 0.1292779456624787 0.06829507773317371 0.05808023085914824
    vertex 0.1351778609383307 0.06829274980682341 0.05808549964473206
    vertex 0.1322372726437339 0.06974570885217869 0.05317914798727458
  endloop
endfacet
facet normal -8.24765e-05 -0.9401 -0.340899
  outer loop
    vertex 0.06146791604328983 0.03048055983496226 0.04564208127158026
    vertex 0.06441171391807332 0.03222322988943128 0.04083558815657052
    vertex 0.06736801695215758 0.03048139006381452 0.04563836427941979
  endloop
endfacet
facet normal -1.74046e-05 0.740549 -0.672002
  outer loop
    vertex 0.1558823010317995 0.06296900235771034 0.03477485705007327
    vertex 0.1499706385517307 0.06296839046768879 0.03477433585430315
    vertex 0.1529218458013288 0.06640957066429032 0.03856645327933356
  endloop
endfacet
facet normal -0.000103783 0.856529 0.516099
  outer loop
    vertex 0.08797408222865732 0.06830952282779917 0.0580474451733641
    vertex 0.09091950657551913 0.06567202754924577 0.06242527876933479
    vertex 0.0938730854661604 0.06830759346540896 0.05805183342508496
  endloop
endfacet
facet normal -0.000103737 0.999583 0.0288819
  outer loop
    vertex 0.07028287951823382 0.06990178792139376 0.0480203946019811
    vertex 0.06437624241790255 0.0699013127796704 0.04801562361288796
    vertex 0.06732687874410108 0.06975390817255932 0.05312779665421111
  endloop
endfacet
facet normal 0.000530854 0.854304 0.519773
  outer loop
    vertex 0.1558546478937258 0.06562128159210222 0.06248901763231394
    vertex 0.1617630911159444 0.06560598050674241 0.06250813225158641
    vertex 0.1588137104242934 0.06827701766094389 0.0581209990408536
  endloop
endfacet
facet normal -7.0506e-05 -0.197017 -0.9804
  outer loop
    vertex 0.07914812514468468 0.04358605359691076 0.0310563654084466
    vertex 0.08209472976047345 0.04859627222220937 0.03004932210861348
    vertex 0.08504643058987317 0.04358913777187667 0.0310553214465903
  endloop
endfacet
facet normal 0.000164013 -0.438626 -0.89867
  outer loop
    vertex 0.03187490687044717 0.04360652802345918 0.03104944549399182
    vertex 0.02893504248499553 0.03899664505785422 0.03329891680108275
    vertex 0.0259439761948386 0.04359933555296691 0.0310518735850616
  endloop
endfacet
facet normal -8.49983e-05 0.544576 -0.838712
  outer loop
    vertex 0.09390815143595171 0.05865929942433057 0.03197178507228771
    vertex 0.09685274449875449 0.06294374754714055 0.03475338072109449
    vertex 0.0998041807347827 0.05866283800809263 0.03197348514977047
  endloop
endfacet
facet normal 5.67228e-05 0.544338 -0.838866
  outer loop
    vertex 0.08801233934060444 0.05865583352461669 0.03197012074377308
    vertex 0.08505595423776761 0.06293851496021638 0.03474894001637076
    vertex 0.09095686988073758 0.06294051417206298 0.03475063630958206
  endloop
endfacet
facet normal -0.000186968 0.856554 0.516058
  outer loop
    vertex 0.0938730854661604 0.06830759346540896 0.05805183342508496
    vertex 0.09091950657551913 0.06567202754924577 0.06242527876933479
    vertex 0.09682121908726088 0.06567740071951846 0.06241849856784798
  endloop
endfacet
facet normal 7.40245e-05 0.0640816 -0.997945
  outer loop
    vertex 0.1086525798932801 0.05382047979180044 0.03036829263256901
    vertex 0.1057105469767021 0.04872349155011994 0.03004077841754883
    vertex 0.1027560171373848 0.05381712314522686 0.03036763970139674
  endloop
endfacet
facet normal -4.37551e-05 -0.995109 -0.0987878
  outer loop
    vertex 0.1263602919346686 0.03051270071617908 0.04550053707396175
    vertex 0.1293087650570333 0.03000839001245545 0.05057924960587717
    vertex 0.1234146576916899 0.03000844864380677 0.05058126962133634
  endloop
endfacet
facet normal -8.59734e-05 0.545315 -0.838231
  outer loop
    vertex 0.1174964024375055 0.05867390513796217 0.03197880776259147
    vertex 0.1204422865465868 0.06295826153373199 0.03476571439077625
    vertex 0.1233972985355632 0.05867748391623468 0.03198053072691961
  endloop
endfacet
facet normal 0.000123809 0.855804 0.517301
  outer loop
    vertex 0.1263159812072374 0.06565206515068663 0.06245041591749695
    vertex 0.1233759533247674 0.06829772380698729 0.0580742370217384
    vertex 0.1204166305142884 0.06565562306901886 0.06244594176110448
  endloop
endfacet
facet normal -8.57354e-05 -0.819472 -0.573119
  outer loop
    vertex 0.1057299790570387 0.03228189513666545 0.04072267495169644
    vertex 0.09983670872467335 0.03228006016603931 0.04072618027559231
    vertex 0.1028169399874825 0.03520850500459836 0.03653851138242846
  endloop
endfacet
facet normal -8.84701e-05 0.544933 -0.83848
  outer loop
    vertex 0.1057008122327278 0.0586664595462329 0.0319752259671998
    vertex 0.1086459646881025 0.06295061633338694 0.03475921469918918
    vertex 0.1115985036028781 0.05867014228547789 0.03197699712174555
  endloop
endfacet
facet normal -0.000103697 0.959368 0.282157
  outer loop
    vertex 0.09092787391370431 0.06975057282296188 0.05314878915853059
    vertex 0.08502893632560488 0.06975132633143821 0.05314405918344993
    vertex 0.08797408222865732 0.06830952282779917 0.0580474451733641
  endloop
endfacet
facet normal -4.39217e-05 0.544061 -0.839045
  outer loop
    vertex 0.05850220435270544 0.05864349356408786 0.03196420173633638
    vertex 0.06145444253503307 0.06293913205339147 0.0347494635600941
    vertex 0.064412978742516 0.0586453230493701 0.03196507861475327
  endloop
endfacet
facet normal -5.87588e-05 -0.647122 -0.762386
  outer loop
    vertex 0.1293063520327896 0.03911053772603349 0.03322443409646458
    vertex 0.1322551505814027 0.03521738951463607 0.03652875554234099
    vertex 0.1263592060538937 0.03521556223843352 0.03653076096899431
  endloop
endfacet
facet normal 0.000100446 0.959401 0.282044
  outer loop
    vertex 0.08502893632560488 0.06975132633143821 0.05314405918344993
    vertex 0.08207477174849355 0.0683113892133803 0.05804319744107403
    vertex 0.08797408222865732 0.06830952282779917 0.0580474451733641
  endloop
endfacet
facet normal -9.86879e-05 -0.433042 -0.901374
  outer loop
    vertex 0.1175151987692752 0.03910452361863154 0.03322833954484405
    vertex 0.1204580155046904 0.04371389392378727 0.03101356088155019
    vertex 0.1234086407753453 0.03910834055058451 0.03322586054553146
  endloop
endfacet
facet normal 4.53122e-05 0.999506 0.0314287
  outer loop
    vertex 0.1263282115902286 0.06974604177967775 0.05317707948204337
    vertex 0.1322372726437339 0.06974570885217869 0.05317914798727458
    vertex 0.1292889259011479 0.06990653605707046 0.04806872523742645
  endloop
endfacet
facet normal 0 -0.127351 0.991858
  outer loop
    vertex 0.09411764705882336 0.05 0.07000000000000001
    vertex 0.09705835636920805 0.04494743424605402 0.06935126815746329
    vertex 0.09999999999999984 0.05 0.07000000000000001
  endloop
endfacet
facet normal 0.000522339 0.692835 0.721096
  outer loop
    vertex 0.1824482255578758 0.06190684095949014 0.06606944735718712
    vertex 0.1883662112080928 0.06188742455792047 0.06608381600801717
    vertex 0.1854153738138787 0.06558844562892582 0.06252997856638325
  endloop
endfacet
facet normal -3.77083e-05 -0.373819 0.927502
  outer loop
    vertex 0.07941176470588222 0.04494721561695915 0.06935121107265638
    vertex 0.07352641942895151 0.04494890093282836 0.06935165104619287
    vertex 0.07646823501779482 0.04022105552502185 0.06744626736454805
  endloop
endfacet
facet normal 0.000102774 0.0616247 -0.998099
  outer loop
    vertex 0.06146389265383566 0.05378443372718155 0.0303613121272176
    vertex 0.05849618494889711 0.04866253920764162 0.03004477014342095
    vertex 0.05555233111714559 0.05377978133059889 0.03036041616803309
  endloop
endfacet
facet normal -8.21776e-05 0.698505 0.715605
  outer loop
    vertex 0.0702592986491041 0.06203203828407158 0.06597592109177546
    vertex 0.07321857407221113 0.06567912337141446 0.06241632354217484
    vertex 0.06731581722173603 0.06568148584315217 0.0624133396695256
  endloop
endfacet
facet normal 2.72597e-05 -0.987687 0.15644
  outer loop
    vertex 0.1116275304929167 0.03000852204795306 0.05058378873988895
    vertex 0.1175202778793156 0.03000848533399245 0.05058253013553368
    vertex 0.1145759947212826 0.03080681799491842 0.05562332326296582
  endloop
endfacet
facet normal 5.79161e-05 0.856699 0.515817
  outer loop
    vertex 0.07911727118976736 0.06567667883987473 0.06241940983104366
    vertex 0.08502067777505359 0.06567501659167328 0.06242150775271534
    vertex 0.08207477174849355 0.0683113892133803 0.05804319744107403
  endloop
endfacet
facet normal 0 -0.127336 0.99186
  outer loop
    vertex 0.1058823529411763 0.05 0.07000000000000001
    vertex 0.108822302452587 0.044948021513779 0.06935142148201937
    vertex 0.1117647058823528 0.05 0.07000000000000001
  endloop
endfacet
facet normal -0.000184103 -0.823269 -0.567651
  outer loop
    vertex 0.04669547875092889 0.03221859557262347 0.04084458321046638
    vertex 0.04079440643463689 0.03221471253644208 0.04085212867172865
    vertex 0.04373247131504542 0.03512356718195635 0.03663243677365864
  endloop
endfacet
facet normal -0.000100443 0.856652 0.515895
  outer loop
    vertex 0.08207477174849355 0.0683113892133803 0.05804319744107403
    vertex 0.08502067777505359 0.06567501659167328 0.06242150775271534
    vertex 0.08797408222865732 0.06830952282779917 0.0580474451733641
  endloop
endfacet
facet normal -7.2539e-05 -0.940062 -0.341004
  outer loop
    vertex 0.06736801695215758 0.03048139006381452 0.04563836427941979
    vertex 0.07031422122833225 0.03222364470505502 0.04083478355804504
    vertex 0.07326522153360009 0.03048212086489514 0.04563509518231632
  endloop
endfacet
facet normal 1.91426e-05 -0.987704 0.156332
  outer loop
    vertex 0.1352047877351642 0.03000836443054923 0.05057836602447815
    vertex 0.1322581368937199 0.03080681394414645 0.05562330943710096
    vertex 0.1293087650570333 0.03000839001245545 0.05057924960587717
  endloop
endfacet
facet normal 3.3029e-05 0.492964 0.87005
  outer loop
    vertex 0.1115608953099831 0.06200261474803184 0.06599803860510184
    vertex 0.1056634708652933 0.06200139538718456 0.06599895336453186
    vertex 0.1086092460309879 0.0575548863333056 0.06851819895375444
  endloop
endfacet
facet normal 5.2503e-05 0.999451 0.0331441
  outer loop
    vertex 0.02889199855482327 0.06990901385603257 0.04809443780466145
    vertex 0.02592893807886032 0.06973922081109751 0.05321918650760325
    vertex 0.03185112456994674 0.06973883033802591 0.05322157987432063
  endloop
endfacet
facet normal 0 -0.127345 0.991858
  outer loop
    vertex 0.1117647058823528 0.05 0.07000000000000001
    vertex 0.1147050758249924 0.04494766953322991 0.06935132958880466
    vertex 0.1176470588235293 0.05 0.07000000000000001
  endloop
endfacet
facet normal 4.29728e-05 0.975019 -0.22212
  outer loop
    vertex 0.03185571629932236 0.06876954229766553 0.043093171354656
    vertex 0.02889199855482327 0.06990901385603257 0.04809443780466145
    vertex 0.03481612477729197 0.06990920286986854 0.04809641362517524
  endloop
endfacet
facet normal 0.000104182 0.856591 0.515997
  outer loop
    vertex 0.08797408222865732 0.06830952282779917 0.0580474451733641
    vertex 0.08502067777505359 0.06567501659167328 0.06242150775271534
    vertex 0.09091950657551913 0.06567202754924577 0.06242527876933479
  endloop
endfacet
facet normal 0.000602045 0.85635 0.516396
  outer loop
    vertex 0.1056711346954107 0.06830362423034041 0.05806085231439553
    vertex 0.1027632979598897 0.06567959317335875 0.06241573026116312
    vertex 0.1086166216338069 0.06566241393962644 0.06243739480694391
  endloop
endfacet
facet normal -3.35161e-05 -0.195009 -0.980801
  outer loop
    vertex 0.04667238751543118 0.04864631078946528 0.03004586445066382
    vertex 0.05258070985027765 0.04864476895059183 0.03004596910890634
    vertex 0.0496376330248534 0.04361839343582841 0.03104544651910465
  endloop
endfacet
facet normal 7.62412e-05 -0.780227 0.625496
  outer loop
    vertex 0.1441823139532868 0.03611582534380446 0.06439547477911921
    vertex 0.1411641213709479 0.03293018265237926 0.06042215600146467
    vertex 0.1470595396157589 0.03292834384864553 0.06041914373880699
  endloop
endfacet
facet normal 6.38461e-05 -0.987657 0.156632
  outer loop
    vertex 0.1027933659163515 0.03080766628474399 0.055626217784822
    vertex 0.09984547264322677 0.03000868548298067 0.05058935887336328
    vertex 0.105736433879089 0.03000859879432762 0.05058641097691003
  endloop
endfacet
facet normal 0 -0.127351 0.991858
  outer loop
    vertex 0.1176470588235293 0.05 0.07000000000000001
    vertex 0.1205877681783948 0.04494743403875916 0.06935126810333914
    vertex 0.1235294117647058 0.05 0.07000000000000001
  endloop
endfacet
facet normal -0.000293435 -0.771002 0.636833
  outer loop
    vertex 0.1824118151169188 0.03308151421461768 0.06066606013154886
    vertex 0.1789154181397363 0.03633611171979229 0.0646047306399674
    vertex 0.1764905982857578 0.03307427172666429 0.06065456345502734
  endloop
endfacet
facet normal -7.9649e-05 -0.822884 -0.568209
  outer loop
    vertex 0.0821062365369967 0.03222549241039614 0.04083120073580435
    vertex 0.08505036846317345 0.03512756242839894 0.03662799189804206
    vertex 0.08800126679431708 0.0322271790145655 0.04082793184610477
  endloop
endfacet
facet normal 2.41565e-05 -0.915958 0.401273
  outer loop
    vertex 0.1086834579816582 0.03080713187120908 0.05562439445548068
    vertex 0.1145759947212826 0.03080681799491842 0.05562332326296582
    vertex 0.1116329234143103 0.03285381274097618 0.06029603139459516
  endloop
endfacet
facet normal 5.97776e-05 0.97466 -0.223691
  outer loop
    vertex 0.1027336094334414 0.06876194017196617 0.04307254729474375
    vertex 0.09978219131686707 0.0699048802528518 0.0480517335604106
    vertex 0.1056802190317044 0.06990514890615612 0.04805448026898938
  endloop
endfacet
facet normal -7.40034e-05 -0.819435 -0.573172
  outer loop
    vertex 0.1057299790570387 0.03228189513666545 0.04072267495169644
    vertex 0.108673216147342 0.03520778592703638 0.03653930154785358
    vertex 0.1116230982092484 0.03228348100025355 0.04071964685307596
  endloop
endfacet
facet normal 0 -0.127357 0.991857
  outer loop
    vertex 0.08823529411764691 0.05 0.07000000000000001
    vertex 0.09117647058823514 0.04494721561695915 0.06935121107265638
    vertex 0.09411764705882336 0.05 0.07000000000000001
  endloop
endfacet
facet normal 9.63805e-05 0.88623 -0.463246
  outer loop
    vertex 0.1086310234683404 0.06876348124283334 0.04307672247776811
    vertex 0.1056909546729463 0.06639617051244781 0.03854724519922228
    vertex 0.1027336094334414 0.06876194017196617 0.04307254729474375
  endloop
endfacet
facet normal 4.98054e-05 -0.43792 -0.899014
  outer loop
    vertex 0.04372254537305672 0.0436162141525715 0.03104618037824113
    vertex 0.0496376330248534 0.04361839343582841 0.03104544651910465
    vertex 0.04668729664601379 0.03901022633347052 0.03328997681753688
  endloop
endfacet
facet normal -5.7556e-05 0.544152 -0.838986
  outer loop
    vertex 0.07621769649632665 0.05864997656521199 0.03196731008913858
    vertex 0.07916177046780121 0.06293671558136046 0.03474741366302143
    vertex 0.08211682217530752 0.05865237376533805 0.03196846018153497
  endloop
endfacet
facet normal 4.69865e-05 0.857 0.515316
  outer loop
    vertex 0.06141499608574211 0.06568283214475114 0.06241163872820833
    vertex 0.06731581722173603 0.06568148584315217 0.0624133396695256
    vertex 0.06437113022438296 0.06831670392048093 0.05803108694321253
  endloop
endfacet
facet normal -0.000528659 0.694579 0.719416
  outer loop
    vertex 0.1588020803816747 0.06194247837463562 0.06604298009321712
    vertex 0.1617630911159444 0.06560598050674241 0.06250813225158641
    vertex 0.1558546478937258 0.06562128159210222 0.06248901763231394
  endloop
endfacet
facet normal 0.000166362 0.741022 -0.671481
  outer loop
    vertex 0.01405344873566149 0.06297025615180063 0.03477592513954697
    vertex 0.01702330982055938 0.06642665710927453 0.03859101511025979
    vertex 0.01991735473746937 0.06296448948909196 0.0347710140755458
  endloop
endfacet
facet normal -8.32419e-05 0.544405 -0.838822
  outer loop
    vertex 0.08801233934060444 0.05865583352461669 0.03197012074377308
    vertex 0.09095686988073758 0.06294051417206298 0.03475063630958206
    vertex 0.09390815143595171 0.05865929942433057 0.03197178507228771
  endloop
endfacet
facet normal 7.56125e-05 -0.647725 -0.761874
  outer loop
    vertex 0.1028169399874825 0.03520850500459836 0.03653851138242846
    vertex 0.09982928520158638 0.03909246327231737 0.0332361805505352
    vertex 0.1057237382905308 0.03909539357077108 0.03323427428878729
  endloop
endfacet
facet normal 9.71516e-05 0.95954 0.281573
  outer loop
    vertex 0.07322902809099906 0.06975299647748207 0.05313354913166865
    vertex 0.07027355302085815 0.06831497698666911 0.05803502445408732
    vertex 0.07617426695983313 0.06831317381360268 0.05803913334090045
  endloop
endfacet
facet normal -6.32381e-05 0.0645824 -0.997912
  outer loop
    vertex 0.1263492293121344 0.05382992391522975 0.03037013288879542
    vertex 0.1293016612511018 0.04873367840781044 0.03004012951882817
    vertex 0.1234030090203746 0.04873076342842941 0.03004031466867807
  endloop
endfacet
facet normal 0.000180085 0.853437 0.521195
  outer loop
    vertex 0.1794933072270897 0.0655936543818596 0.06252349563896242
    vertex 0.1854153738138787 0.06558844562892582 0.06252997856638325
    vertex 0.1824652868536147 0.06826458760772217 0.05814891646293188
  endloop
endfacet
facet normal -3.77071e-05 -0.373815 0.927503
  outer loop
    vertex 0.1264675958995397 0.04494890093282944 0.06935165104619316
    vertex 0.1294087725476862 0.04022120794030946 0.0674463527951642
    vertex 0.1323529411764705 0.04494721561702628 0.06935121107267389
  endloop
endfacet
facet normal 9.18236e-05 0.54449 -0.838767
  outer loop
    vertex 0.09390815143595171 0.05865929942433057 0.03197178507228771
    vertex 0.09095686988073758 0.06294051417206298 0.03475063630958206
    vertex 0.09685274449875449 0.06294374754714055 0.03475338072109449
  endloop
endfacet
facet normal -0.000118437 0.696108 0.717937
  outer loop
    vertex 0.1410693720800781 0.06197338672391065 0.06601992541679519
    vertex 0.1440248727527512 0.06564098425690887 0.062464333575251
    vertex 0.1381242508015195 0.0656443923767604 0.06246005566448085
  endloop
endfacet
facet normal -8.23862e-05 -0.939968 -0.341262
  outer loop
    vertex 0.07916141782649239 0.03048285666310582 0.04563180632673792
    vertex 0.0821062365369967 0.03222549241039614 0.04083120073580435
    vertex 0.08505636527473144 0.03048368811270527 0.04562809305704726
  endloop
endfacet
facet normal 9.6089e-05 0.959471 0.281808
  outer loop
    vertex 0.0791295836921224 0.06975215830485389 0.05313882817305943
    vertex 0.07617426695983313 0.06831317381360268 0.05803913334090045
    vertex 0.08207477174849355 0.0683113892133803 0.05804319744107403
  endloop
endfacet
facet normal 0.000152179 0.975083 -0.221842
  outer loop
    vertex 0.149963249818072 0.06877370752880668 0.04310450106063185
    vertex 0.1470067289179071 0.06990870901411669 0.04809125554585509
    vertex 0.1529145841049427 0.06990937841468077 0.04809825050518119
  endloop
endfacet
facet normal -0.000110536 0.95896 0.283542
  outer loop
    vertex 0.1204268169004 0.06974685237421713 0.05317203740691613
    vertex 0.1233759533247674 0.06829772380698729 0.0580742370217384
    vertex 0.1263282115902286 0.06974604177967775 0.05317707948204337
  endloop
endfacet
facet normal 3.76855e-05 -0.127335 0.99186
  outer loop
    vertex 0.1294117647058822 0.05 0.07000000000000001
    vertex 0.1264675958995397 0.04494890093282944 0.06935165104619316
    vertex 0.1323529411764705 0.04494721561702628 0.06935121107267389
  endloop
endfacet
facet normal -2.32856e-05 -0.819452 -0.573149
  outer loop
    vertex 0.1057299790570387 0.03228189513666545 0.04072267495169644
    vertex 0.1028169399874825 0.03520850500459836 0.03653851138242846
    vertex 0.108673216147342 0.03520778592703638 0.03653930154785358
  endloop
endfacet
facet normal -0.000114256 0.855414 0.517945
  outer loop
    vertex 0.1381242508015195 0.0656443923767604 0.06246005566448085
    vertex 0.1410802610963531 0.06829061549395637 0.05809032662209895
    vertex 0.1351778609383307 0.06829274980682341 0.05808549964473206
  endloop
endfacet
facet normal -0.000215582 -0.911552 0.411184
  outer loop
    vertex 0.02899419027270802 0.03296906648842396 0.06048557598438332
    vertex 0.02308470177093627 0.03297428623869743 0.06049404930987997
    vertex 0.02603224249981896 0.03086621510435805 0.0558222225625017
  endloop
endfacet
facet normal 0 -0.127352 0.991858
  outer loop
    vertex 0.08235294117647045 0.05 0.07000000000000001
    vertex 0.0852941629563059 0.04494741470332456 0.06935126305489694
    vertex 0.08823529411764691 0.05 0.07000000000000001
  endloop
endfacet
facet normal 5.76592e-05 0.974646 -0.223751
  outer loop
    vertex 0.0968380546483996 0.06876203945713515 0.04307281619928387
    vertex 0.09388583260918849 0.06990462068307965 0.0480490834300981
    vertex 0.09978219131686707 0.0699048802528518 0.0480517335604106
  endloop
endfacet
facet normal 3.07711e-05 -0.987706 0.156326
  outer loop
    vertex 0.1293087650570333 0.03000839001245545 0.05057924960587717
    vertex 0.1322581368937199 0.03080681394414645 0.05562330943710096
    vertex 0.126363013380149 0.03080641444887939 0.05562194572117289
  endloop
endfacet
facet normal -7.24789e-05 -0.439082 -0.898447
  outer loop
    vertex 0.0703135960444437 0.03898975643864082 0.03330345734232537
    vertex 0.067353153410009 0.04359314324667211 0.03105396646940746
    vertex 0.07326176018130928 0.04358997516061908 0.03105503809561709
  endloop
endfacet
facet normal -7.33935e-05 -0.1903 -0.981726
  outer loop
    vertex 0.1293016612511018 0.04873367840781044 0.03004012951882817
    vertex 0.1322539377669228 0.04371830902519282 0.03101209968171768
    vertex 0.1263551099272447 0.04371509191227166 0.03101316428867604
  endloop
endfacet
facet normal -5.84903e-05 -0.652161 -0.758081
  outer loop
    vertex 0.04373247131504542 0.03512356718195635 0.03663243677365864
    vertex 0.03782003136062523 0.0351217623083492 0.0366344456459621
    vertex 0.04076824270747432 0.03900568176444213 0.03329296655491228
  endloop
endfacet
facet normal 9.0791e-06 0.313227 -0.949678
  outer loop
    vertex 0.02296934979942068 0.0586589404547186 0.03197161265665624
    vertex 0.02593054260492142 0.05376553760049315 0.03035768021390365
    vertex 0.01999408434928862 0.05376594853820563 0.03035775899731432
  endloop
endfacet
facet normal -4.1468e-05 0.544044 -0.839057
  outer loop
    vertex 0.04667086736692915 0.05863988413189056 0.03196247239260587
    vertex 0.04962337339202393 0.06294158198448921 0.03475154251280661
    vertex 0.05258954626563052 0.05864161145509821 0.03196329987333837
  endloop
endfacet
facet normal -6.81728e-05 0.545665 -0.838004
  outer loop
    vertex 0.1322458558430464 0.06296553983619754 0.0347719083022207
    vertex 0.1351988125198412 0.05868352696793293 0.0319834420768788
    vertex 0.1292975134293038 0.05868069080258224 0.03198207539171162
  endloop
endfacet
facet normal -0.000114678 0.959436 0.281925
  outer loop
    vertex 0.08502893632560488 0.06975132633143821 0.05314405918344993
    vertex 0.0791295836921224 0.06975215830485389 0.05313882817305943
    vertex 0.08207477174849355 0.0683113892133803 0.05804319744107403
  endloop
endfacet
facet normal -4.89243e-06 -0.127354 0.991857
  outer loop
    vertex 0.09411764705882336 0.05 0.07000000000000001
    vertex 0.09117647058823514 0.04494721561695915 0.06935121107265638
    vertex 0.09705835636920805 0.04494743424605402 0.06935126815746329
  endloop
endfacet
facet normal -6.43932e-05 -0.43906 -0.898458
  outer loop
    vertex 0.07620551738799991 0.03899416983159507 0.03330054784418879
    vertex 0.07914812514468468 0.04358605359691076 0.0310563654084466
    vertex 0.08209809043541982 0.03899665023797706 0.03329891338820766
  endloop
endfacet
facet normal 0.000100702 0.999537 0.0304373
  outer loop
    vertex 0.1027259274432978 0.06974908765789986 0.05315809067010235
    vertex 0.09978219131686707 0.0699048802528518 0.0480517335604106
    vertex 0.09682665219593424 0.06974982193571609 0.05315349544275994
  endloop
endfacet
facet normal 7.87447e-06 -0.127341 0.991859
  outer loop
    vertex 0.108822302452587 0.044948021513779 0.06935142148201937
    vertex 0.1147050758249924 0.04494766953322991 0.06935132958880466
    vertex 0.1117647058823528 0.05 0.07000000000000001
  endloop
endfacet
facet normal -5.6401e-05 -0.995136 -0.0985074
  outer loop
    vertex 0.105736433879089 0.03000859879432762 0.05058641097691003
    vertex 0.1028211651026966 0.03051183945958648 0.04550426883020467
    vertex 0.1086796893299275 0.03051125772155436 0.04550679130193964
  endloop
endfacet
facet normal -5.47779e-05 0.544058 -0.839048
  outer loop
    vertex 0.064412978742516 0.0586453230493701 0.03196507861475327
    vertex 0.06736145933563564 0.06293726684069996 0.0347478812392335
    vertex 0.07031594992295516 0.05864760368321743 0.03196617204978366
  endloop
endfacet
facet normal 3.76855e-05 -0.127335 0.99186
  outer loop
    vertex 0.076470588235294 0.05 0.07000000000000001
    vertex 0.07352641942895151 0.04494890093282836 0.06935165104619287
    vertex 0.07941176470588222 0.04494721561695915 0.06935121107265638
  endloop
endfacet
facet normal -6.58367e-05 0.0634107 -0.997988
  outer loop
    vertex 0.1647684581657264 0.0486980352408397 0.03004242279819756
    vertex 0.1677153017961126 0.05381596424320757 0.03036741441137818
    vertex 0.1706893150005585 0.04870107019909897 0.03004222503954083
  endloop
endfacet
facet normal -6.20841e-05 -0.373822 0.927501
  outer loop
    vertex 0.1029381841348338 0.04494890093282944 0.06935165104619316
    vertex 0.0999951381690474 0.040218931302217 0.06744507652976191
    vertex 0.1058770616201925 0.04022143044087001 0.06744647750628351
  endloop
endfacet
facet normal -3.66675e-05 0.974378 -0.224916
  outer loop
    vertex 0.07915668709147894 0.0687534670697313 0.04304964224917136
    vertex 0.07326024807984223 0.06875287888942594 0.04304805542610393
    vertex 0.07618780378407937 0.06990256533515561 0.04802822590546933
  endloop
endfacet
facet normal 5.26886e-06 -0.127348 0.991858
  outer loop
    vertex 0.1176470588235293 0.05 0.07000000000000001
    vertex 0.1147050758249924 0.04494766953322991 0.06935132958880466
    vertex 0.1205877681783948 0.04494743403875916 0.06935126810333914
  endloop
endfacet
facet normal -1.02617e-06 -0.432656 -0.901559
  outer loop
    vertex 0.1440431430944845 0.04372411952485206 0.031010178403638
    vertex 0.147015421369376 0.03911180908035069 0.03322360889531761
    vertex 0.141110424654277 0.03911176933931639 0.03322363468805745
  endloop
endfacet
facet normal -0.000123311 0.697122 0.716953
  outer loop
    vertex 0.1233922957388289 0.06200433254536833 0.06599674967423728
    vertex 0.1263159812072374 0.06565206515068663 0.06245041591749695
    vertex 0.1204166305142884 0.06565562306901886 0.06244594176110448
  endloop
endfacet
facet normal -9.61746e-05 -0.596295 0.802766
  outer loop
    vertex 0.1500381268032849 0.03612049228686773 0.06439997450140457
    vertex 0.1559066508646818 0.03612367587951733 0.0644030423488689
    vertex 0.1529420180298645 0.04022129764912349 0.06744640307722374
  endloop
endfacet
facet normal 0 -0.127357 0.991857
  outer loop
    vertex 0.076470588235294 0.05 0.07000000000000001
    vertex 0.07941176470588222 0.04494721561695915 0.06935121107265638
    vertex 0.08235294117647045 0.05 0.07000000000000001
  endloop
endfacet
facet normal -1.06101e-06 0.313381 -0.949628
  outer loop
    vertex 0.01405783218519313 0.05376590057319968 0.03035774980118687
    vertex 0.01679322978443957 0.05866462709245481 0.03197434502303181
    vertex 0.01999408434928862 0.05376594853820563 0.03035775899731432
  endloop
endfacet
facet normal 9.1928e-05 0.959683 0.281085
  outer loop
    vertex 0.06142310328873626 0.06975482039577674 0.05312202996952359
    vertex 0.05846615621313757 0.06831840869594491 0.0580271976958544
    vertex 0.06437113022438296 0.06831670392048093 0.05803108694321253
  endloop
endfacet
facet normal 9.35074e-05 -0.192461 -0.981305
  outer loop
    vertex 0.161815263021316 0.0436690717971603 0.03102845952247186
    vertex 0.1647684581657264 0.0486980352408397 0.03004242279819756
    vertex 0.1676985501556462 0.04366500049426471 0.03102981862863896
  endloop
endfacet
facet normal -0.00141991 -0.656414 -0.754399
  outer loop
    vertex 0.1871717737464692 0.03887928195715379 0.03337683453094704
    vertex 0.1843369585626419 0.03505266261490049 0.03671176817270234
    vertex 0.1824943221218091 0.0389226480220737 0.03334790484181849
  endloop
endfacet
facet normal -8.5752e-05 0.0652672 -0.997868
  outer loop
    vertex 0.1411068007101467 0.04874060384533545 0.03003969135194508
    vertex 0.144058812127163 0.0538466759522862 0.03037340874940065
    vertex 0.1470116615901943 0.04874455576347966 0.03003944239834499
  endloop
endfacet
facet normal 0.000103439 -0.651989 -0.758229
  outer loop
    vertex 0.06145732494034985 0.03513056305338001 0.03662465533563743
    vertex 0.06441747621812083 0.03900539250496235 0.03329315691011429
    vertex 0.06736036417286402 0.03512736853075474 0.03662820755545407
  endloop
endfacet
facet normal -4.13228e-06 -0.195026 -0.980798
  outer loop
    vertex 0.05258070985027765 0.04864476895059183 0.03004596910890634
    vertex 0.05555064747845794 0.04361857418475737 0.03104538566563395
    vertex 0.0496376330248534 0.04361839343582841 0.03104544651910465
  endloop
endfacet
facet normal 4.8935e-06 -0.373825 0.927499
  outer loop
    vertex 0.09117647058823514 0.04494721561695915 0.06935121107265638
    vertex 0.09411764705888297 0.0402214684281633 0.06744649879771276
    vertex 0.09705835636920805 0.04494743424605402 0.06935126815746329
  endloop
endfacet
facet normal 5.95964e-05 0.0646533 -0.997908
  outer loop
    vertex 0.1263492293121344 0.05382992391522975 0.03037013288879542
    vertex 0.1322496801125871 0.05383262645476797 0.03037066036622188
    vertex 0.1293016612511018 0.04873367840781044 0.03004012951882817
  endloop
endfacet
facet normal 8.15382e-05 -0.596376 0.802705
  outer loop
    vertex 0.1500381268032849 0.03612049228686773 0.06439997450140457
    vertex 0.1529420180298645 0.04022129764912349 0.06744640307722374
    vertex 0.1470611661823285 0.04021802140182792 0.06744456633754199
  endloop
endfacet
facet normal 9.30895e-05 0.959612 0.281328
  outer loop
    vertex 0.06732687874410108 0.06975390817255932 0.05312779665421111
    vertex 0.06437113022438296 0.06831670392048093 0.05803108694321253
    vertex 0.07027355302085815 0.06831497698666911 0.05803502445408732
  endloop
endfacet
facet normal -5.53774e-05 -0.19512 -0.980779
  outer loop
    vertex 0.04372254537305672 0.0436162141525715 0.03104618037824113
    vertex 0.03780208270122218 0.04361379064103191 0.03104699680727542
    vertex 0.04075505073260527 0.04864458796530185 0.03004598140182797
  endloop
endfacet
facet normal -0.000109088 0.975178 -0.221424
  outer loop
    vertex 0.1588226972234988 0.06990993300806145 0.04810406550363533
    vertex 0.1617848292752103 0.06877725635890106 0.04311417081012679
    vertex 0.1558742064759697 0.06877552122609037 0.04310944104671978
  endloop
endfacet
facet normal 7.06807e-05 0.740386 -0.672182
  outer loop
    vertex 0.1411020704168578 0.06640538062079904 0.0385604420239805
    vertex 0.1381490363437634 0.06296811799530903 0.0347741037813946
    vertex 0.1351962899177705 0.06640351226186819 0.03855776309130335
  endloop
endfacet
facet normal 2.32698e-05 -0.647702 -0.761894
  outer loop
    vertex 0.1028169399874825 0.03520850500459836 0.03653851138242846
    vertex 0.1057237382905308 0.03909539357077108 0.03323427428878729
    vertex 0.108673216147342 0.03520778592703638 0.03653930154785358
  endloop
endfacet
facet normal -5.15621e-05 -0.652249 -0.758005
  outer loop
    vertex 0.07915184599180339 0.03512596931810828 0.03662976397836808
    vertex 0.08209809043541982 0.03899665023797706 0.03329891338820766
    vertex 0.08505036846317345 0.03512756242839894 0.03662799189804206
  endloop
endfacet
facet normal -8.68101e-05 0.698617 0.715496
  outer loop
    vertex 0.05551085045695277 0.06568531991594891 0.06240849463610863
    vertex 0.0496077663591666 0.06568780737373733 0.06240534964458934
    vertex 0.05255619392929133 0.06202897327361744 0.06597822900019265
  endloop
endfacet
facet normal -0.000115722 0.959505 0.281691
  outer loop
    vertex 0.0791295836921224 0.06975215830485389 0.05313882817305943
    vertex 0.07322902809099906 0.06975299647748207 0.05313354913166865
    vertex 0.07617426695983313 0.06831317381360268 0.05803913334090045
  endloop
endfacet
facet normal 0 -0.127357 0.991857
  outer loop
    vertex 0.1294117647058822 0.05 0.07000000000000001
    vertex 0.1323529411764705 0.04494721561702628 0.06935121107267389
    vertex 0.1352941176470587 0.05 0.07000000000000001
  endloop
endfacet
facet normal 6.81588e-05 0.315454 -0.948941
  outer loop
    vertex 0.1351988125198412 0.05868352696793293 0.0319834420768788
    vertex 0.1322496801125871 0.05383262645476797 0.03037066036622188
    vertex 0.1292975134293038 0.05868069080258224 0.03198207539171162
  endloop
endfacet
facet normal 5.15742e-05 -0.822927 -0.568147
  outer loop
    vertex 0.0821062365369967 0.03222549241039614 0.04083120073580435
    vertex 0.07915184599180339 0.03512596931810828 0.03662976397836808
    vertex 0.08505036846317345 0.03512756242839894 0.03662799189804206
  endloop
endfacet
facet normal 7.32663e-05 0.974726 -0.223406
  outer loop
    vertex 0.1174795735733259 0.06990581291595091 0.04806128595322522
    vertex 0.1145315697314104 0.06876373988770884 0.04307742349797388
    vertex 0.1115797527222391 0.06990548472470867 0.04805791918953147
  endloop
endfacet
facet normal -0.000180794 -0.912024 0.410136
  outer loop
    vertex 0.04081530007922691 0.03295553616478557 0.06046356786999862
    vertex 0.03491534963697385 0.03295990325643326 0.06047067824784461
    vertex 0.03785623099750554 0.0308605881831121 0.05580369841597336
  endloop
endfacet
facet normal -7.88201e-06 -0.373876 0.927479
  outer loop
    vertex 0.108822302452587 0.044948021513779 0.06935142148201937
    vertex 0.1117578089031999 0.04021909848138283 0.06744517026237097
    vertex 0.1147050758249924 0.04494766953322991 0.06935132958880466
  endloop
endfacet
facet normal 7.69737e-05 0.0637362 -0.997967
  outer loop
    vertex 0.09685926796079382 0.05381375616890426 0.03036698535924387
    vertex 0.09391730575841348 0.04871657704590648 0.03004122184298583
    vertex 0.09096363220442874 0.05381026610801293 0.03036630772915782
  endloop
endfacet
facet normal 0.000118445 0.855344 0.51806
  outer loop
    vertex 0.1381242508015195 0.0656443923767604 0.06246005566448085
    vertex 0.1440248727527512 0.06564098425690887 0.062464333575251
    vertex 0.1410802610963531 0.06829061549395637 0.05809032662209895
  endloop
endfacet
facet normal 0.000110746 0.0625854 -0.99804
  outer loop
    vertex 0.07327431091192164 0.05379489252150431 0.03036333045676455
    vertex 0.07032711688558342 0.04869050274427507 0.03004291562033049
    vertex 0.06737191623942528 0.05378987046797042 0.03036236058391932
  endloop
endfacet
facet normal 0.000183918 -0.940388 -0.340105
  outer loop
    vertex 0.04374882245941278 0.03047674740863873 0.04565919267256592
    vertex 0.04079440643463689 0.03221471253644208 0.04085212867172865
    vertex 0.04669547875092889 0.03221859557262347 0.04084458321046638
  endloop
endfacet
facet normal -5.27083e-06 -0.373828 0.927498
  outer loop
    vertex 0.1147050758249924 0.04494766953322991 0.06935132958880466
    vertex 0.1176447026282263 0.04022118247817201 0.06744633852344926
    vertex 0.1205877681783948 0.04494743403875916 0.06935126810333914
  endloop
endfacet
facet normal -0.000312228 -0.373672 0.927561
  outer loop
    vertex 0.07941176470588222 0.04494721561695915 0.06935121107265638
    vertex 0.07646823501779482 0.04022105552502185 0.06744626736454805
    vertex 0.0822703968639617 0.04023347997186291 0.06745322567722073
  endloop
endfacet
facet normal 0.000102801 0.0635514 -0.997979
  outer loop
    vertex 0.09096363220442874 0.05381026610801293 0.03036630772915782
    vertex 0.08801868832521154 0.04871333157081026 0.03004143080395475
    vertex 0.08506789562065961 0.05380560391860847 0.0303654035229987
  endloop
endfacet
facet normal 0.000115729 0.999569 0.0293511
  outer loop
    vertex 0.0791295836921224 0.06975215830485389 0.05313882817305943
    vertex 0.07618780378407937 0.06990256533515561 0.04802822590546933
    vertex 0.07322902809099906 0.06975299647748207 0.05313354913166865
  endloop
endfacet
facet normal 0.000126124 0.999579 0.0290148
  outer loop
    vertex 0.07322902809099906 0.06975299647748207 0.05313354913166865
    vertex 0.07028287951823382 0.06990178792139376 0.0480203946019811
    vertex 0.06732687874410108 0.06975390817255932 0.05312779665421111
  endloop
endfacet
facet normal 8.27651e-05 0.885586 -0.464476
  outer loop
    vertex 0.07031046874368443 0.0663816977046206 0.03852655325046445
    vertex 0.07326024807984223 0.06875287888942594 0.04304805542610393
    vertex 0.07621493589106637 0.06637950182605888 0.03852341863052704
  endloop
endfacet
facet normal -4.44145e-05 -0.432804 -0.901488
  outer loop
    vertex 0.1322539377669228 0.04371830902519282 0.03101209968171768
    vertex 0.1352051300294304 0.03911225784712946 0.03322331764583338
    vertex 0.1293063520327896 0.03911053772603349 0.03322443409646458
  endloop
endfacet
facet normal 4.4548e-06 -0.127354 0.991857
  outer loop
    vertex 0.08823529411764691 0.05 0.07000000000000001
    vertex 0.0852941629563059 0.04494741470332456 0.06935126305489694
    vertex 0.09117647058823514 0.04494721561695915 0.06935121107265638
  endloop
endfacet
facet normal -1.91353e-05 -0.9951 -0.0988769
  outer loop
    vertex 0.1322549444320706 0.03051317970821996 0.04549846304959411
    vertex 0.1352047877351642 0.03000836443054923 0.05057836602447815
    vertex 0.1293087650570333 0.03000839001245545 0.05057924960587717
  endloop
endfacet
facet normal -3.74445e-05 0.0608519 -0.998147
  outer loop
    vertex 0.04667238751543118 0.04864631078946528 0.03004586445066382
    vertex 0.04075505073260527 0.04864458796530185 0.03004598140182797
    vertex 0.04371437726654144 0.05376850456451904 0.03035824922907331
  endloop
endfacet
facet normal -6.02928e-05 -0.780089 0.625669
  outer loop
    vertex 0.1588614472752977 0.03292891107198235 0.06042007307132311
    vertex 0.1559066508646818 0.03612367587951733 0.0644030423488689
    vertex 0.1529566384038158 0.03292745852526745 0.06041769300726111
  endloop
endfacet
facet normal 3.86252e-05 -0.432761 -0.901509
  outer loop
    vertex 0.1381569634894317 0.04372000344298071 0.03101153920814471
    vertex 0.1352051300294304 0.03911225784712946 0.03322331764583338
    vertex 0.1322539377669228 0.04371830902519282 0.03101209968171768
  endloop
endfacet
facet normal -7.25034e-07 -0.198647 -0.980071
  outer loop
    vertex 0.1884222085478173 0.04858179961337823 0.03005034567559163
    vertex 0.1854482381162447 0.04353835016438853 0.03107258386884406
    vertex 0.1825018790822895 0.04858183289451631 0.03005034330969768
  endloop
endfacet
facet normal 4.99713e-05 0.886454 -0.462816
  outer loop
    vertex 0.03482144635341942 0.06639532358191375 0.03854603279887955
    vertex 0.03185571629932236 0.06876954229766553 0.043093171354656
    vertex 0.0377806686875357 0.06877033930323433 0.043095337630162
  endloop
endfacet
facet normal 3.24538e-05 0.739558 -0.673093
  outer loop
    vertex 0.03778558920412863 0.06294217202555726 0.03475204330866318
    vertex 0.03482144635341942 0.06639532358191375 0.03854603279887955
    vertex 0.04074507894132449 0.06639618184711618 0.03854726142635317
  endloop
endfacet
facet normal 8.6846e-05 0.999606 0.0280607
  outer loop
    vertex 0.0525671885201112 0.06989963415028672 0.04799886015362675
    vertex 0.04960742920109566 0.06975634634911546 0.0531123590624786
    vertex 0.05551633963866262 0.06975572175770409 0.05311632120170202
  endloop
endfacet
facet normal -1.53505e-05 0.544031 -0.839065
  outer loop
    vertex 0.04370648999406958 0.06294212223243867 0.03475200104536282
    vertex 0.04962337339202393 0.06294158198448921 0.03475154251280661
    vertex 0.04667086736692915 0.05863988413189056 0.03196247239260587
  endloop
endfacet
facet normal 0.000144326 0.974061 -0.226287
  outer loop
    vertex 0.05847099691585281 0.06990029986466724 0.04800549121427727
    vertex 0.05554078124260907 0.06874268366289174 0.0430206154201985
    vertex 0.0525671885201112 0.06989963415028672 0.04799886015362675
  endloop
endfacet
facet normal 0 -0.127357 0.991857
  outer loop
    vertex 0.06470588235294107 0.05 0.07000000000000001
    vertex 0.06764705882352931 0.04494721561702628 0.0693512110726739
    vertex 0.07058823529411754 0.05 0.07000000000000001
  endloop
endfacet
facet normal -7.33149e-05 0.74033 -0.672244
  outer loop
    vertex 0.1351962899177705 0.06640351226186819 0.03855776309130335
    vertex 0.1381490363437634 0.06296811799530903 0.0347741037813946
    vertex 0.1322458558430464 0.06296553983619754 0.0347719083022207
  endloop
endfacet
facet normal 1.61819e-05 0.886257 -0.463193
  outer loop
    vertex 0.1145315697314104 0.06876373988770884 0.04307742349797388
    vertex 0.1115852552785113 0.06639605874813341 0.03854708519512356
    vertex 0.1086310234683404 0.06876348124283334 0.04307672247776811
  endloop
endfacet
facet normal -2.47338e-05 -0.821654 -0.569987
  outer loop
    vertex 0.1588618053941329 0.03224132433767664 0.04080057400049308
    vertex 0.1617917841355199 0.03516322593466106 0.03658843277860169
    vertex 0.1647746753096959 0.0322418493175942 0.04079956064413386
  endloop
endfacet
facet normal -1.41439e-06 0.544008 -0.83908
  outer loop
    vertex 0.04074954351158367 0.05863854477170963 0.03196183090701364
    vertex 0.03778558920412863 0.06294217202555726 0.03475204330866318
    vertex 0.04370648999406958 0.06294212223243867 0.03475200104536282
  endloop
endfacet
facet normal 4.60843e-05 -0.995103 -0.0988395
  outer loop
    vertex 0.1263602919346686 0.03051270071617908 0.04550053707396175
    vertex 0.1322549444320706 0.03051317970821996 0.04549846304959411
    vertex 0.1293087650570333 0.03000839001245545 0.05057924960587717
  endloop
endfacet
facet normal 7.37667e-05 -0.939523 -0.342486
  outer loop
    vertex 0.1559081570743592 0.03048750104805788 0.04561110667132846
    vertex 0.1588618053941329 0.03224132433767664 0.04080057400049308
    vertex 0.1617764750236839 0.03048675946112583 0.04561440498084494
  endloop
endfacet
facet normal -0.000114274 0.855275 0.518175
  outer loop
    vertex 0.1440248727527512 0.06564098425690887 0.062464333575251
    vertex 0.1469818784021852 0.06828847994102605 0.05809515296005505
    vertex 0.1410802610963531 0.06829061549395637 0.05809032662209895
  endloop
endfacet
facet normal 0.000220752 0.974119 -0.226037
  outer loop
    vertex 0.05847099691585281 0.06990029986466724 0.04800549121427727
    vertex 0.06437624241790255 0.0699013127796704 0.04801562361288796
    vertex 0.06143617161679396 0.06874332320808189 0.04302233311791263
  endloop
endfacet
facet normal 0.0001091 0.887014 -0.461743
  outer loop
    vertex 0.1558742064759697 0.06877552122609037 0.04310944104671978
    vertex 0.1617848292752103 0.06877725635890106 0.04311417081012679
    vertex 0.1588356880592427 0.06641231250288537 0.03857038940699937
  endloop
endfacet
facet normal -3.07372e-05 -0.915987 0.401207
  outer loop
    vertex 0.126363013380149 0.03080641444887939 0.05562194572117289
    vertex 0.1322581368937199 0.03080681394414645 0.05562330943710096
    vertex 0.1293093504328434 0.03285298342200545 0.06029465018706222
  endloop
endfacet
facet normal -6.36118e-05 -0.435535 -0.900172
  outer loop
    vertex 0.1588578496264335 0.03905204506087662 0.03326254850190974
    vertex 0.161815263021316 0.0436690717971603 0.03102845952247186
    vertex 0.1647722668037384 0.03905450128671772 0.03326094214367081
  endloop
endfacet
facet normal 6.43377e-05 -0.6523 -0.757961
  outer loop
    vertex 0.07915184599180339 0.03512596931810828 0.03662976397836808
    vertex 0.07620551738799991 0.03899416983159507 0.03330054784418879
    vertex 0.08209809043541982 0.03899665023797706 0.03329891338820766
  endloop
endfacet
facet normal 0.000125138 0.999598 0.0283496
  outer loop
    vertex 0.06142310328873626 0.06975482039577674 0.05312202996952359
    vertex 0.05847099691585281 0.06990029986466724 0.04800549121427727
    vertex 0.05551633963866262 0.06975572175770409 0.05311632120170202
  endloop
endfacet
facet normal 0.000313194 -0.59598 0.802999
  outer loop
    vertex 0.07646823501779482 0.04022105552502185 0.06744626736454805
    vertex 0.07941020736752474 0.03612834917739836 0.06440754328314911
    vertex 0.0822703968639617 0.04023347997186291 0.06745322567722073
  endloop
endfacet
facet normal 1.46066e-05 0.74073 -0.671803
  outer loop
    vertex 0.1588356880592427 0.06641231250288537 0.03857038940699937
    vertex 0.1647417481054741 0.06641269766273328 0.03857094249591377
    vertex 0.1617986837233965 0.06297298202681069 0.03477824788889115
  endloop
endfacet
facet normal -5.87752e-05 -0.937528 -0.347909
  outer loop
    vertex 0.1381526617455515 0.03051378803635587 0.0454958304530211
    vertex 0.141099184451786 0.03229211560914319 0.04070318170554841
    vertex 0.144051318885445 0.0305143993272491 0.04549318666660251
  endloop
endfacet
facet normal 0.000144142 0.95814 0.286301
  outer loop
    vertex 0.1647189973283526 0.06827452886443411 0.05812659798334856
    vertex 0.1706278923701396 0.06827182166728993 0.05813268301108277
    vertex 0.1676786832861082 0.06973772171350015 0.0532283651528947
  endloop
endfacet
facet normal 8.55445e-05 -0.937823 -0.347112
  outer loop
    vertex 0.1057299790570387 0.03228189513666545 0.04072267495169644
    vertex 0.1028211651026966 0.03051183945958648 0.04550426883020467
    vertex 0.09983670872467335 0.03228006016603931 0.04072618027559231
  endloop
endfacet
facet normal -8.9904e-05 -0.439047 -0.898464
  outer loop
    vertex 0.07620551738799991 0.03899416983159507 0.03330054784418879
    vertex 0.07326176018130928 0.04358997516061908 0.03105503809561709
    vertex 0.07914812514468468 0.04358605359691076 0.0310563654084466
  endloop
endfacet
facet normal 0.000115356 -0.913116 0.4077
  outer loop
    vertex 0.1470595396157589 0.03292834384864553 0.06041914373880699
    vertex 0.1441087985396083 0.03084676932159973 0.05575792971301202
    vertex 0.1500086452978238 0.03084523549700571 0.05575282511769911
  endloop
endfacet
facet normal -1.33132e-05 -0.995682 -0.092834
  outer loop
    vertex 0.1529572766516771 0.03001247720489006 0.05070635155196298
    vertex 0.1559081570743592 0.03048750104805788 0.04561110667132846
    vertex 0.1588627468108786 0.03001245550892523 0.05070573735717088
  endloop
endfacet
facet normal -4.84724e-05 0.0644402 -0.997922
  outer loop
    vertex 0.1234030090203746 0.04873076342842941 0.03004031466867807
    vertex 0.1175053530954652 0.04872852923986163 0.03004045686629794
    vertex 0.120449835363952 0.05382686284309272 0.0303695359000314
  endloop
endfacet
facet normal -0.000126088 0.959576 0.281449
  outer loop
    vertex 0.07322902809099906 0.06975299647748207 0.05313354913166865
    vertex 0.06732687874410108 0.06975390817255932 0.05312779665421111
    vertex 0.07027355302085815 0.06831497698666911 0.05803502445408732
  endloop
endfacet
facet normal 0 -0.127313 0.991863
  outer loop
    vertex 0.09999999999999984 0.05 0.07000000000000001
    vertex 0.1029381841348338 0.04494890093282944 0.06935165104619316
    vertex 0.1058823529411763 0.05 0.07000000000000001
  endloop
endfacet
facet normal 4.30638e-05 -0.940039 -0.341067
  outer loop
    vertex 0.07031422122833225 0.03222364470505502 0.04083478355804504
    vertex 0.07620857374127789 0.03222455579222463 0.0408330166785215
    vertex 0.07326522153360009 0.03048212086489514 0.04563509518231632
  endloop
endfacet
facet normal 9.19011e-05 0.694421 0.719569
  outer loop
    vertex 0.02595290096105047 0.06560926250851802 0.06250403630593633
    vertex 0.02297920392388978 0.06194281614602466 0.0660427286489005
    vertex 0.02890136718888622 0.0619393902942028 0.06604527841462079
  endloop
endfacet
facet normal -0.000128775 0.313947 -0.949441
  outer loop
    vertex 0.08506789562065961 0.05380560391860847 0.0303654035229987
    vertex 0.07917268533068136 0.05379976745404277 0.03036427319157253
    vertex 0.08211682217530752 0.05865237376533805 0.03196846018153497
  endloop
endfacet
facet normal 4.44375e-06 -0.373506 0.927628
  outer loop
    vertex 0.07941176470588222 0.04494721561695915 0.06935121107265638
    vertex 0.0822703968639617 0.04023347997186291 0.06745322567722073
    vertex 0.0852941629563059 0.04494741470332456 0.06935126305489694
  endloop
endfacet
facet normal -1.20884e-05 -0.995091 -0.0989621
  outer loop
    vertex 0.1381526617455515 0.03051378803635587 0.0454958304530211
    vertex 0.1411026687073386 0.03000834829095614 0.05057780787835019
    vertex 0.1352047877351642 0.03000836443054923 0.05057836602447815
  endloop
endfacet
facet normal -3.86295e-05 -0.190163 -0.981753
  outer loop
    vertex 0.1352022676400663 0.0487366677473025 0.03003994008978695
    vertex 0.1381569634894317 0.04372000344298071 0.03101153920814471
    vertex 0.1322539377669228 0.04371830902519282 0.03101209968171768
  endloop
endfacet
facet normal -0.0004168 0.312994 -0.949755
  outer loop
    vertex 0.02296934979942068 0.0586589404547186 0.03197161265665624
    vertex 0.02890198293178155 0.05864160098656142 0.03196329485773356
    vertex 0.02593054260492142 0.05376553760049315 0.03035768021390365
  endloop
endfacet
facet normal 6.48521e-05 -0.190222 -0.981741
  outer loop
    vertex 0.1293016612511018 0.04873367840781044 0.03004012951882817
    vertex 0.1352022676400663 0.0487366677473025 0.03003994008978695
    vertex 0.1322539377669228 0.04371830902519282 0.03101209968171768
  endloop
endfacet
facet normal 7.33053e-05 0.545733 -0.837959
  outer loop
    vertex 0.1322458558430464 0.06296553983619754 0.0347719083022207
    vertex 0.1381490363437634 0.06296811799530903 0.0347741037813946
    vertex 0.1351988125198412 0.05868352696793293 0.0319834420768788
  endloop
endfacet
facet normal -4.45473e-06 -0.127354 0.991857
  outer loop
    vertex 0.07941176470588222 0.04494721561695915 0.06935121107265638
    vertex 0.0852941629563059 0.04494741470332456 0.06935126305489694
    vertex 0.08235294117647045 0.05 0.07000000000000001
  endloop
endfacet
facet normal -6.11977e-05 0.0641594 -0.99794
  outer loop
    vertex 0.1116074946292636 0.04872631284938594 0.03004059817924494
    vertex 0.1057105469767021 0.04872349155011994 0.03004077841754883
    vertex 0.1086525798932801 0.05382047979180044 0.03036829263256901
  endloop
endfacet
facet normal 0.000106812 0.0653782 -0.997861
  outer loop
    vertex 0.144058812127163 0.0538466759522862 0.03037340874940065
    vertex 0.1499632313945599 0.05385151517564615 0.0303743578232006
    vertex 0.1470116615901943 0.04874455576347966 0.03003944239834499
  endloop
endfacet
facet normal -0.000115234 -0.438894 -0.898539
  outer loop
    vertex 0.08504643058987317 0.04358913777187667 0.0310553214465903
    vertex 0.0879886580944149 0.03900108887855795 0.03329598987839692
    vertex 0.08209809043541982 0.03899665023797706 0.03329891338820766
  endloop
endfacet
facet normal 3.54259e-05 -0.986653 0.162836
  outer loop
    vertex 0.1500086452978238 0.03084523549700571 0.05575282511769911
    vertex 0.1529572766516771 0.03001247720489006 0.05070635155196298
    vertex 0.1558819509022828 0.03084570353680587 0.05575438328581514
  endloop
endfacet
facet normal -0.000165754 0.545314 -0.838232
  outer loop
    vertex 0.01679322978443957 0.05866462709245481 0.03197434502303181
    vertex 0.01405344873566149 0.06297025615180063 0.03477592513954697
    vertex 0.01991735473746937 0.06296448948909196 0.0347710140755458
  endloop
endfacet
facet normal 6.03041e-05 -0.91313 0.407669
  outer loop
    vertex 0.1558819509022828 0.03084570353680587 0.05575438328581514
    vertex 0.1588614472752977 0.03292891107198235 0.06042007307132311
    vertex 0.1529566384038158 0.03292745852526745 0.06041769300726111
  endloop
endfacet
facet normal -7.76716e-05 0.0604853 -0.998169
  outer loop
    vertex 0.01703147624999431 0.04863160355534752 0.030046867635124
    vertex 0.01999408434928862 0.05376594853820563 0.03035775899731432
    vertex 0.02296846132502192 0.04863518240034046 0.03004662251848927
  endloop
endfacet
facet normal -7.64242e-05 -0.913071 0.407801
  outer loop
    vertex 0.1411641213709479 0.03293018265237926 0.06042215600146467
    vertex 0.1441087985396083 0.03084676932159973 0.05575792971301202
    vertex 0.1470595396157589 0.03292834384864553 0.06041914373880699
  endloop
endfacet
facet normal 0 -0.127357 0.991857
  outer loop
    vertex 0.1411764705882352 0.05 0.07000000000000001
    vertex 0.1441176470588235 0.04494721561712726 0.06935121107270027
    vertex 0.1470588235294117 0.05 0.07000000000000001
  endloop
endfacet
facet normal -8.70034e-05 0.544759 -0.838593
  outer loop
    vertex 0.0998041807347827 0.05866283800809263 0.03197348514977047
    vertex 0.102745032993471 0.06294736940949949 0.03475645627244252
    vertex 0.1057008122327278 0.0586664595462329 0.0319752259671998
  endloop
endfacet
facet normal 4.8687e-06 -0.596123 0.802893
  outer loop
    vertex 0.07646823501779482 0.04022105552502185 0.06744626736454805
    vertex 0.07352350751491654 0.03612851119520501 0.06440769927290431
    vertex 0.07941020736752474 0.03612834917739836 0.06440754328314911
  endloop
endfacet
facet normal -9.41188e-05 -0.189991 -0.981786
  outer loop
    vertex 0.1411068007101467 0.04874060384533545 0.03003969135194508
    vertex 0.1440431430944845 0.04372411952485206 0.031010178403638
    vertex 0.1381569634894317 0.04372000344298071 0.03101153920814471
  endloop
endfacet
facet normal 0 -0.125683 0.99207
  outer loop
    vertex 0.05294117647058814 0.05 0.07000000000000001
    vertex 0.05575060901617654 0.04501252647424893 0.06936814673193933
    vertex 0.05882352941176461 0.05 0.07000000000000001
  endloop
endfacet
facet normal 3.66665e-05 0.885573 -0.464499
  outer loop
    vertex 0.07621493589106637 0.06637950182605888 0.03852341863052704
    vertex 0.07326024807984223 0.06875287888942594 0.04304805542610393
    vertex 0.07915668709147894 0.0687534670697313 0.04304964224917136
  endloop
endfacet
facet normal -0.000141832 0.855725 0.517431
  outer loop
    vertex 0.1292779456624787 0.06829507773317371 0.05808023085914824
    vertex 0.1233759533247674 0.06829772380698729 0.0580742370217384
    vertex 0.1263159812072374 0.06565206515068663 0.06245041591749695
  endloop
endfacet
facet normal -7.63961e-05 -0.652093 -0.758139
  outer loop
    vertex 0.08505036846317345 0.03512756242839894 0.03662799189804206
    vertex 0.0879886580944149 0.03900108887855795 0.03329598987839692
    vertex 0.09094617390333763 0.0351299210527902 0.03662536908532622
  endloop
endfacet
facet normal 4.4389e-05 -0.647077 -0.762425
  outer loop
    vertex 0.1293063520327896 0.03911053772603349 0.03322443409646458
    vertex 0.1352051300294304 0.03911225784712946 0.03322331764583338
    vertex 0.1322551505814027 0.03521738951463607 0.03652875554234099
  endloop
endfacet
facet normal -7.21511e-05 0.310936 -0.950431
  outer loop
    vertex 0.1884238740135835 0.05861237942995223 0.031949323543021
    vertex 0.185453254323493 0.05372008274023007 0.03034902077743091
    vertex 0.1825049088980579 0.05861537355802868 0.03195075241303338
  endloop
endfacet
facet normal -9.03729e-05 0.545073 -0.838388
  outer loop
    vertex 0.1115985036028781 0.05867014228547789 0.03197699712174555
    vertex 0.1145406541386208 0.06295257218171292 0.03476087686651504
    vertex 0.1174964024375055 0.05867390513796217 0.03197880776259147
  endloop
endfacet
facet normal -7.29732e-05 -0.940016 -0.34113
  outer loop
    vertex 0.07326522153360009 0.03048212086489514 0.04563509518231632
    vertex 0.07620857374127789 0.03222455579222463 0.0408330166785215
    vertex 0.07916141782649239 0.03048285666310582 0.04563180632673792
  endloop
endfacet
facet normal -8.17322e-06 0.54406 -0.839046
  outer loop
    vertex 0.04962337339202393 0.06294158198448921 0.03475154251280661
    vertex 0.05553977432203833 0.06294129421471224 0.03475129828318963
    vertex 0.05258954626563052 0.05864161145509821 0.03196329987333837
  endloop
endfacet
facet normal -0.000125096 0.959718 0.280965
  outer loop
    vertex 0.06142310328873626 0.06975482039577674 0.05312202996952359
    vertex 0.05551633963866262 0.06975572175770409 0.05311632120170202
    vertex 0.05846615621313757 0.06831840869594491 0.0580271976958544
  endloop
endfacet
facet normal -0.000103528 0.698506 0.715605
  outer loop
    vertex 0.08502067777505359 0.06567501659167328 0.06242150775271534
    vertex 0.08798554903576572 0.06204078691934872 0.06596932842554254
    vertex 0.09091950657551913 0.06567202754924577 0.06242527876933479
  endloop
endfacet
facet normal 1.27719e-05 -0.823022 -0.568009
  outer loop
    vertex 0.04964747635318396 0.03512785394472855 0.03662766767872284
    vertex 0.05555249679289354 0.03512824813498958 0.03662722928987569
    vertex 0.05260588552161033 0.03222154426996071 0.04083885859431081
  endloop
endfacet
facet normal 4.42255e-05 -0.939993 -0.341193
  outer loop
    vertex 0.07916141782649239 0.03048285666310582 0.04563180632673792
    vertex 0.07620857374127789 0.03222455579222463 0.0408330166785215
    vertex 0.0821062365369967 0.03222549241039614 0.04083120073580435
  endloop
endfacet
facet normal -0.000152557 0.958189 0.286137
  outer loop
    vertex 0.1647189973283526 0.06827452886443411 0.05812659798334856
    vertex 0.1676786832861082 0.06973772171350015 0.0532283651528947
    vertex 0.1617720427400253 0.06973885782396815 0.05322141146163784
  endloop
endfacet
facet normal -4.87085e-06 -0.77976 0.626078
  outer loop
    vertex 0.07352350751491654 0.03612851119520501 0.06440769927290431
    vertex 0.07646666419712633 0.03293568117343117 0.06043115635896655
    vertex 0.07941020736752474 0.03612834917739836 0.06440754328314911
  endloop
endfacet
facet normal -5.97461e-05 0.999534 0.0305298
  outer loop
    vertex 0.1056802190317044 0.06990514890615612 0.04805448026898938
    vertex 0.09978219131686707 0.0699048802528518 0.0480517335604106
    vertex 0.1027259274432978 0.06974908765789986 0.05315809067010235
  endloop
endfacet
facet normal -7.6919e-05 0.0606574 -0.998159
  outer loop
    vertex 0.02890302992374762 0.04863874531663622 0.03004637913342493
    vertex 0.03186345955230652 0.05376570659181971 0.0303577126111971
    vertex 0.03483368166784688 0.04864229084276479 0.03004613757077694
  endloop
endfacet
facet normal 5.75737e-05 0.313845 -0.949474
  outer loop
    vertex 0.07917268533068136 0.05379976745404277 0.03036427319157253
    vertex 0.07621769649632665 0.05864997656521199 0.03196731008913858
    vertex 0.08211682217530752 0.05865237376533805 0.03196846018153497
  endloop
endfacet
facet normal 8.53617e-05 -0.190093 -0.981766
  outer loop
    vertex 0.1352022676400663 0.0487366677473025 0.03003994008978695
    vertex 0.1411068007101467 0.04874060384533545 0.03003969135194508
    vertex 0.1381569634894317 0.04372000344298071 0.03101153920814471
  endloop
endfacet
facet normal -0.00015291 0.999439 0.0334998
  outer loop
    vertex 0.1617720427400253 0.06973885782396815 0.05322141146163784
    vertex 0.1647268474047252 0.06991060081758754 0.04811109156318197
    vertex 0.1588226972234988 0.06990993300806145 0.04810406550363533
  endloop
endfacet
facet normal 3.76855e-05 -0.127335 0.99186
  outer loop
    vertex 0.1411764705882352 0.05 0.07000000000000001
    vertex 0.1382323017818923 0.04494890093282961 0.0693516510461932
    vertex 0.1441176470588235 0.04494721561712726 0.06935121107270027
  endloop
endfacet
facet normal -0.000126396 0.959647 0.281206
  outer loop
    vertex 0.06732687874410108 0.06975390817255932 0.05312779665421111
    vertex 0.06142310328873626 0.06975482039577674 0.05312202996952359
    vertex 0.06437113022438296 0.06831670392048093 0.05803108694321253
  endloop
endfacet
facet normal -3.77171e-05 -0.373846 0.927491
  outer loop
    vertex 0.1382323017818923 0.04494890093282961 0.0693516510461932
    vertex 0.141173478038558 0.0402200150852802 0.06744568413871617
    vertex 0.1441176470588235 0.04494721561712726 0.06935121107270027
  endloop
endfacet
facet normal 5.85091e-05 -0.823348 -0.567536
  outer loop
    vertex 0.04373247131504542 0.03512356718195635 0.03663243677365864
    vertex 0.04079440643463689 0.03221471253644208 0.04085212867172865
    vertex 0.03782003136062523 0.0351217623083492 0.0366344456459621
  endloop
endfacet
facet normal 9.61779e-05 -0.780145 0.625599
  outer loop
    vertex 0.1529566384038158 0.03292745852526745 0.06041769300726111
    vertex 0.1559066508646818 0.03612367587951733 0.0644030423488689
    vertex 0.1500381268032849 0.03612049228686773 0.06439997450140457
  endloop
endfacet
facet normal 5.84843e-05 -0.995095 -0.0989215
  outer loop
    vertex 0.1322549444320706 0.03051317970821996 0.04549846304959411
    vertex 0.1381526617455515 0.03051378803635587 0.0454958304530211
    vertex 0.1352047877351642 0.03000836443054923 0.05057836602447815
  endloop
endfacet
facet normal 0 -0.127313 0.991863
  outer loop
    vertex 0.1235294117647058 0.05 0.07000000000000001
    vertex 0.1264675958995397 0.04494890093282944 0.06935165104619316
    vertex 0.1294117647058822 0.05 0.07000000000000001
  endloop
endfacet
facet normal 0.00014182 0.958918 0.283682
  outer loop
    vertex 0.1263282115902286 0.06974604177967775 0.05317707948204337
    vertex 0.1233759533247674 0.06829772380698729 0.0580742370217384
    vertex 0.1292779456624787 0.06829507773317371 0.05808023085914824
  endloop
endfacet
facet normal 8.56928e-05 -0.18989 -0.981805
  outer loop
    vertex 0.1411068007101467 0.04874060384533545 0.03003969135194508
    vertex 0.1470116615901943 0.04874455576347966 0.03003944239834499
    vertex 0.1440431430944845 0.04372411952485206 0.031010178403638
  endloop
endfacet
facet normal 0.000170166 0.974351 -0.225032
  outer loop
    vertex 0.07618780378407937 0.06990256533515561 0.04802822590546933
    vertex 0.07326024807984223 0.06875287888942594 0.04304805542610393
    vertex 0.07028287951823382 0.06990178792139376 0.0480203946019811
  endloop
endfacet
facet normal -1.56494e-05 -0.652335 -0.757931
  outer loop
    vertex 0.07915184599180339 0.03512596931810828 0.03662976397836808
    vertex 0.07325641002220032 0.0351254859616993 0.03663030171902166
    vertex 0.07620551738799991 0.03899416983159507 0.03330054784418879
  endloop
endfacet
facet normal -0.000144382 0.999602 0.0281939
  outer loop
    vertex 0.05847099691585281 0.06990029986466724 0.04800549121427727
    vertex 0.0525671885201112 0.06989963415028672 0.04799886015362675
    vertex 0.05551633963866262 0.06975572175770409 0.05311632120170202
  endloop
endfacet
facet normal 0.000165761 -0.438328 -0.898815
  outer loop
    vertex 0.03780208270122218 0.04361379064103191 0.03104699680727542
    vertex 0.03484907646988059 0.03900136196646559 0.03329581006431949
    vertex 0.03187490687044717 0.04360652802345918 0.03104944549399182
  endloop
endfacet
facet normal -7.56354e-05 -0.819357 -0.573283
  outer loop
    vertex 0.1116230982092484 0.03228348100025355 0.04071964685307596
    vertex 0.1145633767224363 0.03520909240963313 0.03653786596957126
    vertex 0.1175161143237912 0.03228510282047886 0.04071655139945322
  endloop
endfacet
facet normal 0.000114681 0.315107 -0.949056
  outer loop
    vertex 0.1647621130398425 0.05868186884012865 0.03198264299507823
    vertex 0.1706816959494173 0.0586866374597528 0.03198494158647218
    vertex 0.1677153017961126 0.05381596424320757 0.03036741441137818
  endloop
endfacet
facet normal 5.87499e-05 -0.995087 -0.0990028
  outer loop
    vertex 0.1381526617455515 0.03051378803635587 0.0454958304530211
    vertex 0.144051318885445 0.0305143993272491 0.04549318666660251
    vertex 0.1411026687073386 0.03000834829095614 0.05057780787835019
  endloop
endfacet
facet normal -5.10852e-05 0.738907 -0.673807
  outer loop
    vertex 0.08210204610049554 0.06637702665838444 0.03851988685462701
    vertex 0.08505595423776761 0.06293851496021638 0.03474894001637076
    vertex 0.07916177046780121 0.06293671558136046 0.03474741366302143
  endloop
endfacet
facet normal -4.42279e-05 -0.822959 -0.568101
  outer loop
    vertex 0.0821062365369967 0.03222549241039614 0.04083120073580435
    vertex 0.07620857374127789 0.03222455579222463 0.0408330166785215
    vertex 0.07915184599180339 0.03512596931810828 0.03662976397836808
  endloop
endfacet
facet normal -4.60762e-06 0.543174 -0.83962
  outer loop
    vertex 0.1854513781007921 0.06293132693116434 0.03474284483269099
    vertex 0.1825049088980579 0.05861537355802868 0.03195075241303338
    vertex 0.1795151868705359 0.06293148929315588 0.03474298244541238
  endloop
endfacet
facet normal -0.000112029 -0.438184 -0.898885
  outer loop
    vertex 0.04076824270747432 0.03900568176444213 0.03329296655491228
    vertex 0.03484907646988059 0.03900136196646559 0.03329581006431949
    vertex 0.03780208270122218 0.04361379064103191 0.03104699680727542
  endloop
endfacet
facet normal -5.29644e-05 0.544057 -0.839048
  outer loop
    vertex 0.06145444253503307 0.06293913205339147 0.0347494635600941
    vertex 0.06736145933563564 0.06293726684069996 0.0347478812392335
    vertex 0.064412978742516 0.0586453230493701 0.03196507861475327
  endloop
endfacet
facet normal -0.000604768 0.697554 0.716532
  outer loop
    vertex 0.1086166216338069 0.06566241393962644 0.06243739480694391
    vertex 0.1027632979598897 0.06567959317335875 0.06241573026116312
    vertex 0.1056634708652933 0.06200139538718456 0.06599895336453186
  endloop
endfacet
facet normal -1.61777e-05 0.974714 -0.223456
  outer loop
    vertex 0.1115797527222391 0.06990548472470867 0.04805791918953147
    vertex 0.1145315697314104 0.06876373988770884 0.04307742349797388
    vertex 0.1086310234683404 0.06876348124283334 0.04307672247776811
  endloop
endfacet
facet normal -0.000153536 -0.651876 -0.758326
  outer loop
    vertex 0.06145732494034985 0.03513056305338001 0.03662465533563743
    vertex 0.05850872664239805 0.03901132110350559 0.03328925686542522
    vertex 0.06441747621812083 0.03900539250496235 0.03329315691011429
  endloop
endfacet
facet normal -8.31106e-05 0.54427 -0.83891
  outer loop
    vertex 0.08211682217530752 0.05865237376533805 0.03196846018153497
    vertex 0.08505595423776761 0.06293851496021638 0.03474894001637076
    vertex 0.08801233934060444 0.05865583352461669 0.03197012074377308
  endloop
endfacet
facet normal -7.14425e-06 0.544081 -0.839033
  outer loop
    vertex 0.06736145933563564 0.06293726684069996 0.0347478812392335
    vertex 0.07326166127287138 0.06293701533064287 0.03474766790504772
    vertex 0.07031594992295516 0.05864760368321743 0.03196617204978366
  endloop
endfacet
facet normal -9.14717e-05 0.063833 -0.997961
  outer loop
    vertex 0.09981271850557547 0.04872079334364852 0.03004095116669269
    vertex 0.09391730575841348 0.04871657704590648 0.03004122184298583
    vertex 0.09685926796079382 0.05381375616890426 0.03036698535924387
  endloop
endfacet
facet normal 4.23083e-06 0.886254 -0.463199
  outer loop
    vertex 0.1115852552785113 0.06639605874813341 0.03854708519512356
    vertex 0.1056909546729463 0.06639617051244781 0.03854724519922228
    vertex 0.1086310234683404 0.06876348124283334 0.04307672247776811
  endloop
endfacet
facet normal -0.000211109 -0.986182 0.165666
  outer loop
    vertex 0.03785623099750554 0.0308605881831121 0.05580369841597336
    vertex 0.03194739843475244 0.03086342107243921 0.05581303250887489
    vertex 0.03489502777924587 0.03001459163459983 0.05076384060391738
  endloop
endfacet
facet normal 5.69864e-05 0.313664 -0.949534
  outer loop
    vertex 0.07327431091192164 0.05379489252150431 0.03036333045676455
    vertex 0.07031594992295516 0.05864760368321743 0.03196617204978366
    vertex 0.07621769649632665 0.05864997656521199 0.03196731008913858
  endloop
endfacet
facet normal -0.000475906 -0.907347 0.420382
  outer loop
    vertex 0.1854055556183049 0.03092780111565354 0.05602089941087987
    vertex 0.1869241190763181 0.03307256350326934 0.06065184930653598
    vertex 0.1824118151169188 0.03308151421461768 0.06066606013154886
  endloop
endfacet
facet normal 0.000180602 -0.778308 0.627883
  outer loop
    vertex 0.03787281491406472 0.03616483946511199 0.06444258747502944
    vertex 0.03491534963697385 0.03295990325643326 0.06047067824784461
    vertex 0.04081530007922691 0.03295553616478557 0.06046356786999862
  endloop
endfacet
facet normal -0.000165868 -0.195302 -0.980743
  outer loop
    vertex 0.03780208270122218 0.04361379064103191 0.03104699680727542
    vertex 0.03187490687044717 0.04360652802345918 0.03104944549399182
    vertex 0.03483368166784688 0.04864229084276479 0.03004613757077694
  endloop
endfacet
facet normal -3.68125e-05 -0.913152 0.40762
  outer loop
    vertex 0.1470595396157589 0.03292834384864553 0.06041914373880699
    vertex 0.1500086452978238 0.03084523549700571 0.05575282511769911
    vertex 0.1529566384038158 0.03292745852526745 0.06041769300726111
  endloop
endfacet
facet normal 5.63378e-05 -0.937818 -0.347128
  outer loop
    vertex 0.1086796893299275 0.03051125772155436 0.04550679130193964
    vertex 0.1028211651026966 0.03051183945958648 0.04550426883020467
    vertex 0.1057299790570387 0.03228189513666545 0.04072267495169644
  endloop
endfacet
facet normal 0.000128321 0.974594 -0.22398
  outer loop
    vertex 0.09388583260918849 0.06990462068307965 0.0480490834300981
    vertex 0.09095845553956224 0.06876025226690242 0.04306797757633586
    vertex 0.08797868183762478 0.06990404077558779 0.04804317583729684
  endloop
endfacet
facet normal 0 -0.127313 0.991863
  outer loop
    vertex 0.07058823529411754 0.05 0.07000000000000001
    vertex 0.07352641942895151 0.04494890093282836 0.06935165104619287
    vertex 0.076470588235294 0.05 0.07000000000000001
  endloop
endfacet
facet normal 0.000189842 -0.943074 -0.332583
  outer loop
    vertex 0.1824323049263722 0.03214947414299182 0.04098009275944136
    vertex 0.1854208751374916 0.03043930659963499 0.0458311543927705
    vertex 0.1794821199464492 0.03044113753150247 0.04582257268903472
  endloop
endfacet
facet normal -4.30657e-05 -0.822998 -0.568045
  outer loop
    vertex 0.07031422122833225 0.03222364470505502 0.04083478355804504
    vertex 0.07325641002220032 0.0351254859616993 0.03663030171902166
    vertex 0.07620857374127789 0.03222455579222463 0.0408330166785215
  endloop
endfacet
facet normal 0 -0.127332 0.99186
  outer loop
    vertex 0.1470588235294117 0.05 0.07000000000000001
    vertex 0.1500051884974521 0.04494819606708335 0.06935146705093358
    vertex 0.1529411764705882 0.05 0.07000000000000001
  endloop
endfacet
facet normal -0.000427398 0.958718 0.284357
  outer loop
    vertex 0.1440445181285577 0.06974225235960409 0.05320054241804527
    vertex 0.138141231517507 0.06974540298256969 0.05318104716342405
    vertex 0.1410802610963531 0.06829061549395637 0.05809032662209895
  endloop
endfacet
facet normal 0.000219269 0.54597 -0.837805
  outer loop
    vertex 0.1617986837233965 0.06297298202681069 0.03477824788889115
    vertex 0.1676530396084785 0.0629806037386941 0.03478474691045198
    vertex 0.1647621130398425 0.05868186884012865 0.03198264299507823
  endloop
endfacet
facet normal 0.000207803 -0.996717 -0.0809687
  outer loop
    vertex 0.1854208751374916 0.03043930659963499 0.0458311543927705
    vertex 0.1883828351609672 0.03002313769710218 0.05096175492255559
    vertex 0.1824462598059542 0.03002267858074848 0.05095217063172238
  endloop
endfacet
facet normal -0.000162394 0.999564 0.0295111
  outer loop
    vertex 0.08208828427679238 0.06990330354482081 0.04803569146956915
    vertex 0.07618780378407937 0.06990256533515561 0.04802822590546933
    vertex 0.0791295836921224 0.06975215830485389 0.05313882817305943
  endloop
endfacet
facet normal 3.20423e-05 -0.940123 -0.340837
  outer loop
    vertex 0.05850953122418266 0.0322225518495198 0.04083690351153127
    vertex 0.06441171391807332 0.03222322988943128 0.04083558815657052
    vertex 0.06146791604328983 0.03048055983496226 0.04564208127158026
  endloop
endfacet
facet normal -5.84898e-05 -0.937609 -0.347691
  outer loop
    vertex 0.1322549444320706 0.03051317970821996 0.04549846304959411
    vertex 0.1352013823489302 0.03228905212412029 0.04070901914016223
    vertex 0.1381526617455515 0.03051378803635587 0.0454958304530211
  endloop
endfacet
facet normal -5.14253e-05 0.958145 0.286285
  outer loop
    vertex 0.03185112456994674 0.06973883033802591 0.05322157987432063
    vertex 0.02891004246225318 0.06827017854652644 0.05813637363191031
    vertex 0.0348157039753027 0.06827114208770906 0.0581342096611009
  endloop
endfacet
facet normal -5.76407e-05 0.999539 0.0303457
  outer loop
    vertex 0.09978219131686707 0.0699048802528518 0.0480517335604106
    vertex 0.09388583260918849 0.06990462068307965 0.0480490834300981
    vertex 0.09682665219593424 0.06974982193571609 0.05315349544275994
  endloop
endfacet
facet normal 2.82986e-05 0.0607181 -0.998155
  outer loop
    vertex 0.03186345955230652 0.05376570659181971 0.0303577126111971
    vertex 0.03778753751521464 0.0537669894822918 0.0303579586030295
    vertex 0.03483368166784688 0.04864229084276479 0.03004613757077694
  endloop
endfacet
facet normal 0.000114656 0.99956 0.0296715
  outer loop
    vertex 0.08502893632560488 0.06975132633143821 0.05314405918344993
    vertex 0.08208828427679238 0.06990330354482081 0.04803569146956915
    vertex 0.0791295836921224 0.06975215830485389 0.05313882817305943
  endloop
endfacet
facet normal 2.96057e-05 0.741074 -0.671423
  outer loop
    vertex 0.01405344873566149 0.06297025615180063 0.03477592513954697
    vertex 0.01107896946572914 0.06642587692220728 0.03858989187884277
    vertex 0.01702330982055938 0.06642665710927453 0.03859101511025979
  endloop
endfacet
facet normal -5.72308e-05 -0.373825 0.927499
  outer loop
    vertex 0.1264675958995397 0.04494890093282944 0.06935165104619316
    vertex 0.1235238754248095 0.04021890307423395 0.06744506070292591
    vertex 0.1294087725476862 0.04022120794030946 0.0674463527951642
  endloop
endfacet
facet normal 7.14517e-06 0.739034 -0.673668
  outer loop
    vertex 0.06736145933563564 0.06293726684069996 0.0347478812392335
    vertex 0.07031046874368443 0.0663816977046206 0.03852655325046445
    vertex 0.07326166127287138 0.06293701533064287 0.03474766790504772
  endloop
endfacet
facet normal 0 -0.127313 0.991863
  outer loop
    vertex 0.1352941176470587 0.05 0.07000000000000001
    vertex 0.1382323017818923 0.04494890093282961 0.0693516510461932
    vertex 0.1411764705882352 0.05 0.07000000000000001
  endloop
endfacet
facet normal -0.000101079 0.887901 -0.460035
  outer loop
    vertex 0.01404996478790094 0.06879498357715413 0.043162705773882
    vertex 0.0199864570256795 0.06879338865625859 0.04315832309920942
    vertex 0.01702330982055938 0.06642665710927453 0.03859101511025979
  endloop
endfacet
facet normal 0.000234192 0.065083 -0.99788
  outer loop
    vertex 0.1411068007101467 0.04874060384533545 0.03003969135194508
    vertex 0.1381499505192116 0.05383604875859345 0.03037132888039301
    vertex 0.144058812127163 0.0538466759522862 0.03037340874940065
  endloop
endfacet
facet normal 0.00014276 -0.937569 -0.3478
  outer loop
    vertex 0.1381526617455515 0.03051378803635587 0.0454958304530211
    vertex 0.1352013823489302 0.03228905212412029 0.04070901914016223
    vertex 0.141099184451786 0.03229211560914319 0.04070318170554841
  endloop
endfacet
facet normal 0.0001031 0.999542 0.0302532
  outer loop
    vertex 0.09682665219593424 0.06974982193571609 0.05315349544275994
    vertex 0.09388583260918849 0.06990462068307965 0.0480490834300981
    vertex 0.09092787391370431 0.06975057282296188 0.05314878915853059
  endloop
endfacet
facet normal 0.000810367 0.698127 0.715973
  outer loop
    vertex 0.09091950657551913 0.06567202754924577 0.06242527876933479
    vertex 0.08798554903576572 0.06204078691934872 0.06596932842554254
    vertex 0.09386474914667517 0.06201088607060801 0.06599182965763689
  endloop
endfacet
facet normal 4.94769e-05 -0.373893 0.927472
  outer loop
    vertex 0.141173478038558 0.0402200150852802 0.06744568413871617
    vertex 0.1470611661823285 0.04021802140182792 0.06744456633754199
    vertex 0.1441176470588235 0.04494721561712726 0.06935121107270027
  endloop
endfacet
facet normal 5.47832e-05 0.313481 -0.949594
  outer loop
    vertex 0.06737191623942528 0.05378987046797042 0.03036236058391932
    vertex 0.064412978742516 0.0586453230493701 0.03196507861475327
    vertex 0.07031594992295516 0.05864760368321743 0.03196617204978366
  endloop
endfacet
facet normal 0.00143909 -0.44289 -0.896575
  outer loop
    vertex 0.1854482381162447 0.04353835016438853 0.03107258386884406
    vertex 0.1871717737464692 0.03887928195715379 0.03337683453094704
    vertex 0.1824943221218091 0.0389226480220737 0.03334790484181849
  endloop
endfacet
facet normal -4.60819e-05 -0.937671 -0.347524
  outer loop
    vertex 0.1263602919346686 0.03051270071617908 0.04550053707396175
    vertex 0.1293081757283222 0.03228686927148591 0.04071318139540943
    vertex 0.1322549444320706 0.03051317970821996 0.04549846304959411
  endloop
endfacet
facet normal -9.9332e-06 0.886518 -0.462694
  outer loop
    vertex 0.1854553562045671 0.06877302706849128 0.04310264871956677
    vertex 0.182481968677075 0.06639323300866107 0.03854304091288857
    vertex 0.1795320348293577 0.06877318486346623 0.04310307821690557
  endloop
endfacet
facet normal 5.7931e-05 -0.373841 0.927493
  outer loop
    vertex 0.1058770616201925 0.04022143044087001 0.06744647750628351
    vertex 0.1117578089031999 0.04021909848138283 0.06744517026237097
    vertex 0.108822302452587 0.044948021513779 0.06935142148201937
  endloop
endfacet
facet normal 0 -0.127357 0.991857
  outer loop
    vertex 0.1588235294117646 0.05 0.07000000000000001
    vertex 0.1617647058823529 0.04494721561702626 0.06935121107267389
    vertex 0.1647058823529411 0.05 0.07000000000000001
  endloop
endfacet
facet normal -0.000317132 0.974466 -0.224536
  outer loop
    vertex 0.08208828427679238 0.06990330354482081 0.04803569146956915
    vertex 0.08505667539635085 0.06875855231541503 0.04306337870214629
    vertex 0.07915668709147894 0.0687534670697313 0.04304964224917136
  endloop
endfacet
facet normal 1.05796e-06 0.06044 -0.998172
  outer loop
    vertex 0.01703147624999431 0.04863160355534752 0.030046867635124
    vertex 0.01405783218519313 0.05376590057319968 0.03035774980118687
    vertex 0.01999408434928862 0.05376594853820563 0.03035775899731432
  endloop
endfacet
facet normal -0.000163006 0.999555 0.0298312
  outer loop
    vertex 0.08797868183762478 0.06990404077558779 0.04804317583729684
    vertex 0.08208828427679238 0.06990330354482081 0.04803569146956915
    vertex 0.08502893632560488 0.06975132633143821 0.05314405918344993
  endloop
endfacet
facet normal 0.00010295 0.544667 -0.838652
  outer loop
    vertex 0.09685274449875449 0.06294374754714055 0.03475338072109449
    vertex 0.102745032993471 0.06294736940949949 0.03475645627244252
    vertex 0.0998041807347827 0.05866283800809263 0.03197348514977047
  endloop
endfacet
facet normal 0.000141139 -0.780204 0.625525
  outer loop
    vertex 0.1441823139532868 0.03611582534380446 0.06439547477911921
    vertex 0.1470595396157589 0.03292834384864553 0.06041914373880699
    vertex 0.1500381268032849 0.03612049228686773 0.06439997450140457
  endloop
endfacet
facet normal -0.000107555 0.313754 -0.949504
  outer loop
    vertex 0.07917268533068136 0.05379976745404277 0.03036427319157253
    vertex 0.07327431091192164 0.05379489252150431 0.03036333045676455
    vertex 0.07621769649632665 0.05864997656521199 0.03196731008913858
  endloop
endfacet
facet normal 7.25164e-07 0.0580299 -0.998315
  outer loop
    vertex 0.185453254323493 0.05372008274023007 0.03034902077743091
    vertex 0.1884222085478173 0.04858179961337823 0.03005034567559163
    vertex 0.1825018790822895 0.04858183289451631 0.03005034330969768
  endloop
endfacet
facet normal 5.55694e-05 -0.373797 0.927511
  outer loop
    vertex 0.1382323017818923 0.04494890093282961 0.0693516510461932
    vertex 0.1352881306814749 0.04022225383106379 0.06744693898240758
    vertex 0.141173478038558 0.0402200150852802 0.06744568413871617
  endloop
endfacet
facet normal -4.96174e-05 -0.596522 0.802597
  outer loop
    vertex 0.141173478038558 0.0402200150852802 0.06744568413871617
    vertex 0.1441823139532868 0.03611582534380446 0.06439547477911921
    vertex 0.1470611661823285 0.04021802140182792 0.06744456633754199
  endloop
endfacet
facet normal -1.46129e-05 0.887047 -0.46168
  outer loop
    vertex 0.1588356880592427 0.06641231250288537 0.03857038940699937
    vertex 0.1617848292752103 0.06877725635890106 0.04311417081012679
    vertex 0.1647417481054741 0.06641269766273328 0.03857094249591377
  endloop
endfacet
facet normal 4.98511e-05 -0.19518 -0.980767
  outer loop
    vertex 0.03780208270122218 0.04361379064103191 0.03104699680727542
    vertex 0.03483368166784688 0.04864229084276479 0.03004613757077694
    vertex 0.04075505073260527 0.04864458796530185 0.03004598140182797
  endloop
endfacet
facet normal 4.39134e-05 0.313296 -0.949656
  outer loop
    vertex 0.06146389265383566 0.05378443372718155 0.0303613121272176
    vertex 0.05850220435270544 0.05864349356408786 0.03196420173633638
    vertex 0.064412978742516 0.0586453230493701 0.03196507861475327
  endloop
endfacet
facet normal 6.34983e-05 -0.649931 -0.759993
  outer loop
    vertex 0.1588578496264335 0.03905204506087662 0.03326254850190974
    vertex 0.1647722668037384 0.03905450128671772 0.03326094214367081
    vertex 0.1617917841355199 0.03516322593466106 0.03658843277860169
  endloop
endfacet
facet normal 6.10646e-05 0.887067 -0.461641
  outer loop
    vertex 0.1617848292752103 0.06877725635890106 0.04311417081012679
    vertex 0.1676964650621584 0.06877822656790483 0.04311681709058714
    vertex 0.1647417481054741 0.06641269766273328 0.03857094249591377
  endloop
endfacet
facet normal -3.28267e-05 -0.127332 0.99186
  outer loop
    vertex 0.09705835636920805 0.04494743424605402 0.06935126815746329
    vertex 0.1029381841348338 0.04494890093282944 0.06935165104619316
    vertex 0.09999999999999984 0.05 0.07000000000000001
  endloop
endfacet
facet normal -0.000110772 0.313572 -0.949564
  outer loop
    vertex 0.07327431091192164 0.05379489252150431 0.03036333045676455
    vertex 0.06737191623942528 0.05378987046797042 0.03036236058391932
    vertex 0.07031594992295516 0.05864760368321743 0.03196617204978366
  endloop
endfacet
facet normal 4.51834e-05 0.313134 -0.949709
  outer loop
    vertex 0.05555233111714559 0.05377978133059889 0.03036041616803309
    vertex 0.05258954626563052 0.05864161145509821 0.03196329987333837
    vertex 0.05850220435270544 0.05864349356408786 0.03196420173633638
  endloop
endfacet
facet normal -6.69114e-05 -0.822683 -0.5685
  outer loop
    vertex 0.01712702069079888 0.03222070485078558 0.04084048778607066
    vertex 0.02008908039723123 0.03514421477580812 0.03660949420773502
    vertex 0.02305888712403402 0.03222211930855054 0.04083774273879037
  endloop
endfacet
facet normal -6.48266e-05 0.0647249 -0.997903
  outer loop
    vertex 0.1293016612511018 0.04873367840781044 0.03004012951882817
    vertex 0.1322496801125871 0.05383262645476797 0.03037066036622188
    vertex 0.1352022676400663 0.0487366677473025 0.03003994008978695
  endloop
endfacet
facet normal 5.55882e-05 0.545003 -0.838434
  outer loop
    vertex 0.1086459646881025 0.06295061633338694 0.03475921469918918
    vertex 0.1145406541386208 0.06295257218171292 0.03476087686651504
    vertex 0.1115985036028781 0.05867014228547789 0.03197699712174555
  endloop
endfacet
facet normal 4.14564e-05 0.312942 -0.949772
  outer loop
    vertex 0.04963391053235396 0.05377377046189926 0.03035926028631059
    vertex 0.04667086736692915 0.05863988413189056 0.03196247239260587
    vertex 0.05258954626563052 0.05864161145509821 0.03196329987333837
  endloop
endfacet
facet normal -0.000845039 0.544676 -0.838646
  outer loop
    vertex 0.01991735473746937 0.06296448948909196 0.0347710140755458
    vertex 0.02595525723746882 0.06293408728790904 0.03474518482482498
    vertex 0.02296934979942068 0.0586589404547186 0.03197161265665624
  endloop
endfacet
facet normal 1.5139e-06 0.545851 -0.837883
  outer loop
    vertex 0.144059202373563 0.06296817132085547 0.03477414919970179
    vertex 0.1410996006599379 0.05868701808517543 0.03198512512428035
    vertex 0.1381490363437634 0.06296811799530903 0.0347741037813946
  endloop
endfacet
facet normal 3.21522e-05 0.312774 -0.949828
  outer loop
    vertex 0.04371437726654144 0.05376850456451904 0.03035824922907331
    vertex 0.04074954351158367 0.05863854477170963 0.03196183090701364
    vertex 0.04667086736692915 0.05863988413189056 0.03196247239260587
  endloop
endfacet
facet normal 0.000153019 0.975211 -0.221276
  outer loop
    vertex 0.1588226972234988 0.06990993300806145 0.04810406550363533
    vertex 0.1647268474047252 0.06991060081758754 0.04811109156318197
    vertex 0.1617848292752103 0.06877725635890106 0.04311417081012679
  endloop
endfacet
facet normal -9.34577e-05 -0.43555 -0.900164
  outer loop
    vertex 0.161815263021316 0.0436690717971603 0.03102845952247186
    vertex 0.1676985501556462 0.04366500049426471 0.03102981862863896
    vertex 0.1647722668037384 0.03905450128671772 0.03326094214367081
  endloop
endfacet
facet normal 0 -0.127357 0.991857
  outer loop
    vertex 0.03529411764705876 0.05 0.07000000000000001
    vertex 0.03823529411764699 0.04494721561695915 0.06935121107265638
    vertex 0.04117647058823522 0.05 0.07000000000000001
  endloop
endfacet
facet normal 0.000188828 -0.986371 0.164535
  outer loop
    vertex 0.05261433499820101 0.03001376231315617 0.0507418241873809
    vertex 0.0496743991047462 0.0308538436426928 0.05578140958085007
    vertex 0.04670831616594667 0.03001408834824865 0.0507505567589393
  endloop
endfacet
facet normal 0.000148016 -0.986216 0.16546
  outer loop
    vertex 0.03785623099750554 0.0308605881831121 0.05580369841597336
    vertex 0.03489502777924587 0.03001459163459983 0.05076384060391738
    vertex 0.04080188405649662 0.03001433161253407 0.05075700667516524
  endloop
endfacet
facet normal -0.00013244 0.313037 -0.949741
  outer loop
    vertex 0.05555233111714559 0.05377978133059889 0.03036041616803309
    vertex 0.04963391053235396 0.05377377046189926 0.03035926028631059
    vertex 0.05258954626563052 0.05864161145509821 0.03196329987333837
  endloop
endfacet
facet normal 6.58852e-05 -0.192476 -0.981302
  outer loop
    vertex 0.1647684581657264 0.0486980352408397 0.03004242279819756
    vertex 0.1706893150005585 0.04870107019909897 0.03004222503954083
    vertex 0.1676985501556462 0.04366500049426471 0.03102981862863896
  endloop
endfacet
facet normal -0.000116083 0.312855 -0.949801
  outer loop
    vertex 0.04963391053235396 0.05377377046189926 0.03035926028631059
    vertex 0.04371437726654144 0.05376850456451904 0.03035824922907331
    vertex 0.04667086736692915 0.05863988413189056 0.03196247239260587
  endloop
endfacet
facet normal -4.44205e-06 0.694381 0.719607
  outer loop
    vertex 0.03185970760855018 0.06560913384016959 0.06250419692581946
    vertex 0.02595290096105047 0.06560926250851802 0.06250403630593633
    vertex 0.02890136718888622 0.0619393902942028 0.06604527841462079
  endloop
endfacet
facet normal -0.000102566 0.313215 -0.949682
  outer loop
    vertex 0.06146389265383566 0.05378443372718155 0.0303613121272176
    vertex 0.05555233111714559 0.05377978133059889 0.03036041616803309
    vertex 0.05850220435270544 0.05864349356408786 0.03196420173633638
  endloop
endfacet
facet normal -0.000119863 0.313385 -0.949626
  outer loop
    vertex 0.06737191623942528 0.05378987046797042 0.03036236058391932
    vertex 0.06146389265383566 0.05378443372718155 0.0303613121272176
    vertex 0.064412978742516 0.0586453230493701 0.03196507861475327
  endloop
endfacet
facet normal 4.20386e-05 -0.819396 -0.573227
  outer loop
    vertex 0.108673216147342 0.03520778592703638 0.03653930154785358
    vertex 0.1145633767224363 0.03520909240963313 0.03653786596957126
    vertex 0.1116230982092484 0.03228348100025355 0.04071964685307596
  endloop
endfacet
facet normal -3.72211e-06 0.312767 -0.94983
  outer loop
    vertex 0.02593054260492142 0.05376553760049315 0.03035768021390365
    vertex 0.02890198293178155 0.05864160098656142 0.03196329485773356
    vertex 0.03186345955230652 0.05376570659181971 0.0303577126111971
  endloop
endfacet
facet normal 0.00012637 0.999587 0.0287492
  outer loop
    vertex 0.06732687874410108 0.06975390817255932 0.05312779665421111
    vertex 0.06437624241790255 0.0699013127796704 0.04801562361288796
    vertex 0.06142310328873626 0.06975482039577674 0.05312202996952359
  endloop
endfacet
facet normal 7.68941e-05 -0.19544 -0.980716
  outer loop
    vertex 0.03187490687044717 0.04360652802345918 0.03104944549399182
    vertex 0.02890302992374762 0.04863874531663622 0.03004637913342493
    vertex 0.03483368166784688 0.04864229084276479 0.03004613757077694
  endloop
endfacet
facet normal -0.000164312 -0.195577 -0.980688
  outer loop
    vertex 0.03187490687044717 0.04360652802345918 0.03104944549399182
    vertex 0.0259439761948386 0.04359933555296691 0.0310518735850616
    vertex 0.02890302992374762 0.04863874531663622 0.03004637913342493
  endloop
endfacet
facet normal 0.00170742 0.974346 -0.22505
  outer loop
    vertex 0.04370403721731225 0.06877091880406029 0.04309691320847146
    vertex 0.04668920332843454 0.06990094849862188 0.04801197362814279
    vertex 0.04965948911145624 0.06874314714620208 0.0430218602008976
  endloop
endfacet
facet normal 2.47261e-05 -0.939533 -0.34246
  outer loop
    vertex 0.1588618053941329 0.03224132433767664 0.04080057400049308
    vertex 0.1647746753096959 0.0322418493175942 0.04079956064413386
    vertex 0.1617764750236839 0.03048675946112583 0.04561440498084494
  endloop
endfacet
facet normal -7.36678e-05 -0.995685 -0.0927993
  outer loop
    vertex 0.1559081570743592 0.03048750104805788 0.04561110667132846
    vertex 0.1617764750236839 0.03048675946112583 0.04561440498084494
    vertex 0.1588627468108786 0.03001245550892523 0.05070573735717088
  endloop
endfacet
facet normal 4.6077e-06 0.739246 -0.673435
  outer loop
    vertex 0.182481968677075 0.06639323300866107 0.03854304091288857
    vertex 0.1854513781007921 0.06293132693116434 0.03474284483269099
    vertex 0.1795151868705359 0.06293148929315588 0.03474298244541238
  endloop
endfacet
facet normal -0.0001102 0.97488 -0.22273
  outer loop
    vertex 0.1322406831013712 0.06876831898846636 0.04308984787814528
    vertex 0.1351919640283099 0.06990680400112528 0.04807148905608953
    vertex 0.1381465675882815 0.06877007942132828 0.04309463118167981
  endloop
endfacet
facet normal -0.000104142 0.739505 -0.673152
  outer loop
    vertex 0.03778558920412863 0.06294217202555726 0.03475204330866318
    vertex 0.03186870259524807 0.06293851040681549 0.03474893615341122
    vertex 0.03482144635341942 0.06639532358191375 0.03854603279887955
  endloop
endfacet
facet normal -0.000516222 0.694277 0.719708
  outer loop
    vertex 0.02004240605057453 0.06561033732918725 0.06250269444835725
    vertex 0.01709000680843133 0.06192371554756513 0.06605693020289849
    vertex 0.02297920392388978 0.06194281614602466 0.0660427286489005
  endloop
endfacet
facet normal 1.33121e-05 -0.986651 0.162849
  outer loop
    vertex 0.1529572766516771 0.03001247720489006 0.05070635155196298
    vertex 0.1588627468108786 0.03001245550892523 0.05070573735717088
    vertex 0.1558819509022828 0.03084570353680587 0.05575438328581514
  endloop
endfacet
facet normal 5.11193e-05 0.544205 -0.838952
  outer loop
    vertex 0.07916177046780121 0.06293671558136046 0.03474741366302143
    vertex 0.08505595423776761 0.06293851496021638 0.03474894001637076
    vertex 0.08211682217530752 0.05865237376533805 0.03196846018153497
  endloop
endfacet
facet normal 0.000115194 -0.652176 -0.758068
  outer loop
    vertex 0.08209809043541982 0.03899665023797706 0.03329891338820766
    vertex 0.0879886580944149 0.03900108887855795 0.03329598987839692
    vertex 0.08505036846317345 0.03512756242839894 0.03662799189804206
  endloop
endfacet
facet normal -4.24504e-05 0.959731 0.280919
  outer loop
    vertex 0.05551633963866262 0.06975572175770409 0.05311632120170202
    vertex 0.05258271535611203 0.06831762514436879 0.05802898555674306
    vertex 0.05846615621313757 0.06831840869594491 0.0580271976958544
  endloop
endfacet
facet normal -3.28314e-05 -0.127332 0.99186
  outer loop
    vertex 0.1205877681783948 0.04494743403875916 0.06935126810333914
    vertex 0.1264675958995397 0.04494890093282944 0.06935165104619316
    vertex 0.1235294117647058 0.05 0.07000000000000001
  endloop
endfacet
facet normal 5.3427e-05 0.975162 -0.221494
  outer loop
    vertex 0.1824761846548128 0.06991065627417263 0.04811167621109348
    vertex 0.1795320348293577 0.06877318486346623 0.04310307821690557
    vertex 0.1765586616451479 0.06991042359571331 0.04810922443445477
  endloop
endfacet
facet normal -3.53716e-05 -0.913152 0.407619
  outer loop
    vertex 0.1500086452978238 0.03084523549700571 0.05575282511769911
    vertex 0.1558819509022828 0.03084570353680587 0.05575438328581514
    vertex 0.1529566384038158 0.03292745852526745 0.06041769300726111
  endloop
endfacet
facet normal 0.000111856 -0.652235 -0.758017
  outer loop
    vertex 0.03782003136062523 0.0351217623083492 0.0366344456459621
    vertex 0.03484907646988059 0.03900136196646559 0.03329581006431949
    vertex 0.04076824270747432 0.03900568176444213 0.03329296655491228
  endloop
endfacet
facet normal -7.72968e-05 0.0605642 -0.998164
  outer loop
    vertex 0.02296846132502192 0.04863518240034046 0.03004662251848927
    vertex 0.02593054260492142 0.05376553760049315 0.03035768021390365
    vertex 0.02890302992374762 0.04863874531663622 0.03004637913342493
  endloop
endfacet
facet normal 0.00057858 -0.19566 -0.980672
  outer loop
    vertex 0.06441724731672153 0.04863243846950072 0.03004681039381677
    vertex 0.067353153410009 0.04359314324667211 0.03105396646940746
    vertex 0.06146427199727003 0.04361833678796669 0.03104546559136362
  endloop
endfacet
facet normal -0.000167685 -0.195852 -0.980633
  outer loop
    vertex 0.0259439761948386 0.04359933555296691 0.0310518735850616
    vertex 0.02000754496677648 0.0435919953598532 0.03105435468156714
    vertex 0.02296846132502192 0.04863518240034046 0.03004662251848927
  endloop
endfacet
facet normal -0.000141375 -0.59648 0.802628
  outer loop
    vertex 0.1441823139532868 0.03611582534380446 0.06439547477911921
    vertex 0.1500381268032849 0.03612049228686773 0.06439997450140457
    vertex 0.1470611661823285 0.04021802140182792 0.06744456633754199
  endloop
endfacet
facet normal 8.67378e-05 0.857121 0.515115
  outer loop
    vertex 0.05551085045695277 0.06568531991594891 0.06240849463610863
    vertex 0.05258271535611203 0.06831762514436879 0.05802898555674306
    vertex 0.0496077663591666 0.06568780737373733 0.06240534964458934
  endloop
endfacet
facet normal -0.00026572 -0.776769 0.629786
  outer loop
    vertex 0.0201458820522869 0.03620061614317593 0.06447677468126183
    vertex 0.01423122238885255 0.03620950452681944 0.06448524195877262
    vertex 0.01716969282525144 0.03297986197321533 0.06050309009526236
  endloop
endfacet
facet normal -0.000197761 -0.196147 -0.980574
  outer loop
    vertex 0.02000754496677648 0.0435919953598532 0.03105435468156714
    vertex 0.01406758693014637 0.0435833428339813 0.0310572834362708
    vertex 0.01703147624999431 0.04863160355534752 0.030046867635124
  endloop
endfacet
facet normal 0 0.127357 0.991857
  outer loop
    vertex 0.0294117647058823 0.05 0.07000000000000001
    vertex 0.02647058823529407 0.05505278438302355 0.06935121107266089
    vertex 0.02352941176470584 0.05 0.07000000000000001
  endloop
endfacet
facet normal 0.000266725 0.974929 -0.222517
  outer loop
    vertex 0.1381465675882815 0.06877007942132828 0.04309463118167981
    vertex 0.1351919640283099 0.06990680400112528 0.04807148905608953
    vertex 0.141098574847637 0.06990798909915392 0.04808376148980128
  endloop
endfacet
facet normal -1.44123e-05 -0.940355 -0.340193
  outer loop
    vertex 0.02009989720967561 0.03047490867125199 0.04566747087672234
    vertex 0.02305888712403402 0.03222211930855054 0.04083774273879037
    vertex 0.02601695972840825 0.03047505256479617 0.04566682245314976
  endloop
endfacet
facet normal 7.86342e-05 -0.196303 -0.980543
  outer loop
    vertex 0.01406758693014637 0.0435833428339813 0.0310572834362708
    vertex 0.01108931272881219 0.04862798049588941 0.03004711643695729
    vertex 0.01703147624999431 0.04863160355534752 0.030046867635124
  endloop
endfacet
facet normal -1.25955e-05 -0.647075 -0.762426
  outer loop
    vertex 0.141110424654277 0.03911176933931639 0.03322363468805745
    vertex 0.1381421659774681 0.0352169464461965 0.03652924175759296
    vertex 0.1352051300294304 0.03911225784712946 0.03322331764583338
  endloop
endfacet
facet normal 0.00015259 0.999433 0.0336763
  outer loop
    vertex 0.1676786832861082 0.06973772171350015 0.0532283651528947
    vertex 0.1647268474047252 0.06991060081758754 0.04811109156318197
    vertex 0.1617720427400253 0.06973885782396815 0.05322141146163784
  endloop
endfacet
facet normal -0.000218795 0.74082 -0.671704
  outer loop
    vertex 0.1647417481054741 0.06641269766273328 0.03857094249591377
    vertex 0.1676530396084785 0.0629806037386941 0.03478474691045198
    vertex 0.1617986837233965 0.06297298202681069 0.03477824788889115
  endloop
endfacet
facet normal 7.76585e-05 -0.195991 -0.980606
  outer loop
    vertex 0.02000754496677648 0.0435919953598532 0.03105435468156714
    vertex 0.01703147624999431 0.04863160355534752 0.030046867635124
    vertex 0.02296846132502192 0.04863518240034046 0.03004662251848927
  endloop
endfacet
facet normal 7.72812e-05 -0.195713 -0.980661
  outer loop
    vertex 0.0259439761948386 0.04359933555296691 0.0310518735850616
    vertex 0.02296846132502192 0.04863518240034046 0.03004662251848927
    vertex 0.02890302992374762 0.04863874531663622 0.03004637913342493
  endloop
endfacet
facet normal 3.67703e-05 -0.780166 0.625572
  outer loop
    vertex 0.1470595396157589 0.03292834384864553 0.06041914373880699
    vertex 0.1529566384038158 0.03292745852526745 0.06041769300726111
    vertex 0.1500381268032849 0.03612049228686773 0.06439997450140457
  endloop
endfacet
facet normal 0.000406033 -0.438833 -0.898568
  outer loop
    vertex 0.06441747621812083 0.03900539250496235 0.03329315691011429
    vertex 0.067353153410009 0.04359314324667211 0.03105396646940746
    vertex 0.0703135960444437 0.03898975643864082 0.03330345734232537
  endloop
endfacet
facet normal -0.00011466 0.546128 -0.837702
  outer loop
    vertex 0.1647621130398425 0.05868186884012865 0.03198264299507823
    vertex 0.1676530396084785 0.0629806037386941 0.03478474691045198
    vertex 0.1706816959494173 0.0586866374597528 0.03198494158647218
  endloop
endfacet
facet normal -6.10564e-05 0.975238 -0.221156
  outer loop
    vertex 0.1617848292752103 0.06877725635890106 0.04311417081012679
    vertex 0.1647268474047252 0.06991060081758754 0.04811109156318197
    vertex 0.1676964650621584 0.06877822656790483 0.04311681709058714
  endloop
endfacet
facet normal -4.98973e-05 0.060763 -0.998152
  outer loop
    vertex 0.03483368166784688 0.04864229084276479 0.03004613757077694
    vertex 0.03778753751521464 0.0537669894822918 0.0303579586030295
    vertex 0.04075505073260527 0.04864458796530185 0.03004598140182797
  endloop
endfacet
facet normal -0.000106765 0.316316 -0.948654
  outer loop
    vertex 0.144058812127163 0.0538466759522862 0.03037340874940065
    vertex 0.1470027987510386 0.05869976060605652 0.03199127529786445
    vertex 0.1499632313945599 0.05385151517564615 0.0303743578232006
  endloop
endfacet
facet normal -0.000207842 -0.986121 0.166031
  outer loop
    vertex 0.03194739843475244 0.03086342107243921 0.05581303250887489
    vertex 0.02603224249981896 0.03086621510435805 0.0558222225625017
    vertex 0.02898249225792799 0.03001478813232507 0.0507689646312705
  endloop
endfacet
facet normal 7.20528e-05 0.543137 -0.839644
  outer loop
    vertex 0.1854513781007921 0.06293132693116434 0.03474284483269099
    vertex 0.1884238740135835 0.05861237942995223 0.031949323543021
    vertex 0.1825049088980579 0.05861537355802868 0.03195075241303338
  endloop
endfacet
facet normal -0.00185576 0.974818 -0.222995
  outer loop
    vertex 0.04073798686033308 0.06990939486936282 0.04809842277680094
    vertex 0.04668920332843454 0.06990094849862188 0.04801197362814279
    vertex 0.04370403721731225 0.06877091880406029 0.04309691320847146
  endloop
endfacet
facet normal 0.000165307 -0.99592 -0.090243
  outer loop
    vertex 0.04080188405649662 0.03001433161253407 0.05075700667516524
    vertex 0.03784312480521583 0.03047509183287861 0.04566664551813769
    vertex 0.04374882245941278 0.03047674740863873 0.04565919267256592
  endloop
endfacet
facet normal 4.2658e-05 -0.995691 -0.0927333
  outer loop
    vertex 0.1617764750236839 0.03048675946112583 0.04561440498084494
    vertex 0.1647744095199893 0.03001252520316731 0.05070770844701619
    vertex 0.1588627468108786 0.03001245550892523 0.05070573735717088
  endloop
endfacet
facet normal 1.69703e-05 -0.647705 -0.761891
  outer loop
    vertex 0.1057237382905308 0.03909539357077108 0.03323427428878729
    vertex 0.1116136025233481 0.03909605036070044 0.03323384712393393
    vertex 0.108673216147342 0.03520778592703638 0.03653930154785358
  endloop
endfacet
facet normal 0 0.127357 0.991857
  outer loop
    vertex 0.1823529411764706 0.05 0.07000000000000001
    vertex 0.1794117647058823 0.05505278438301258 0.06935121107266376
    vertex 0.1764705882352941 0.05 0.07000000000000001
  endloop
endfacet
facet normal 9.90933e-05 -0.822737 -0.568422
  outer loop
    vertex 0.01712702069079888 0.03222070485078558 0.04084048778607066
    vertex 0.01415143616221924 0.03514114981873313 0.03661289533578432
    vertex 0.02008908039723123 0.03514421477580812 0.03660949420773502
  endloop
endfacet
facet normal 9.17124e-06 -0.435603 -0.900139
  outer loop
    vertex 0.1676985501556462 0.04366500049426471 0.03102981862863896
    vertex 0.1706931387177782 0.03905414637844501 0.03326117421993133
    vertex 0.1647722668037384 0.03905450128671772 0.03326094214367081
  endloop
endfacet
facet normal -0.000112037 0.974624 -0.223846
  outer loop
    vertex 0.0968380546483996 0.06876203945713515 0.04307281619928387
    vertex 0.09095845553956224 0.06876025226690242 0.04306797757633586
    vertex 0.09388583260918849 0.06990462068307965 0.0480490834300981
  endloop
endfacet
facet normal 0.000199617 0.958061 0.286563
  outer loop
    vertex 0.1706278923701396 0.06827182166728993 0.05813268301108277
    vertex 0.1765428849125461 0.06826806894385749 0.05814110908061485
    vertex 0.1735934147484788 0.06973723718316575 0.05323132610168941
  endloop
endfacet
facet normal 3.28636e-05 -0.373873 0.92748
  outer loop
    vertex 0.09705835636920805 0.04494743424605402 0.06935126815746329
    vertex 0.0999951381690474 0.040218931302217 0.06744507652976191
    vertex 0.1029381841348338 0.04494890093282944 0.06935165104619316
  endloop
endfacet
facet normal -4.20371e-05 -0.647679 -0.761913
  outer loop
    vertex 0.108673216147342 0.03520778592703638 0.03653930154785358
    vertex 0.1116136025233481 0.03909605036070044 0.03323384712393393
    vertex 0.1145633767224363 0.03520909240963313 0.03653786596957126
  endloop
endfacet
facet normal 4.23909e-05 0.857108 0.515137
  outer loop
    vertex 0.05846615621313757 0.06831840869594491 0.0580271976958544
    vertex 0.05258271535611203 0.06831762514436879 0.05802898555674306
    vertex 0.05551085045695277 0.06568531991594891 0.06240849463610863
  endloop
endfacet
facet normal -0.000100688 -0.995961 -0.0897872
  outer loop
    vertex 0.02306957486865634 0.03001496732362139 0.05077360773269094
    vertex 0.02601695972840825 0.03047505256479617 0.04566682245314976
    vertex 0.02898249225792799 0.03001478813232507 0.0507689646312705
  endloop
endfacet
facet normal 0.00016298 0.974529 -0.224264
  outer loop
    vertex 0.08797868183762478 0.06990404077558779 0.04804317583729684
    vertex 0.08505667539635085 0.06875855231541503 0.04306337870214629
    vertex 0.08208828427679238 0.06990330354482081 0.04803569146956915
  endloop
endfacet
facet normal 0.00042733 0.999484 0.0321281
  outer loop
    vertex 0.141098574847637 0.06990798909915392 0.04808376148980128
    vertex 0.138141231517507 0.06974540298256969 0.05318104716342405
    vertex 0.1440445181285577 0.06974225235960409 0.05320054241804527
  endloop
endfacet
facet normal -0.000210242 -0.822839 -0.568274
  outer loop
    vertex 0.01712702069079888 0.03222070485078558 0.04084048778607066
    vertex 0.01118623218975801 0.03221625812552431 0.04084912436200668
    vertex 0.01415143616221924 0.03514114981873313 0.03661289533578432
  endloop
endfacet
facet normal 6.00569e-05 0.999428 0.033827
  outer loop
    vertex 0.1795093254320254 0.06973678909201442 0.05323406189448204
    vertex 0.1765586616451479 0.06991042359571331 0.04810922443445477
    vertex 0.1735934147484788 0.06973723718316575 0.05323132610168941
  endloop
endfacet
facet normal -7.76442e-05 0.975004 -0.222188
  outer loop
    vertex 0.03185571629932236 0.06876954229766553 0.043093171354656
    vertex 0.02592883907416004 0.06876830313031219 0.04308980480675736
    vertex 0.02889199855482327 0.06990901385603257 0.04809443780466145
  endloop
endfacet
facet normal -7.55023e-05 0.315532 -0.948915
  outer loop
    vertex 0.1351988125198412 0.05868352696793293 0.0319834420768788
    vertex 0.1381499505192116 0.05383604875859345 0.03037132888039301
    vertex 0.1322496801125871 0.05383262645476797 0.03037066036622188
  endloop
endfacet
facet normal -8.53005e-05 0.0648984 -0.997892
  outer loop
    vertex 0.1352022676400663 0.0487366677473025 0.03003994008978695
    vertex 0.1381499505192116 0.05383604875859345 0.03037132888039301
    vertex 0.1411068007101467 0.04874060384533545 0.03003969135194508
  endloop
endfacet
facet normal 3.33996e-05 0.0608111 -0.998149
  outer loop
    vertex 0.04075505073260527 0.04864458796530185 0.03004598140182797
    vertex 0.03778753751521464 0.0537669894822918 0.0303579586030295
    vertex 0.04371437726654144 0.05376850456451904 0.03035824922907331
  endloop
endfacet
facet normal -7.86176e-05 0.060394 -0.998175
  outer loop
    vertex 0.01703147624999431 0.04863160355534752 0.030046867635124
    vertex 0.01108931272881219 0.04862798049588941 0.03004711643695729
    vertex 0.01405783218519313 0.05376590057319968 0.03035774980118687
  endloop
endfacet
facet normal -3.77239e-05 -0.127335 0.99186
  outer loop
    vertex 0.06764705882352931 0.04494721561702628 0.0693512110726739
    vertex 0.07352641942895151 0.04494890093282836 0.06935165104619287
    vertex 0.07058823529411754 0.05 0.07000000000000001
  endloop
endfacet
facet normal -3.77239e-05 -0.127335 0.99186
  outer loop
    vertex 0.1323529411764705 0.04494721561702628 0.06935121107267389
    vertex 0.1382323017818923 0.04494890093282961 0.0693516510461932
    vertex 0.1352941176470587 0.05 0.07000000000000001
  endloop
endfacet
facet normal 5.1299e-05 0.854008 0.52026
  outer loop
    vertex 0.0348157039753027 0.06827114208770906 0.0581342096611009
    vertex 0.02891004246225318 0.06827017854652644 0.05813637363191031
    vertex 0.03185970760855018 0.06560913384016959 0.06250419692581946
  endloop
endfacet
facet normal -0.00023104 -0.99598 -0.0895797
  outer loop
    vertex 0.02306957486865634 0.03001496732362139 0.05077360773269094
    vertex 0.01714103172649995 0.03001538311568365 0.05078427545358601
    vertex 0.02009989720967561 0.03047490867125199 0.04566747087672234
  endloop
endfacet
facet normal 0 -0.12734 0.991859
  outer loop
    vertex 0.1529411764705882 0.05 0.07000000000000001
    vertex 0.1558841265132005 0.04494785131109474 0.06935137704725927
    vertex 0.1588235294117646 0.05 0.07000000000000001
  endloop
endfacet
facet normal 0.000110957 -0.986151 0.165849
  outer loop
    vertex 0.03194739843475244 0.03086342107243921 0.05581303250887489
    vertex 0.02898249225792799 0.03001478813232507 0.0507689646312705
    vertex 0.03489502777924587 0.03001459163459983 0.05076384060391738
  endloop
endfacet
facet normal 0.000208516 -0.911452 0.411407
  outer loop
    vertex 0.02308470177093627 0.03297428623869743 0.06049404930987997
    vertex 0.0201175903524408 0.03086902189015874 0.05583143863560051
    vertex 0.02603224249981896 0.03086621510435805 0.0558222225625017
  endloop
endfacet
facet normal -8.39282e-05 0.545809 -0.837909
  outer loop
    vertex 0.1381490363437634 0.06296811799530903 0.0347741037813946
    vertex 0.1410996006599379 0.05868701808517543 0.03198512512428035
    vertex 0.1351988125198412 0.05868352696793293 0.0319834420768788
  endloop
endfacet
facet normal 0 -0.127357 0.991857
  outer loop
    vertex 0.1764705882352941 0.05 0.07000000000000001
    vertex 0.1794117647058823 0.04494721561698976 0.06935121107266437
    vertex 0.1823529411764706 0.05 0.07000000000000001
  endloop
endfacet
facet normal 6.68237e-05 -0.940371 -0.340149
  outer loop
    vertex 0.02009989720967561 0.03047490867125199 0.04566747087672234
    vertex 0.01712702069079888 0.03222070485078558 0.04084048778607066
    vertex 0.02305888712403402 0.03222211930855054 0.04083774273879037
  endloop
endfacet
facet normal 6.30564e-05 -0.373857 0.927487
  outer loop
    vertex 0.09411764705888297 0.0402214684281633 0.06744649879771276
    vertex 0.0999951381690474 0.040218931302217 0.06744507652976191
    vertex 0.09705835636920805 0.04494743424605402 0.06935126815746329
  endloop
endfacet
facet normal -0.000220443 0.999592 0.0285488
  outer loop
    vertex 0.06142310328873626 0.06975482039577674 0.05312202996952359
    vertex 0.06437624241790255 0.0699013127796704 0.04801562361288796
    vertex 0.05847099691585281 0.06990029986466724 0.04800549121427727
  endloop
endfacet
facet normal 9.91939e-06 0.975167 -0.22147
  outer loop
    vertex 0.1824761846548128 0.06991065627417263 0.04811167621109348
    vertex 0.1854553562045671 0.06877302706849128 0.04310264871956677
    vertex 0.1795320348293577 0.06877318486346623 0.04310307821690557
  endloop
endfacet
facet normal -7.72173e-06 -0.373813 0.927504
  outer loop
    vertex 0.1529420180298645 0.04022129764912349 0.06744640307722374
    vertex 0.1558841265132005 0.04494785131109474 0.06935137704725927
    vertex 0.1500051884974521 0.04494819606708335 0.06935146705093358
  endloop
endfacet
facet normal -6.48945e-05 0.958105 0.286417
  outer loop
    vertex 0.1706278923701396 0.06827182166728993 0.05813268301108277
    vertex 0.1735934147484788 0.06973723718316575 0.05323132610168941
    vertex 0.1676786832861082 0.06973772171350015 0.0532283651528947
  endloop
endfacet
facet normal -0.000121049 -0.996732 -0.0807801
  outer loop
    vertex 0.1854208751374916 0.03043930659963499 0.0458311543927705
    vertex 0.1899833212526693 0.03043841222061943 0.04583535313026558
    vertex 0.1883828351609672 0.03002313769710218 0.05096175492255559
  endloop
endfacet
facet normal 0.000101798 -0.937641 -0.347604
  outer loop
    vertex 0.1293081757283222 0.03228686927148591 0.04071318139540943
    vertex 0.1352013823489302 0.03228905212412029 0.04070901914016223
    vertex 0.1322549444320706 0.03051317970821996 0.04549846304959411
  endloop
endfacet
facet normal 0.000185868 0.958459 0.285231
  outer loop
    vertex 0.01704676247908037 0.06827488770842494 0.05812579099192559
    vertex 0.01412853811925297 0.06974353653545767 0.05319261101185972
    vertex 0.0111629024938252 0.06827834190943412 0.05811801804887279
  endloop
endfacet
facet normal 0.000121794 0.975182 -0.221407
  outer loop
    vertex 0.1824761846548128 0.06991065627417263 0.04811167621109348
    vertex 0.1884109356482701 0.06991118664742135 0.04811727689461529
    vertex 0.1854553562045671 0.06877302706849128 0.04310264871956677
  endloop
endfacet
facet normal -6.10141e-05 -0.822992 -0.568053
  outer loop
    vertex 0.06736036417286402 0.03512736853075474 0.03662820755545407
    vertex 0.07325641002220032 0.0351254859616993 0.03663030171902166
    vertex 0.07031422122833225 0.03222364470505502 0.04083478355804504
  endloop
endfacet
facet normal 1.42712e-05 -0.647064 -0.762436
  outer loop
    vertex 0.1352051300294304 0.03911225784712946 0.03322331764583338
    vertex 0.1381421659774681 0.0352169464461965 0.03652924175759296
    vertex 0.1322551505814027 0.03521738951463607 0.03652875554234099
  endloop
endfacet
facet normal 0.000184985 0.957978 0.286843
  outer loop
    vertex 0.1765428849125461 0.06826806894385749 0.05814110908061485
    vertex 0.1824652868536147 0.06826458760772217 0.05814891646293188
    vertex 0.1795093254320254 0.06973678909201442 0.05323406189448204
  endloop
endfacet
facet normal 0.000741265 0.739126 -0.673567
  outer loop
    vertex 0.09095686988073758 0.06294051417206298 0.03475063630958206
    vertex 0.08800637111522336 0.06637245400153564 0.03851336646499074
    vertex 0.09389199985838767 0.06639204570169083 0.03854134223769297
  endloop
endfacet
facet normal 3.28685e-05 -0.373873 0.92748
  outer loop
    vertex 0.1205877681783948 0.04494743403875916 0.06935126810333914
    vertex 0.1235238754248095 0.04021890307423395 0.06744506070292591
    vertex 0.1264675958995397 0.04494890093282944 0.06935165104619316
  endloop
endfacet
facet normal 8.39133e-05 0.31562 -0.948886
  outer loop
    vertex 0.1351988125198412 0.05868352696793293 0.0319834420768788
    vertex 0.1410996006599379 0.05868701808517543 0.03198512512428035
    vertex 0.1381499505192116 0.05383604875859345 0.03037132888039301
  endloop
endfacet
facet normal -3.33695e-05 0.312738 -0.949839
  outer loop
    vertex 0.04371437726654144 0.05376850456451904 0.03035824922907331
    vertex 0.03778753751521464 0.0537669894822918 0.0303579586030295
    vertex 0.04074954351158367 0.05863854477170963 0.03196183090701364
  endloop
endfacet
facet normal 7.54751e-05 0.0648058 -0.997898
  outer loop
    vertex 0.1322496801125871 0.05383262645476797 0.03037066036622188
    vertex 0.1381499505192116 0.05383604875859345 0.03037132888039301
    vertex 0.1352022676400663 0.0487366677473025 0.03003994008978695
  endloop
endfacet
facet normal -0.000656012 0.739253 -0.673428
  outer loop
    vertex 0.04663651831166164 0.06639457061909528 0.03854495507579748
    vertex 0.05258438292135832 0.0663770734021194 0.03851995353748107
    vertex 0.04962337339202393 0.06294158198448921 0.03475154251280661
  endloop
endfacet
facet normal 1.43882e-05 -0.995967 -0.0897213
  outer loop
    vertex 0.02306957486865634 0.03001496732362139 0.05077360773269094
    vertex 0.02009989720967561 0.03047490867125199 0.04566747087672234
    vertex 0.02601695972840825 0.03047505256479617 0.04566682245314976
  endloop
endfacet
facet normal -0.000101807 -0.819067 -0.573697
  outer loop
    vertex 0.1322551505814027 0.03521738951463607 0.03652875554234099
    vertex 0.1352013823489302 0.03228905212412029 0.04070901914016223
    vertex 0.1293081757283222 0.03228686927148591 0.04071318139540943
  endloop
endfacet
facet normal -0.000148039 -0.995936 -0.0900623
  outer loop
    vertex 0.03489502777924587 0.03001459163459983 0.05076384060391738
    vertex 0.03784312480521583 0.03047509183287861 0.04566664551813769
    vertex 0.04080188405649662 0.03001433161253407 0.05075700667516524
  endloop
endfacet
facet normal -0.000167793 0.958583 0.284814
  outer loop
    vertex 0.1499552027582049 0.06974100658321046 0.05320821743054326
    vertex 0.1440445181285577 0.06974225235960409 0.05320054241804527
    vertex 0.1469818784021852 0.06828847994102605 0.05809515296005505
  endloop
endfacet
facet normal 0.000229867 -0.77695 0.629562
  outer loop
    vertex 0.0201458820522869 0.03620061614317593 0.06447677468126183
    vertex 0.01716969282525144 0.03297986197321533 0.06050309009526236
    vertex 0.02308470177093627 0.03297428623869743 0.06049404930987997
  endloop
endfacet
facet normal 0.000488496 0.975135 -0.221612
  outer loop
    vertex 0.1884109356482701 0.06991118664742135 0.04811727689461529
    vertex 0.1904132064003873 0.06876653113617104 0.04308499391792581
    vertex 0.1854553562045671 0.06877302706849128 0.04310264871956677
  endloop
endfacet
facet normal 0.000169831 -0.826896 -0.562355
  outer loop
    vertex 0.1843369585626419 0.03505266261490049 0.03671176817270234
    vertex 0.188394697785355 0.0321459404273407 0.0409870894392581
    vertex 0.1824323049263722 0.03214947414299182 0.04098009275944136
  endloop
endfacet
facet normal 5.66371e-05 -0.373861 0.927485
  outer loop
    vertex 0.1176447026282263 0.04022118247817201 0.06744633852344926
    vertex 0.1235238754248095 0.04021890307423395 0.06744506070292591
    vertex 0.1205877681783948 0.04494743403875916 0.06935126810333914
  endloop
endfacet
facet normal -5.334e-05 0.999425 0.0338922
  outer loop
    vertex 0.1795093254320254 0.06973678909201442 0.05323406189448204
    vertex 0.1824761846548128 0.06991065627417263 0.04811167621109348
    vertex 0.1765586616451479 0.06991042359571331 0.04810922443445477
  endloop
endfacet
facet normal 3.77366e-05 -0.373787 0.927515
  outer loop
    vertex 0.1323529411764705 0.04494721561702628 0.06935121107267389
    vertex 0.1352881306814749 0.04022225383106379 0.06744693898240758
    vertex 0.1382323017818923 0.04494890093282961 0.0693516510461932
  endloop
endfacet
facet normal -0.000165321 -0.940456 -0.339915
  outer loop
    vertex 0.04374882245941278 0.03047674740863873 0.04565919267256592
    vertex 0.03784312480521583 0.03047509183287861 0.04566664551813769
    vertex 0.04079440643463689 0.03221471253644208 0.04085212867172865
  endloop
endfacet
facet normal 7.71758e-06 -0.127336 0.99186
  outer loop
    vertex 0.1500051884974521 0.04494819606708335 0.06935146705093358
    vertex 0.1558841265132005 0.04494785131109474 0.06935137704725927
    vertex 0.1529411764705882 0.05 0.07000000000000001
  endloop
endfacet
facet normal 0.000100629 -0.986091 0.166206
  outer loop
    vertex 0.02603224249981896 0.03086621510435805 0.0558222225625017
    vertex 0.02306957486865634 0.03001496732362139 0.05077360773269094
    vertex 0.02898249225792799 0.03001478813232507 0.0507689646312705
  endloop
endfacet
facet normal 0 -0.127357 0.991857
  outer loop
    vertex 0.01764705882352938 0.05 0.07000000000000001
    vertex 0.02058823529411761 0.04494721561698962 0.06935121107266433
    vertex 0.02352941176470584 0.05 0.07000000000000001
  endloop
endfacet
facet normal 0 0.127357 0.991857
  outer loop
    vertex 0.01764705882352938 0.05 0.07000000000000001
    vertex 0.01470588235294115 0.05505278438306966 0.06935121107264886
    vertex 0.01176470588235292 0.05 0.07000000000000001
  endloop
endfacet
facet normal 9.8721e-05 0.738998 -0.673707
  outer loop
    vertex 0.06736145933563564 0.06293726684069996 0.0347478812392335
    vertex 0.06440424525279122 0.06637907931956143 0.03852281564827351
    vertex 0.07031046874368443 0.0663816977046206 0.03852655325046445
  endloop
endfacet
facet normal -1.42567e-05 -0.819038 -0.573739
  outer loop
    vertex 0.1381421659774681 0.0352169464461965 0.03652924175759296
    vertex 0.1352013823489302 0.03228905212412029 0.04070901914016223
    vertex 0.1322551505814027 0.03521738951463607 0.03652875554234099
  endloop
endfacet
facet normal 7.74398e-05 0.739274 -0.673404
  outer loop
    vertex 0.182481968677075 0.06639323300866107 0.03854304091288857
    vertex 0.1884182706763901 0.06639528113186349 0.0385459720356915
    vertex 0.1854513781007921 0.06293132693116434 0.03474284483269099
  endloop
endfacet
facet normal -2.82719e-05 0.312686 -0.949856
  outer loop
    vertex 0.03186345955230652 0.05376570659181971 0.0303577126111971
    vertex 0.03482841995306171 0.0586378650647728 0.03196150540863298
    vertex 0.03778753751521464 0.0537669894822918 0.0303579586030295
  endloop
endfacet
facet normal -0.000171954 0.73886 -0.673859
  outer loop
    vertex 0.08210204610049554 0.06637702665838444 0.03851988685462701
    vertex 0.08800637111522336 0.06637245400153564 0.03851336646499074
    vertex 0.08505595423776761 0.06293851496021638 0.03474894001637076
  endloop
endfacet
facet normal 0.000125017 0.958174 0.286185
  outer loop
    vertex 0.02592893807886032 0.06973922081109751 0.05321918650760325
    vertex 0.02299901730962933 0.0682725222986397 0.05813110870950053
    vertex 0.02891004246225318 0.06827017854652644 0.05813637363191031
  endloop
endfacet
facet normal -0.000101856 0.694322 0.719664
  outer loop
    vertex 0.0147079349204071 0.06562054022631396 0.06248994487730461
    vertex 0.01117000497361266 0.0619199477817455 0.06605972742235872
    vertex 0.01709000680843133 0.06192371554756513 0.06605693020289849
  endloop
endfacet
facet normal -7.74262e-05 0.886536 -0.462659
  outer loop
    vertex 0.1854553562045671 0.06877302706849128 0.04310264871956677
    vertex 0.1884182706763901 0.06639528113186349 0.0385459720356915
    vertex 0.182481968677075 0.06639323300866107 0.03854304091288857
  endloop
endfacet
facet normal -9.05709e-06 0.0605249 -0.998167
  outer loop
    vertex 0.01999408434928862 0.05376594853820563 0.03035775899731432
    vertex 0.02593054260492142 0.05376553760049315 0.03035768021390365
    vertex 0.02296846132502192 0.04863518240034046 0.03004662251848927
  endloop
endfacet
facet normal -0.00020868 -0.986061 0.166382
  outer loop
    vertex 0.02603224249981896 0.03086621510435805 0.0558222225625017
    vertex 0.0201175903524408 0.03086902189015874 0.05583143863560051
    vertex 0.02306957486865634 0.03001496732362139 0.05077360773269094
  endloop
endfacet
facet normal -3.70615e-05 0.694476 0.719516
  outer loop
    vertex 0.02595290096105047 0.06560926250851802 0.06250403630593633
    vertex 0.02004240605057453 0.06561033732918725 0.06250269444835725
    vertex 0.02297920392388978 0.06194281614602466 0.0660427286489005
  endloop
endfacet
facet normal 0.000103615 0.974288 -0.225308
  outer loop
    vertex 0.07028287951823382 0.06990178792139376 0.0480203946019811
    vertex 0.06735166303929788 0.06875114375485344 0.04304337668945482
    vertex 0.06437624241790255 0.0699013127796704 0.04801562361288796
  endloop
endfacet
facet normal 0.000104037 0.543942 -0.839122
  outer loop
    vertex 0.03778558920412863 0.06294217202555726 0.03475204330866318
    vertex 0.03482841995306171 0.0586378650647728 0.03196150540863298
    vertex 0.03186870259524807 0.06293851040681549 0.03474893615341122
  endloop
endfacet
facet normal 0 0.127357 0.991857
  outer loop
    vertex 0.1411764705882352 0.05 0.07000000000000001
    vertex 0.138235294117647 0.05505278438328256 0.06935121107259326
    vertex 0.1352941176470587 0.05 0.07000000000000001
  endloop
endfacet
facet normal 0 0.127357 0.991857
  outer loop
    vertex 0.1647058823529411 0.05 0.07000000000000001
    vertex 0.1617647058823529 0.05505278438328256 0.06935121107259326
    vertex 0.1588235294117646 0.05 0.07000000000000001
  endloop
endfacet
facet normal 0 0.127357 0.991857
  outer loop
    vertex 0.04705882352941167 0.05 0.07000000000000001
    vertex 0.04411764705882344 0.05505278438328252 0.06935121107259327
    vertex 0.04117647058823522 0.05 0.07000000000000001
  endloop
endfacet
facet normal 0 0.127357 0.991857
  outer loop
    vertex 0.07058823529411754 0.05 0.07000000000000001
    vertex 0.06764705882352931 0.05505278438328255 0.06935121107259326
    vertex 0.06470588235294107 0.05 0.07000000000000001
  endloop
endfacet
facet normal 0 0.127357 0.991857
  outer loop
    vertex 0.1058823529411763 0.05 0.07000000000000001
    vertex 0.1029411764705881 0.05505278438328255 0.06935121107259326
    vertex 0.09999999999999984 0.05 0.07000000000000001
  endloop
endfacet
facet normal 0 0.127357 0.991857
  outer loop
    vertex 0.1235294117647058 0.05 0.07000000000000001
    vertex 0.1205882352941175 0.05505278438304818 0.06935121107265446
    vertex 0.1176470588235293 0.05 0.07000000000000001
  endloop
endfacet
facet normal 0 0.127357 0.991857
  outer loop
    vertex 0.08823529411764691 0.05 0.07000000000000001
    vertex 0.08529411764705869 0.05505278438300006 0.06935121107266702
    vertex 0.08235294117647045 0.05 0.07000000000000001
  endloop
endfacet
facet normal 0 0.127357 0.991857
  outer loop
    vertex 0.05882352941176461 0.05 0.07000000000000001
    vertex 0.05588235294117638 0.05505278438299514 0.06935121107266831
    vertex 0.05294117647058814 0.05 0.07000000000000001
  endloop
endfacet
facet normal 0 0.127357 0.991857
  outer loop
    vertex 0.1529411764705882 0.05 0.07000000000000001
    vertex 0.1499999999999999 0.05505278438297654 0.06935121107267317
    vertex 0.1470588235294117 0.05 0.07000000000000001
  endloop
endfacet
facet normal 0.000696745 0.958374 0.285514
  outer loop
    vertex 0.01412853811925297 0.06974353653545767 0.05319261101185972
    vertex 0.009445105888882059 0.06973945850852488 0.05321772866945377
    vertex 0.0111629024938252 0.06827834190943412 0.05811801804887279
  endloop
endfacet
facet normal -0.000233981 0.315794 -0.948828
  outer loop
    vertex 0.1381499505192116 0.05383604875859345 0.03037132888039301
    vertex 0.1410996006599379 0.05868701808517543 0.03198512512428035
    vertex 0.144058812127163 0.0538466759522862 0.03037340874940065
  endloop
endfacet
facet normal -1.63213e-05 0.544001 -0.839085
  outer loop
    vertex 0.04074954351158367 0.05863854477170963 0.03196183090701364
    vertex 0.03482841995306171 0.0586378650647728 0.03196150540863298
    vertex 0.03778558920412863 0.06294217202555726 0.03475204330866318
  endloop
endfacet
facet normal 1.63183e-05 0.312711 -0.949848
  outer loop
    vertex 0.03778753751521464 0.0537669894822918 0.0303579586030295
    vertex 0.03482841995306171 0.0586378650647728 0.03196150540863298
    vertex 0.04074954351158367 0.05863854477170963 0.03196183090701364
  endloop
endfacet
facet normal -2.59745e-05 -0.373821 0.927501
  outer loop
    vertex 0.1294087725476862 0.04022120794030946 0.0674463527951642
    vertex 0.1352881306814749 0.04022225383106379 0.06744693898240758
    vertex 0.1323529411764705 0.04494721561702628 0.06935121107267389
  endloop
endfacet
facet normal 4.4549e-06 0.853994 0.520283
  outer loop
    vertex 0.03185970760855018 0.06560913384016959 0.06250419692581946
    vertex 0.02891004246225318 0.06827017854652644 0.05813637363191031
    vertex 0.02595290096105047 0.06560926250851802 0.06250403630593633
  endloop
endfacet
facet normal -6.00229e-05 0.958018 0.286707
  outer loop
    vertex 0.1765428849125461 0.06826806894385749 0.05814110908061485
    vertex 0.1795093254320254 0.06973678909201442 0.05323406189448204
    vertex 0.1735934147484788 0.06973723718316575 0.05323132610168941
  endloop
endfacet
facet normal 0.000230681 -0.986019 0.166632
  outer loop
    vertex 0.02306957486865634 0.03001496732362139 0.05077360773269094
    vertex 0.0201175903524408 0.03086902189015874 0.05583143863560051
    vertex 0.01714103172649995 0.03001538311568365 0.05078427545358601
  endloop
endfacet
facet normal -0.000234309 0.886624 -0.462492
  outer loop
    vertex 0.1765827599281877 0.06639524287012788 0.03854591726808641
    vertex 0.1736102690832408 0.06877690165901378 0.04311320364118948
    vertex 0.1795320348293577 0.06877318486346623 0.04310307821690557
  endloop
endfacet
facet normal -0.000142516 -0.818996 -0.573799
  outer loop
    vertex 0.141099184451786 0.03229211560914319 0.04070318170554841
    vertex 0.1352013823489302 0.03228905212412029 0.04070901914016223
    vertex 0.1381421659774681 0.0352169464461965 0.03652924175759296
  endloop
endfacet
facet normal -0.000168281 0.853333 0.521366
  outer loop
    vertex 0.1854153738138787 0.06558844562892582 0.06252997856638325
    vertex 0.1883882600195296 0.06826141960565835 0.05815601336352984
    vertex 0.1824652868536147 0.06826458760772217 0.05814891646293188
  endloop
endfacet
facet normal 9.13884e-05 -0.823649 -0.567099
  outer loop
    vertex 0.03488877784681524 0.03220658542673731 0.04086794668083882
    vertex 0.03192361048045686 0.03511895913484415 0.0366375667347013
    vertex 0.03782003136062523 0.0351217623083492 0.0366344456459621
  endloop
endfacet
facet normal -0.000266457 0.999497 0.031726
  outer loop
    vertex 0.141098574847637 0.06990798909915392 0.04808376148980128
    vertex 0.1351919640283099 0.06990680400112528 0.04807148905608953
    vertex 0.138141231517507 0.06974540298256969 0.05318104716342405
  endloop
endfacet
facet normal 0.000391598 0.854287 0.519801
  outer loop
    vertex 0.02004240605057453 0.06561033732918725 0.06250269444835725
    vertex 0.01704676247908037 0.06827488770842494 0.05812579099192559
    vertex 0.0147079349204071 0.06562054022631396 0.06248994487730461
  endloop
endfacet
facet normal 0.000138358 -0.940357 -0.340188
  outer loop
    vertex 0.02009989720967561 0.03047490867125199 0.04566747087672234
    vertex 0.01460516687377272 0.03047619357128915 0.0456616843666892
    vertex 0.01712702069079888 0.03222070485078558 0.04084048778607066
  endloop
endfacet
facet normal 8.33852e-05 0.975248 -0.221116
  outer loop
    vertex 0.1706384277702573 0.06991080573643189 0.04811325281871925
    vertex 0.1736102690832408 0.06877690165901378 0.04311320364118948
    vertex 0.1676964650621584 0.06877822656790483 0.04311681709058714
  endloop
endfacet
facet normal -3.6651e-05 0.957941 0.286965
  outer loop
    vertex 0.1824652868536147 0.06826458760772217 0.05814891646293188
    vertex 0.185422291885971 0.06973651576420864 0.05323572951421218
    vertex 0.1795093254320254 0.06973678909201442 0.05323406189448204
  endloop
endfacet
facet normal -5.65847e-05 0.738815 -0.673908
  outer loop
    vertex 0.08505595423776761 0.06293851496021638 0.03474894001637076
    vertex 0.08800637111522336 0.06637245400153564 0.03851336646499074
    vertex 0.09095686988073758 0.06294051417206298 0.03475063630958206
  endloop
endfacet
facet normal 3.09563e-05 0.739452 -0.673209
  outer loop
    vertex 0.03186870259524807 0.06293851040681549 0.03474893615341122
    vertex 0.02889844431422025 0.0663945054486088 0.03854486180373469
    vertex 0.03482144635341942 0.06639532358191375 0.03854603279887955
  endloop
endfacet
facet normal -0.000405332 -0.65221 -0.758038
  outer loop
    vertex 0.06441747621812083 0.03900539250496235 0.03329315691011429
    vertex 0.0703135960444437 0.03898975643864082 0.03330345734232537
    vertex 0.06736036417286402 0.03512736853075474 0.03662820755545407
  endloop
endfacet
facet normal 0.000114095 0.958629 0.284659
  outer loop
    vertex 0.1469818784021852 0.06828847994102605 0.05809515296005505
    vertex 0.1440445181285577 0.06974225235960409 0.05320054241804527
    vertex 0.1410802610963531 0.06829061549395637 0.05809032662209895
  endloop
endfacet
facet normal -3.0933e-05 0.886433 -0.462857
  outer loop
    vertex 0.03482144635341942 0.06639532358191375 0.03854603279887955
    vertex 0.02889844431422025 0.0663945054486088 0.03854486180373469
    vertex 0.03185571629932236 0.06876954229766553 0.043093171354656
  endloop
endfacet
facet normal 0.000141497 -0.776622 0.629967
  outer loop
    vertex 0.01423122238885255 0.03620950452681944 0.06448524195877262
    vertex 0.01125371983047619 0.03298329465341206 0.06050865068157684
    vertex 0.01716969282525144 0.03297986197321533 0.06050309009526236
  endloop
endfacet
facet normal -0.000577737 -0.438325 -0.898816
  outer loop
    vertex 0.06146427199727003 0.04361833678796669 0.03104546559136362
    vertex 0.067353153410009 0.04359314324667211 0.03105396646940746
    vertex 0.06441747621812083 0.03900539250496235 0.03329315691011429
  endloop
endfacet
facet normal -0.000655666 -0.776329 0.630327
  outer loop
    vertex 0.01423122238885255 0.03620950452681944 0.06448524195877262
    vertex 0.009051536765749239 0.03622868864560969 0.06450348177440302
    vertex 0.01125371983047619 0.03298329465341206 0.06050865068157684
  endloop
endfacet
facet normal 0.000209364 -0.940369 -0.340156
  outer loop
    vertex 0.01712702069079888 0.03222070485078558 0.04084048778607066
    vertex 0.01460516687377272 0.03047619357128915 0.0456616843666892
    vertex 0.01118623218975801 0.03221625812552431 0.04084912436200668
  endloop
endfacet
facet normal 0 -0.127313 0.991863
  outer loop
    vertex 0.1823529411764706 0.05 0.07000000000000001
    vertex 0.1852911253113044 0.04494890093282869 0.06935165104619297
    vertex 0.1882352941176471 0.05 0.07000000000000001
  endloop
endfacet
facet normal -0.000138623 -0.995984 -0.0895267
  outer loop
    vertex 0.01714103172649995 0.03001538311568365 0.05078427545358601
    vertex 0.01460516687377272 0.03047619357128915 0.0456616843666892
    vertex 0.02009989720967561 0.03047490867125199 0.04566747087672234
  endloop
endfacet
facet normal -0.000392445 0.694225 0.719758
  outer loop
    vertex 0.02004240605057453 0.06561033732918725 0.06250269444835725
    vertex 0.0147079349204071 0.06562054022631396 0.06248994487730461
    vertex 0.01709000680843133 0.06192371554756513 0.06605693020289849
  endloop
endfacet
facet normal 5.28699e-05 0.73898 -0.673727
  outer loop
    vertex 0.06145444253503307 0.06293913205339147 0.0347494635600941
    vertex 0.06440424525279122 0.06637907931956143 0.03852281564827351
    vertex 0.06736145933563564 0.06293726684069996 0.0347478812392335
  endloop
endfacet
facet normal 8.69037e-05 0.738967 -0.673742
  outer loop
    vertex 0.06145444253503307 0.06293913205339147 0.0347494635600941
    vertex 0.05850125818102148 0.06637677190649138 0.03851952344531141
    vertex 0.06440424525279122 0.06637907931956143 0.03852281564827351
  endloop
endfacet
facet normal -0.00018479 0.854425 0.519575
  outer loop
    vertex 0.01704676247908037 0.06827488770842494 0.05812579099192559
    vertex 0.0111629024938252 0.06827834190943412 0.05811801804887279
    vertex 0.0147079349204071 0.06562054022631396 0.06248994487730461
  endloop
endfacet
facet normal 7.76152e-05 0.886404 -0.462913
  outer loop
    vertex 0.03185571629932236 0.06876954229766553 0.043093171354656
    vertex 0.02889844431422025 0.0663945054486088 0.03854486180373469
    vertex 0.02592883907416004 0.06876830313031219 0.04308980480675736
  endloop
endfacet
facet normal -0.000168925 -0.943143 -0.332387
  outer loop
    vertex 0.1824323049263722 0.03214947414299182 0.04098009275944136
    vertex 0.188394697785355 0.0321459404273407 0.0409870894392581
    vertex 0.1854208751374916 0.03043930659963499 0.0458311543927705
  endloop
endfacet
facet normal 0 -0.127357 0.991857
  outer loop
    vertex 0.1882352941176471 0.05 0.07000000000000001
    vertex 0.1911764705882353 0.04494721561698974 0.06935121107266436
    vertex 0.1941176470588235 0.05 0.07000000000000001
  endloop
endfacet
facet normal 6.11353e-05 0.738957 -0.673753
  outer loop
    vertex 0.05553977432203833 0.06294129421471224 0.03475129828318963
    vertex 0.05850125818102148 0.06637677190649138 0.03851952344531141
    vertex 0.06145444253503307 0.06293913205339147 0.0347494635600941
  endloop
endfacet
facet normal -0.000485257 0.97421 -0.225642
  outer loop
    vertex 0.06437624241790255 0.0699013127796704 0.04801562361288796
    vertex 0.06735166303929788 0.06875114375485344 0.04304337668945482
    vertex 0.06143617161679396 0.06874332320808189 0.04302233311791263
  endloop
endfacet
facet normal -0.000114787 -0.43906 -0.898458
  outer loop
    vertex 0.07620551738799991 0.03899416983159507 0.03330054784418879
    vertex 0.0703135960444437 0.03898975643864082 0.03330345734232537
    vertex 0.07326176018130928 0.04358997516061908 0.03105503809561709
  endloop
endfacet
facet normal 8.95981e-05 -0.197322 -0.980339
  outer loop
    vertex 0.07326176018130928 0.04358997516061908 0.03105503809561709
    vertex 0.07621334937075029 0.04858343617137379 0.03005022940183452
    vertex 0.07914812514468468 0.04358605359691076 0.0310563654084466
  endloop
endfacet
facet normal -0.000486839 0.886427 -0.462868
  outer loop
    vertex 0.1904132064003873 0.06876653113617104 0.04308499391792581
    vertex 0.1884182706763901 0.06639528113186349 0.0385459720356915
    vertex 0.1854553562045671 0.06877302706849128 0.04310264871956677
  endloop
endfacet
facet normal -3.79505e-05 0.352217 0.935918
  outer loop
    vertex 0.01470588235294115 0.05505278438306966 0.06935121107264886
    vertex 0.0148463760298324 0.05895894718666399 0.067881198654077
    vertex 0.0111958693329174 0.0550515495210756 0.06935153346471853
  endloop
endfacet
facet normal -8.96665e-05 0.31272 -0.949845
  outer loop
    vertex 0.03186345955230652 0.05376570659181971 0.0303577126111971
    vertex 0.02890198293178155 0.05864160098656142 0.03196329485773356
    vertex 0.03482841995306171 0.0586378650647728 0.03196150540863298
  endloop
endfacet
facet normal 0.000306114 0.316091 -0.948729
  outer loop
    vertex 0.1410996006599379 0.05868701808517543 0.03198512512428035
    vertex 0.1470027987510386 0.05869976060605652 0.03199127529786445
    vertex 0.144058812127163 0.0538466759522862 0.03037340874940065
  endloop
endfacet
facet normal -9.85692e-05 0.885523 -0.464595
  outer loop
    vertex 0.06440424525279122 0.06637907931956143 0.03852281564827351
    vertex 0.06735166303929788 0.06875114375485344 0.04304337668945482
    vertex 0.07031046874368443 0.0663816977046206 0.03852655325046445
  endloop
endfacet
facet normal 0.000120848 -0.943199 -0.332228
  outer loop
    vertex 0.1854208751374916 0.03043930659963499 0.0458311543927705
    vertex 0.188394697785355 0.0321459404273407 0.0409870894392581
    vertex 0.1899833212526693 0.03043841222061943 0.04583535313026558
  endloop
endfacet
facet normal -8.75734e-05 0.975226 -0.221212
  outer loop
    vertex 0.1765586616451479 0.06991042359571331 0.04810922443445477
    vertex 0.1736102690832408 0.06877690165901378 0.04311320364118948
    vertex 0.1706384277702573 0.06991080573643189 0.04811325281871925
  endloop
endfacet
facet normal -4.36521e-05 -0.995958 -0.08982
  outer loop
    vertex 0.02601695972840825 0.03047505256479617 0.04566682245314976
    vertex 0.03193215101592788 0.03047461576405178 0.045668791111181
    vertex 0.02898249225792799 0.03001478813232507 0.0507689646312705
  endloop
endfacet
facet normal 0.000168376 0.957907 0.287078
  outer loop
    vertex 0.1883882600195296 0.06826141960565835 0.05815601336352984
    vertex 0.185422291885971 0.06973651576420864 0.05323572951421218
    vertex 0.1824652868536147 0.06826458760772217 0.05814891646293188
  endloop
endfacet
facet normal 3.66253e-05 0.999424 0.0339443
  outer loop
    vertex 0.1795093254320254 0.06973678909201442 0.05323406189448204
    vertex 0.185422291885971 0.06973651576420864 0.05323572951421218
    vertex 0.1824761846548128 0.06991065627417263 0.04811167621109348
  endloop
endfacet
facet normal -0.000467385 0.54537 -0.838195
  outer loop
    vertex 0.1588617659013816 0.05867514755464536 0.03197940581154077
    vertex 0.1529602449747217 0.05865577980999298 0.03197009495640873
    vertex 0.1558823010317995 0.06296900235771034 0.03477485705007327
  endloop
endfacet
facet normal -0.000229906 -0.911347 0.411638
  outer loop
    vertex 0.01716969282525144 0.03297986197321533 0.06050309009526236
    vertex 0.0201175903524408 0.03086902189015874 0.05583143863560051
    vertex 0.02308470177093627 0.03297428623869743 0.06049404930987997
  endloop
endfacet
facet normal 1.42279e-05 -0.127349 0.991858
  outer loop
    vertex 0.1588235294117646 0.05 0.07000000000000001
    vertex 0.1558841265132005 0.04494785131109474 0.06935137704725927
    vertex 0.1617647058823529 0.04494721561702626 0.06935121107267389
  endloop
endfacet
facet normal 4.75628e-05 -0.995946 -0.0899501
  outer loop
    vertex 0.03489502777924587 0.03001459163459983 0.05076384060391738
    vertex 0.03193215101592788 0.03047461576405178 0.045668791111181
    vertex 0.03784312480521583 0.03047509183287861 0.04566664551813769
  endloop
endfacet
facet normal 8.75395e-05 0.999427 0.0338429
  outer loop
    vertex 0.1765586616451479 0.06991042359571331 0.04810922443445477
    vertex 0.1706384277702573 0.06991080573643189 0.04811325281871925
    vertex 0.1735934147484788 0.06973723718316575 0.05323132610168941
  endloop
endfacet
facet normal 0.00464579 -0.775299 0.631577
  outer loop
    vertex 0.1617567178285976 0.03616701492938085 0.06444467112938289
    vertex 0.1646784608312553 0.03299953368836233 0.0605349012898495
    vertex 0.1676097186656484 0.0363207736718244 0.06459036555616574
  endloop
endfacet
facet normal -0.00286058 -0.37006 0.929003
  outer loop
    vertex 0.03823529411764699 0.04494721561695915 0.06935121107265638
    vertex 0.03235294117647053 0.0450758800049364 0.0693843504475702
    vertex 0.03491531811705854 0.04029699537630299 0.06748861633384741
  endloop
endfacet
facet normal -4.69982e-05 0.999429 0.0337913
  outer loop
    vertex 0.1676786832861082 0.06973772171350015 0.0532283651528947
    vertex 0.1706384277702573 0.06991080573643189 0.04811325281871925
    vertex 0.1647268474047252 0.06991060081758754 0.04811109156318197
  endloop
endfacet
facet normal -0.000110975 -0.995955 -0.0898587
  outer loop
    vertex 0.02898249225792799 0.03001478813232507 0.0507689646312705
    vertex 0.03193215101592788 0.03047461576405178 0.045668791111181
    vertex 0.03489502777924587 0.03001459163459983 0.05076384060391738
  endloop
endfacet
facet normal -0.000483388 0.311292 -0.950314
  outer loop
    vertex 0.1795110119246595 0.05372213818813137 0.03034941000100877
    vertex 0.1765854252762858 0.05863538831640877 0.03196031960857314
    vertex 0.1825049088980579 0.05861537355802868 0.03195075241303338
  endloop
endfacet
facet normal -8.33993e-05 0.887022 -0.461728
  outer loop
    vertex 0.1736102690832408 0.06877690165901378 0.04311320364118948
    vertex 0.1706253916881808 0.06641074824669238 0.03856814354605154
    vertex 0.1676964650621584 0.06877822656790483 0.04311681709058714
  endloop
endfacet
facet normal 0.000595256 -0.373509 0.927626
  outer loop
    vertex 0.09117647058823514 0.04494721561695915 0.06935121107265638
    vertex 0.08823529411764691 0.04024552164997464 0.06745995853714683
    vertex 0.09411764705888297 0.0402214684281633 0.06744649879771276
  endloop
endfacet
facet normal -8.47006e-05 0.958209 0.28607
  outer loop
    vertex 0.02592893807886032 0.06973922081109751 0.05321918650760325
    vertex 0.02004414006032747 0.06973984623392759 0.05321534922845015
    vertex 0.02299901730962933 0.0682725222986397 0.05813110870950053
  endloop
endfacet
facet normal 0.000122237 -0.652416 -0.757861
  outer loop
    vertex 0.03484907646988059 0.03900136196646559 0.03329581006431949
    vertex 0.03192361048045686 0.03511895913484415 0.0366375667347013
    vertex 0.02893504248499553 0.03899664505785422 0.03329891680108275
  endloop
endfacet
facet normal -0.000293445 -0.373342 0.927694
  outer loop
    vertex 0.0822703968639617 0.04023347997186291 0.06745322567722073
    vertex 0.08823529411764691 0.04024552164997464 0.06745995853714683
    vertex 0.0852941629563059 0.04494741470332456 0.06935126305489694
  endloop
endfacet
facet normal 0.00038093 -0.596072 0.802931
  outer loop
    vertex 0.1559066508646818 0.03612367587951733 0.0644030423488689
    vertex 0.1588235349158653 0.04023659160519727 0.0674549665286501
    vertex 0.1529420180298645 0.04022129764912349 0.06744640307722374
  endloop
endfacet
facet normal 0 0.127357 0.991857
  outer loop
    vertex 0.1941176470588235 0.05 0.07000000000000001
    vertex 0.1911764705882353 0.05505278438301229 0.06935121107266383
    vertex 0.1882352941176471 0.05 0.07000000000000001
  endloop
endfacet
facet normal 0.000114429 -0.652392 -0.757882
  outer loop
    vertex 0.07325641002220032 0.0351254859616993 0.03663030171902166
    vertex 0.0703135960444437 0.03898975643864082 0.03330345734232537
    vertex 0.07620551738799991 0.03899416983159507 0.03330054784418879
  endloop
endfacet
facet normal 0.00242197 -0.594476 0.80411
  outer loop
    vertex 0.07352350751491654 0.03612851119520501 0.06440769927290431
    vertex 0.07062763359655504 0.04024464338986605 0.06745946784438506
    vertex 0.06747945835249361 0.03621204515742524 0.06448766031004037
  endloop
endfacet
facet normal 0.000584262 0.886842 -0.462073
  outer loop
    vertex 0.1765827599281877 0.06639524287012788 0.03854591726808641
    vertex 0.1706253916881808 0.06641074824669238 0.03856814354605154
    vertex 0.1736102690832408 0.06877690165901378 0.04311320364118948
  endloop
endfacet
facet normal -1.1317e-05 0.738985 -0.673721
  outer loop
    vertex 0.05553977432203833 0.06294129421471224 0.03475129828318963
    vertex 0.05258438292135832 0.0663770734021194 0.03851995353748107
    vertex 0.05850125818102148 0.06637677190649138 0.03851952344531141
  endloop
endfacet
facet normal -0.000121435 0.999421 0.034035
  outer loop
    vertex 0.1824761846548128 0.06991065627417263 0.04811167621109348
    vertex 0.185422291885971 0.06973651576420864 0.05323572951421218
    vertex 0.1884109356482701 0.06991118664742135 0.04811727689461529
  endloop
endfacet
facet normal 0 -0.127357 0.991857
  outer loop
    vertex 0.00588235294117646 0.05 0.07000000000000001
    vertex 0.00882352941176469 0.04494721561698981 0.06935121107266437
    vertex 0.01176470588235292 0.05 0.07000000000000001
  endloop
endfacet
facet normal -0.000388788 -0.986626 0.162997
  outer loop
    vertex 0.07621636429107867 0.03001288819589356 0.05071788698981726
    vertex 0.07923298858822685 0.03084138381134572 0.05573998482017452
    vertex 0.07327303685345644 0.0308466087519918 0.05575739556576779
  endloop
endfacet
facet normal 0.000156332 -0.986667 0.16275
  outer loop
    vertex 0.08506322178423829 0.03084343755388784 0.05574683523760732
    vertex 0.07923298858822685 0.03084138381134572 0.05573998482017452
    vertex 0.08211232052686482 0.03001273278002279 0.05071354682903385
  endloop
endfacet
facet normal -0.000125189 0.85413 0.520059
  outer loop
    vertex 0.02004240605057453 0.06561033732918725 0.06250269444835725
    vertex 0.02299901730962933 0.0682725222986397 0.05813110870950053
    vertex 0.01704676247908037 0.06827488770842494 0.05812579099192559
  endloop
endfacet
facet normal 6.49238e-05 0.999427 0.0338559
  outer loop
    vertex 0.1735934147484788 0.06973723718316575 0.05323132610168941
    vertex 0.1706384277702573 0.06991080573643189 0.04811325281871925
    vertex 0.1676786832861082 0.06973772171350015 0.0532283651528947
  endloop
endfacet
facet normal 0.00131877 -0.779588 0.626291
  outer loop
    vertex 0.1588614472752977 0.03292891107198235 0.06042007307132311
    vertex 0.1617567178285976 0.03616701492938085 0.06444467112938289
    vertex 0.1559066508646818 0.03612367587951733 0.0644030423488689
  endloop
endfacet
facet normal 4.70257e-05 0.975252 -0.221095
  outer loop
    vertex 0.1647268474047252 0.06991060081758754 0.04811109156318197
    vertex 0.1706384277702573 0.06991080573643189 0.04811325281871925
    vertex 0.1676964650621584 0.06877822656790483 0.04311681709058714
  endloop
endfacet
facet normal -0.000106076 0.974563 -0.224114
  outer loop
    vertex 0.09095845553956224 0.06876025226690242 0.04306797757633586
    vertex 0.08505667539635085 0.06875855231541503 0.04306337870214629
    vertex 0.08797868183762478 0.06990404077558779 0.04804317583729684
  endloop
endfacet
facet normal 8.95184e-05 0.543935 -0.839127
  outer loop
    vertex 0.03482841995306171 0.0586378650647728 0.03196150540863298
    vertex 0.02890198293178155 0.05864160098656142 0.03196329485773356
    vertex 0.03186870259524807 0.06293851040681549 0.03474893615341122
  endloop
endfacet
facet normal -0.000386292 -0.823495 -0.567324
  outer loop
    vertex 0.04079440643463689 0.03221471253644208 0.04085212867172865
    vertex 0.03488877784681524 0.03220658542673731 0.04086794668083882
    vertex 0.03782003136062523 0.0351217623083492 0.0366344456459621
  endloop
endfacet
facet normal 6.08662e-05 -0.652415 -0.757862
  outer loop
    vertex 0.06736036417286402 0.03512736853075474 0.03662820755545407
    vertex 0.0703135960444437 0.03898975643864082 0.03330345734232537
    vertex 0.07325641002220032 0.0351254859616993 0.03663030171902166
  endloop
endfacet
facet normal -0.000812873 -0.940498 -0.339798
  outer loop
    vertex 0.02898768135557616 0.03222372069418906 0.0408346361751539
    vertex 0.03488877784681524 0.03220658542673731 0.04086794668083882
    vertex 0.03193215101592788 0.03047461576405178 0.045668791111181
  endloop
endfacet
facet normal -7.16633e-05 -0.656537 -0.754293
  outer loop
    vertex 0.1735601231646172 0.03504764420794679 0.03671741530168722
    vertex 0.1765844329323452 0.03890512251927838 0.03335957651717433
    vertex 0.1789570411888922 0.03504965387951786 0.0367151533363089
  endloop
endfacet
facet normal -0.000305747 0.546 -0.837785
  outer loop
    vertex 0.144059202373563 0.06296817132085547 0.03477414919970179
    vertex 0.1470027987510386 0.05869976060605652 0.03199127529786445
    vertex 0.1410996006599379 0.05868701808517543 0.03198512512428035
  endloop
endfacet
facet normal 3.76855e-05 -0.127335 0.99186
  outer loop
    vertex 0.1882352941176471 0.05 0.07000000000000001
    vertex 0.1852911253113044 0.04494890093282869 0.06935165104619297
    vertex 0.1911764705882353 0.04494721561698974 0.06935121107266436
  endloop
endfacet
facet normal 7.42951e-05 0.887063 -0.461648
  outer loop
    vertex 0.1676964650621584 0.06877822656790483 0.04311681709058714
    vertex 0.1706253916881808 0.06641074824669238 0.03856814354605154
    vertex 0.1647417481054741 0.06641269766273328 0.03857094249591377
  endloop
endfacet
facet normal -0.000124728 0.854033 0.520219
  outer loop
    vertex 0.02891004246225318 0.06827017854652644 0.05813637363191031
    vertex 0.02299901730962933 0.0682725222986397 0.05813110870950053
    vertex 0.02595290096105047 0.06560926250851802 0.06250403630593633
  endloop
endfacet
facet normal 0.000125333 0.958243 0.285954
  outer loop
    vertex 0.02299901730962933 0.0682725222986397 0.05813110870950053
    vertex 0.02004414006032747 0.06973984623392759 0.05321534922845015
    vertex 0.01704676247908037 0.06827488770842494 0.05812579099192559
  endloop
endfacet
facet normal -3.77239e-05 -0.127335 0.99186
  outer loop
    vertex 0.1794117647058823 0.04494721561698976 0.06935121107266437
    vertex 0.1852911253113044 0.04494890093282869 0.06935165104619297
    vertex 0.1823529411764706 0.05 0.07000000000000001
  endloop
endfacet
facet normal -0.000463108 0.0578139 -0.998327
  outer loop
    vertex 0.1825018790822895 0.04858183289451631 0.03005034330969768
    vertex 0.1765869493374456 0.04856065014038412 0.03005186043808537
    vertex 0.1795110119246595 0.05372213818813137 0.03034941000100877
  endloop
endfacet
facet normal -0.000324691 -0.365668 0.930745
  outer loop
    vertex 0.1735034246364786 0.0450010235856479 0.06936518099085964
    vertex 0.1675241479176234 0.04501645639158249 0.06936915829619349
    vertex 0.1705538079818336 0.04047356984329698 0.0675854237500681
  endloop
endfacet
facet normal -0.000910607 -0.82296 -0.568099
  outer loop
    vertex 0.02008908039723123 0.03514421477580812 0.03660949420773502
    vertex 0.02602138915659054 0.03511598476777956 0.03664087987302196
    vertex 0.02305888712403402 0.03222211930855054 0.04083774273879037
  endloop
endfacet
facet normal 6.20339e-06 0.546151 -0.837687
  outer loop
    vertex 0.1499706385517307 0.06296839046768879 0.03477433585430315
    vertex 0.1470027987510386 0.05869976060605652 0.03199127529786445
    vertex 0.144059202373563 0.06296817132085547 0.03477414919970179
  endloop
endfacet
facet normal 0.000279183 -0.197215 -0.98036
  outer loop
    vertex 0.07914812514468468 0.04358605359691076 0.0310563654084466
    vertex 0.07621334937075029 0.04858343617137379 0.03005022940183452
    vertex 0.08209472976047345 0.04859627222220937 0.03004932210861348
  endloop
endfacet
facet normal 3.72273e-05 0.854082 0.520139
  outer loop
    vertex 0.02595290096105047 0.06560926250851802 0.06250403630593633
    vertex 0.02299901730962933 0.0682725222986397 0.05813110870950053
    vertex 0.02004240605057453 0.06561033732918725 0.06250269444835725
  endloop
endfacet
facet normal 0.00136467 0.999455 0.0329953
  outer loop
    vertex 0.02301933672712883 0.06990590523231216 0.04806223404865101
    vertex 0.01709941863423709 0.06991191603590738 0.04812500672561879
    vertex 0.02004414006032747 0.06973984623392759 0.05321534922845015
  endloop
endfacet
facet normal 0.000441608 -0.432424 -0.90167
  outer loop
    vertex 0.1440431430944845 0.04372411952485206 0.031010178403638
    vertex 0.1499321647301518 0.0437433919402982 0.03100381997381383
    vertex 0.147015421369376 0.03911180908035069 0.03322360889531761
  endloop
endfacet
facet normal -0.000459737 -0.442275 -0.896879
  outer loop
    vertex 0.1824943221218091 0.0389226480220737 0.03334790484181849
    vertex 0.1765844329323452 0.03890512251927838 0.03335957651717433
    vertex 0.179505633068177 0.04354314321010903 0.03107094824364309
  endloop
endfacet
facet normal -0.000990033 -0.942683 -0.333689
  outer loop
    vertex 0.1765213576250512 0.03215425831784043 0.04097063104012068
    vertex 0.1735493332230857 0.03044302749815099 0.04581373357728853
    vertex 0.170650406647391 0.03217465162027544 0.04093043798513671
  endloop
endfacet
facet normal 0.000312191 0.314999 -0.949092
  outer loop
    vertex 0.1706816959494173 0.0586866374597528 0.03198494158647218
    vertex 0.1736157726696969 0.05380188946363717 0.03036468394687051
    vertex 0.1677153017961126 0.05381596424320757 0.03036741441137818
  endloop
endfacet
facet normal -0.000526525 -0.996683 -0.0813822
  outer loop
    vertex 0.1765352442295569 0.03002238524088391 0.05094599605514349
    vertex 0.1706409888163004 0.0300235373546721 0.05097002071102581
    vertex 0.1735493332230857 0.03044302749815099 0.04581373357728853
  endloop
endfacet
facet normal 0.000869996 0.314728 -0.949181
  outer loop
    vertex 0.1499632313945599 0.05385151517564615 0.0303743578232006
    vertex 0.1529602449747217 0.05865577980999298 0.03197009495640873
    vertex 0.1558882186707342 0.05381169552799438 0.03036658518744466
  endloop
endfacet
facet normal 0.0101976 0.975395 -0.220229
  outer loop
    vertex 0.1948418592156485 0.06994407594362359 0.04850539812827133
    vertex 0.1962086584264016 0.06861747497288402 0.04269317951267194
    vertex 0.1904132064003873 0.06876653113617104 0.04308499391792581
  endloop
endfacet
facet normal -0.000217924 0.959717 0.280968
  outer loop
    vertex 0.04960742920109566 0.06975634634911546 0.0531123590624786
    vertex 0.0466969143549824 0.06831360608090975 0.05803814856252767
    vertex 0.05258271535611203 0.06831762514436879 0.05802898555674306
  endloop
endfacet
facet normal 8.13318e-06 0.738993 -0.673713
  outer loop
    vertex 0.04962337339202393 0.06294158198448921 0.03475154251280661
    vertex 0.05258438292135832 0.0663770734021194 0.03851995353748107
    vertex 0.05553977432203833 0.06294129421471224 0.03475129828318963
  endloop
endfacet
facet normal 0.0174419 0.353131 0.935411
  outer loop
    vertex 0.138235294117647 0.05505278438328256 0.06935121107259326
    vertex 0.1378196045095592 0.05893340000437067 0.06789397564438687
    vertex 0.1322130703043369 0.05753045188182737 0.06852814870556373
  endloop
endfacet
facet normal -0.00300861 -0.98572 0.168366
  outer loop
    vertex 0.01440450315383912 0.0309066787175348 0.05595357727795325
    vertex 0.01145045012384891 0.03001074216868086 0.05065541693069862
    vertex 0.01714103172649995 0.03001538311568365 0.05078427545358601
  endloop
endfacet
facet normal -0.00244693 -0.594493 0.804097
  outer loop
    vertex 0.03787281491406472 0.03616483946511199 0.06444258747502944
    vertex 0.04102599814671717 0.04019406028884963 0.0674311085815356
    vertex 0.03491531811705854 0.04029699537630299 0.06748861633384741
  endloop
endfacet
facet normal 0.000233523 0.975185 -0.221393
  outer loop
    vertex 0.1795320348293577 0.06877318486346623 0.04310307821690557
    vertex 0.1736102690832408 0.06877690165901378 0.04311320364118948
    vertex 0.1765586616451479 0.06991042359571331 0.04810922443445477
  endloop
endfacet
facet normal -0.00143981 -0.369156 0.929366
  outer loop
    vertex 0.02647058823529407 0.04508597790086262 0.06938691277148555
    vertex 0.02326330651150553 0.04024117027133396 0.06745752681014421
    vertex 0.02916221508925126 0.04029841511769237 0.06748940395700723
  endloop
endfacet
facet normal -0.000591285 -0.595846 0.803098
  outer loop
    vertex 0.07646823501779482 0.04022105552502185 0.06744626736454805
    vertex 0.07062763359655504 0.04024464338986605 0.06745946784438506
    vertex 0.07352350751491654 0.03612851119520501 0.06440769927290431
  endloop
endfacet
facet normal 0.000155515 -0.984485 0.175466
  outer loop
    vertex 0.1676202052294052 0.03091739140782633 0.05598782509079044
    vertex 0.1706409888163004 0.0300235373546721 0.05097002071102581
    vertex 0.1735321730783002 0.03091955142943596 0.05599470452533406
  endloop
endfacet
facet normal -0.00612761 -0.78281 0.622231
  outer loop
    vertex 0.009051536765749239 0.03622868864560969 0.06450348177440302
    vertex 0.00360669542305911 0.03639654524458162 0.06466103743659654
    vertex 0.005158140784351488 0.03267949192431124 0.06000000000000002
  endloop
endfacet
facet normal -0.000125939 0.739391 -0.673276
  outer loop
    vertex 0.03186870259524807 0.06293851040681549 0.03474893615341122
    vertex 0.02595525723746882 0.06293408728790904 0.03474518482482498
    vertex 0.02889844431422025 0.0663945054486088 0.03854486180373469
  endloop
endfacet
facet normal -9.10757e-05 -0.652324 -0.75794
  outer loop
    vertex 0.03782003136062523 0.0351217623083492 0.0366344456459621
    vertex 0.03192361048045686 0.03511895913484415 0.0366375667347013
    vertex 0.03484907646988059 0.03900136196646559 0.03329581006431949
  endloop
endfacet
facet normal -4.74304e-05 -0.940649 -0.339381
  outer loop
    vertex 0.03193215101592788 0.03047461576405178 0.045668791111181
    vertex 0.03488877784681524 0.03220658542673731 0.04086794668083882
    vertex 0.03784312480521583 0.03047509183287861 0.04566664551813769
  endloop
endfacet
facet normal -4.43185e-06 -0.373186 0.927756
  outer loop
    vertex 0.0852941629563059 0.04494741470332456 0.06935126305489694
    vertex 0.08823529411764691 0.04024552164997464 0.06745995853714683
    vertex 0.09117647058823514 0.04494721561695915 0.06935121107265638
  endloop
endfacet
facet normal 0.00016683 -0.43868 -0.898643
  outer loop
    vertex 0.0259439761948386 0.04359933555296691 0.0310518735850616
    vertex 0.02302719084087154 0.0390010076942224 0.033296043335262
    vertex 0.02000754496677648 0.0435919953598532 0.03105435468156714
  endloop
endfacet
facet normal -8.65769e-05 0.885213 -0.465187
  outer loop
    vertex 0.06440424525279122 0.06637907931956143 0.03852281564827351
    vertex 0.05850125818102148 0.06637677190649138 0.03851952344531141
    vertex 0.06143617161679396 0.06874332320808189 0.04302233311791263
  endloop
endfacet
facet normal 0.000384719 -0.940564 -0.339616
  outer loop
    vertex 0.03784312480521583 0.03047509183287861 0.04566664551813769
    vertex 0.03488877784681524 0.03220658542673731 0.04086794668083882
    vertex 0.04079440643463689 0.03221471253644208 0.04085212867172865
  endloop
endfacet
facet normal 0.000483296 0.885367 -0.464892
  outer loop
    vertex 0.06143617161679396 0.06874332320808189 0.04302233311791263
    vertex 0.06735166303929788 0.06875114375485344 0.04304337668945482
    vertex 0.06440424525279122 0.06637907931956143 0.03852281564827351
  endloop
endfacet
facet normal 0.000812115 -0.823413 -0.567442
  outer loop
    vertex 0.02898768135557616 0.03222372069418906 0.0408346361751539
    vertex 0.03192361048045686 0.03511895913484415 0.0366375667347013
    vertex 0.03488877784681524 0.03220658542673731 0.04086794668083882
  endloop
endfacet
facet normal 0.0022668 0.740175 -0.672411
  outer loop
    vertex 0.1795151868705359 0.06293148929315588 0.03474298244541238
    vertex 0.1735626875553921 0.0630121972632412 0.03481175710022722
    vertex 0.1765827599281877 0.06639524287012788 0.03854591726808641
  endloop
endfacet
facet normal 0.00253113 0.959275 0.282463
  outer loop
    vertex 0.04368277077743123 0.06973759810638794 0.05322912077673029
    vertex 0.0466969143549824 0.06831360608090975 0.05803814856252767
    vertex 0.04960742920109566 0.06975634634911546 0.0531123590624786
  endloop
endfacet
facet normal 0.000542586 -0.821466 -0.570258
  outer loop
    vertex 0.1617917841355199 0.03516322593466106 0.03658843277860169
    vertex 0.1676874914481899 0.03517993950462948 0.0365699662355764
    vertex 0.1647746753096959 0.0322418493175942 0.04079956064413386
  endloop
endfacet
facet normal -0.000379031 -0.373614 0.927584
  outer loop
    vertex 0.1529420180298645 0.04022129764912349 0.06744640307722374
    vertex 0.1588235349158653 0.04023659160519727 0.0674549665286501
    vertex 0.1558841265132005 0.04494785131109474 0.06935137704725927
  endloop
endfacet
facet normal -0.00186491 -0.370602 0.92879
  outer loop
    vertex 0.06764705882352931 0.04494721561702628 0.0693512110726739
    vertex 0.06156179385947716 0.04503429982940031 0.06937374052204959
    vertex 0.06443003248623243 0.04030099789706862 0.06749083640673975
  endloop
endfacet
facet normal -0.0197795 0.271565 0.962217
  outer loop
    vertex 0.1322130703043369 0.05753045188182737 0.06852814870556373
    vertex 0.1323955149005692 0.05329983953625712 0.06972589818069014
    vertex 0.138235294117647 0.05505278438328256 0.06935121107259326
  endloop
endfacet
facet normal 0.00184136 -0.938698 -0.344735
  outer loop
    vertex 0.144051318885445 0.0305143993272491 0.04549318666660251
    vertex 0.1470868416251677 0.03224948134972434 0.04078484467595819
    vertex 0.1499761979998802 0.0304951433875139 0.04557726684884143
  endloop
endfacet
facet normal 0.000465485 0.314508 -0.949255
  outer loop
    vertex 0.1558882186707342 0.05381169552799438 0.03036658518744466
    vertex 0.1529602449747217 0.05865577980999298 0.03197009495640873
    vertex 0.1588617659013816 0.05867514755464536 0.03197940581154077
  endloop
endfacet
facet normal 3.75481e-05 -0.373192 0.927754
  outer loop
    vertex 0.06764705882352931 0.04494721561702628 0.0693512110726739
    vertex 0.07062763359655504 0.04024464338986605 0.06745946784438506
    vertex 0.07352641942895151 0.04494890093282836 0.06935165104619287
  endloop
endfacet
facet normal -7.4039e-05 0.740875 -0.671642
  outer loop
    vertex 0.1647417481054741 0.06641269766273328 0.03857094249591377
    vertex 0.1706253916881808 0.06641074824669238 0.03856814354605154
    vertex 0.1676530396084785 0.0629806037386941 0.03478474691045198
  endloop
endfacet
facet normal -1.41842e-05 -0.373419 0.927663
  outer loop
    vertex 0.1558841265132005 0.04494785131109474 0.06935137704725927
    vertex 0.1588235349158653 0.04023659160519727 0.0674549665286501
    vertex 0.1617647058823529 0.04494721561702626 0.06935121107267389
  endloop
endfacet
facet normal 3.95307e-05 0.885179 -0.465251
  outer loop
    vertex 0.06143617161679396 0.06874332320808189 0.04302233311791263
    vertex 0.05850125818102148 0.06637677190649138 0.03851952344531141
    vertex 0.05554078124260907 0.06874268366289174 0.0430206154201985
  endloop
endfacet
facet normal 1.12844e-05 0.885171 -0.465266
  outer loop
    vertex 0.05850125818102148 0.06637677190649138 0.03851952344531141
    vertex 0.05258438292135832 0.0663770734021194 0.03851995353748107
    vertex 0.05554078124260907 0.06874268366289174 0.0430206154201985
  endloop
endfacet
facet normal 0.000908292 -0.652054 -0.758172
  outer loop
    vertex 0.02008908039723123 0.03514421477580812 0.03660949420773502
    vertex 0.02302719084087154 0.0390010076942224 0.033296043335262
    vertex 0.02602138915659054 0.03511598476777956 0.03664087987302196
  endloop
endfacet
facet normal -9.12268e-06 -0.649433 -0.760418
  outer loop
    vertex 0.1706931387177782 0.03905414637844501 0.03326117421993133
    vertex 0.1676874914481899 0.03517993950462948 0.0365699662355764
    vertex 0.1647722668037384 0.03905450128671772 0.03326094214367081
  endloop
endfacet
facet normal -0.000286779 0.974086 -0.226177
  outer loop
    vertex 0.04965948911145624 0.06874314714620208 0.0430218602008976
    vertex 0.04668920332843454 0.06990094849862188 0.04801197362814279
    vertex 0.0525671885201112 0.06989963415028672 0.04799886015362675
  endloop
endfacet
facet normal -0.00105112 -0.189934 -0.981796
  outer loop
    vertex 0.1529360872460594 0.04869551110027991 0.03004258762488215
    vertex 0.1499321647301518 0.0437433919402982 0.03100381997381383
    vertex 0.1470116615901943 0.04874455576347966 0.03003944239834499
  endloop
endfacet
facet normal -0.00101555 0.88611 -0.463474
  outer loop
    vertex 0.02889844431422025 0.0663945054486088 0.03854486180373469
    vertex 0.02302017296998462 0.06636790554818026 0.0385068860631311
    vertex 0.02592883907416004 0.06876830313031219 0.04308980480675736
  endloop
endfacet
facet normal -0.000635395 -0.819288 -0.573382
  outer loop
    vertex 0.09983670872467335 0.03228006016603931 0.04072618027559231
    vertex 0.09695090899465059 0.03522810398527563 0.03651700744900561
    vertex 0.1028169399874825 0.03520850500459836 0.03653851138242846
  endloop
endfacet
facet normal -0.0681624 0.355294 0.932266
  outer loop
    vertex 0.1650407514076889 0.06028265745255257 0.06715421101984773
    vertex 0.1660683926241583 0.05416097146876799 0.06956236990847732
    vertex 0.169512884260142 0.05679742652265632 0.06880943892488792
  endloop
endfacet
facet normal -0.000708396 0.999465 0.0327047
  outer loop
    vertex 0.02889199855482327 0.06990901385603257 0.04809443780466145
    vertex 0.02301933672712883 0.06990590523231216 0.04806223404865101
    vertex 0.02592893807886032 0.06973922081109751 0.05321918650760325
  endloop
endfacet
facet normal 0.00053922 -0.986601 0.163151
  outer loop
    vertex 0.1588627468108786 0.03001245550892523 0.05070573735717088
    vertex 0.1617630885539066 0.03085283396340685 0.05577806479430039
    vertex 0.1558819509022828 0.03084570353680587 0.05575438328581514
  endloop
endfacet
facet normal -0.00213777 -0.595713 0.803195
  outer loop
    vertex 0.05556336009506586 0.0361500968551475 0.0644284504669838
    vertex 0.05851711895907705 0.04016865867030575 0.06741679441398576
    vertex 0.05262069669612419 0.04025561166103782 0.06746559177066434
  endloop
endfacet
facet normal -0.00123223 0.314163 -0.949368
  outer loop
    vertex 0.1765854252762858 0.05863538831640877 0.03196031960857314
    vertex 0.1736157726696969 0.05380188946363717 0.03036468394687051
    vertex 0.1706816959494173 0.0586866374597528 0.03198494158647218
  endloop
endfacet
facet normal -0.000575172 -0.995107 -0.0987994
  outer loop
    vertex 0.09984547264322677 0.03000868548298067 0.05058935887336328
    vertex 0.09696343076710137 0.03051776998071728 0.045478638095025
    vertex 0.1028211651026966 0.03051183945958648 0.04550426883020467
  endloop
endfacet
facet normal 0.00464837 -0.587113 0.809492
  outer loop
    vertex 0.1705538079818336 0.04047356984329698 0.0675854237500681
    vertex 0.1645934980167967 0.04027952616990858 0.06747891268124273
    vertex 0.1676097186656484 0.0363207736718244 0.06459036555616574
  endloop
endfacet
facet normal 0.000413751 0.544057 -0.839048
  outer loop
    vertex 0.02296934979942068 0.0586589404547186 0.03197161265665624
    vertex 0.02595525723746882 0.06293408728790904 0.03474518482482498
    vertex 0.02890198293178155 0.05864160098656142 0.03196329485773356
  endloop
endfacet
facet normal 0.00298445 -0.912162 0.409818
  outer loop
    vertex 0.1617630885539066 0.03085283396340685 0.05577806479430039
    vertex 0.1646784608312553 0.03299953368836233 0.0605349012898495
    vertex 0.1588614472752977 0.03292891107198235 0.06042007307132311
  endloop
endfacet
facet normal 0.00176641 0.312501 -0.949916
  outer loop
    vertex 0.1795110119246595 0.05372213818813137 0.03034941000100877
    vertex 0.1736157726696969 0.05380188946363717 0.03036468394687051
    vertex 0.1765854252762858 0.05863538831640877 0.03196031960857314
  endloop
endfacet
facet normal -7.5104e-05 -0.823236 -0.567699
  outer loop
    vertex 0.02305888712403402 0.03222211930855054 0.04083774273879037
    vertex 0.02602138915659054 0.03511598476777956 0.03664087987302196
    vertex 0.02898768135557616 0.03222372069418906 0.0408346361751539
  endloop
endfacet
facet normal 0.000722228 -0.98661 0.163096
  outer loop
    vertex 0.09389841316509931 0.03001247676204131 0.05070633902062764
    vertex 0.09677433765318465 0.0308531718824978 0.05577918446139479
    vertex 0.09090954409951356 0.03084364577558537 0.0557475292803736
  endloop
endfacet
facet normal 9.37703e-05 -0.986673 0.162715
  outer loop
    vertex 0.08211232052686482 0.03001273278002279 0.05071354682903385
    vertex 0.07923298858822685 0.03084138381134572 0.05573998482017452
    vertex 0.07621636429107867 0.03001288819589356 0.05071788698981726
  endloop
endfacet
facet normal 0.000286376 0.999603 0.0281761
  outer loop
    vertex 0.0525671885201112 0.06989963415028672 0.04799886015362675
    vertex 0.04668920332843454 0.06990094849862188 0.04801197362814279
    vertex 0.04960742920109566 0.06975634634911546 0.0531123590624786
  endloop
endfacet
facet normal 0.00249956 -0.784317 0.620356
  outer loop
    vertex 0.09985155513655236 0.03285550560382644 0.0602988500280164
    vertex 0.09698041820384042 0.03598887606187778 0.06427194471649111
    vertex 0.09390323173083893 0.03291708085931035 0.06040066698018254
  endloop
endfacet
facet normal -0.000499954 0.958348 0.285604
  outer loop
    vertex 0.01704676247908037 0.06827488770842494 0.05812579099192559
    vertex 0.02004414006032747 0.06973984623392759 0.05321534922845015
    vertex 0.01412853811925297 0.06974353653545767 0.05319261101185972
  endloop
endfacet
facet normal 0.000326036 -0.821615 -0.570042
  outer loop
    vertex 0.1529650522551866 0.03224257318320088 0.04079816361555894
    vertex 0.1470868416251677 0.03224948134972434 0.04078484467595819
    vertex 0.1499923087083048 0.03515852479040821 0.03659363533231054
  endloop
endfacet
facet normal -0.00250027 -0.913657 0.406477
  outer loop
    vertex 0.09390323173083893 0.03291708085931035 0.06040066698018254
    vertex 0.09677433765318465 0.0308531718824978 0.05577918446139479
    vertex 0.09985155513655236 0.03285550560382644 0.0602988500280164
  endloop
endfacet
facet normal 0.000480596 0.54341 -0.839467
  outer loop
    vertex 0.1825049088980579 0.05861537355802868 0.03195075241303338
    vertex 0.1765854252762858 0.05863538831640877 0.03196031960857314
    vertex 0.1795151868705359 0.06293148929315588 0.03474298244541238
  endloop
endfacet
facet normal -0.00219553 -0.779975 0.625807
  outer loop
    vertex 0.09096205271788045 0.03610439165814584 0.06438443842524946
    vertex 0.08518347060168818 0.03617550332282425 0.06445279528751295
    vertex 0.08801316934291713 0.03291941406897082 0.0604044982701103
  endloop
endfacet
facet normal -0.000310907 0.0632688 -0.997996
  outer loop
    vertex 0.1677153017961126 0.05381596424320757 0.03036741441137818
    vertex 0.1736157726696969 0.05380188946363717 0.03036468394687051
    vertex 0.1706893150005585 0.04870107019909897 0.03004222503954083
  endloop
endfacet
facet normal -0.000439674 -0.18959 -0.981863
  outer loop
    vertex 0.1470116615901943 0.04874455576347966 0.03003944239834499
    vertex 0.1499321647301518 0.0437433919402982 0.03100381997381383
    vertex 0.1440431430944845 0.04372411952485206 0.031010178403638
  endloop
endfacet
facet normal 0.000598689 -0.192781 -0.981242
  outer loop
    vertex 0.1706893150005585 0.04870107019909897 0.03004222503954083
    vertex 0.1735921687894521 0.04363898871041541 0.03103852496840561
    vertex 0.1676985501556462 0.04366500049426471 0.03102981862863896
  endloop
endfacet
facet normal 0.00222709 -0.648166 -0.761496
  outer loop
    vertex 0.09982928520158638 0.03909246327231737 0.0332361805505352
    vertex 0.09695090899465059 0.03522810398527563 0.03651700744900561
    vertex 0.09388829030811865 0.03900415378020049 0.03329397216839022
  endloop
endfacet
facet normal 0.00264053 0.999318 0.0368382
  outer loop
    vertex 0.01250426212094997 0.06991706414328315 0.04818050668801864
    vertex 0.005063625612888982 0.0699308899867669 0.04833878829302371
    vertex 0.009445105888882059 0.06973945850852488 0.05321772866945377
  endloop
endfacet
facet normal 0.000196133 -0.438803 -0.898583
  outer loop
    vertex 0.02000754496677648 0.0435919953598532 0.03105435468156714
    vertex 0.01711636551599139 0.03900345670781767 0.0332944309997187
    vertex 0.01406758693014637 0.0435833428339813 0.0310572834362708
  endloop
endfacet
facet normal 0.00234374 -0.938071 -0.346435
  outer loop
    vertex 0.09983670872467335 0.03228006016603931 0.04072618027559231
    vertex 0.09696343076710137 0.03051776998071728 0.045478638095025
    vertex 0.09389656576087799 0.03222880406292822 0.0408247836556186
  endloop
endfacet
facet normal 0.000216781 0.857082 0.51518
  outer loop
    vertex 0.05258271535611203 0.06831762514436879 0.05802898555674306
    vertex 0.0466969143549824 0.06831360608090975 0.05803814856252767
    vertex 0.0496077663591666 0.06568780737373733 0.06240534964458934
  endloop
endfacet
facet normal 0.000460524 -0.198785 -0.980043
  outer loop
    vertex 0.179505633068177 0.04354314321010903 0.03107094824364309
    vertex 0.1765869493374456 0.04856065014038412 0.03005186043808537
    vertex 0.1825018790822895 0.04858183289451631 0.03005034330969768
  endloop
endfacet
facet normal -0.00223126 -0.912853 0.408283
  outer loop
    vertex 0.08801316934291713 0.03291941406897082 0.0604044982701103
    vertex 0.08223724714061492 0.03297172701674352 0.06048989605323606
    vertex 0.08506322178423829 0.03084343755388784 0.05574683523760732
  endloop
endfacet
facet normal 0.000691797 -0.939666 -0.342093
  outer loop
    vertex 0.1647746753096959 0.0322418493175942 0.04079956064413386
    vertex 0.1676660679943768 0.03047983138212148 0.04564534534898684
    vertex 0.1617764750236839 0.03048675946112583 0.04561440498084494
  endloop
endfacet
facet normal 2.88534e-05 0.974046 -0.226352
  outer loop
    vertex 0.05554078124260907 0.06874268366289174 0.0430206154201985
    vertex 0.04965948911145624 0.06874314714620208 0.0430218602008976
    vertex 0.0525671885201112 0.06989963415028672 0.04799886015362675
  endloop
endfacet
facet normal 0.000125489 0.543918 -0.839138
  outer loop
    vertex 0.02890198293178155 0.05864160098656142 0.03196329485773356
    vertex 0.02595525723746882 0.06293408728790904 0.03474518482482498
    vertex 0.03186870259524807 0.06293851040681549 0.03474893615341122
  endloop
endfacet
facet normal -0.0185956 0.598409 0.800975
  outer loop
    vertex 0.1056634708652933 0.06200139538718456 0.06599895336453186
    vertex 0.09979910549974108 0.06357626370205002 0.06468622020440928
    vertex 0.09949315459801629 0.06018731514272329 0.06721100259086731
  endloop
endfacet
facet normal 0.00222981 -0.778464 0.627686
  outer loop
    vertex 0.08518347060168818 0.03617550332282425 0.06445279528751295
    vertex 0.08223724714061492 0.03297172701674352 0.06048989605323606
    vertex 0.08801316934291713 0.03291941406897082 0.0604044982701103
  endloop
endfacet
facet normal -0.000853005 0.957737 0.287643
  outer loop
    vertex 0.1883882600195296 0.06826141960565835 0.05815601336352984
    vertex 0.1901034740988174 0.06973144992926623 0.05326647879051121
    vertex 0.185422291885971 0.06973651576420864 0.05323572951421218
  endloop
endfacet
facet normal -0.0011468 -0.372354 0.92809
  outer loop
    vertex 0.02058823529411761 0.04494721561698962 0.06935121107266433
    vertex 0.01469502222493448 0.04499867331419761 0.06936457413375985
    vertex 0.01729203483762008 0.04025087033696217 0.0674629456511001
  endloop
endfacet
facet normal -0.00462931 -0.36815 0.929755
  outer loop
    vertex 0.1705538079818336 0.04047356984329698 0.0675854237500681
    vertex 0.1675241479176234 0.04501645639158249 0.06936915829619349
    vertex 0.1645934980167967 0.04027952616990858 0.06747891268124273
  endloop
endfacet
facet normal 0.000334052 -0.125498 0.992094
  outer loop
    vertex 0.05294117647058814 0.05 0.07000000000000001
    vertex 0.04986682819844322 0.0450276969055763 0.06937204692171647
    vertex 0.05575060901617654 0.04501252647424893 0.06936814673193933
  endloop
endfacet
facet normal 0.00140776 -0.59528 0.803517
  outer loop
    vertex 0.04694844182933792 0.04025155964704966 0.06746333045799023
    vertex 0.04102599814671717 0.04019406028884963 0.0674311085815356
    vertex 0.04377057975977117 0.03615883985307398 0.06443683780428204
  endloop
endfacet
facet normal 0.000113168 -0.438653 -0.898657
  outer loop
    vertex 0.02893504248499553 0.03899664505785422 0.03329891680108275
    vertex 0.02302719084087154 0.0390010076942224 0.033296043335262
    vertex 0.0259439761948386 0.04359933555296691 0.0310518735850616
  endloop
endfacet
facet normal -0.00478417 -0.910369 0.41377
  outer loop
    vertex 0.1676202052294052 0.03091739140782633 0.05598782509079044
    vertex 0.1646784608312553 0.03299953368836233 0.0605349012898495
    vertex 0.1617630885539066 0.03085283396340685 0.05577806479430039
  endloop
endfacet
facet normal 0.000292219 -0.594391 0.804176
  outer loop
    vertex 0.0822703968639617 0.04023347997186291 0.06745322567722073
    vertex 0.08518347060168818 0.03617550332282425 0.06445279528751295
    vertex 0.08823529411764691 0.04024552164997464 0.06745995853714683
  endloop
endfacet
facet normal 0.000904885 0.546632 -0.837372
  outer loop
    vertex 0.1676530396084785 0.0629806037386941 0.03478474691045198
    vertex 0.1735626875553921 0.0630121972632412 0.03481175710022722
    vertex 0.1706816959494173 0.0586866374597528 0.03198494158647218
  endloop
endfacet
facet normal 0.000456381 -0.656352 -0.754454
  outer loop
    vertex 0.1789570411888922 0.03504965387951786 0.0367151533363089
    vertex 0.1765844329323452 0.03890512251927838 0.03335957651717433
    vertex 0.1824943221218091 0.0389226480220737 0.03334790484181849
  endloop
endfacet
facet normal 0.000588221 -0.373484 0.927637
  outer loop
    vertex 0.07352641942895151 0.04494890093282836 0.06935165104619287
    vertex 0.07062763359655504 0.04024464338986605 0.06745946784438506
    vertex 0.07646823501779482 0.04022105552502185 0.06744626736454805
  endloop
endfacet
facet normal 0.000837921 0.738887 -0.673829
  outer loop
    vertex 0.01991735473746937 0.06296448948909196 0.0347710140755458
    vertex 0.02302017296998462 0.06636790554818026 0.0385068860631311
    vertex 0.02595525723746882 0.06293408728790904 0.03474518482482498
  endloop
endfacet
facet normal 0.000650351 0.885363 -0.464899
  outer loop
    vertex 0.04663651831166164 0.06639457061909528 0.03854495507579748
    vertex 0.04965948911145624 0.06874314714620208 0.0430218602008976
    vertex 0.05258438292135832 0.0663770734021194 0.03851995353748107
  endloop
endfacet
facet normal -0.00011327 -0.652506 -0.757783
  outer loop
    vertex 0.02602138915659054 0.03511598476777956 0.03664087987302196
    vertex 0.02302719084087154 0.0390010076942224 0.033296043335262
    vertex 0.02893504248499553 0.03899664505785422 0.03329891680108275
  endloop
endfacet
facet normal -0.000325174 -0.939122 -0.343584
  outer loop
    vertex 0.1499761979998802 0.0304951433875139 0.04557726684884143
    vertex 0.1470868416251677 0.03224948134972434 0.04078484467595819
    vertex 0.1529650522551866 0.03224257318320088 0.04079816361555894
  endloop
endfacet
facet normal -0.00216059 -0.126119 0.992013
  outer loop
    vertex 0.03823529411764699 0.04494721561695915 0.06935121107265638
    vertex 0.04411764705882344 0.04504480240226808 0.06937642941223775
    vertex 0.04117647058823522 0.05 0.07000000000000001
  endloop
endfacet
facet normal 0.00186538 -0.126288 0.991992
  outer loop
    vertex 0.06470588235294107 0.05 0.07000000000000001
    vertex 0.06156179385947716 0.04503429982940031 0.06937374052204959
    vertex 0.06764705882352931 0.04494721561702628 0.0693512110726739
  endloop
endfacet
facet normal -9.65411e-05 -0.652513 -0.757777
  outer loop
    vertex 0.03192361048045686 0.03511895913484415 0.0366375667347013
    vertex 0.02602138915659054 0.03511598476777956 0.03664087987302196
    vertex 0.02893504248499553 0.03899664505785422 0.03329891680108275
  endloop
endfacet
facet normal 3.90286e-05 -0.371795 0.928315
  outer loop
    vertex 0.01469502222493448 0.04499867331419761 0.06936457413375985
    vertex 0.01146906990652237 0.04025242260993681 0.06746381215613387
    vertex 0.01729203483762008 0.04025087033696217 0.0674629456511001
  endloop
endfacet
facet normal -0.000485185 -0.125389 0.992108
  outer loop
    vertex 0.05575060901617654 0.04501252647424893 0.06936814673193933
    vertex 0.06156179385947716 0.04503429982940031 0.06937374052204959
    vertex 0.05882352941176461 0.05 0.07000000000000001
  endloop
endfacet
facet normal 0.0270662 -0.439115 -0.898023
  outer loop
    vertex 0.1933126273013803 0.0387666261151792 0.03345275517906905
    vertex 0.1895800949650889 0.04304473654808618 0.03124835179738934
    vertex 0.1948418592156483 0.04410489651178188 0.0308885438842772
  endloop
endfacet
facet normal 9.99453e-05 0.975579 -0.219648
  outer loop
    vertex 0.01404996478790094 0.06879498357715413 0.043162705773882
    vertex 0.01709941863423709 0.06991191603590738 0.04812500672561879
    vertex 0.0199864570256795 0.06879338865625859 0.04315832309920942
  endloop
endfacet
facet normal -0.00130753 -0.595299 0.803503
  outer loop
    vertex 0.1559066508646818 0.03612367587951733 0.0644030423488689
    vertex 0.1617567178285976 0.03616701492938085 0.06444467112938289
    vertex 0.1588235349158653 0.04023659160519727 0.0674549665286501
  endloop
endfacet
facet normal -9.81166e-05 -0.651644 -0.758525
  outer loop
    vertex 0.01415143616221924 0.03514114981873313 0.03661289533578432
    vertex 0.01711636551599139 0.03900345670781767 0.0332944309997187
    vertex 0.02008908039723123 0.03514421477580812 0.03660949420773502
  endloop
endfacet
facet normal -0.000539453 -0.649664 -0.760221
  outer loop
    vertex 0.1647722668037384 0.03905450128671772 0.03326094214367081
    vertex 0.1676874914481899 0.03517993950462948 0.0365699662355764
    vertex 0.1617917841355199 0.03516322593466106 0.03658843277860169
  endloop
endfacet
facet normal -0.00957319 -0.904625 0.426101
  outer loop
    vertex 0.1869241190763181 0.03307256350326934 0.06065184930653598
    vertex 0.189743351756166 0.0310819984504599 0.05648916153070629
    vertex 0.1934303645711421 0.03276877448295182 0.06015307181007934
  endloop
endfacet
facet normal -0.00154803 0.975794 -0.218684
  outer loop
    vertex 0.01404996478790094 0.06879498357715413 0.043162705773882
    vertex 0.01250426212094997 0.06991706414328315 0.04818050668801864
    vertex 0.01709941863423709 0.06991191603590738 0.04812500672561879
  endloop
endfacet
facet normal -0.0198337 0.357248 0.933799
  outer loop
    vertex 0.1853996690528586 0.05741408518844131 0.06857501926832205
    vertex 0.1794838041224818 0.05914196113534995 0.06778832613260032
    vertex 0.1794117647058823 0.05505278438301258 0.06935121107266376
  endloop
endfacet
facet normal 6.3342e-05 -0.438735 -0.898616
  outer loop
    vertex 0.02302719084087154 0.0390010076942224 0.033296043335262
    vertex 0.01711636551599139 0.03900345670781767 0.0332944309997187
    vertex 0.02000754496677648 0.0435919953598532 0.03105435468156714
  endloop
endfacet
facet normal -0.000535908 -0.912988 0.407987
  outer loop
    vertex 0.1558819509022828 0.03084570353680587 0.05575438328581514
    vertex 0.1617630885539066 0.03085283396340685 0.05577806479430039
    vertex 0.1588614472752977 0.03292891107198235 0.06042007307132311
  endloop
endfacet
facet normal 0.000982993 -0.826499 -0.562937
  outer loop
    vertex 0.1765213576250512 0.03215425831784043 0.04097063104012068
    vertex 0.170650406647391 0.03217465162027544 0.04093043798513671
    vertex 0.1735601231646172 0.03504764420794679 0.03671741530168722
  endloop
endfacet
facet normal 0 -0.125978 0.992033
  outer loop
    vertex 0.1705882352941176 0.05 0.07000000000000001
    vertex 0.1735034246364786 0.0450010235856479 0.06936518099085964
    vertex 0.1764705882352941 0.05 0.07000000000000001
  endloop
endfacet
facet normal 9.61162e-05 -0.823179 -0.567781
  outer loop
    vertex 0.02898768135557616 0.03222372069418906 0.0408346361751539
    vertex 0.02602138915659054 0.03511598476777956 0.03664087987302196
    vertex 0.03192361048045686 0.03511895913484415 0.0366375667347013
  endloop
endfacet
facet normal 0.00052192 -0.984522 0.175262
  outer loop
    vertex 0.1735321730783002 0.03091955142943596 0.05599470452533406
    vertex 0.1706409888163004 0.0300235373546721 0.05097002071102581
    vertex 0.1765352442295569 0.03002238524088391 0.05094599605514349
  endloop
endfacet
facet normal 0.000854218 0.999401 0.034604
  outer loop
    vertex 0.185422291885971 0.06973651576420864 0.05323572951421218
    vertex 0.1901034740988174 0.06973144992926623 0.05326647879051121
    vertex 0.1884109356482701 0.06991118664742135 0.04811727689461529
  endloop
endfacet
facet normal -0.00344763 -0.586337 0.81006
  outer loop
    vertex 0.1735188854090055 0.03632923824738489 0.06459829692475241
    vertex 0.1764706102388631 0.04033116623507824 0.06750753134014928
    vertex 0.1705538079818336 0.04047356984329698 0.0675854237500681
  endloop
endfacet
facet normal 0.00155442 0.97501 -0.222155
  outer loop
    vertex 0.0199864570256795 0.06879338865625859 0.04315832309920942
    vertex 0.02301933672712883 0.06990590523231216 0.04806223404865101
    vertex 0.02592883907416004 0.06876830313031219 0.04308980480675736
  endloop
endfacet
facet normal 0.0037303 -0.941792 -0.336175
  outer loop
    vertex 0.1735493332230857 0.03044302749815099 0.04581373357728853
    vertex 0.1676660679943768 0.03047983138212148 0.04564534534898684
    vertex 0.170650406647391 0.03217465162027544 0.04093043798513671
  endloop
endfacet
facet normal 0.00275587 -0.908532 0.417807
  outer loop
    vertex 0.1705711693427735 0.03306745056861902 0.06064371973296176
    vertex 0.1646784608312553 0.03299953368836233 0.0605349012898495
    vertex 0.1676202052294052 0.03091739140782633 0.05598782509079044
  endloop
endfacet
facet normal 0.0195096 0.267222 0.963438
  outer loop
    vertex 0.1794117647058823 0.05505278438301258 0.06935121107266376
    vertex 0.1853312733994192 0.05322524887464651 0.06973823116939792
    vertex 0.1853996690528586 0.05741408518844131 0.06857501926832205
  endloop
endfacet
facet normal 0.000704765 0.974903 -0.222628
  outer loop
    vertex 0.02592883907416004 0.06876830313031219 0.04308980480675736
    vertex 0.02301933672712883 0.06990590523231216 0.04806223404865101
    vertex 0.02889199855482327 0.06990901385603257 0.04809443780466145
  endloop
endfacet
facet normal 0.00283887 -0.12573 0.99206
  outer loop
    vertex 0.03529411764705876 0.05 0.07000000000000001
    vertex 0.03235294117647053 0.0450758800049364 0.0693843504475702
    vertex 0.03823529411764699 0.04494721561695915 0.06935121107265638
  endloop
endfacet
facet normal -0.0030353 -0.194786 -0.980841
  outer loop
    vertex 0.1765869493374456 0.04856065014038412 0.03005186043808537
    vertex 0.1735921687894521 0.04363898871041541 0.03103852496840561
    vertex 0.1706893150005585 0.04870107019909897 0.03004222503954083
  endloop
endfacet
facet normal 0 -0.125583 0.992083
  outer loop
    vertex 0.1647058823529411 0.05 0.07000000000000001
    vertex 0.1675241479176234 0.04501645639158249 0.06936915829619349
    vertex 0.1705882352941176 0.05 0.07000000000000001
  endloop
endfacet
facet normal 0.00100885 0.738953 -0.673756
  outer loop
    vertex 0.02595525723746882 0.06293408728790904 0.03474518482482498
    vertex 0.02302017296998462 0.06636790554818026 0.0385068860631311
    vertex 0.02889844431422025 0.0663945054486088 0.03854486180373469
  endloop
endfacet
facet normal 0.000630398 -0.647477 -0.762085
  outer loop
    vertex 0.1028169399874825 0.03520850500459836 0.03653851138242846
    vertex 0.09695090899465059 0.03522810398527563 0.03651700744900561
    vertex 0.09982928520158638 0.03909246327231737 0.0332361805505352
  endloop
endfacet
facet normal 0.0015316 0.999417 0.0341052
  outer loop
    vertex 0.01709941863423709 0.06991191603590738 0.04812500672561879
    vertex 0.01250426212094997 0.06991706414328315 0.04818050668801864
    vertex 0.01412853811925297 0.06974353653545767 0.05319261101185972
  endloop
endfacet
facet normal 0.0253591 -0.993946 -0.106901
  outer loop
    vertex 0.005920710498154035 0.03001078614844279 0.04934324312206644
    vertex 0.009161156736763102 0.03050151190397905 0.04554927399525322
    vertex 0.01145045012384891 0.03001074216868086 0.05065541693069862
  endloop
endfacet
facet normal 0.000570593 -0.937725 -0.347379
  outer loop
    vertex 0.1028211651026966 0.03051183945958648 0.04550426883020467
    vertex 0.09696343076710137 0.03051776998071728 0.045478638095025
    vertex 0.09983670872467335 0.03228006016603931 0.04072618027559231
  endloop
endfacet
facet normal 0.002179 -0.595304 0.803498
  outer loop
    vertex 0.08823529411764691 0.04024552164997464 0.06745995853714683
    vertex 0.08518347060168818 0.03617550332282425 0.06445279528751295
    vertex 0.09096205271788045 0.03610439165814584 0.06438443842524946
  endloop
endfacet
facet normal -0.000594456 -0.435921 -0.899985
  outer loop
    vertex 0.1676985501556462 0.04366500049426471 0.03102981862863896
    vertex 0.1735921687894521 0.04363898871041541 0.03103852496840561
    vertex 0.1706931387177782 0.03905414637844501 0.03326117421993133
  endloop
endfacet
facet normal -2.87115e-05 0.885182 -0.465245
  outer loop
    vertex 0.05258438292135832 0.0663770734021194 0.03851995353748107
    vertex 0.04965948911145624 0.06874314714620208 0.0430218602008976
    vertex 0.05554078124260907 0.06874268366289174 0.0430206154201985
  endloop
endfacet
facet normal 0.000736099 -0.784939 0.619572
  outer loop
    vertex 0.1028456142053156 0.03601316863688533 0.06429575281053054
    vertex 0.09698041820384042 0.03598887606187778 0.06427194471649111
    vertex 0.09985155513655236 0.03285550560382644 0.0602988500280164
  endloop
endfacet
facet normal 0.000277558 -0.59379 0.80462
  outer loop
    vertex 0.02604806829278948 0.03619118396061489 0.06446777797695349
    vertex 0.02326330651150553 0.04024117027133396 0.06745752681014421
    vertex 0.0201458820522869 0.03620061614317593 0.06447677468126183
  endloop
endfacet
facet normal -6.30754e-05 -0.651628 -0.758539
  outer loop
    vertex 0.02008908039723123 0.03514421477580812 0.03660949420773502
    vertex 0.01711636551599139 0.03900345670781767 0.0332944309997187
    vertex 0.02302719084087154 0.0390010076942224 0.033296043335262
  endloop
endfacet
facet normal -0.000715579 -0.913248 0.407403
  outer loop
    vertex 0.09090954409951356 0.03084364577558537 0.0557475292803736
    vertex 0.09677433765318465 0.0308531718824978 0.05577918446139479
    vertex 0.09390323173083893 0.03291708085931035 0.06040066698018254
  endloop
endfacet
facet normal -0.00305823 -0.125605 0.992076
  outer loop
    vertex 0.02058823529411761 0.04494721561698962 0.06935121107266433
    vertex 0.02647058823529407 0.04508597790086262 0.06938691277148555
    vertex 0.02352941176470584 0.05 0.07000000000000001
  endloop
endfacet
facet normal -0.000683452 0.999393 0.0348222
  outer loop
    vertex 0.01412853811925297 0.06974353653545767 0.05319261101185972
    vertex 0.01250426212094997 0.06991706414328315 0.04818050668801864
    vertex 0.009445105888882059 0.06973945850852488 0.05321772866945377
  endloop
endfacet
facet normal 8.25473e-05 -0.596765 0.802416
  outer loop
    vertex 0.06146432603199878 0.0361472913384094 0.06442575692076824
    vertex 0.05851711895907705 0.04016865867030575 0.06741679441398576
    vertex 0.05556336009506586 0.0361500968551475 0.0644284504669838
  endloop
endfacet
facet normal -0.00318054 -0.940402 -0.34005
  outer loop
    vertex 0.170650406647391 0.03217465162027544 0.04093043798513671
    vertex 0.1676660679943768 0.03047983138212148 0.04564534534898684
    vertex 0.1647746753096959 0.0322418493175942 0.04079956064413386
  endloop
endfacet
facet normal -0.000686373 -0.99573 -0.0923078
  outer loop
    vertex 0.1617764750236839 0.03048675946112583 0.04561440498084494
    vertex 0.1676660679943768 0.03047983138212148 0.04564534534898684
    vertex 0.1647744095199893 0.03001252520316731 0.05070770844701619
  endloop
endfacet
facet normal -0.0439349 0.996241 -0.0746579
  outer loop
    vertex 0 0.06994407594362362 0.05149460187172829
    vertex 0.005063625612888982 0.0699308899867669 0.04833878829302371
    vertex 0 0.06949855824363643 0.04554958132087353
  endloop
endfacet
facet normal -0.019594 0.862492 0.505692
  outer loop
    vertex 0.1883882600195296 0.06826141960565835 0.05815601336352984
    vertex 0.1896690153864897 0.06617839216275959 0.06175838539204934
    vertex 0.1945342269899814 0.0673526849147939 0.05994405984736034
  endloop
endfacet
facet normal 0.00216814 -0.197831 -0.980234
  outer loop
    vertex 0.179505633068177 0.04354314321010903 0.03107094824364309
    vertex 0.1735921687894521 0.04363898871041541 0.03103852496840561
    vertex 0.1765869493374456 0.04856065014038412 0.03005186043808537
  endloop
endfacet
facet normal -0.00295331 -0.778084 0.628154
  outer loop
    vertex 0.1588614472752977 0.03292891107198235 0.06042007307132311
    vertex 0.1646784608312553 0.03299953368836233 0.0605349012898495
    vertex 0.1617567178285976 0.03616701492938085 0.06444467112938289
  endloop
endfacet
facet normal 0.000494716 0.999439 0.033498
  outer loop
    vertex 0.02004414006032747 0.06973984623392759 0.05321534922845015
    vertex 0.01709941863423709 0.06991191603590738 0.04812500672561879
    vertex 0.01412853811925297 0.06974353653545767 0.05319261101185972
  endloop
endfacet
facet normal -0.00134718 0.975398 -0.220449
  outer loop
    vertex 0.0199864570256795 0.06879338865625859 0.04315832309920942
    vertex 0.01709941863423709 0.06991191603590738 0.04812500672561879
    vertex 0.02301933672712883 0.06990590523231216 0.04806223404865101
  endloop
endfacet
facet normal 0 -0.125295 0.99212
  outer loop
    vertex 0.04705882352941167 0.05 0.07000000000000001
    vertex 0.04986682819844322 0.0450276969055763 0.06937204692171647
    vertex 0.05294117647058814 0.05 0.07000000000000001
  endloop
endfacet
facet normal 0.00114294 -0.126702 0.99194
  outer loop
    vertex 0.01764705882352938 0.05 0.07000000000000001
    vertex 0.01469502222493448 0.04499867331419761 0.06936457413375985
    vertex 0.02058823529411761 0.04494721561698962 0.06935121107266433
  endloop
endfacet
facet normal 0.00038414 -0.125081 0.992146
  outer loop
    vertex 0.04705882352941167 0.05 0.07000000000000001
    vertex 0.04411764705882344 0.04504480240226808 0.06937642941223775
    vertex 0.04986682819844322 0.0450276969055763 0.06937204692171647
  endloop
endfacet
facet normal 0 -0.124857 0.992175
  outer loop
    vertex 0.04117647058823522 0.05 0.07000000000000001
    vertex 0.04411764705882344 0.04504480240226808 0.06937642941223775
    vertex 0.04705882352941167 0.05 0.07000000000000001
  endloop
endfacet
facet normal -0.00422178 -0.590959 0.80669
  outer loop
    vertex 0.01146906990652237 0.04025242260993681 0.06746381215613387
    vertex 0.005629564554162989 0.04042151929227837 0.06755712696689879
    vertex 0.009051536765749239 0.03622868864560969 0.06450348177440302
  endloop
endfacet
facet normal -0.000574539 0.74132 -0.671151
  outer loop
    vertex 0.1765827599281877 0.06639524287012788 0.03854591726808641
    vertex 0.1735626875553921 0.0630121972632412 0.03481175710022722
    vertex 0.1706253916881808 0.06641074824669238 0.03856814354605154
  endloop
endfacet
facet normal -0.0107744 -0.912644 0.408613
  outer loop
    vertex 0.009322998310037325 0.03078459613996245 0.05554691396144322
    vertex 0.01440450315383912 0.0309066787175348 0.05595357727795325
    vertex 0.01125371983047619 0.03298329465341206 0.06050865068157684
  endloop
endfacet
facet normal -0.000894361 0.741196 -0.671288
  outer loop
    vertex 0.1706253916881808 0.06641074824669238 0.03856814354605154
    vertex 0.1735626875553921 0.0630121972632412 0.03481175710022722
    vertex 0.1676530396084785 0.0629806037386941 0.03478474691045198
  endloop
endfacet
facet normal -0.00114719 -0.1267 0.99194
  outer loop
    vertex 0.00882352941176469 0.04494721561698981 0.06935121107266437
    vertex 0.01469502222493448 0.04499867331419761 0.06936457413375985
    vertex 0.01176470588235292 0.05 0.07000000000000001
  endloop
endfacet
facet normal 0 -0.125126 0.992141
  outer loop
    vertex 0.05882352941176461 0.05 0.07000000000000001
    vertex 0.06156179385947716 0.04503429982940031 0.06937374052204959
    vertex 0.06470588235294107 0.05 0.07000000000000001
  endloop
endfacet
facet normal 0.000640018 -0.592861 0.805305
  outer loop
    vertex 0.01423122238885255 0.03620950452681944 0.06448524195877262
    vertex 0.01146906990652237 0.04025242260993681 0.06746381215613387
    vertex 0.009051536765749239 0.03622868864560969 0.06450348177440302
  endloop
endfacet
facet normal 0.000176842 -0.59582 0.803118
  outer loop
    vertex 0.04377057975977117 0.03615883985307398 0.06443683780428204
    vertex 0.04102599814671717 0.04019406028884963 0.0674311085815356
    vertex 0.03787281491406472 0.03616483946511199 0.06444258747502944
  endloop
endfacet
facet normal -0.00106988 -0.439483 -0.89825
  outer loop
    vertex 0.01711636551599139 0.03900345670781767 0.0332944309997187
    vertex 0.01195369074330821 0.03896739985420367 0.03331822149700535
    vertex 0.01406758693014637 0.0435833428339813 0.0310572834362708
  endloop
endfacet
facet normal 0.00108329 -0.594186 0.804327
  outer loop
    vertex 0.1617567178285976 0.03616701492938085 0.06444467112938289
    vertex 0.1645934980167967 0.04027952616990858 0.06747891268124273
    vertex 0.1588235349158653 0.04023659160519727 0.0674549665286501
  endloop
endfacet
facet normal -0.00143729 -0.595193 0.803582
  outer loop
    vertex 0.07941020736752474 0.03612834917739836 0.06440754328314911
    vertex 0.08518347060168818 0.03617550332282425 0.06445279528751295
    vertex 0.0822703968639617 0.04023347997186291 0.06745322567722073
  endloop
endfacet
facet normal 0.0033908 -0.367761 0.929914
  outer loop
    vertex 0.1705538079818336 0.04047356984329698 0.0675854237500681
    vertex 0.1764706102388631 0.04033116623507824 0.06750753134014928
    vertex 0.1735034246364786 0.0450010235856479 0.06936518099085964
  endloop
endfacet
facet normal 0.00119176 -0.126674 0.991944
  outer loop
    vertex 0.1764705882352941 0.05 0.07000000000000001
    vertex 0.1735034246364786 0.0450010235856479 0.06936518099085964
    vertex 0.1794117647058823 0.04494721561698976 0.06935121107266437
  endloop
endfacet
facet normal -0.0198806 0.270244 0.962587
  outer loop
    vertex 0.1558460641041136 0.05748845609271583 0.06854516177733339
    vertex 0.1559226907604417 0.05327174277013303 0.0697305777727385
    vertex 0.1617647058823529 0.05505278438328256 0.06935121107259326
  endloop
endfacet
facet normal 0.00143314 -0.778176 0.628045
  outer loop
    vertex 0.07941020736752474 0.03612834917739836 0.06440754328314911
    vertex 0.08223724714061492 0.03297172701674352 0.06048989605323606
    vertex 0.08518347060168818 0.03617550332282425 0.06445279528751295
  endloop
endfacet
facet normal 0 -0.124061 0.992275
  outer loop
    vertex 0.0294117647058823 0.05 0.07000000000000001
    vertex 0.03235294117647053 0.0450758800049364 0.0693843504475702
    vertex 0.03529411764705876 0.05 0.07000000000000001
  endloop
endfacet
facet normal 0.0358667 -0.433605 0.900389
  outer loop
    vertex 0.2 0.04410489651178192 0.06911145611572282
    vertex 0.1939494022499119 0.04087533867259473 0.06779720640044822
    vertex 0.2 0.03873359883872757 0.06652477548631991
  endloop
endfacet
facet normal -0.00013816 -0.909941 0.414738
  outer loop
    vertex 0.01125371983047619 0.03298329465341206 0.06050865068157684
    vertex 0.01440450315383912 0.0309066787175348 0.05595357727795325
    vertex 0.01716969282525144 0.03297986197321533 0.06050309009526236
  endloop
endfacet
facet normal -0.00289645 -0.98571 0.168424
  outer loop
    vertex 0.0201175903524408 0.03086902189015874 0.05583143863560051
    vertex 0.01440450315383912 0.0309066787175348 0.05595357727795325
    vertex 0.01714103172649995 0.03001538311568365 0.05078427545358601
  endloop
endfacet
facet normal -0.0015125 -0.779214 0.626756
  outer loop
    vertex 0.07646666419712633 0.03293568117343117 0.06043115635896655
    vertex 0.08223724714061492 0.03297172701674352 0.06048989605323606
    vertex 0.07941020736752474 0.03612834917739836 0.06440754328314911
  endloop
endfacet
facet normal 0.0198229 0.270913 0.9624
  outer loop
    vertex 0.1499999999999999 0.05505278438297654 0.06935121107267317
    vertex 0.1559226907604417 0.05327174277013303 0.0697305777727385
    vertex 0.1558460641041136 0.05748845609271583 0.06854516177733339
  endloop
endfacet
facet normal -0.00452395 -0.591674 0.806165
  outer loop
    vertex 0.1676097186656484 0.0363207736718244 0.06459036555616574
    vertex 0.1645934980167967 0.04027952616990858 0.06747891268124273
    vertex 0.1617567178285976 0.03616701492938085 0.06444467112938289
  endloop
endfacet
facet normal 0.000219489 -0.123932 0.992291
  outer loop
    vertex 0.0294117647058823 0.05 0.07000000000000001
    vertex 0.02647058823529407 0.04508597790086262 0.06938691277148555
    vertex 0.03235294117647053 0.0450758800049364 0.0693843504475702
  endloop
endfacet
facet normal 0 -0.123803 0.992307
  outer loop
    vertex 0.02352941176470584 0.05 0.07000000000000001
    vertex 0.02647058823529407 0.04508597790086262 0.06938691277148555
    vertex 0.0294117647058823 0.05 0.07000000000000001
  endloop
endfacet
facet normal -0.00157084 -0.126457 0.991971
  outer loop
    vertex 0.1617647058823529 0.04494721561702626 0.06935121107267389
    vertex 0.1675241479176234 0.04501645639158249 0.06936915829619349
    vertex 0.1647058823529411 0.05 0.07000000000000001
  endloop
endfacet
facet normal 0.0108382 -0.98692 0.160848
  outer loop
    vertex 0.009322998310037325 0.03078459613996245 0.05554691396144322
    vertex 0.01145045012384891 0.03001074216868086 0.05065541693069862
    vertex 0.01440450315383912 0.0309066787175348 0.05595357727795325
  endloop
endfacet
facet normal 0.00157262 -0.371464 0.928446
  outer loop
    vertex 0.1645934980167967 0.04027952616990858 0.06747891268124273
    vertex 0.1675241479176234 0.04501645639158249 0.06936915829619349
    vertex 0.1617647058823529 0.04494721561702626 0.06935121107267389
  endloop
endfacet
facet normal 0 0.127325 0.991861
  outer loop
    vertex 0.01176470588235292 0.05 0.07000000000000001
    vertex 0.0111958693329174 0.0550515495210756 0.06935153346471853
    vertex 0.00588235294117646 0.05 0.07000000000000001
  endloop
endfacet
facet normal -0.00107651 -0.372847 0.927892
  outer loop
    vertex 0.1588235349158653 0.04023659160519727 0.0674549665286501
    vertex 0.1645934980167967 0.04027952616990858 0.06747891268124273
    vertex 0.1617647058823529 0.04494721561702626 0.06935121107267389
  endloop
endfacet
facet normal -0.000498483 -0.370641 0.928776
  outer loop
    vertex 0.1764706102388631 0.04033116623507824 0.06750753134014928
    vertex 0.1822465743161875 0.04035150150614085 0.06751874643957147
    vertex 0.1794117647058823 0.04494721561698976 0.06935121107266437
  endloop
endfacet
facet normal 0.00106136 -0.652155 -0.758085
  outer loop
    vertex 0.01415143616221924 0.03514114981873313 0.03661289533578432
    vertex 0.01195369074330821 0.03896739985420367 0.03331822149700535
    vertex 0.01711636551599139 0.03900345670781767 0.0332944309997187
  endloop
endfacet
facet normal 0.00140734 -0.593286 0.804991
  outer loop
    vertex 0.02916221508925126 0.04029841511769237 0.06748940395700723
    vertex 0.02326330651150553 0.04024117027133396 0.06745752681014421
    vertex 0.02604806829278948 0.03619118396061489 0.06446777797695349
  endloop
endfacet
facet normal 3.66504e-05 -0.370357 0.92889
  outer loop
    vertex 0.1794117647058823 0.04494721561698976 0.06935121107266437
    vertex 0.1822465743161875 0.04035150150614085 0.06751874643957147
    vertex 0.1852911253113044 0.04494890093282869 0.06935165104619297
  endloop
endfacet
facet normal -0.000215605 -0.587901 0.808933
  outer loop
    vertex 0.1789154181397363 0.03633611171979229 0.0646047306399674
    vertex 0.1764706102388631 0.04033116623507824 0.06750753134014928
    vertex 0.1735188854090055 0.03632923824738489 0.06459829692475241
  endloop
endfacet
facet normal 0.0519557 0.358939 0.931914
  outer loop
    vertex 0.1650407514076889 0.06028265745255257 0.06715421101984773
    vertex 0.1611181727979434 0.05894554139365909 0.06788790902185976
    vertex 0.1617647058823529 0.05505278438328256 0.06935121107259326
  endloop
endfacet
facet normal 0.0612485 0.355879 0.932523
  outer loop
    vertex 0.09483436847819489 0.05686550305112279 0.06878469770464843
    vertex 0.09847430094064388 0.05425340814265757 0.06954247986239143
    vertex 0.09949315459801629 0.06018731514272329 0.06721100259086731
  endloop
endfacet
facet normal -0.0472267 0.357127 0.932861
  outer loop
    vertex 0.1029411764705881 0.05505278438328255 0.06935121107259326
    vertex 0.1034597058277345 0.0589515824618285 0.06788488667643953
    vertex 0.09949315459801629 0.06018731514272329 0.06721100259086731
  endloop
endfacet
facet normal -0.0154616 0.515478 0.856763
  outer loop
    vertex 0.1588020803816747 0.06194247837463562 0.06604298009321712
    vertex 0.1611181727979434 0.05894554139365909 0.06788790902185976
    vertex 0.1650407514076889 0.06028265745255257 0.06715421101984773
  endloop
endfacet
facet normal 0.041246 0.973313 -0.225745
  outer loop
    vertex 0 0.06949855824363643 0.04554958132087353
    vertex 0.005063625612888982 0.0699308899867669 0.04833878829302371
    vertex 0.005158140784351486 0.06861747497288402 0.04269317951267194
  endloop
endfacet
facet normal 0.015891 0.517544 0.855509
  outer loop
    vertex 0.09949315459801629 0.06018731514272329 0.06721100259086731
    vertex 0.1034597058277345 0.0589515824618285 0.06788488667643953
    vertex 0.1056634708652933 0.06200139538718456 0.06599895336453186
  endloop
endfacet
facet normal 0 -0.126038 0.992025
  outer loop
    vertex 0.01176470588235292 0.05 0.07000000000000001
    vertex 0.01469502222493448 0.04499867331419761 0.06936457413375985
    vertex 0.01764705882352938 0.05 0.07000000000000001
  endloop
endfacet
facet normal 0.0243967 0.36813 0.929454
  outer loop
    vertex 0.1911764705882353 0.05505278438301229 0.06935121107266383
    vertex 0.1957072048325711 0.0542895647210198 0.06953457536022174
    vertex 0.1951452591017614 0.06017504834524184 0.06721825749522847
  endloop
endfacet
facet normal -0.000363889 -0.587147 0.80948
  outer loop
    vertex 0.1842522713615394 0.03634756292745878 0.0646154357437711
    vertex 0.1822465743161875 0.04035150150614085 0.06751874643957147
    vertex 0.1789154181397363 0.03633611171979229 0.0646047306399674
  endloop
endfacet
facet normal -0.000423341 -0.370094 0.928994
  outer loop
    vertex 0.1822465743161875 0.04035150150614085 0.06751874643957147
    vertex 0.1882323505702821 0.04036948206125682 0.06752863726110921
    vertex 0.1852911253113044 0.04494890093282869 0.06935165104619297
  endloop
endfacet
facet normal 0.000497706 -0.587615 0.80914
  outer loop
    vertex 0.1789154181397363 0.03633611171979229 0.0646047306399674
    vertex 0.1822465743161875 0.04035150150614085 0.06751874643957147
    vertex 0.1764706102388631 0.04033116623507824 0.06750753134014928
  endloop
endfacet
facet normal -3.64623e-05 -0.369879 0.92908
  outer loop
    vertex 0.1852911253113044 0.04494890093282869 0.06935165104619297
    vertex 0.1882323505702821 0.04036948206125682 0.06752863726110921
    vertex 0.1911764705882353 0.04494721561698974 0.06935121107266436
  endloop
endfacet
facet normal -0.0169518 0.742851 -0.669242
  outer loop
    vertex 0.1940327970429735 0.06582829212411988 0.03777440519101321
    vertex 0.1904952186652742 0.0633252195996783 0.03508562697863737
    vertex 0.1884182706763901 0.06639528113186349 0.0385459720356915
  endloop
endfacet
facet normal -0.0213897 0.0551852 -0.998247
  outer loop
    vertex 0.1884222085478173 0.04858179961337823 0.03005034567559163
    vertex 0.1905342610477936 0.05322544322587679 0.03026180058879115
    vertex 0.1943503930170399 0.04996927841137121 0.03000002359541412
  endloop
endfacet
facet normal -0.0190313 0.5959 0.802833
  outer loop
    vertex 0.1528989142288087 0.06194661893660024 0.06603989700664142
    vertex 0.1469744455283995 0.0635561531676731 0.06470478531956814
    vertex 0.146990101459033 0.06015213247190372 0.06723177896425434
  endloop
endfacet
facet normal -0.0011757 -0.370269 0.928924
  outer loop
    vertex 0.1735034246364786 0.0450010235856479 0.06936518099085964
    vertex 0.1764706102388631 0.04033116623507824 0.06750753134014928
    vertex 0.1794117647058823 0.04494721561698976 0.06935121107266437
  endloop
endfacet
facet normal 0.0190308 0.596013 0.802749
  outer loop
    vertex 0.146990101459033 0.06015213247190372 0.06723177896425434
    vertex 0.1469744455283995 0.0635561531676731 0.06470478531956814
    vertex 0.1410693720800781 0.06197338672391065 0.06601992541679519
  endloop
endfacet
facet normal -3.83206e-05 -0.593162 0.805083
  outer loop
    vertex 0.01729203483762008 0.04025087033696217 0.0674629456511001
    vertex 0.01146906990652237 0.04025242260993681 0.06746381215613387
    vertex 0.01423122238885255 0.03620950452681944 0.06448524195877262
  endloop
endfacet
facet normal -0.0169291 0.302009 -0.953155
  outer loop
    vertex 0.01405783218519313 0.05376590057319968 0.03035774980118687
    vertex 0.009183345233627375 0.05315282104573568 0.03025007039370605
    vertex 0.01030977354936869 0.05867770147360463 0.03198063549580619
  endloop
endfacet
facet normal 0.000425057 -0.586888 0.809668
  outer loop
    vertex 0.1842522713615394 0.03634756292745878 0.0646154357437711
    vertex 0.1882323505702821 0.04036948206125682 0.06752863726110921
    vertex 0.1822465743161875 0.04035150150614085 0.06751874643957147
  endloop
endfacet
facet normal 0.00409563 -0.371015 0.928618
  outer loop
    vertex 0.00882352941176469 0.04494721561698981 0.06935121107266437
    vertex 0.005629564554162989 0.04042151929227837 0.06755712696689879
    vertex 0.01146906990652237 0.04025242260993681 0.06746381215613387
  endloop
endfacet
facet normal 0.0174816 0.278847 0.960176
  outer loop
    vertex 0.1205882352941175 0.05505278438304818 0.06935121107265446
    vertex 0.1277354924937051 0.05333471481171374 0.0697200323814272
    vertex 0.1263142889394623 0.05753677859342122 0.06852557606212956
  endloop
endfacet
facet normal -0.0203186 0.357217 0.933801
  outer loop
    vertex 0.1263142889394623 0.05753677859342122 0.06852557606212956
    vertex 0.1204486295109213 0.05917536698889485 0.06777111815894259
    vertex 0.1205882352941175 0.05505278438304818 0.06935121107265446
  endloop
endfacet
facet normal -0.00438212 -0.456088 -0.889924
  outer loop
    vertex 0.006584051423974276 0.03879812103198983 0.03343141805747845
    vertex 0.009992339908920355 0.04297217464324922 0.03127542601939871
    vertex 0.01195369074330821 0.03896739985420367 0.03331822149700535
  endloop
endfacet
facet normal 0.00283239 -0.910617 0.413241
  outer loop
    vertex 0.01716969282525144 0.03297986197321533 0.06050309009526236
    vertex 0.01440450315383912 0.0309066787175348 0.05595357727795325
    vertex 0.0201175903524408 0.03086902189015874 0.05583143863560051
  endloop
endfacet
facet normal 0.0175765 0.279761 0.959909
  outer loop
    vertex 0.1029411764705881 0.05505278438328255 0.06935121107259326
    vertex 0.1100774363125038 0.0533448163286143 0.06971832152410126
    vertex 0.1086092460309879 0.0575548863333056 0.06851819895375444
  endloop
endfacet
facet normal 0.0371737 -0.93023 -0.365089
  outer loop
    vertex 0.2 0.03050144175636353 0.04554958132087372
    vertex 0.1941504592585141 0.03156362051845173 0.04224758672332635
    vertex 0.2 0.03267949192431123 0.04000000000000001
  endloop
endfacet
facet normal -0.0192325 0.355101 0.93463
  outer loop
    vertex 0.04971326197344651 0.05763607663893358 0.06848486769128556
    vertex 0.04369843878056492 0.05913725690355794 0.06779074299399503
    vertex 0.04411764705882344 0.05505278438328252 0.06935121107259327
  endloop
endfacet
facet normal -0.00244492 0.979689 -0.200508
  outer loop
    vertex 0.01250426212094997 0.06991706414328315 0.04818050668801864
    vertex 0.009895501299423107 0.06901281092012183 0.04379411401041754
    vertex 0.005063625612888982 0.0699308899867669 0.04833878829302371
  endloop
endfacet
facet normal -0.0199555 0.267818 0.963263
  outer loop
    vertex 0.1853996690528586 0.05741408518844131 0.06857501926832205
    vertex 0.1853312733994192 0.05322524887464651 0.06973823116939792
    vertex 0.1911764705882353 0.05505278438301229 0.06935121107266383
  endloop
endfacet
facet normal -0.0170311 0.556001 -0.831007
  outer loop
    vertex 0.01030977354936869 0.05867770147360463 0.03198063549580619
    vertex 0.00919665185649516 0.06344325668506018 0.03519193295194863
    vertex 0.01405344873566149 0.06297025615180063 0.03477592513954697
  endloop
endfacet
facet normal 0.0028729 -0.995846 -0.091005
  outer loop
    vertex 0.01714103172649995 0.03001538311568365 0.05078427545358601
    vertex 0.01145045012384891 0.03001074216868086 0.05065541693069862
    vertex 0.01460516687377272 0.03047619357128915 0.0456616843666892
  endloop
endfacet
facet normal 0.0331962 -0.672835 -0.739048
  outer loop
    vertex 0.1948418592156485 0.0343633703506394 0.03753020396282533
    vertex 0.1892368028201989 0.03537726787952801 0.03635537815353915
    vertex 0.1933126273013803 0.0387666261151792 0.03345275517906905
  endloop
endfacet
facet normal -0.0329603 -0.577674 0.815602
  outer loop
    vertex 0.2 0.03873359883872757 0.06652477548631991
    vertex 0.1939494022499119 0.04087533867259473 0.06779720640044822
    vertex 0.1948418592156482 0.03639654524458162 0.06466103743659654
  endloop
endfacet
facet normal 0.0176562 0.281175 0.959494
  outer loop
    vertex 0.06764705882352931 0.05505278438328255 0.06935121107259326
    vertex 0.0747807889058609 0.05336213057615749 0.06971537668899246
    vertex 0.07321294308507918 0.05757768585314128 0.06850888103346885
  endloop
endfacet
facet normal 4.63055e-05 0.12733 0.99186
  outer loop
    vertex 0.01470588235294115 0.05505278438306966 0.06935121107264886
    vertex 0.0111958693329174 0.0550515495210756 0.06935153346471853
    vertex 0.01176470588235292 0.05 0.07000000000000001
  endloop
endfacet
facet normal 0 0.124298 0.992245
  outer loop
    vertex 0.1764705882352941 0.05 0.07000000000000001
    vertex 0.1757502689813794 0.05493334607156491 0.06938200445098947
    vertex 0.1705882352941176 0.05 0.07000000000000001
  endloop
endfacet
facet normal 0.0212571 0.276196 0.960866
  outer loop
    vertex 0.04411764705882344 0.05505278438328252 0.06935121107259327
    vertex 0.04999999999999991 0.0532919685235897 0.06972721326593533
    vertex 0.04971326197344651 0.05763607663893358 0.06848486769128556
  endloop
endfacet
facet normal 0.0355388 -0.996574 -0.0746829
  outer loop
    vertex 0.2 0.0300559240563764 0.0514946018717285
    vertex 0.1940014359363281 0.03001854779649211 0.0491388566676042
    vertex 0.2 0.03050144175636353 0.04554958132087372
  endloop
endfacet
facet normal -0.0170613 0.356941 0.933971
  outer loop
    vertex 0.06166399056404328 0.0579968674344471 0.06833166962488359
    vertex 0.05550524019151702 0.05919278809401995 0.06776211268567017
    vertex 0.05588235294117638 0.05505278438299514 0.06935121107266831
  endloop
endfacet
facet normal 0.0315703 0.703153 0.710338
  outer loop
    vertex 0.01117000497361266 0.0619199477817455 0.06605972742235872
    vertex 0.009136650915848959 0.06563202552329769 0.06247556724317455
    vertex 0.005153383114594159 0.06359728087626292 0.06466676354115028
  endloop
endfacet
facet normal -0.0205313 0.356831 0.933943
  outer loop
    vertex 0.07321294308507918 0.05757768585314128 0.06850888103346885
    vertex 0.06735103055984826 0.05918670938147959 0.06776525740709194
    vertex 0.06764705882352931 0.05505278438328255 0.06935121107259326
  endloop
endfacet
facet normal 0.0234982 0.285629 0.958052
  outer loop
    vertex 0.05588235294117638 0.05505278438299514 0.06935121107266831
    vertex 0.06176470588235284 0.05332789473933303 0.0697211844624992
    vertex 0.06166399056404328 0.0579968674344471 0.06833166962488359
  endloop
endfacet
facet normal 0.0484262 0.996116 0.0735397
  outer loop
    vertex 0 0.06994407594362362 0.05149460187172829
    vertex 0.004151286209647544 0.069536600214866 0.0542803331698009
    vertex 0.005063625612888982 0.0699308899867669 0.04833878829302371
  endloop
endfacet
facet normal -0.0309656 -0.438623 -0.898137
  outer loop
    vertex 0.005156782833512947 0.04410719326901236 0.03088783557963079
    vertex 0.009992339908920355 0.04297217464324922 0.03127542601939871
    vertex 0.006584051423974276 0.03879812103198983 0.03343141805747845
  endloop
endfacet
facet normal 0 0.115408 0.993318
  outer loop
    vertex 0.09411764705882336 0.05 0.07000000000000001
    vertex 0.09034809327823468 0.05458549185612984 0.06946723566501847
    vertex 0.08823529411764691 0.05 0.07000000000000001
  endloop
endfacet
facet normal 0.0193128 0.5962 0.802604
  outer loop
    vertex 0.09949315459801629 0.06018731514272329 0.06721100259086731
    vertex 0.09979910549974108 0.06357626370205002 0.06468622020440928
    vertex 0.09386474914667517 0.06201088607060801 0.06599182965763689
  endloop
endfacet
facet normal 0.0132034 0.303618 -0.952702
  outer loop
    vertex 0.1884238740135835 0.05861237942995223 0.031949323543021
    vertex 0.1905342610477936 0.05322544322587679 0.03026180058879115
    vertex 0.185453254323493 0.05372008274023007 0.03034902077743091
  endloop
endfacet
facet normal -0.0264291 -0.928503 0.370382
  outer loop
    vertex 0.005158140784351488 0.03267949192431124 0.06000000000000002
    vertex 0.00390424570135461 0.03050144175636353 0.05445041867912631
    vertex 0.009322998310037325 0.03078459613996245 0.05554691396144322
  endloop
endfacet
facet normal 0.0138304 0.549743 -0.835219
  outer loop
    vertex 0.1854513781007921 0.06293132693116434 0.03474284483269099
    vertex 0.1904952186652742 0.0633252195996783 0.03508562697863737
    vertex 0.1884238740135835 0.05861237942995223 0.031949323543021
  endloop
endfacet
facet normal -0.0303512 0.148974 0.988375
  outer loop
    vertex 0 0.05 0.07000000000000001
    vertex 0.005453813738983847 0.05447439958127487 0.0694930692397859
    vertex 0 0.05589510348821813 0.06911145611572281
  endloop
endfacet
facet normal 0.0273408 0.625053 0.780103
  outer loop
    vertex 0.1951452591017614 0.06017504834524184 0.06721825749522847
    vertex 0.1928529381958946 0.06424942023618463 0.06403403088683406
    vertex 0.1883662112080928 0.06188742455792047 0.06608381600801717
  endloop
endfacet
facet normal 0.0150097 -0.982707 0.184558
  outer loop
    vertex 0.1883828351609672 0.03002313769710218 0.05096175492255559
    vertex 0.189743351756166 0.0310819984504599 0.05648916153070629
    vertex 0.1854055556183049 0.03092780111565354 0.05602089941087987
  endloop
endfacet
facet normal 0.0249213 0.849281 0.527352
  outer loop
    vertex 0.005654451464867825 0.06770715243411259 0.05929821233760021
    vertex 0.009136650915848959 0.06563202552329769 0.06247556724317455
    vertex 0.0111629024938252 0.06827834190943412 0.05811801804887279
  endloop
endfacet
facet normal 0 0.112576 0.993643
  outer loop
    vertex 0.00588235294117646 0.05 0.07000000000000001
    vertex 0.005453813738983847 0.05447439958127487 0.0694930692397859
    vertex 0 0.05 0.07000000000000001
  endloop
endfacet
facet normal 0.0492366 -0.933478 0.355238
  outer loop
    vertex 0 0.03138252502711593 0.05730682048732792
    vertex 0.00390424570135461 0.03050144175636353 0.05445041867912631
    vertex 0.005158140784351488 0.03267949192431124 0.06000000000000002
  endloop
endfacet
facet normal -0.0465188 0.934866 0.351939
  outer loop
    vertex 0.2 0.06861747497288415 0.05730682048732776
    vertex 0.1960965145353258 0.06949855824363652 0.05445041867912613
    vertex 0.1945342269899814 0.0673526849147939 0.05994405984736034
  endloop
endfacet
facet normal 0.031653 -0.993651 0.107959
  outer loop
    vertex 0.005920710498154035 0.03001078614844279 0.04934324312206644
    vertex 0.00390424570135461 0.03050144175636353 0.05445041867912631
    vertex 0 0.0300559240563764 0.0514946018717285
  endloop
endfacet
facet normal -0.0492407 0.995166 0.0849693
  outer loop
    vertex 0.1948418592156485 0.06994407594362359 0.04850539812827133
    vertex 0.1960965145353258 0.06949855824363652 0.05445041867912613
    vertex 0.2 0.06994407594362362 0.05149460187172829
  endloop
endfacet
facet normal 0.0272286 0.507354 0.861307
  outer loop
    vertex 0.04661897504542697 0.06192294483864718 0.06605750249492669
    vertex 0.04369843878056492 0.05913725690355794 0.06779074299399503
    vertex 0.04971326197344651 0.05763607663893358 0.06848486769128556
  endloop
endfacet
facet normal -0.0302475 0.509059 0.8602
  outer loop
    vertex 0.07911430792750632 0.05757509301856555 0.06850994234891292
    vertex 0.0850576143027553 0.05918576984491847 0.0677657432255503
    vertex 0.08207489596449208 0.06202868731800561 0.06597844427363475
  endloop
endfacet
facet normal -0.0498556 0.971108 -0.233373
  outer loop
    vertex 0.2 0.06949855824363643 0.04554958132087353
    vertex 0.1962086584264016 0.06861747497288402 0.04269317951267194
    vertex 0.1948418592156485 0.06994407594362359 0.04850539812827133
  endloop
endfacet
facet normal -0.0308893 0.504508 0.862854
  outer loop
    vertex 0.03775376414732793 0.05747091662098942 0.06855223449728426
    vertex 0.04369843878056492 0.05913725690355794 0.06779074299399503
    vertex 0.04071746560611847 0.06193720159916368 0.06604690680414528
  endloop
endfacet
facet normal -0.040505 0.876748 -0.479241
  outer loop
    vertex 0.1940327970429735 0.06582829212411988 0.03777440519101321
    vertex 0.1962086584264016 0.06861747497288402 0.04269317951267194
    vertex 0.2 0.06732050807568871 0.03999999999999987
  endloop
endfacet
facet normal -0.0223861 0.514934 0.856937
  outer loop
    vertex 0.06166399056404328 0.0579968674344471 0.06833166962488359
    vertex 0.06735103055984826 0.05918670938147959 0.06776525740709194
    vertex 0.06436156621459574 0.06202228027333646 0.06598326553084022
  endloop
endfacet
facet normal -0.0257358 0.997728 0.0622589
  outer loop
    vertex 0.005063625612888982 0.0699308899867669 0.04833878829302371
    vertex 0.004151286209647544 0.069536600214866 0.0542803331698009
    vertex 0.009445105888882059 0.06973945850852488 0.05321772866945377
  endloop
endfacet
facet normal -0.0284958 0.973489 -0.226953
  outer loop
    vertex 0.005063625612888982 0.0699308899867669 0.04833878829302371
    vertex 0.009895501299423107 0.06901281092012183 0.04379411401041754
    vertex 0.005158140784351486 0.06861747497288402 0.04269317951267194
  endloop
endfacet
facet normal 0.0129022 -0.821166 -0.570543
  outer loop
    vertex 0.1843369585626419 0.03505266261490049 0.03671176817270234
    vertex 0.1892368028201989 0.03537726787952801 0.03635537815353915
    vertex 0.188394697785355 0.0321459404273407 0.0409870894392581
  endloop
endfacet
facet normal -0.0304286 0.507895 0.860881
  outer loop
    vertex 0.1145075005586642 0.05754919165301658 0.06852052119639253
    vertex 0.1204486295109213 0.05917536698889485 0.06777111815894259
    vertex 0.1174681417352809 0.06200426461206795 0.06599680065273845
  endloop
endfacet
facet normal -0.0205317 0.354607 0.93479
  outer loop
    vertex 0.03185646912156798 0.05747231693803888 0.06855167053333736
    vertex 0.02595572626743508 0.05913920153276214 0.06778974410562329
    vertex 0.02647058823529407 0.05505278438302355 0.06935121107266089
  endloop
endfacet
facet normal 0.0250339 0.997271 0.0694519
  outer loop
    vertex 0.1901034740988174 0.06973144992926623 0.05326647879051121
    vertex 0.1960965145353258 0.06949855824363652 0.05445041867912613
    vertex 0.1948418592156485 0.06994407594362359 0.04850539812827133
  endloop
endfacet
facet normal -0.0330674 0.711114 0.702299
  outer loop
    vertex 0.09386474914667517 0.06201088607060801 0.06599182965763689
    vertex 0.09979910549974108 0.06357626370205002 0.06468622020440928
    vertex 0.09682121908726088 0.06567740071951846 0.06241849856784798
  endloop
endfacet
facet normal 0.0336749 0.708595 0.704811
  outer loop
    vertex 0.1499969424268771 0.06564090916601455 0.06246442780317181
    vertex 0.1469744455283995 0.0635561531676731 0.06470478531956814
    vertex 0.1528989142288087 0.06194661893660024 0.06603989700664142
  endloop
endfacet
facet normal 0.029004 -0.942997 -0.331535
  outer loop
    vertex 0.01118623218975801 0.03221625812552431 0.04084912436200668
    vertex 0.009161156736763102 0.03050151190397905 0.04554927399525322
    vertex 0.005158140784351495 0.03138252502711592 0.04269317951267211
  endloop
endfacet
facet normal 0.0343306 0.942218 0.333235
  outer loop
    vertex 0.005654451464867825 0.06770715243411259 0.05929821233760021
    vertex 0.004151286209647544 0.069536600214866 0.0542803331698009
    vertex 0 0.06861747497288415 0.05730682048732776
  endloop
endfacet
facet normal 0.0167425 -0.208093 -0.977966
  outer loop
    vertex 0.1884222085478173 0.04858179961337823 0.03005034567559163
    vertex 0.1895800949650889 0.04304473654808618 0.03124835179738934
    vertex 0.1854482381162447 0.04353835016438853 0.03107258386884406
  endloop
endfacet
facet normal 0.0509021 -0.77249 0.632983
  outer loop
    vertex 0.005158140784351488 0.03267949192431124 0.06000000000000002
    vertex 0.00360669542305911 0.03639654524458162 0.06466103743659654
    vertex 0 0.03436337035063941 0.06246979603717469
  endloop
endfacet
facet normal 0.020464 0.272337 0.961984
  outer loop
    vertex 0.02647058823529407 0.05505278438302355 0.06935121107266089
    vertex 0.03235294117647053 0.05326928814167319 0.06973098464463229
    vertex 0.03185646912156798 0.05747231693803888 0.06855167053333736
  endloop
endfacet
facet normal -0.0211081 -0.208271 -0.977843
  outer loop
    vertex 0.01406758693014637 0.0435833428339813 0.0310572834362708
    vertex 0.009992339908920355 0.04297217464324922 0.03127542601939871
    vertex 0.01108931272881219 0.04862798049588941 0.03004711643695729
  endloop
endfacet
facet normal -0.0306379 0.109732 0.993489
  outer loop
    vertex 0.1529411764705882 0.05 0.07000000000000001
    vertex 0.1559226907604417 0.05327174277013303 0.0697305777727385
    vertex 0.1499999999999999 0.05505278438297654 0.06935121107267317
  endloop
endfacet
facet normal -0.0311738 0.109423 0.993506
  outer loop
    vertex 0.1823529411764706 0.05 0.07000000000000001
    vertex 0.1853312733994192 0.05322524887464651 0.06973823116939792
    vertex 0.1794117647058823 0.05505278438301258 0.06935121107266376
  endloop
endfacet
facet normal 0.0185697 0.354505 0.93487
  outer loop
    vertex 0.1617647058823529 0.05505278438328256 0.06935121107259326
    vertex 0.1611181727979434 0.05894554139365909 0.06788790902185976
    vertex 0.1558460641041136 0.05748845609271583 0.06854516177733339
  endloop
endfacet
facet normal -0.0539887 0.767754 0.638466
  outer loop
    vertex 0.1945342269899814 0.0673526849147939 0.05994405984736034
    vertex 0.1969954828221682 0.06360193595378638 0.06466244653218192
    vertex 0.2 0.06563662964936066 0.06246979603717458
  endloop
endfacet
facet normal 0.0319693 0.502756 0.863837
  outer loop
    vertex 0.1824482255578758 0.06190684095949014 0.06606944735718712
    vertex 0.1794838041224818 0.05914196113534995 0.06778832613260032
    vertex 0.1853996690528586 0.05741408518844131 0.06857501926832205
  endloop
endfacet
facet normal -0.0157834 0.352669 0.935615
  outer loop
    vertex 0.02040726527917156 0.05788968691049513 0.06837805322808599
    vertex 0.0148463760298324 0.05895894718666399 0.067881198654077
    vertex 0.01470588235294115 0.05505278438306966 0.06935121107264886
  endloop
endfacet
facet normal -0.0237941 0.51039 0.859614
  outer loop
    vertex 0.02040726527917156 0.05788968691049513 0.06837805322808599
    vertex 0.02595572626743508 0.05913920153276214 0.06778974410562329
    vertex 0.02297920392388978 0.06194281614602466 0.0660427286489005
  endloop
endfacet
facet normal 0.00411279 -0.642736 -0.766077
  outer loop
    vertex 0.01195369074330821 0.03896739985420367 0.03331822149700535
    vertex 0.00998261098504518 0.03553916068812163 0.03618391783478279
    vertex 0.006584051423974276 0.03879812103198983 0.03343141805747845
  endloop
endfacet
facet normal 0.0217146 0.51196 0.858735
  outer loop
    vertex 0.01709000680843133 0.06192371554756513 0.06605693020289849
    vertex 0.0148463760298324 0.05895894718666399 0.067881198654077
    vertex 0.02040726527917156 0.05788968691049513 0.06837805322808599
  endloop
endfacet
facet normal 0.0311669 0.504686 0.86274
  outer loop
    vertex 0.02890136718888622 0.0619393902942028 0.06604527841462079
    vertex 0.02595572626743508 0.05913920153276214 0.06778974410562329
    vertex 0.03185646912156798 0.05747231693803888 0.06855167053333736
  endloop
endfacet
facet normal -0.0333472 0.709395 0.704022
  outer loop
    vertex 0.1410693720800781 0.06197338672391065 0.06601992541679519
    vertex 0.1469744455283995 0.0635561531676731 0.06470478531956814
    vertex 0.1440248727527512 0.06564098425690887 0.062464333575251
  endloop
endfacet
facet normal 0.0211756 0.51668 0.855917
  outer loop
    vertex 0.05845407482238274 0.06203669106090612 0.06597241585685468
    vertex 0.05550524019151702 0.05919278809401995 0.06776211268567017
    vertex 0.06166399056404328 0.0579968674344471 0.06833166962488359
  endloop
endfacet
facet normal 0 0.106949 0.994265
  outer loop
    vertex 0.09999999999999984 0.05 0.07000000000000001
    vertex 0.09847430094064388 0.05425340814265757 0.06954247986239143
    vertex 0.09411764705882336 0.05 0.07000000000000001
  endloop
endfacet
facet normal 0.0367092 -0.148942 0.988164
  outer loop
    vertex 0.2 0.05 0.07000000000000001
    vertex 0.1953467446548176 0.04559563041872613 0.06950901147140853
    vertex 0.2 0.04410489651178192 0.06911145611572282
  endloop
endfacet
facet normal 0.0416849 0.148913 0.987971
  outer loop
    vertex 0.2 0.05589510348821813 0.06911145611572281
    vertex 0.1957072048325711 0.0542895647210198 0.06953457536022174
    vertex 0.2 0.05 0.07000000000000001
  endloop
endfacet
facet normal -0.0380183 -0.148935 0.988116
  outer loop
    vertex 0 0.04410489651178192 0.06911145611572282
    vertex 0.004540469472872721 0.04562028829544739 0.06951456188042676
    vertex 0 0.05 0.07000000000000001
  endloop
endfacet
facet normal 0 0.104598 0.994515
  outer loop
    vertex 0.1705882352941176 0.05 0.07000000000000001
    vertex 0.1660683926241583 0.05416097146876799 0.06956236990847732
    vertex 0.1647058823529411 0.05 0.07000000000000001
  endloop
endfacet
facet normal 0.0235693 0.281678 0.959219
  outer loop
    vertex 0.01470588235294115 0.05505278438306966 0.06935121107264886
    vertex 0.02058823529411761 0.05326475821325455 0.06973173468828797
    vertex 0.02040726527917156 0.05788968691049513 0.06837805322808599
  endloop
endfacet
facet normal -0.0309212 0.109568 0.993498
  outer loop
    vertex 0.0294117647058823 0.05 0.07000000000000001
    vertex 0.03235294117647053 0.05326928814167319 0.06973098464463229
    vertex 0.02647058823529407 0.05505278438302355 0.06935121107266089
  endloop
endfacet
facet normal 0.0309726 0.109539 0.9935
  outer loop
    vertex 0.02647058823529407 0.05505278438302355 0.06935121107266089
    vertex 0.02058823529411761 0.05326475821325455 0.06973173468828797
    vertex 0.02352941176470584 0.05 0.07000000000000001
  endloop
endfacet
facet normal -0.0213894 0.893317 -0.448917
  outer loop
    vertex 0.01107896946572914 0.06642587692220728 0.03858989187884277
    vertex 0.009895501299423107 0.06901281092012183 0.04379411401041754
    vertex 0.01404996478790094 0.06879498357715413 0.043162705773882
  endloop
endfacet
facet normal 0.0307659 0.704945 0.708595
  outer loop
    vertex 0.1883662112080928 0.06188742455792047 0.06608381600801717
    vertex 0.1896690153864897 0.06617839216275959 0.06175838539204934
    vertex 0.1854153738138787 0.06558844562892582 0.06252997856638325
  endloop
endfacet
facet normal 0 -0.110791 0.993844
  outer loop
    vertex 0.1941176470588235 0.05 0.07000000000000001
    vertex 0.1953467446548176 0.04559563041872613 0.06950901147140853
    vertex 0.2 0.05 0.07000000000000001
  endloop
endfacet
facet normal 0.0303121 0.10992 0.993478
  outer loop
    vertex 0.08529411764705869 0.05505278438300006 0.06935121107266702
    vertex 0.07941176470588222 0.05332186945213069 0.06972220026627357
    vertex 0.08235294117647045 0.05 0.07000000000000001
  endloop
endfacet
facet normal -0.0237553 0.113705 0.99323
  outer loop
    vertex 0.07058823529411754 0.05 0.07000000000000001
    vertex 0.0747807889058609 0.05336213057615749 0.06971537668899246
    vertex 0.06764705882352931 0.05505278438328255 0.06935121107259326
  endloop
endfacet
facet normal 0.0305342 0.109792 0.993485
  outer loop
    vertex 0.1205882352941175 0.05505278438304818 0.06935121107265446
    vertex 0.114705882352941 0.05330291453772972 0.06972538353382397
    vertex 0.1176470588235293 0.05 0.07000000000000001
  endloop
endfacet
facet normal 0.030241 0.109962 0.993476
  outer loop
    vertex 0.06764705882352931 0.05505278438328255 0.06935121107259326
    vertex 0.06176470588235284 0.05332789473933303 0.0697211844624992
    vertex 0.06470588235294107 0.05 0.07000000000000001
  endloop
endfacet
facet normal -0.030241 0.109962 0.993476
  outer loop
    vertex 0.05882352941176461 0.05 0.07000000000000001
    vertex 0.06176470588235284 0.05332789473933303 0.0697211844624992
    vertex 0.05588235294117638 0.05505278438299514 0.06935121107266831
  endloop
endfacet
facet normal -0.0239014 0.113621 0.993237
  outer loop
    vertex 0.1058823529411763 0.05 0.07000000000000001
    vertex 0.1100774363125038 0.0533448163286143 0.06971832152410126
    vertex 0.1029411764705881 0.05505278438328255 0.06935121107259326
  endloop
endfacet
facet normal -0.0239484 0.113594 0.993239
  outer loop
    vertex 0.1235294117647058 0.05 0.07000000000000001
    vertex 0.1277354924937051 0.05333471481171374 0.0697200323814272
    vertex 0.1205882352941175 0.05505278438304818 0.06935121107265446
  endloop
endfacet
facet normal 0 0.107869 0.994165
  outer loop
    vertex 0.2 0.05 0.07000000000000001
    vertex 0.1957072048325711 0.0542895647210198 0.06953457536022174
    vertex 0.1941176470588235 0.05 0.07000000000000001
  endloop
endfacet
facet normal 0.0309416 0.109557 0.993499
  outer loop
    vertex 0.04411764705882344 0.05505278438328252 0.06935121107259327
    vertex 0.03823529411764699 0.0532674892183361 0.06973128262957219
    vertex 0.04117647058823522 0.05 0.07000000000000001
  endloop
endfacet
facet normal 0 -0.110163 0.993914
  outer loop
    vertex 0 0.05 0.07000000000000001
    vertex 0.004540469472872721 0.04562028829544739 0.06951456188042676
    vertex 0.00588235294117646 0.05 0.07000000000000001
  endloop
endfacet
facet normal -0.0309726 0.109539 0.9935
  outer loop
    vertex 0.01764705882352938 0.05 0.07000000000000001
    vertex 0.02058823529411761 0.05326475821325455 0.06973173468828797
    vertex 0.01470588235294115 0.05505278438306966 0.06935121107264886
  endloop
endfacet
facet normal -0.0306612 0.109719 0.99349
  outer loop
    vertex 0.04705882352941167 0.05 0.07000000000000001
    vertex 0.04999999999999991 0.0532919685235897 0.06972721326593533
    vertex 0.04411764705882344 0.05505278438328252 0.06935121107259327
  endloop
endfacet
facet normal 0.0306612 0.109719 0.99349
  outer loop
    vertex 0.05588235294117638 0.05505278438299514 0.06935121107266831
    vertex 0.04999999999999991 0.0532919685235897 0.06972721326593533
    vertex 0.05294117647058814 0.05 0.07000000000000001
  endloop
endfacet
facet normal -0.0186062 -0.816629 -0.576863
  outer loop
    vertex 0.01118623218975801 0.03221625812552431 0.04084912436200668
    vertex 0.00998261098504518 0.03553916068812163 0.03618391783478279
    vertex 0.01415143616221924 0.03514114981873313 0.03661289533578432
  endloop
endfacet
facet normal 0.03108 0.507682 0.860984
  outer loop
    vertex 0.1233922957388289 0.06200433254536833 0.06599674967423728
    vertex 0.1204486295109213 0.05917536698889485 0.06777111815894259
    vertex 0.1263142889394623 0.05753677859342122 0.06852557606212956
  endloop
endfacet
facet normal 0.0336566 0.710893 0.702495
  outer loop
    vertex 0.1027632979598897 0.06567959317335875 0.06241573026116312
    vertex 0.09979910549974108 0.06357626370205002 0.06468622020440928
    vertex 0.1056634708652933 0.06200139538718456 0.06599895336453186
  endloop
endfacet
facet normal 0.0307307 0.509403 0.859979
  outer loop
    vertex 0.0702592986491041 0.06203203828407158 0.06597592109177546
    vertex 0.06735103055984826 0.05918670938147959 0.06776525740709194
    vertex 0.07321294308507918 0.05757768585314128 0.06850888103346885
  endloop
endfacet
facet normal -0.029266 0.50649 0.861749
  outer loop
    vertex 0.1322130703043369 0.05753045188182737 0.06852814870556373
    vertex 0.1378196045095592 0.05893340000437067 0.06789397564438687
    vertex 0.1351740247162913 0.061989202386617 0.06600809252012048
  endloop
endfacet
facet normal 0.0462813 -0.924265 0.378936
  outer loop
    vertex 0.1934303645711421 0.03276877448295182 0.06015307181007934
    vertex 0.189743351756166 0.0310819984504599 0.05648916153070629
    vertex 0.1948418592156485 0.03050144175636353 0.05445041867912631
  endloop
endfacet
facet normal -0.0297437 0.509837 0.859757
  outer loop
    vertex 0.04971326197344651 0.05763607663893358 0.06848486769128556
    vertex 0.05550524019151702 0.05919278809401995 0.06776211268567017
    vertex 0.05255619392929133 0.06202897327361744 0.06597822900019265
  endloop
endfacet
facet normal 0.0311528 0.109435 0.993506
  outer loop
    vertex 0.1617647058823529 0.05505278438328256 0.06935121107259326
    vertex 0.1559226907604417 0.05327174277013303 0.0697305777727385
    vertex 0.1588235294117646 0.05 0.07000000000000001
  endloop
endfacet
facet normal 0.0308403 0.109615 0.993496
  outer loop
    vertex 0.138235294117647 0.05505278438328256 0.06935121107259326
    vertex 0.1323955149005692 0.05329983953625712 0.06972589818069014
    vertex 0.1352941176470587 0.05 0.07000000000000001
  endloop
endfacet
facet normal 0.0316588 0.109142 0.993522
  outer loop
    vertex 0.1911764705882353 0.05505278438301229 0.06935121107266383
    vertex 0.1853312733994192 0.05322524887464651 0.06973823116939792
    vertex 0.1882352941176471 0.05 0.07000000000000001
  endloop
endfacet
facet normal 0.0424136 0.290757 -0.955856
  outer loop
    vertex 0.01030977354936869 0.05867770147360463 0.03198063549580619
    vertex 0.009183345233627375 0.05315282104573568 0.03025007039370605
    vertex 0.004788042485276833 0.05598922683723393 0.03091783131056229
  endloop
endfacet
facet normal 0.0421254 0.565073 -0.823965
  outer loop
    vertex 0.004832552508715438 0.06117707963537408 0.03341467845278524
    vertex 0.00919665185649516 0.06344325668506018 0.03519193295194863
    vertex 0.01030977354936869 0.05867770147360463 0.03198063549580619
  endloop
endfacet
facet normal -0.0509344 -0.67488 -0.736168
  outer loop
    vertex 0.006584051423974276 0.03879812103198983 0.03343141805747845
    vertex 0.00998261098504518 0.03553916068812163 0.03618391783478279
    vertex 0.00541322203985173 0.03422745377696022 0.03770256995782965
  endloop
endfacet
facet normal -0.0338651 -0.857271 -0.513751
  outer loop
    vertex 0.2 0.03267949192431123 0.04000000000000001
    vertex 0.1941504592585141 0.03156362051845173 0.04224758672332635
    vertex 0.1948418592156485 0.0343633703506394 0.03753020396282533
  endloop
endfacet
facet normal 0.030644 0.790162 0.612132
  outer loop
    vertex 0.1928529381958946 0.06424942023618463 0.06403403088683406
    vertex 0.1969954828221682 0.06360193595378638 0.06466244653218192
    vertex 0.1945342269899814 0.0673526849147939 0.05994405984736034
  endloop
endfacet
facet normal 0.00517484 -0.589958 0.807417
  outer loop
    vertex 0.1842522713615394 0.03634756292745878 0.0646154357437711
    vertex 0.1894571576284406 0.0361913492095593 0.06446793569752304
    vertex 0.1882323505702821 0.04036948206125682 0.06752863726110921
  endloop
endfacet
facet normal 0.0596688 0.690263 -0.721094
  outer loop
    vertex 0.1948433333575089 0.06126855684101307 0.03347669443722421
    vertex 0.1904952186652742 0.0633252195996783 0.03508562697863737
    vertex 0.1940327970429735 0.06582829212411988 0.03777440519101321
  endloop
endfacet
facet normal -0.000425128 0.694482 0.71951
  outer loop
    vertex 0.0147079349204071 0.06562054022631396 0.06248994487730461
    vertex 0.009136650915848959 0.06563202552329769 0.06247556724317455
    vertex 0.01117000497361266 0.0619199477817455 0.06605972742235872
  endloop
endfacet
facet normal -0.0609416 0.717727 0.693653
  outer loop
    vertex 0.1928529381958946 0.06424942023618463 0.06403403088683406
    vertex 0.1896690153864897 0.06617839216275959 0.06175838539204934
    vertex 0.1883662112080928 0.06188742455792047 0.06608381600801717
  endloop
endfacet
facet normal -0.0189301 0.354165 0.934991
  outer loop
    vertex 0.1086092460309879 0.0575548863333056 0.06851819895375444
    vertex 0.1034597058277345 0.0589515824618285 0.06788488667643953
    vertex 0.1029411764705881 0.05505278438328255 0.06935121107259326
  endloop
endfacet
facet normal 0.000421936 0.854643 0.519216
  outer loop
    vertex 0.0111629024938252 0.06827834190943412 0.05811801804887279
    vertex 0.009136650915848959 0.06563202552329769 0.06247556724317455
    vertex 0.0147079349204071 0.06562054022631396 0.06248994487730461
  endloop
endfacet
facet normal 0.0608869 0.150683 -0.986705
  outer loop
    vertex 0.1943503930170399 0.04996927841137121 0.03000002359541412
    vertex 0.1905342610477936 0.05322544322587679 0.03026180058879115
    vertex 0.1945545919558082 0.05607551450806146 0.03094512861595926
  endloop
endfacet
facet normal 0.00426953 0.12491 0.992159
  outer loop
    vertex 0.1794117647058823 0.05505278438301258 0.06935121107266376
    vertex 0.1757502689813794 0.05493334607156491 0.06938200445098947
    vertex 0.1764705882352941 0.05 0.07000000000000001
  endloop
endfacet
facet normal -0.0312665 -0.994948 0.0954016
  outer loop
    vertex 0.1948418592156485 0.03050144175636353 0.05445041867912631
    vertex 0.1940014359363281 0.03001854779649211 0.0491388566676042
    vertex 0.2 0.0300559240563764 0.0514946018717285
  endloop
endfacet
facet normal -0.0203165 -0.356022 0.934257
  outer loop
    vertex 0.00882352941176469 0.04494721561698981 0.06935121107266437
    vertex 0.004540469472872721 0.04562028829544739 0.06951456188042676
    vertex 0.005629564554162989 0.04042151929227837 0.06755712696689879
  endloop
endfacet
facet normal 0.00268505 -0.939802 -0.341709
  outer loop
    vertex 0.01460516687377272 0.03047619357128915 0.0456616843666892
    vertex 0.009161156736763102 0.03050151190397905 0.04554927399525322
    vertex 0.01118623218975801 0.03221625812552431 0.04084912436200668
  endloop
endfacet
facet normal -0.00267894 -0.995523 -0.0944822
  outer loop
    vertex 0.01145045012384891 0.03001074216868086 0.05065541693069862
    vertex 0.009161156736763102 0.03050151190397905 0.04554927399525322
    vertex 0.01460516687377272 0.03047619357128915 0.0456616843666892
  endloop
endfacet
facet normal 0.0202642 0.053316 -0.998372
  outer loop
    vertex 0.005158140784352646 0.04999999999999994 0.03
    vertex 0.009183345233627375 0.05315282104573568 0.03025007039370605
    vertex 0.01108931272881219 0.04862798049588941 0.03004711643695729
  endloop
endfacet
facet normal 0.0196734 0.745971 -0.665688
  outer loop
    vertex 0.01107896946572914 0.06642587692220728 0.03858989187884277
    vertex 0.00919665185649516 0.06344325668506018 0.03519193295194863
    vertex 0.005156588073936527 0.06563834297834543 0.03753235271225425
  endloop
endfacet
facet normal -0.0116291 0.120686 0.992623
  outer loop
    vertex 0.08823529411764691 0.05 0.07000000000000001
    vertex 0.09034809327823468 0.05458549185612984 0.06946723566501847
    vertex 0.08529411764705869 0.05505278438300006 0.06935121107266702
  endloop
endfacet
facet normal -0.0121763 0.0510118 -0.998624
  outer loop
    vertex 0.185453254323493 0.05372008274023007 0.03034902077743091
    vertex 0.1905342610477936 0.05322544322587679 0.03026180058879115
    vertex 0.1884222085478173 0.04858179961337823 0.03005034567559163
  endloop
endfacet
facet normal -0.0127258 0.744167 -0.667872
  outer loop
    vertex 0.1884182706763901 0.06639528113186349 0.0385459720356915
    vertex 0.1904952186652742 0.0633252195996783 0.03508562697863737
    vertex 0.1854513781007921 0.06293132693116434 0.03474284483269099
  endloop
endfacet
facet normal 0.0306301 -0.593877 0.803973
  outer loop
    vertex 0 0.03873359883872757 0.06652477548631991
    vertex 0.00360669542305911 0.03639654524458162 0.06466103743659654
    vertex 0.005629564554162989 0.04042151929227837 0.06755712696689879
  endloop
endfacet
facet normal -0.0224671 0.605464 0.795555
  outer loop
    vertex 0.2 0.06126640116127251 0.06652477548631985
    vertex 0.1969954828221682 0.06360193595378638 0.06466244653218192
    vertex 0.1951452591017614 0.06017504834524184 0.06721825749522847
  endloop
endfacet
facet normal -0.0547814 0.67937 -0.731748
  outer loop
    vertex 0.005156588073936527 0.06563834297834543 0.03753235271225425
    vertex 0.00919665185649516 0.06344325668506018 0.03519193295194863
    vertex 0.004832552508715438 0.06117707963537408 0.03341467845278524
  endloop
endfacet
facet normal -0.0545432 0.147959 -0.987488
  outer loop
    vertex 0.004788042485276833 0.05598922683723393 0.03091783131056229
    vertex 0.009183345233627375 0.05315282104573568 0.03025007039370605
    vertex 0.005158140784352646 0.04999999999999994 0.03
  endloop
endfacet
facet normal -0.0751832 0.795163 0.601717
  outer loop
    vertex 0.005153383114594159 0.06359728087626292 0.06466676354115028
    vertex 0.009136650915848959 0.06563202552329769 0.06247556724317455
    vertex 0.005654451464867825 0.06770715243411259 0.05929821233760021
  endloop
endfacet
facet normal -0.0776751 -0.978147 -0.19286
  outer loop
    vertex 0.005158140784351495 0.03138252502711592 0.04269317951267211
    vertex 0.009161156736763102 0.03050151190397905 0.04554927399525322
    vertex 0.005920710498154035 0.03001078614844279 0.04934324312206644
  endloop
endfacet
facet normal -0.0135645 -0.90562 0.423874
  outer loop
    vertex 0.1854055556183049 0.03092780111565354 0.05602089941087987
    vertex 0.189743351756166 0.0310819984504599 0.05648916153070629
    vertex 0.1869241190763181 0.03307256350326934 0.06065184930653598
  endloop
endfacet
facet normal -0.0323017 0.505738 0.862082
  outer loop
    vertex 0.1558460641041136 0.05748845609271583 0.06854516177733339
    vertex 0.1611181727979434 0.05894554139365909 0.06788790902185976
    vertex 0.1588020803816747 0.06194247837463562 0.06604298009321712
  endloop
endfacet
facet normal 0.00539054 -0.585829 0.810417
  outer loop
    vertex 0.005629564554162989 0.04042151929227837 0.06755712696689879
    vertex 0.00360669542305911 0.03639654524458162 0.06466103743659654
    vertex 0.009051536765749239 0.03622868864560969 0.06450348177440302
  endloop
endfacet
facet normal -0.0571221 -0.973336 0.222158
  outer loop
    vertex 0 0.0300559240563764 0.0514946018717285
    vertex 0.00390424570135461 0.03050144175636353 0.05445041867912631
    vertex 0 0.03138252502711593 0.05730682048732792
  endloop
endfacet
facet normal 0.0571332 0.973335 0.222157
  outer loop
    vertex 0.2 0.06994407594362362 0.05149460187172829
    vertex 0.1960965145353258 0.06949855824363652 0.05445041867912613
    vertex 0.2 0.06861747497288415 0.05730682048732776
  endloop
endfacet
facet normal 0.0155989 0.0513593 -0.998558
  outer loop
    vertex 0.01108931272881219 0.04862798049588941 0.03004711643695729
    vertex 0.009183345233627375 0.05315282104573568 0.03025007039370605
    vertex 0.01405783218519313 0.05376590057319968 0.03035774980118687
  endloop
endfacet
facet normal 0.0158371 0.747085 -0.66454
  outer loop
    vertex 0.01405344873566149 0.06297025615180063 0.03477592513954697
    vertex 0.00919665185649516 0.06344325668506018 0.03519193295194863
    vertex 0.01107896946572914 0.06642587692220728 0.03858989187884277
  endloop
endfacet
facet normal 0.0321805 0.508746 0.860315
  outer loop
    vertex 0.1056634708652933 0.06200139538718456 0.06599895336453186
    vertex 0.1034597058277345 0.0589515824618285 0.06788488667643953
    vertex 0.1086092460309879 0.0575548863333056 0.06851819895375444
  endloop
endfacet
facet normal -0.0119593 -0.651916 -0.758197
  outer loop
    vertex 0.1871717737464692 0.03887928195715379 0.03337683453094704
    vertex 0.1892368028201989 0.03537726787952801 0.03635537815353915
    vertex 0.1843369585626419 0.03505266261490049 0.03671176817270234
  endloop
endfacet
facet normal -0.0264586 -0.333872 0.942247
  outer loop
    vertex 0.2 0.04410489651178192 0.06911145611572282
    vertex 0.1953467446548176 0.04559563041872613 0.06950901147140853
    vertex 0.1939494022499119 0.04087533867259473 0.06779720640044822
  endloop
endfacet
facet normal 0.0588174 0.929262 -0.364709
  outer loop
    vertex 0.2 0.06732050807568871 0.03999999999999987
    vertex 0.1962086584264016 0.06861747497288402 0.04269317951267194
    vertex 0.2 0.06949855824363643 0.04554958132087353
  endloop
endfacet
facet normal -0.00519639 -0.772599 0.634874
  outer loop
    vertex 0.1869241190763181 0.03307256350326934 0.06065184930653598
    vertex 0.1894571576284406 0.0361913492095593 0.06446793569752304
    vertex 0.1842522713615394 0.03634756292745878 0.0646154357437711
  endloop
endfacet
facet normal -0.0154743 -0.447858 -0.893971
  outer loop
    vertex 0.1854482381162447 0.04353835016438853 0.03107258386884406
    vertex 0.1895800949650889 0.04304473654808618 0.03124835179738934
    vertex 0.1871717737464692 0.03887928195715379 0.03337683453094704
  endloop
endfacet
facet normal 0.0426223 0.482806 0.87469
  outer loop
    vertex 0.09386474914667517 0.06201088607060801 0.06599182965763689
    vertex 0.08972850817091653 0.05889815902223392 0.06791152606605694
    vertex 0.09483436847819489 0.05686550305112279 0.06878469770464843
  endloop
endfacet
facet normal -0.000583685 0.525486 0.850802
  outer loop
    vertex 0.08798554903576572 0.06204078691934872 0.06596932842554254
    vertex 0.08972850817091653 0.05889815902223392 0.06791152606605694
    vertex 0.09386474914667517 0.06201088607060801 0.06599182965763689
  endloop
endfacet
facet normal 0.0130484 0.1138 0.993418
  outer loop
    vertex 0.0111958693329174 0.0550515495210756 0.06935153346471853
    vertex 0.005453813738983847 0.05447439958127487 0.0694930692397859
    vertex 0.00588235294117646 0.05 0.07000000000000001
  endloop
endfacet
facet normal -0.0535508 0.973529 0.222202
  outer loop
    vertex 0 0.06861747497288415 0.05730682048732776
    vertex 0.004151286209647544 0.069536600214866 0.0542803331698009
    vertex 0 0.06994407594362362 0.05149460187172829
  endloop
endfacet
facet normal 0.023226 0.34154 0.93958
  outer loop
    vertex 0 0.05589510348821813 0.06911145611572281
    vertex 0.005453813738983847 0.05447439958127487 0.0694930692397859
    vertex 0.004660740432650879 0.05894923923645649 0.06788605929456423
  endloop
endfacet
facet normal -0.0618173 -0.678872 0.73165
  outer loop
    vertex 0 0.03436337035063941 0.06246979603717469
    vertex 0.00360669542305911 0.03639654524458162 0.06466103743659654
    vertex 0 0.03873359883872757 0.06652477548631991
  endloop
endfacet
facet normal -0.0557808 0.481325 0.874766
  outer loop
    vertex 0.169512884260142 0.05679742652265632 0.06880943892488792
    vertex 0.1735732199500759 0.0589158384385938 0.06790273233159938
    vertex 0.1706243891286591 0.06190946441510294 0.06606750314595883
  endloop
endfacet
facet normal 0.000378277 0.522921 0.852381
  outer loop
    vertex 0.1706243891286591 0.06190946441510294 0.06606750314595883
    vertex 0.1735732199500759 0.0589158384385938 0.06790273233159938
    vertex 0.1765418931615697 0.06192986679126496 0.06605236052244884
  endloop
endfacet
facet normal -0.0195167 -0.116148 0.99304
  outer loop
    vertex 0.1911764705882353 0.04494721561698974 0.06935121107266436
    vertex 0.1953467446548176 0.04559563041872613 0.06950901147140853
    vertex 0.1941176470588235 0.05 0.07000000000000001
  endloop
endfacet
facet normal -0.000630611 0.0833464 0.99652
  outer loop
    vertex 0.1294117647058822 0.05 0.07000000000000001
    vertex 0.1323955149005692 0.05329983953625712 0.06972589818069014
    vertex 0.1277354924937051 0.05333471481171374 0.0697200323814272
  endloop
endfacet
facet normal -0.0207455 0.11544 0.993098
  outer loop
    vertex 0.1941176470588235 0.05 0.07000000000000001
    vertex 0.1957072048325711 0.0542895647210198 0.06953457536022174
    vertex 0.1911764705882353 0.05505278438301229 0.06935121107266383
  endloop
endfacet
facet normal 0.0196316 -0.116082 0.993046
  outer loop
    vertex 0.00588235294117646 0.05 0.07000000000000001
    vertex 0.004540469472872721 0.04562028829544739 0.06951456188042676
    vertex 0.00882352941176469 0.04494721561698981 0.06935121107266437
  endloop
endfacet
facet normal 0.0219965 0.114719 0.993154
  outer loop
    vertex 0.1029411764705881 0.05505278438328255 0.06935121107259326
    vertex 0.09847430094064388 0.05425340814265757 0.06954247986239143
    vertex 0.09999999999999984 0.05 0.07000000000000001
  endloop
endfacet
facet normal -0.00365119 0.525798 0.850602
  outer loop
    vertex 0.1735732199500759 0.0589158384385938 0.06790273233159938
    vertex 0.1794838041224818 0.05914196113534995 0.06778832613260032
    vertex 0.1765418931615697 0.06192986679126496 0.06605236052244884
  endloop
endfacet
facet normal 0.0387187 0.788316 0.614051
  outer loop
    vertex 0.1945342269899814 0.0673526849147939 0.05994405984736034
    vertex 0.1896690153864897 0.06617839216275959 0.06175838539204934
    vertex 0.1928529381958946 0.06424942023618463 0.06403403088683406
  endloop
endfacet
facet normal 0.00017369 0.532224 0.846603
  outer loop
    vertex 0.06436156621459574 0.06202228027333646 0.06598326553084022
    vertex 0.06735103055984826 0.05918670938147959 0.06776525740709194
    vertex 0.0702592986491041 0.06203203828407158 0.06597592109177546
  endloop
endfacet
facet normal 0.000137422 0.532518 0.846419
  outer loop
    vertex 0.05255619392929133 0.06202897327361744 0.06597822900019265
    vertex 0.05550524019151702 0.05919278809401995 0.06776211268567017
    vertex 0.05845407482238274 0.06203669106090612 0.06597241585685468
  endloop
endfacet
facet normal 0.000215649 0.532402 0.846491
  outer loop
    vertex 0.08207489596449208 0.06202868731800561 0.06597844427363475
    vertex 0.0850576143027553 0.05918576984491847 0.0677657432255503
    vertex 0.08798554903576572 0.06204078691934872 0.06596932842554254
  endloop
endfacet
facet normal 0.0166909 -0.646892 -0.762399
  outer loop
    vertex 0.01415143616221924 0.03514114981873313 0.03661289533578432
    vertex 0.00998261098504518 0.03553916068812163 0.03618391783478279
    vertex 0.01195369074330821 0.03896739985420367 0.03331822149700535
  endloop
endfacet
facet normal 0 0.0834889 0.996509
  outer loop
    vertex 0.06470588235294107 0.05 0.07000000000000001
    vertex 0.06176470588235284 0.05332789473933303 0.0697211844624992
    vertex 0.05882352941176461 0.05 0.07000000000000001
  endloop
endfacet
facet normal 0 0.0843539 0.996436
  outer loop
    vertex 0.076470588235294 0.05 0.07000000000000001
    vertex 0.0747807889058609 0.05336213057615749 0.06971537668899246
    vertex 0.07058823529411754 0.05 0.07000000000000001
  endloop
endfacet
facet normal 0 0.0833366 0.996521
  outer loop
    vertex 0.08235294117647045 0.05 0.07000000000000001
    vertex 0.07941176470588222 0.05332186945213069 0.06972220026627357
    vertex 0.076470588235294 0.05 0.07000000000000001
  endloop
endfacet
facet normal -0.000738098 0.0839856 0.996467
  outer loop
    vertex 0.076470588235294 0.05 0.07000000000000001
    vertex 0.07941176470588222 0.05332186945213069 0.06972220026627357
    vertex 0.0747807889058609 0.05336213057615749 0.06971537668899246
  endloop
endfacet
facet normal 1.19689e-06 0.531346 0.847155
  outer loop
    vertex 0.1174681417352809 0.06200426461206795 0.06599680065273845
    vertex 0.1204486295109213 0.05917536698889485 0.06777111815894259
    vertex 0.1233922957388289 0.06200433254536833 0.06599674967423728
  endloop
endfacet
facet normal 0 0.0839164 0.996473
  outer loop
    vertex 0.1117647058823528 0.05 0.07000000000000001
    vertex 0.1100774363125038 0.0533448163286143 0.06971832152410126
    vertex 0.1058823529411763 0.05 0.07000000000000001
  endloop
endfacet
facet normal -0.00029987 0.524998 0.851104
  outer loop
    vertex 0.1351740247162913 0.061989202386617 0.06600809252012048
    vertex 0.1378196045095592 0.05893340000437067 0.06789397564438687
    vertex 0.1410693720800781 0.06197338672391065 0.06601992541679519
  endloop
endfacet
facet normal 0 0.0828578 0.996561
  outer loop
    vertex 0.1176470588235293 0.05 0.07000000000000001
    vertex 0.114705882352941 0.05330291453772972 0.06972538353382397
    vertex 0.1117647058823528 0.05 0.07000000000000001
  endloop
endfacet
facet normal 0 0.0827801 0.996568
  outer loop
    vertex 0.1352941176470587 0.05 0.07000000000000001
    vertex 0.1323955149005692 0.05329983953625712 0.06972589818069014
    vertex 0.1294117647058822 0.05 0.07000000000000001
  endloop
endfacet
facet normal -0.000764213 0.0835336 0.996505
  outer loop
    vertex 0.1117647058823528 0.05 0.07000000000000001
    vertex 0.114705882352941 0.05330291453772972 0.06972538353382397
    vertex 0.1100774363125038 0.0533448163286143 0.06971832152410126
  endloop
endfacet
facet normal 0 0.0836612 0.996494
  outer loop
    vertex 0.1294117647058822 0.05 0.07000000000000001
    vertex 0.1277354924937051 0.05333471481171374 0.0697200323814272
    vertex 0.1235294117647058 0.05 0.07000000000000001
  endloop
endfacet
facet normal -5.95149e-05 0.528811 0.848739
  outer loop
    vertex 0.02297920392388978 0.06194281614602466 0.0660427286489005
    vertex 0.02595572626743508 0.05913920153276214 0.06778974410562329
    vertex 0.02890136718888622 0.0619393902942028 0.06604527841462079
  endloop
endfacet
facet normal -0.00024755 0.528472 0.848951
  outer loop
    vertex 0.04071746560611847 0.06193720159916368 0.06604690680414528
    vertex 0.04369843878056492 0.05913725690355794 0.06779074299399503
    vertex 0.04661897504542697 0.06192294483864718 0.06605750249492669
  endloop
endfacet
facet normal 0 0.0825813 0.996584
  outer loop
    vertex 0.05294117647058814 0.05 0.07000000000000001
    vertex 0.04999999999999991 0.0532919685235897 0.06972721326593533
    vertex 0.04705882352941167 0.05 0.07000000000000001
  endloop
endfacet
facet normal -0.000396843 0.528279 0.849071
  outer loop
    vertex 0.1765418931615697 0.06192986679126496 0.06605236052244884
    vertex 0.1794838041224818 0.05914196113534995 0.06778832613260032
    vertex 0.1824482255578758 0.06190684095949014 0.06606944735718712
  endloop
endfacet
facet normal 0 0.0820084 0.996632
  outer loop
    vertex 0.03529411764705876 0.05 0.07000000000000001
    vertex 0.03235294117647053 0.05326928814167319 0.06973098464463229
    vertex 0.0294117647058823 0.05 0.07000000000000001
  endloop
endfacet
facet normal 0 0.0820704 0.996627
  outer loop
    vertex 0.1588235294117646 0.05 0.07000000000000001
    vertex 0.1559226907604417 0.05327174277013303 0.0697305777727385
    vertex 0.1529411764705882 0.05 0.07000000000000001
  endloop
endfacet
facet normal 6.89257e-05 0.524017 0.851708
  outer loop
    vertex 0.01117000497361266 0.0619199477817455 0.06605972742235872
    vertex 0.0148463760298324 0.05895894718666399 0.067881198654077
    vertex 0.01709000680843133 0.06192371554756513 0.06605693020289849
  endloop
endfacet
facet normal 0 0.081963 0.996635
  outer loop
    vertex 0.04117647058823522 0.05 0.07000000000000001
    vertex 0.03823529411764699 0.0532674892183361 0.06973128262957219
    vertex 0.03529411764705876 0.05 0.07000000000000001
  endloop
endfacet
facet normal 0 0.081894 0.996641
  outer loop
    vertex 0.02352941176470584 0.05 0.07000000000000001
    vertex 0.02058823529411761 0.05326475821325455 0.06973173468828797
    vertex 0.01764705882352938 0.05 0.07000000000000001
  endloop
endfacet
facet normal -2.54143e-05 0.0819857 0.996634
  outer loop
    vertex 0.03529411764705876 0.05 0.07000000000000001
    vertex 0.03823529411764699 0.0532674892183361 0.06973128262957219
    vertex 0.03235294117647053 0.05326928814167319 0.06973098464463229
  endloop
endfacet
facet normal -1.5436e-06 0.732073 0.681226
  outer loop
    vertex 0.1440248727527512 0.06564098425690887 0.062464333575251
    vertex 0.1469744455283995 0.0635561531676731 0.06470478531956814
    vertex 0.1499969424268771 0.06564090916601455 0.06246442780317181
  endloop
endfacet
facet normal -0.0253662 0.112776 0.993297
  outer loop
    vertex 0.1647058823529411 0.05 0.07000000000000001
    vertex 0.1660683926241583 0.05416097146876799 0.06956236990847732
    vertex 0.1617647058823529 0.05505278438328256 0.06935121107259326
  endloop
endfacet
facet normal 0 0.0808964 0.996723
  outer loop
    vertex 0.1882352941176471 0.05 0.07000000000000001
    vertex 0.1853312733994192 0.05322524887464651 0.06973823116939792
    vertex 0.1823529411764706 0.05 0.07000000000000001
  endloop
endfacet
facet normal 0.0182402 -0.345633 0.938192
  outer loop
    vertex 0.1939494022499119 0.04087533867259473 0.06779720640044822
    vertex 0.1953467446548176 0.04559563041872613 0.06950901147140853
    vertex 0.1911764705882353 0.04494721561698974 0.06935121107266436
  endloop
endfacet
facet normal -0.0273444 0.861125 0.507657
  outer loop
    vertex 0.1854153738138787 0.06558844562892582 0.06252997856638325
    vertex 0.1896690153864897 0.06617839216275959 0.06175838539204934
    vertex 0.1883882600195296 0.06826141960565835 0.05815601336352984
  endloop
endfacet
facet normal 4.59575e-05 0.733566 0.679618
  outer loop
    vertex 0.09682121908726088 0.06567740071951846 0.06241849856784798
    vertex 0.09979910549974108 0.06357626370205002 0.06468622020440928
    vertex 0.1027632979598897 0.06567959317335875 0.06241573026116312
  endloop
endfacet
facet normal 0.0191387 -0.446853 -0.894403
  outer loop
    vertex 0.01195369074330821 0.03896739985420367 0.03331822149700535
    vertex 0.009992339908920355 0.04297217464324922 0.03127542601939871
    vertex 0.01406758693014637 0.0435833428339813 0.0310572834362708
  endloop
endfacet
facet normal 0.0189056 0.976947 -0.212641
  outer loop
    vertex 0.01404996478790094 0.06879498357715413 0.043162705773882
    vertex 0.009895501299423107 0.06901281092012183 0.04379411401041754
    vertex 0.01250426212094997 0.06991706414328315 0.04818050668801864
  endloop
endfacet
facet normal 0.0741445 0.678301 0.731034
  outer loop
    vertex 0.2 0.06563662964936066 0.06246979603717458
    vertex 0.1969954828221682 0.06360193595378638 0.06466244653218192
    vertex 0.2 0.06126640116127251 0.06652477548631985
  endloop
endfacet
facet normal 0.00601666 0.528124 0.849146
  outer loop
    vertex 0.08798554903576572 0.06204078691934872 0.06596932842554254
    vertex 0.0850576143027553 0.05918576984491847 0.0677657432255503
    vertex 0.08972850817091653 0.05889815902223392 0.06791152606605694
  endloop
endfacet
facet normal -0.0105912 0.336305 0.941694
  outer loop
    vertex 0.004660740432650879 0.05894923923645649 0.06788605929456423
    vertex 0.005453813738983847 0.05447439958127487 0.0694930692397859
    vertex 0.0111958693329174 0.0550515495210756 0.06935153346471853
  endloop
endfacet
facet normal -0.0257407 0.606544 0.794633
  outer loop
    vertex 0.1951452591017614 0.06017504834524184 0.06721825749522847
    vertex 0.1969954828221682 0.06360193595378638 0.06466244653218192
    vertex 0.1928529381958946 0.06424942023618463 0.06403403088683406
  endloop
endfacet
facet normal 0.021433 0.358394 0.933324
  outer loop
    vertex 0.1757502689813794 0.05493334607156491 0.06938200445098947
    vertex 0.1735732199500759 0.0589158384385938 0.06790273233159938
    vertex 0.169512884260142 0.05679742652265632 0.06880943892488792
  endloop
endfacet
facet normal -0.0273699 0.335719 0.941565
  outer loop
    vertex 0.09483436847819489 0.05686550305112279 0.06878469770464843
    vertex 0.08972850817091653 0.05889815902223392 0.06791152606605694
    vertex 0.09034809327823468 0.05458549185612984 0.06946723566501847
  endloop
endfacet
endsolid Created by Gmsh
