solid Created by Gmsh
facet normal 0 -1 0
  outer loop
    vertex 0.02616839560914018 0.011 0.0027519237886467
    vertex 0.02700000000000001 0.011 0.001500000000000057
    vertex 0.02783160439085984 0.011 0.002751923788646693
  endloop
endfacet
facet normal 0 -1 0
  outer loop
    vertex 0.05482601879984013 0.011 0.005209290645272126
    vertex 0.05399999999999999 0.011 0.00649999999999995
    vertex 0.05326282637786123 0.011 0.005236392226604158
  endloop
endfacet
facet normal -0 -1 0
  outer loop
    vertex 0.0555 0.011 0.00649999999999995
    vertex 0.05399999999999999 0.011 0.00649999999999995
    vertex 0.05482601879984013 0.011 0.005209290645272126
  endloop
endfacet
facet normal 0 -1 -0
  outer loop
    vertex 0.02700000000000001 0.011 0.003990227090546849
    vertex 0.02616839560914018 0.011 0.0027519237886467
    vertex 0.02783160439085984 0.011 0.002751923788646693
  endloop
endfacet
facet normal 0 -1 -0
  outer loop
    vertex 0.05249999999999999 0.011 0.00649999999999995
    vertex 0.05175034113186538 0.011 0.005209266252537498
    vertex 0.05326282637786123 0.011 0.005236392226604158
  endloop
endfacet
facet normal -0 -1 0
  outer loop
    vertex 0.05399999999999999 0.011 0.00649999999999995
    vertex 0.05249999999999999 0.011 0.00649999999999995
    vertex 0.05326282637786123 0.011 0.005236392226604158
  endloop
endfacet
facet normal 0 -1 0
  outer loop
    vertex 0.05249999999999999 0.011 0.001500000000000057
    vertex 0.05399999999999999 0.011 0.001500000000000057
    vertex 0.0532428543129041 0.011 0.002777408966613267
  endloop
endfacet
facet normal 0 -1 0
  outer loop
    vertex 0.05025000000000003 0.011 0.002799038105676713
    vertex 0.05099999999999999 0.011 0.001500000000000057
    vertex 0.05175791601638616 0.011 0.002794467791485274
  endloop
endfacet
facet normal 0 -1 0
  outer loop
    vertex 0.05249999999999999 0.011 0.001500000000000057
    vertex 0.0532428543129041 0.011 0.002777408966613267
    vertex 0.05175791601638616 0.011 0.002794467791485274
  endloop
endfacet
facet normal 0 -1 -0
  outer loop
    vertex 0.01573639926819003 0.011 0.005225160315720517
    vertex 0.01499384728799073 0.011 0.003975323862751243
    vertex 0.01649470212080762 0.011 0.003992529685477888
  endloop
endfacet
facet normal 0 -1 0
  outer loop
    vertex 0.01200653051011511 0.011 0.003974651684379099
    vertex 0.01126586752044498 0.011 0.005226469046749132
    vertex 0.01050548982135809 0.011 0.003989813523371423
  endloop
endfacet
facet normal 0 -1 0
  outer loop
    vertex 0.03448849514815808 0.011 0.004021328874398311
    vertex 0.03523639926819002 0.011 0.002774839684279476
    vertex 0.03599405891979328 0.011 0.004009734691596248
  endloop
endfacet
facet normal 0 -1 0
  outer loop
    vertex 0.04498849514815809 0.011 0.004021328874398278
    vertex 0.04573639926819004 0.011 0.002774839684279449
    vertex 0.04649405891979331 0.011 0.004009734691596224
  endloop
endfacet
facet normal 0 -1 -0
  outer loop
    vertex 0.0435 0.011 0.00649999999999995
    vertex 0.04274502565827318 0.011 0.005254588394423277
    vertex 0.04424065999127245 0.011 0.005257585408670419
  endloop
endfacet
facet normal 0 -1 -0
  outer loop
    vertex 0.03300000000000001 0.011 0.00649999999999995
    vertex 0.0322450256582732 0.011 0.005254588394423299
    vertex 0.03374065999127247 0.011 0.005257585408670438
  endloop
endfacet
facet normal 0 -1 0
  outer loop
    vertex 0.001500000000000001 0.011 0.001500000000000057
    vertex 0.003000000000000003 0.011 0.001500000000000057
    vertex 0.002173804911419363 0.011 0.002790607574376088
  endloop
endfacet
facet normal 0 -1 0
  outer loop
    vertex 0.006000000000000006 0.011 0.001500000000000057
    vertex 0.006750000000000006 0.011 0.002799038105676715
    vertex 0.005247875091201317 0.011 0.002779640993778418
  endloop
endfacet
facet normal 0 -1 0
  outer loop
    vertex 0.05099999999999999 0.011 0.001500000000000057
    vertex 0.05249999999999999 0.011 0.001500000000000057
    vertex 0.05175791601638616 0.011 0.002794467791485274
  endloop
endfacet
facet normal 0 -1 0
  outer loop
    vertex 0.002173804911419363 0.011 0.002790607574376088
    vertex 0.003000000000000003 0.011 0.001500000000000057
    vertex 0.003736592625749584 0.011 0.002764940920278099
  endloop
endfacet
facet normal 0 -1 0
  outer loop
    vertex 0.004500000000000005 0.011 0.001500000000000057
    vertex 0.006000000000000006 0.011 0.001500000000000057
    vertex 0.005247875091201317 0.011 0.002779640993778418
  endloop
endfacet
facet normal 0 -1 0
  outer loop
    vertex 0.003736592625749584 0.011 0.002764940920278099
    vertex 0.004500000000000005 0.011 0.001500000000000057
    vertex 0.005247875091201317 0.011 0.002779640993778418
  endloop
endfacet
facet normal 0 -1 0
  outer loop
    vertex 0.04649999999999999 0.011 0.001500000000000057
    vertex 0.04725000000000005 0.011 0.00279903810567671
    vertex 0.04573639926819004 0.011 0.002774839684279449
  endloop
endfacet
facet normal 0 -1 -0
  outer loop
    vertex 0.039 0.011 0.00649999999999995
    vertex 0.03824999999999999 0.011 0.005200961894323295
    vertex 0.03975000000000004 0.011 0.005200961894323275
  endloop
endfacet
facet normal 0 -1 0
  outer loop
    vertex 0.03824999999999999 0.011 0.005200961894323295
    vertex 0.0375 0.011 0.00649999999999995
    vertex 0.03674917391084728 0.011 0.005221136668561772
  endloop
endfacet
facet normal 0 -1 0
  outer loop
    vertex 0.01724917391084731 0.011 0.00277886333143823
    vertex 0.01800000000000001 0.011 0.001500000000000057
    vertex 0.01874996416036928 0.011 0.00278965281495822
  endloop
endfacet
facet normal -0 -1 0
  outer loop
    vertex 0.04050000000000001 0.011 0.00649999999999995
    vertex 0.039 0.011 0.00649999999999995
    vertex 0.03975000000000004 0.011 0.005200961894323275
  endloop
endfacet
facet normal 0 -1 0
  outer loop
    vertex 0.02400000000000001 0.011 0.001500000000000057
    vertex 0.02475000000000003 0.011 0.002799038105676713
    vertex 0.02325 0.011 0.002799038105676714
  endloop
endfacet
facet normal 0 -1 -0
  outer loop
    vertex 0.02250000000000001 0.011 0.00649999999999995
    vertex 0.02175000000000002 0.011 0.005200961894323291
    vertex 0.02325000000000004 0.011 0.00520096189432327
  endloop
endfacet
facet normal -0 -1 0
  outer loop
    vertex 0.02400000000000001 0.011 0.00649999999999995
    vertex 0.02250000000000001 0.011 0.00649999999999995
    vertex 0.02325000000000004 0.011 0.00520096189432327
  endloop
endfacet
facet normal 0 -1 -0
  outer loop
    vertex 0.01950000000000001 0.011 0.00649999999999995
    vertex 0.01875000000000001 0.011 0.005200961894323295
    vertex 0.02025000000000002 0.011 0.005200961894323281
  endloop
endfacet
facet normal 0 -1 0
  outer loop
    vertex 0.039 0.011 0.001500000000000057
    vertex 0.04050000000000001 0.011 0.001500000000000057
    vertex 0.03975 0.011 0.00279903810567671
  endloop
endfacet
facet normal 0 -1 -0
  outer loop
    vertex 0.02850000000000001 0.011 0.00649999999999995
    vertex 0.02775000000000001 0.011 0.005217320266091376
    vertex 0.02925000000000002 0.011 0.005210184822865646
  endloop
endfacet
facet normal -0 -1 0
  outer loop
    vertex 0.05099999999999999 0.011 0.00649999999999995
    vertex 0.04949999999999999 0.011 0.00649999999999995
    vertex 0.05025034411319874 0.011 0.005209626534634104
  endloop
endfacet
facet normal -0 -1 0
  outer loop
    vertex 0.0375 0.011 0.00649999999999995
    vertex 0.036 0.011 0.00649999999999995
    vertex 0.03674917391084728 0.011 0.005221136668561772
  endloop
endfacet
facet normal 0 -1 0
  outer loop
    vertex 0.01800000000000001 0.011 0.001500000000000057
    vertex 0.01950000000000001 0.011 0.001500000000000057
    vertex 0.01874996416036928 0.011 0.00278965281495822
  endloop
endfacet
facet normal 0 -1 -0
  outer loop
    vertex 0.04649999999999999 0.011 0.00649999999999995
    vertex 0.04574028519156429 0.011 0.005242064816661196
    vertex 0.04724917391084729 0.011 0.005221136668561776
  endloop
endfacet
facet normal 0 -1 0
  outer loop
    vertex 0.0345 0.011 0.001500000000000057
    vertex 0.03523639926819002 0.011 0.002774839684279476
    vertex 0.03373413247955505 0.011 0.002784426253977485
  endloop
endfacet
facet normal 0 -1 0
  outer loop
    vertex 0.01650000000000001 0.011 0.001500000000000057
    vertex 0.01800000000000001 0.011 0.001500000000000057
    vertex 0.01724917391084731 0.011 0.00277886333143823
  endloop
endfacet
facet normal 0 -1 0
  outer loop
    vertex 0.03150000000000001 0.011 0.001500000000000057
    vertex 0.03225 0.011 0.002782679733908632
    vertex 0.03074999999999999 0.011 0.002789815177134362
  endloop
endfacet
facet normal -0 -1 0
  outer loop
    vertex 0.02100000000000001 0.011 0.00649999999999995
    vertex 0.01950000000000001 0.011 0.00649999999999995
    vertex 0.02025000000000002 0.011 0.005200961894323281
  endloop
endfacet
facet normal -0 -1 0
  outer loop
    vertex 0.04799999999999999 0.011 0.00649999999999995
    vertex 0.04649999999999999 0.011 0.00649999999999995
    vertex 0.04724917391084729 0.011 0.005221136668561776
  endloop
endfacet
facet normal 0 -1 -0
  outer loop
    vertex 0.04949999999999999 0.011 0.00649999999999995
    vertex 0.04874999999999995 0.011 0.005200961894323297
    vertex 0.05025034411319874 0.011 0.005209626534634104
  endloop
endfacet
facet normal -0 -1 0
  outer loop
    vertex 0.01800000000000001 0.011 0.00649999999999995
    vertex 0.01650000000000001 0.011 0.00649999999999995
    vertex 0.01724884347518623 0.011 0.005219699210998793
  endloop
endfacet
facet normal 0 -1 0
  outer loop
    vertex 0.05175034113186538 0.011 0.005209266252537498
    vertex 0.05099999999999999 0.011 0.00649999999999995
    vertex 0.05025034411319874 0.011 0.005209626534634104
  endloop
endfacet
facet normal -0 -1 0
  outer loop
    vertex 0.01573639926819003 0.011 0.005225160315720517
    vertex 0.01500000000000001 0.011 0.00649999999999995
    vertex 0.01423639926819003 0.011 0.00521415608175644
  endloop
endfacet
facet normal -0 -1 0
  outer loop
    vertex 0.04125000000000002 0.011 0.005200961894323303
    vertex 0.04050000000000001 0.011 0.00649999999999995
    vertex 0.03975000000000004 0.011 0.005200961894323275
  endloop
endfacet
facet normal -0 -1 0
  outer loop
    vertex 0.02175000000000002 0.011 0.005200961894323291
    vertex 0.02100000000000001 0.011 0.00649999999999995
    vertex 0.02025000000000002 0.011 0.005200961894323281
  endloop
endfacet
facet normal 0 -1 0
  outer loop
    vertex 0.03075000000000003 0.011 0.005200961894323295
    vertex 0.03000000000000001 0.011 0.00649999999999995
    vertex 0.02925000000000002 0.011 0.005210184822865646
  endloop
endfacet
facet normal -0 -1 0
  outer loop
    vertex 0.02475000000000003 0.011 0.005200961894323295
    vertex 0.02400000000000001 0.011 0.00649999999999995
    vertex 0.02325000000000004 0.011 0.00520096189432327
  endloop
endfacet
facet normal 0 -1 0
  outer loop
    vertex 0.01875000000000001 0.011 0.005200961894323295
    vertex 0.01800000000000001 0.011 0.00649999999999995
    vertex 0.01724884347518623 0.011 0.005219699210998793
  endloop
endfacet
facet normal 0 -1 0
  outer loop
    vertex 0.04649999999999999 0.011 0.001500000000000057
    vertex 0.04799999999999999 0.011 0.001500000000000057
    vertex 0.04725000000000005 0.011 0.00279903810567671
  endloop
endfacet
facet normal -0 -1 0
  outer loop
    vertex 0.036 0.011 0.00649999999999995
    vertex 0.0345 0.011 0.00649999999999995
    vertex 0.0352402851915643 0.011 0.005242064816661215
  endloop
endfacet
facet normal 0 -1 0
  outer loop
    vertex 0.03000000000000001 0.011 0.001500000000000057
    vertex 0.03150000000000001 0.011 0.001500000000000057
    vertex 0.03074999999999999 0.011 0.002789815177134362
  endloop
endfacet
facet normal 0 -1 0
  outer loop
    vertex 0.01500000000000001 0.011 0.001500000000000057
    vertex 0.01650000000000001 0.011 0.001500000000000057
    vertex 0.01574028519156431 0.011 0.002757935183338785
  endloop
endfacet
facet normal -0 -1 0
  outer loop
    vertex 0.01500000000000001 0.011 0.00649999999999995
    vertex 0.01350000000000001 0.011 0.00649999999999995
    vertex 0.01423639926819003 0.011 0.00521415608175644
  endloop
endfacet
facet normal -0 -1 0
  outer loop
    vertex 0.01950000000000001 0.011 0.00649999999999995
    vertex 0.01800000000000001 0.011 0.00649999999999995
    vertex 0.01875000000000001 0.011 0.005200961894323295
  endloop
endfacet
facet normal -0 -1 0
  outer loop
    vertex 0.03150000000000001 0.011 0.00649999999999995
    vertex 0.03000000000000001 0.011 0.00649999999999995
    vertex 0.03075000000000003 0.011 0.005200961894323295
  endloop
endfacet
facet normal 0 -1 0
  outer loop
    vertex 0.02400000000000001 0.011 0.001500000000000057
    vertex 0.02550000000000001 0.011 0.001500000000000057
    vertex 0.02475000000000003 0.011 0.002799038105676713
  endloop
endfacet
facet normal 0 -1 0
  outer loop
    vertex 0.02850000000000001 0.011 0.001500000000000057
    vertex 0.03000000000000001 0.011 0.001500000000000057
    vertex 0.02924999999999999 0.011 0.002799038105676713
  endloop
endfacet
facet normal 0 -1 0
  outer loop
    vertex 0.03150000000000001 0.011 0.001500000000000057
    vertex 0.03300000000000001 0.011 0.001500000000000057
    vertex 0.03225 0.011 0.002782679733908632
  endloop
endfacet
facet normal 0 -1 0
  outer loop
    vertex 0.042 0.011 0.001500000000000057
    vertex 0.0435 0.011 0.001500000000000057
    vertex 0.04275 0.011 0.002782679733908597
  endloop
endfacet
facet normal 0 -1 -0
  outer loop
    vertex 0.01650000000000001 0.011 0.00649999999999995
    vertex 0.01573639926819003 0.011 0.005225160315720517
    vertex 0.01724884347518623 0.011 0.005219699210998793
  endloop
endfacet
facet normal 0 -1 0
  outer loop
    vertex 0.009000000000000008 0.011 0.001500000000000057
    vertex 0.009750826089152703 0.011 0.002778863331438222
    vertex 0.008250035839630746 0.011 0.002789652814958213
  endloop
endfacet
facet normal 0 -1 0
  outer loop
    vertex 0.04949999999999999 0.011 0.001500000000000057
    vertex 0.05099999999999999 0.011 0.001500000000000057
    vertex 0.05025000000000003 0.011 0.002799038105676713
  endloop
endfacet
facet normal -0 -1 0
  outer loop
    vertex 0.02550000000000001 0.011 0.00649999999999995
    vertex 0.02400000000000001 0.011 0.00649999999999995
    vertex 0.02475000000000003 0.011 0.005200961894323295
  endloop
endfacet
facet normal -0 -1 0
  outer loop
    vertex 0.03000000000000001 0.011 0.00649999999999995
    vertex 0.02850000000000001 0.011 0.00649999999999995
    vertex 0.02925000000000002 0.011 0.005210184822865646
  endloop
endfacet
facet normal 0 -1 0
  outer loop
    vertex 0.01950000000000001 0.011 0.001500000000000057
    vertex 0.02025000000000001 0.011 0.002799038105676714
    vertex 0.01874996416036928 0.011 0.00278965281495822
  endloop
endfacet
facet normal 0 -1 0
  outer loop
    vertex 0.03675000000000002 0.011 0.00279903810567671
    vertex 0.0375 0.011 0.001500000000000057
    vertex 0.03825000000000003 0.011 0.00279903810567671
  endloop
endfacet
facet normal -0 -1 0
  outer loop
    vertex 0.004500000000000005 0.011 0.00649999999999995
    vertex 0.003000000000000003 0.011 0.00649999999999995
    vertex 0.003757639117877137 0.011 0.005222139430877872
  endloop
endfacet
facet normal 0 -1 0
  outer loop
    vertex 0.01050000000000001 0.011 0.001500000000000057
    vertex 0.01200000000000001 0.011 0.001500000000000057
    vertex 0.0112597148084357 0.011 0.002757935183338784
  endloop
endfacet
facet normal 0 -1 0
  outer loop
    vertex 0.0375 0.011 0.001500000000000057
    vertex 0.039 0.011 0.001500000000000057
    vertex 0.03825000000000003 0.011 0.00279903810567671
  endloop
endfacet
facet normal 0 -1 -0
  outer loop
    vertex 0.007500000000000008 0.011 0.00649999999999995
    vertex 0.006750000000000007 0.011 0.005200961894323291
    vertex 0.008250000000000009 0.011 0.005200961894323293
  endloop
endfacet
facet normal -0 -1 0
  outer loop
    vertex 0.02850000000000001 0.011 0.00649999999999995
    vertex 0.02700000000000001 0.011 0.00649999999999995
    vertex 0.02775000000000001 0.011 0.005217320266091376
  endloop
endfacet
facet normal -0 -1 0
  outer loop
    vertex 0.039 0.011 0.00649999999999995
    vertex 0.0375 0.011 0.00649999999999995
    vertex 0.03824999999999999 0.011 0.005200961894323295
  endloop
endfacet
facet normal 0 -1 0
  outer loop
    vertex 0.009000000000000008 0.011 0.001500000000000057
    vertex 0.01050000000000001 0.011 0.001500000000000057
    vertex 0.009750826089152703 0.011 0.002778863331438222
  endloop
endfacet
facet normal 0 -1 0
  outer loop
    vertex 0.01574028519156431 0.011 0.002757935183338785
    vertex 0.01650000000000001 0.011 0.001500000000000057
    vertex 0.01724917391084731 0.011 0.00277886333143823
  endloop
endfacet
facet normal 0 -1 0
  outer loop
    vertex 0.03975 0.011 0.00279903810567671
    vertex 0.04050000000000001 0.011 0.001500000000000057
    vertex 0.04125000000000003 0.011 0.002789815177134282
  endloop
endfacet
facet normal 0 -1 -0
  outer loop
    vertex 0.004500000000000005 0.011 0.00649999999999995
    vertex 0.003757639117877137 0.011 0.005222139430877872
    vertex 0.005250000000000006 0.011 0.005200961894323292
  endloop
endfacet
facet normal 0 -1 0
  outer loop
    vertex 0.006750000000000007 0.011 0.005200961894323291
    vertex 0.006000000000000006 0.011 0.00649999999999995
    vertex 0.005250000000000006 0.011 0.005200961894323292
  endloop
endfacet
facet normal 0 -1 0
  outer loop
    vertex 0.007500000000000008 0.011 0.001500000000000057
    vertex 0.009000000000000008 0.011 0.001500000000000057
    vertex 0.008250035839630746 0.011 0.002789652814958213
  endloop
endfacet
facet normal 0 -1 0
  outer loop
    vertex 0.02250000000000001 0.011 0.001500000000000057
    vertex 0.02400000000000001 0.011 0.001500000000000057
    vertex 0.02325 0.011 0.002799038105676714
  endloop
endfacet
facet normal -0 -1 0
  outer loop
    vertex 0.007500000000000008 0.011 0.00649999999999995
    vertex 0.006000000000000006 0.011 0.00649999999999995
    vertex 0.006750000000000007 0.011 0.005200961894323291
  endloop
endfacet
facet normal -0 -1 0
  outer loop
    vertex 0.009000000000000008 0.011 0.00649999999999995
    vertex 0.007500000000000008 0.011 0.00649999999999995
    vertex 0.008250000000000009 0.011 0.005200961894323293
  endloop
endfacet
facet normal -0 -1 0
  outer loop
    vertex 0.01650000000000001 0.011 0.00649999999999995
    vertex 0.01500000000000001 0.011 0.00649999999999995
    vertex 0.01573639926819003 0.011 0.005225160315720517
  endloop
endfacet
facet normal -0 -1 0
  outer loop
    vertex 0.02250000000000001 0.011 0.00649999999999995
    vertex 0.02100000000000001 0.011 0.00649999999999995
    vertex 0.02175000000000002 0.011 0.005200961894323291
  endloop
endfacet
facet normal -0 -1 0
  outer loop
    vertex 0.05249999999999999 0.011 0.00649999999999995
    vertex 0.05099999999999999 0.011 0.00649999999999995
    vertex 0.05175034113186538 0.011 0.005209266252537498
  endloop
endfacet
facet normal 0 -1 0
  outer loop
    vertex 0.01050000000000001 0.011 0.001500000000000057
    vertex 0.0112597148084357 0.011 0.002757935183338784
    vertex 0.009750826089152703 0.011 0.002778863331438222
  endloop
endfacet
facet normal 0 -1 0
  outer loop
    vertex 0.01950000000000001 0.011 0.001500000000000057
    vertex 0.02100000000000001 0.011 0.001500000000000057
    vertex 0.02025000000000001 0.011 0.002799038105676714
  endloop
endfacet
facet normal 0 -1 0
  outer loop
    vertex 0.006000000000000006 0.011 0.001500000000000057
    vertex 0.007500000000000008 0.011 0.001500000000000057
    vertex 0.006750000000000006 0.011 0.002799038105676715
  endloop
endfacet
facet normal 0 -1 0
  outer loop
    vertex 0.02100000000000001 0.011 0.001500000000000057
    vertex 0.02250000000000001 0.011 0.001500000000000057
    vertex 0.02175 0.011 0.002799038105676715
  endloop
endfacet
facet normal -0 -1 0
  outer loop
    vertex 0.006000000000000006 0.011 0.00649999999999995
    vertex 0.004500000000000005 0.011 0.00649999999999995
    vertex 0.005250000000000006 0.011 0.005200961894323292
  endloop
endfacet
facet normal 0 -1 -0
  outer loop
    vertex 0.01350000000000001 0.011 0.00649999999999995
    vertex 0.01276360073180998 0.011 0.005208814280494961
    vertex 0.01423639926819003 0.011 0.00521415608175644
  endloop
endfacet
facet normal -0 -1 0
  outer loop
    vertex 0.042 0.011 0.00649999999999995
    vertex 0.04050000000000001 0.011 0.00649999999999995
    vertex 0.04125000000000002 0.011 0.005200961894323303
  endloop
endfacet
facet normal 0 -1 0
  outer loop
    vertex 0.006750000000000006 0.011 0.002799038105676715
    vertex 0.007500000000000008 0.011 0.001500000000000057
    vertex 0.008250035839630746 0.011 0.002789652814958213
  endloop
endfacet
facet normal -0 -1 0
  outer loop
    vertex 0.01350000000000001 0.011 0.00649999999999995
    vertex 0.01200000000000001 0.011 0.00649999999999995
    vertex 0.01276360073180998 0.011 0.005208814280494961
  endloop
endfacet
facet normal 0 -1 -0
  outer loop
    vertex 0.01050000000000001 0.011 0.00649999999999995
    vertex 0.009750000000000009 0.011 0.005200961894323293
    vertex 0.01126586752044498 0.011 0.005226469046749132
  endloop
endfacet
facet normal 0 -1 0
  outer loop
    vertex 0.01423639926819003 0.011 0.00521415608175644
    vertex 0.01276360073180998 0.011 0.005208814280494961
    vertex 0.0135 0.011 0.003953803720623512
  endloop
endfacet
facet normal -0 -1 0
  outer loop
    vertex 0.02700000000000001 0.011 0.00649999999999995
    vertex 0.02550000000000001 0.011 0.00649999999999995
    vertex 0.02625000000000002 0.011 0.005220046661386058
  endloop
endfacet
facet normal 0 -1 -0
  outer loop
    vertex 0.02550000000000001 0.011 0.00649999999999995
    vertex 0.02475000000000003 0.011 0.005200961894323295
    vertex 0.02625000000000002 0.011 0.005220046661386058
  endloop
endfacet
facet normal 0 -1 0
  outer loop
    vertex 0.036 0.011 0.001500000000000057
    vertex 0.03675000000000002 0.011 0.00279903810567671
    vertex 0.03523639926819002 0.011 0.002774839684279476
  endloop
endfacet
facet normal -0 -1 0
  outer loop
    vertex 0.01050000000000001 0.011 0.00649999999999995
    vertex 0.009000000000000008 0.011 0.00649999999999995
    vertex 0.009750000000000009 0.011 0.005200961894323293
  endloop
endfacet
facet normal 0 -1 0
  outer loop
    vertex 0.009750000000000009 0.011 0.005200961894323293
    vertex 0.009000000000000008 0.011 0.00649999999999995
    vertex 0.008250000000000009 0.011 0.005200961894323293
  endloop
endfacet
facet normal 0 -1 0
  outer loop
    vertex 0.02924999999999999 0.011 0.002799038105676713
    vertex 0.03000000000000001 0.011 0.001500000000000057
    vertex 0.03074999999999999 0.011 0.002789815177134362
  endloop
endfacet
facet normal 0 -1 0
  outer loop
    vertex 0.02250000000000001 0.011 0.001500000000000057
    vertex 0.02325 0.011 0.002799038105676714
    vertex 0.02175 0.011 0.002799038105676715
  endloop
endfacet
facet normal 0 -1 0
  outer loop
    vertex 0.03225 0.011 0.002782679733908632
    vertex 0.03373413247955505 0.011 0.002784426253977485
    vertex 0.03297015394963923 0.011 0.004027530366539908
  endloop
endfacet
facet normal -0 -1 0
  outer loop
    vertex 0.01200000000000001 0.011 0.00649999999999995
    vertex 0.01050000000000001 0.011 0.00649999999999995
    vertex 0.01126586752044498 0.011 0.005226469046749132
  endloop
endfacet
facet normal 0 -1 -0
  outer loop
    vertex 0.036 0.011 0.00649999999999995
    vertex 0.0352402851915643 0.011 0.005242064816661215
    vertex 0.03674917391084728 0.011 0.005221136668561772
  endloop
endfacet
facet normal 0 -1 0
  outer loop
    vertex 0.045 0.011 0.001500000000000057
    vertex 0.04649999999999999 0.011 0.001500000000000057
    vertex 0.04573639926819004 0.011 0.002774839684279449
  endloop
endfacet
facet normal 0 -1 0
  outer loop
    vertex 0.01276360073180998 0.011 0.005208814280494961
    vertex 0.01200000000000001 0.011 0.00649999999999995
    vertex 0.01126586752044498 0.011 0.005226469046749132
  endloop
endfacet
facet normal 0 -1 0
  outer loop
    vertex 0.0345 0.011 0.001500000000000057
    vertex 0.036 0.011 0.001500000000000057
    vertex 0.03523639926819002 0.011 0.002774839684279476
  endloop
endfacet
facet normal -0 -1 0
  outer loop
    vertex 0.04649999999999999 0.011 0.00649999999999995
    vertex 0.045 0.011 0.00649999999999995
    vertex 0.04574028519156429 0.011 0.005242064816661196
  endloop
endfacet
facet normal -0 -1 0
  outer loop
    vertex 0.04949999999999999 0.011 0.00649999999999995
    vertex 0.04799999999999999 0.011 0.00649999999999995
    vertex 0.04874999999999995 0.011 0.005200961894323297
  endloop
endfacet
facet normal 0 -1 0
  outer loop
    vertex 0.036 0.011 0.001500000000000057
    vertex 0.0375 0.011 0.001500000000000057
    vertex 0.03675000000000002 0.011 0.00279903810567671
  endloop
endfacet
facet normal -0 -1 0
  outer loop
    vertex 0.02775000000000001 0.011 0.005217320266091376
    vertex 0.02625000000000002 0.011 0.005220046661386058
    vertex 0.02700000000000001 0.011 0.003990227090546849
  endloop
endfacet
facet normal 0 -1 0
  outer loop
    vertex 0.02025000000000001 0.011 0.002799038105676714
    vertex 0.02100000000000001 0.011 0.001500000000000057
    vertex 0.02175 0.011 0.002799038105676715
  endloop
endfacet
facet normal 0 -1 0
  outer loop
    vertex 0.04949999999999999 0.011 0.001500000000000057
    vertex 0.05025000000000003 0.011 0.002799038105676713
    vertex 0.04875000000000004 0.011 0.00279903810567668
  endloop
endfacet
facet normal 0 -1 0
  outer loop
    vertex 0.04725000000000005 0.011 0.00279903810567671
    vertex 0.04799999999999999 0.011 0.001500000000000057
    vertex 0.04875000000000004 0.011 0.00279903810567668
  endloop
endfacet
facet normal 0 -1 0
  outer loop
    vertex 0.03225 0.011 0.002782679733908632
    vertex 0.03300000000000001 0.011 0.001500000000000057
    vertex 0.03373413247955505 0.011 0.002784426253977485
  endloop
endfacet
facet normal 0 -1 0
  outer loop
    vertex 0.04874999999999995 0.011 0.005200961894323297
    vertex 0.04799999999999999 0.011 0.00649999999999995
    vertex 0.04724917391084729 0.011 0.005221136668561776
  endloop
endfacet
facet normal 0 -1 0
  outer loop
    vertex 0.039 0.011 0.001500000000000057
    vertex 0.03975 0.011 0.00279903810567671
    vertex 0.03825000000000003 0.011 0.00279903810567671
  endloop
endfacet
facet normal 0 -1 0
  outer loop
    vertex 0.02775000000000001 0.011 0.005217320266091376
    vertex 0.02700000000000001 0.011 0.00649999999999995
    vertex 0.02625000000000002 0.011 0.005220046661386058
  endloop
endfacet
facet normal 0 -1 0
  outer loop
    vertex 0.04275 0.011 0.002782679733908597
    vertex 0.04423413247955505 0.011 0.002784426253977453
    vertex 0.04347015394963923 0.011 0.004027530366539863
  endloop
endfacet
facet normal 0 -1 0
  outer loop
    vertex 0.03300000000000001 0.011 0.001500000000000057
    vertex 0.0345 0.011 0.001500000000000057
    vertex 0.03373413247955505 0.011 0.002784426253977485
  endloop
endfacet
facet normal 0 -1 0
  outer loop
    vertex 0.04799999999999999 0.011 0.001500000000000057
    vertex 0.04949999999999999 0.011 0.001500000000000057
    vertex 0.04875000000000004 0.011 0.00279903810567668
  endloop
endfacet
facet normal 0 -1 0
  outer loop
    vertex 0.045 0.011 0.001500000000000057
    vertex 0.04573639926819004 0.011 0.002774839684279449
    vertex 0.04423413247955505 0.011 0.002784426253977453
  endloop
endfacet
facet normal 0 -1 0
  outer loop
    vertex 0.04275 0.011 0.002782679733908597
    vertex 0.0435 0.011 0.001500000000000057
    vertex 0.04423413247955505 0.011 0.002784426253977453
  endloop
endfacet
facet normal 0 -1 0
  outer loop
    vertex 0.042 0.011 0.001500000000000057
    vertex 0.04275 0.011 0.002782679733908597
    vertex 0.04125000000000003 0.011 0.002789815177134282
  endloop
endfacet
facet normal 0 -1 0
  outer loop
    vertex 0.0435 0.011 0.001500000000000057
    vertex 0.045 0.011 0.001500000000000057
    vertex 0.04423413247955505 0.011 0.002784426253977453
  endloop
endfacet
facet normal 0 -1 0
  outer loop
    vertex 0.04050000000000001 0.011 0.001500000000000057
    vertex 0.042 0.011 0.001500000000000057
    vertex 0.04125000000000003 0.011 0.002789815177134282
  endloop
endfacet
facet normal 0 -1 0
  outer loop
    vertex 0.003000000000000003 0.011 0.001500000000000057
    vertex 0.004500000000000005 0.011 0.001500000000000057
    vertex 0.003736592625749584 0.011 0.002764940920278099
  endloop
endfacet
facet normal 0 -1 0
  outer loop
    vertex 0.05399999999999999 0.011 0.001500000000000057
    vertex 0.0555 0.011 0.001500000000000057
    vertex 0.05482938962008905 0.011 0.002793069170251909
  endloop
endfacet
facet normal -0 -1 0
  outer loop
    vertex 0.05482601879984013 0.011 0.005209290645272126
    vertex 0.05326282637786123 0.011 0.005236392226604158
    vertex 0.05395368924803099 0.011 0.004002693501456879
  endloop
endfacet
facet normal -0 -1 0
  outer loop
    vertex 0.003000000000000003 0.011 0.00649999999999995
    vertex 0.001500000000000001 0.011 0.00649999999999995
    vertex 0.002170680870022534 0.011 0.005206866315103947
  endloop
endfacet
facet normal 0 -1 0
  outer loop
    vertex 0.0322450256582732 0.011 0.005254588394423299
    vertex 0.03297015394963923 0.011 0.004027530366539908
    vertex 0.03374065999127247 0.011 0.005257585408670438
  endloop
endfacet
facet normal 0 -1 0
  outer loop
    vertex 0.04274502565827318 0.011 0.005254588394423277
    vertex 0.04347015394963923 0.011 0.004027530366539863
    vertex 0.04424065999127245 0.011 0.005257585408670419
  endloop
endfacet
facet normal 0 -1 0
  outer loop
    vertex 0.01499384728799073 0.011 0.003975323862751243
    vertex 0.01574028519156431 0.011 0.002757935183338785
    vertex 0.01649470212080762 0.011 0.003992529685477888
  endloop
endfacet
facet normal 0 -1 0
  outer loop
    vertex 0.0112597148084357 0.011 0.002757935183338784
    vertex 0.01200653051011511 0.011 0.003974651684379099
    vertex 0.01050548982135809 0.011 0.003989813523371423
  endloop
endfacet
facet normal 0 -1 -0
  outer loop
    vertex 0.04574028519156429 0.011 0.005242064816661196
    vertex 0.04498849514815809 0.011 0.004021328874398278
    vertex 0.04649405891979331 0.011 0.004009734691596224
  endloop
endfacet
facet normal 0 -1 -0
  outer loop
    vertex 0.0352402851915643 0.011 0.005242064816661215
    vertex 0.03448849514815808 0.011 0.004021328874398311
    vertex 0.03599405891979328 0.011 0.004009734691596248
  endloop
endfacet
facet normal -0 -1 0
  outer loop
    vertex 0.05395368924803099 0.011 0.004002693501456879
    vertex 0.05326282637786123 0.011 0.005236392226604158
    vertex 0.05250027241332363 0.011 0.004000000000000016
  endloop
endfacet
facet normal 0 -1 0
  outer loop
    vertex 0.03373413247955505 0.011 0.002784426253977485
    vertex 0.03523639926819002 0.011 0.002774839684279476
    vertex 0.03448849514815808 0.011 0.004021328874398311
  endloop
endfacet
facet normal 0 -1 0
  outer loop
    vertex 0.01573639926819003 0.011 0.005225160315720517
    vertex 0.01423639926819003 0.011 0.00521415608175644
    vertex 0.01499384728799073 0.011 0.003975323862751243
  endloop
endfacet
facet normal -0 -1 0
  outer loop
    vertex 0.01276360073180998 0.011 0.005208814280494961
    vertex 0.01126586752044498 0.011 0.005226469046749132
    vertex 0.01200653051011511 0.011 0.003974651684379099
  endloop
endfacet
facet normal -0 -1 0
  outer loop
    vertex 0.0435 0.011 0.00649999999999995
    vertex 0.042 0.011 0.00649999999999995
    vertex 0.04274502565827318 0.011 0.005254588394423277
  endloop
endfacet
facet normal -0 -1 0
  outer loop
    vertex 0.03300000000000001 0.011 0.00649999999999995
    vertex 0.03150000000000001 0.011 0.00649999999999995
    vertex 0.0322450256582732 0.011 0.005254588394423299
  endloop
endfacet
facet normal 0 -1 0
  outer loop
    vertex 0.02550000000000001 0.011 0.001500000000000057
    vertex 0.02700000000000001 0.011 0.001500000000000057
    vertex 0.02616839560914018 0.011 0.0027519237886467
  endloop
endfacet
facet normal 0 -1 0
  outer loop
    vertex 0.02700000000000001 0.011 0.001500000000000057
    vertex 0.02850000000000001 0.011 0.001500000000000057
    vertex 0.02783160439085984 0.011 0.002751923788646693
  endloop
endfacet
facet normal 0 -1 0
  outer loop
    vertex 0.04423413247955505 0.011 0.002784426253977453
    vertex 0.04573639926819004 0.011 0.002774839684279449
    vertex 0.04498849514815809 0.011 0.004021328874398278
  endloop
endfacet
facet normal 0 -1 0
  outer loop
    vertex 0.04275 0.011 0.002782679733908597
    vertex 0.04347015394963923 0.011 0.004027530366539863
    vertex 0.04199999999999993 0.011 0.003999925980744896
  endloop
endfacet
facet normal 0 -1 0
  outer loop
    vertex 0.03225 0.011 0.002782679733908632
    vertex 0.03297015394963923 0.011 0.004027530366539908
    vertex 0.03149999999999997 0.011 0.003999925980744915
  endloop
endfacet
facet normal 0 -1 0
  outer loop
    vertex 0.0352402851915643 0.011 0.005242064816661215
    vertex 0.0345 0.011 0.00649999999999995
    vertex 0.03374065999127247 0.011 0.005257585408670438
  endloop
endfacet
facet normal 0 -1 0
  outer loop
    vertex 0.04574028519156429 0.011 0.005242064816661196
    vertex 0.045 0.011 0.00649999999999995
    vertex 0.04424065999127245 0.011 0.005257585408670419
  endloop
endfacet
facet normal 0 -1 0
  outer loop
    vertex 0.02700000000000001 0.011 0.003990227090546849
    vertex 0.02625000000000002 0.011 0.005220046661386058
    vertex 0.02550000000000003 0.011 0.004000074019255138
  endloop
endfacet
facet normal 0 -1 0
  outer loop
    vertex 0.01500000000000001 0.011 0.001500000000000057
    vertex 0.01574028519156431 0.011 0.002757935183338785
    vertex 0.01424758564736562 0.011 0.002733903780617278
  endloop
endfacet
facet normal 0 -1 0
  outer loop
    vertex 0.0112597148084357 0.011 0.002757935183338784
    vertex 0.01200000000000001 0.011 0.001500000000000057
    vertex 0.01275138140463868 0.011 0.002716359916990015
  endloop
endfacet
facet normal 0 -1 -0
  outer loop
    vertex 0.02775000000000001 0.011 0.005217320266091376
    vertex 0.02700000000000001 0.011 0.003990227090546849
    vertex 0.02849999999999999 0.011 0.004000074019255128
  endloop
endfacet
facet normal 0 -1 0
  outer loop
    vertex 0.0532428543129041 0.011 0.002777408966613267
    vertex 0.05395368924803099 0.011 0.004002693501456879
    vertex 0.05250027241332363 0.011 0.004000000000000016
  endloop
endfacet
facet normal 0 -1 0
  outer loop
    vertex 0.0532428543129041 0.011 0.002777408966613267
    vertex 0.05399999999999999 0.011 0.001500000000000057
    vertex 0.05482938962008905 0.011 0.002793069170251909
  endloop
endfacet
facet normal 0 -1 0
  outer loop
    vertex 0.05326282637786123 0.011 0.005236392226604158
    vertex 0.05175034113186538 0.011 0.005209266252537498
    vertex 0.05250027241332363 0.011 0.004000000000000016
  endloop
endfacet
facet normal 0 -1 0
  outer loop
    vertex 0.057 0.011 0.004000000000000003
    vertex 0.057 0.011 0.005249999999999977
    vertex 0.05598142765090353 0.011 0.004585353621689917
  endloop
endfacet
facet normal 0 -1 0
  outer loop
    vertex 0.05175791601638616 0.011 0.002794467791485274
    vertex 0.0532428543129041 0.011 0.002777408966613267
    vertex 0.05250027241332363 0.011 0.004000000000000016
  endloop
endfacet
facet normal -0 -1 0
  outer loop
    vertex 0.003757639117877137 0.011 0.005222139430877872
    vertex 0.003000000000000003 0.011 0.00649999999999995
    vertex 0.002170680870022534 0.011 0.005206866315103947
  endloop
endfacet
facet normal 0 -1 0
  outer loop
    vertex 0.0532428543129041 0.011 0.002777408966613267
    vertex 0.05482938962008905 0.011 0.002793069170251909
    vertex 0.05395368924803099 0.011 0.004002693501456879
  endloop
endfacet
facet normal 0 -1 0
  outer loop
    vertex 0.057 0.011 0.002750000000000029
    vertex 0.057 0.011 0.004000000000000003
    vertex 0.05594820967410778 0.011 0.00341355492410113
  endloop
endfacet
facet normal 0 -1 0
  outer loop
    vertex 0.05175791601638616 0.011 0.002794467791485274
    vertex 0.05250027241332363 0.011 0.004000000000000016
    vertex 0.05100759053972113 0.011 0.003995259712387433
  endloop
endfacet
facet normal 0 -1 0
  outer loop
    vertex 0.05025000000000003 0.011 0.002799038105676713
    vertex 0.05175791601638616 0.011 0.002794467791485274
    vertex 0.05100759053972113 0.011 0.003995259712387433
  endloop
endfacet
facet normal 0 -1 0
  outer loop
    vertex 0 0.011 0.004000000000000003
    vertex 0 0.011 0.002750000000000029
    vertex 0.001018542967639713 0.011 0.003414629414918094
  endloop
endfacet
facet normal 0 -1 0
  outer loop
    vertex 0.05100759053972113 0.011 0.003995259712387433
    vertex 0.05025034411319874 0.011 0.005209626534634104
    vertex 0.04950094460153807 0.011 0.004000467184845017
  endloop
endfacet
facet normal -0 -1 0
  outer loop
    vertex 0.05250027241332363 0.011 0.004000000000000016
    vertex 0.05175034113186538 0.011 0.005209266252537498
    vertex 0.05100759053972113 0.011 0.003995259712387433
  endloop
endfacet
facet normal 0 -1 0
  outer loop
    vertex 0.05025000000000003 0.011 0.002799038105676713
    vertex 0.05100759053972113 0.011 0.003995259712387433
    vertex 0.04950094460153807 0.011 0.004000467184845017
  endloop
endfacet
facet normal -0 -1 0
  outer loop
    vertex 0.05175034113186538 0.011 0.005209266252537498
    vertex 0.05025034411319874 0.011 0.005209626534634104
    vertex 0.05100759053972113 0.011 0.003995259712387433
  endloop
endfacet
facet normal -0 -1 0
  outer loop
    vertex 0.04347015394963923 0.011 0.004027530366539863
    vertex 0.04274502565827318 0.011 0.005254588394423277
    vertex 0.04199999999999993 0.011 0.003999925980744896
  endloop
endfacet
facet normal -0 -1 0
  outer loop
    vertex 0.03297015394963923 0.011 0.004027530366539908
    vertex 0.0322450256582732 0.011 0.005254588394423299
    vertex 0.03149999999999997 0.011 0.003999925980744915
  endloop
endfacet
facet normal 0 -1 0
  outer loop
    vertex 0.04498849514815809 0.011 0.004021328874398278
    vertex 0.04574028519156429 0.011 0.005242064816661196
    vertex 0.04424065999127245 0.011 0.005257585408670419
  endloop
endfacet
facet normal 0 -1 0
  outer loop
    vertex 0.03448849514815808 0.011 0.004021328874398311
    vertex 0.0352402851915643 0.011 0.005242064816661215
    vertex 0.03374065999127247 0.011 0.005257585408670438
  endloop
endfacet
facet normal 0 -1 0
  outer loop
    vertex 0.02616839560914018 0.011 0.0027519237886467
    vertex 0.02700000000000001 0.011 0.003990227090546849
    vertex 0.02550000000000003 0.011 0.004000074019255138
  endloop
endfacet
facet normal -0 -1 0
  outer loop
    vertex 0.01574028519156431 0.011 0.002757935183338785
    vertex 0.01499384728799073 0.011 0.003975323862751243
    vertex 0.01424758564736562 0.011 0.002733903780617278
  endloop
endfacet
facet normal 0 -1 -0
  outer loop
    vertex 0.01200653051011511 0.011 0.003974651684379099
    vertex 0.0112597148084357 0.011 0.002757935183338784
    vertex 0.01275138140463868 0.011 0.002716359916990015
  endloop
endfacet
facet normal 0 -1 0
  outer loop
    vertex 0.02700000000000001 0.011 0.003990227090546849
    vertex 0.02783160439085984 0.011 0.002751923788646693
    vertex 0.02849999999999999 0.011 0.004000074019255128
  endloop
endfacet
facet normal 0 -1 0
  outer loop
    vertex 0 0.011 0.005249999999999977
    vertex 0 0.011 0.004000000000000003
    vertex 0.00105179032589218 0.011 0.004586445075898846
  endloop
endfacet
facet normal 0 -1 -0
  outer loop
    vertex 0.042 0.011 0.00649999999999995
    vertex 0.04125000000000002 0.011 0.005200961894323303
    vertex 0.04274502565827318 0.011 0.005254588394423277
  endloop
endfacet
facet normal 0 -1 -0
  outer loop
    vertex 0.03150000000000001 0.011 0.00649999999999995
    vertex 0.03075000000000003 0.011 0.005200961894323295
    vertex 0.0322450256582732 0.011 0.005254588394423299
  endloop
endfacet
facet normal 0 -1 0
  outer loop
    vertex 0.03297015394963923 0.011 0.004027530366539908
    vertex 0.03373413247955505 0.011 0.002784426253977485
    vertex 0.03448849514815808 0.011 0.004021328874398311
  endloop
endfacet
facet normal 0 -1 0
  outer loop
    vertex 0.02475000000000003 0.011 0.002799038105676713
    vertex 0.02550000000000001 0.011 0.001500000000000057
    vertex 0.02616839560914018 0.011 0.0027519237886467
  endloop
endfacet
facet normal 0 -1 0
  outer loop
    vertex 0.02850000000000001 0.011 0.001500000000000057
    vertex 0.02924999999999999 0.011 0.002799038105676713
    vertex 0.02783160439085984 0.011 0.002751923788646693
  endloop
endfacet
facet normal 0 -1 0
  outer loop
    vertex 0.0135 0.011 0.003953803720623512
    vertex 0.01276360073180998 0.011 0.005208814280494961
    vertex 0.01200653051011511 0.011 0.003974651684379099
  endloop
endfacet
facet normal 0 -1 -0
  outer loop
    vertex 0.01423639926819003 0.011 0.00521415608175644
    vertex 0.0135 0.011 0.003953803720623512
    vertex 0.01499384728799073 0.011 0.003975323862751243
  endloop
endfacet
facet normal 0 -1 0
  outer loop
    vertex 0.04347015394963923 0.011 0.004027530366539863
    vertex 0.04423413247955505 0.011 0.002784426253977453
    vertex 0.04498849514815809 0.011 0.004021328874398278
  endloop
endfacet
facet normal 0 -1 0
  outer loop
    vertex 0.002173804911419363 0.011 0.002790607574376088
    vertex 0.003736592625749584 0.011 0.002764940920278099
    vertex 0.003045926312863052 0.011 0.003997302284887193
  endloop
endfacet
facet normal -0 -1 0
  outer loop
    vertex 0.005999660424612399 0.011 0.003999787935369219
    vertex 0.005250000000000006 0.011 0.005200961894323292
    vertex 0.004497614316277586 0.011 0.003999259468687152
  endloop
endfacet
facet normal 0 -1 0
  outer loop
    vertex 0.005247875091201317 0.011 0.002779640993778418
    vertex 0.005999660424612399 0.011 0.003999787935369219
    vertex 0.004497614316277586 0.011 0.003999259468687152
  endloop
endfacet
facet normal 0 -1 0
  outer loop
    vertex 0.005247875091201317 0.011 0.002779640993778418
    vertex 0.006750000000000006 0.011 0.002799038105676715
    vertex 0.005999660424612399 0.011 0.003999787935369219
  endloop
endfacet
facet normal -0 -1 0
  outer loop
    vertex 0.005250000000000006 0.011 0.005200961894323292
    vertex 0.003757639117877137 0.011 0.005222139430877872
    vertex 0.004497614316277586 0.011 0.003999259468687152
  endloop
endfacet
facet normal 0 -1 -0
  outer loop
    vertex 0.006750000000000007 0.011 0.005200961894323291
    vertex 0.005999660424612399 0.011 0.003999787935369219
    vertex 0.007500000000000008 0.011 0.004000000000000005
  endloop
endfacet
facet normal 0 -1 0
  outer loop
    vertex 0.005999660424612399 0.011 0.003999787935369219
    vertex 0.006750000000000006 0.011 0.002799038105676715
    vertex 0.007500000000000008 0.011 0.004000000000000005
  endloop
endfacet
facet normal -0 -1 0
  outer loop
    vertex 0.006750000000000007 0.011 0.005200961894323291
    vertex 0.005250000000000006 0.011 0.005200961894323292
    vertex 0.005999660424612399 0.011 0.003999787935369219
  endloop
endfacet
facet normal 0 -1 -0
  outer loop
    vertex 0.0135 0.011 0.003953803720623512
    vertex 0.01275138140463868 0.011 0.002716359916990015
    vertex 0.01424758564736562 0.011 0.002733903780617278
  endloop
endfacet
facet normal 0 -1 0
  outer loop
    vertex 0.02924999999999999 0.011 0.002799038105676713
    vertex 0.03 0.011 0.00400000000000001
    vertex 0.02849999999999999 0.011 0.004000074019255128
  endloop
endfacet
facet normal 0 -1 0
  outer loop
    vertex 0.02400000000000001 0.011 0.004000012336542522
    vertex 0.02475000000000003 0.011 0.002799038105676713
    vertex 0.02550000000000003 0.011 0.004000074019255138
  endloop
endfacet
facet normal 0 -1 -0
  outer loop
    vertex 0.03075000000000003 0.011 0.005200961894323295
    vertex 0.03 0.011 0.00400000000000001
    vertex 0.03149999999999997 0.011 0.003999925980744915
  endloop
endfacet
facet normal 0 -1 -0
  outer loop
    vertex 0.04125000000000002 0.011 0.005200961894323303
    vertex 0.04050000000000007 0.011 0.003999999999999968
    vertex 0.04199999999999993 0.011 0.003999925980744896
  endloop
endfacet
facet normal 0 -1 -0
  outer loop
    vertex 0.04724917391084729 0.011 0.005221136668561776
    vertex 0.04649405891979331 0.011 0.004009734691596224
    vertex 0.04800000000000015 0.011 0.003999999999999938
  endloop
endfacet
facet normal 0 -1 0
  outer loop
    vertex 0.04649405891979331 0.011 0.004009734691596224
    vertex 0.04725000000000005 0.011 0.00279903810567671
    vertex 0.04800000000000015 0.011 0.003999999999999938
  endloop
endfacet
facet normal 0 -1 0
  outer loop
    vertex 0.03675000000000002 0.011 0.00279903810567671
    vertex 0.03750000000000001 0.011 0.004000000000000007
    vertex 0.03599405891979328 0.011 0.004009734691596248
  endloop
endfacet
facet normal 0 -1 0
  outer loop
    vertex 0.04573639926819004 0.011 0.002774839684279449
    vertex 0.04725000000000005 0.011 0.00279903810567671
    vertex 0.04649405891979331 0.011 0.004009734691596224
  endloop
endfacet
facet normal 0 -1 0
  outer loop
    vertex 0.04050000000000007 0.011 0.003999999999999968
    vertex 0.03975000000000004 0.011 0.005200961894323275
    vertex 0.03900000000000002 0.011 0.003999999999999993
  endloop
endfacet
facet normal -0 -1 0
  outer loop
    vertex 0.03975000000000004 0.011 0.005200961894323275
    vertex 0.03824999999999999 0.011 0.005200961894323295
    vertex 0.03900000000000002 0.011 0.003999999999999993
  endloop
endfacet
facet normal 0 -1 0
  outer loop
    vertex 0.03750000000000001 0.011 0.004000000000000007
    vertex 0.03674917391084728 0.011 0.005221136668561772
    vertex 0.03599405891979328 0.011 0.004009734691596248
  endloop
endfacet
facet normal 0 -1 0
  outer loop
    vertex 0.03975 0.011 0.00279903810567671
    vertex 0.04050000000000007 0.011 0.003999999999999968
    vertex 0.03900000000000002 0.011 0.003999999999999993
  endloop
endfacet
facet normal -0 -1 0
  outer loop
    vertex 0.04874999999999995 0.011 0.005200961894323297
    vertex 0.04724917391084729 0.011 0.005221136668561776
    vertex 0.04800000000000015 0.011 0.003999999999999938
  endloop
endfacet
facet normal 0 -1 0
  outer loop
    vertex 0.03975 0.011 0.00279903810567671
    vertex 0.04125000000000003 0.011 0.002789815177134282
    vertex 0.04050000000000007 0.011 0.003999999999999968
  endloop
endfacet
facet normal 0 -1 0
  outer loop
    vertex 0.02250000000000001 0.011 0.004000000000000009
    vertex 0.02325 0.011 0.002799038105676714
    vertex 0.02400000000000001 0.011 0.004000012336542522
  endloop
endfacet
facet normal 0 -1 0
  outer loop
    vertex 0.02325 0.011 0.002799038105676714
    vertex 0.02475000000000003 0.011 0.002799038105676713
    vertex 0.02400000000000001 0.011 0.004000012336542522
  endloop
endfacet
facet normal 0 -1 0
  outer loop
    vertex 0.03900000000000002 0.011 0.003999999999999993
    vertex 0.03824999999999999 0.011 0.005200961894323295
    vertex 0.03750000000000001 0.011 0.004000000000000007
  endloop
endfacet
facet normal -0 -1 0
  outer loop
    vertex 0.04724917391084729 0.011 0.005221136668561776
    vertex 0.04574028519156429 0.011 0.005242064816661196
    vertex 0.04649405891979331 0.011 0.004009734691596224
  endloop
endfacet
facet normal 0 -1 0
  outer loop
    vertex 0.05025034411319874 0.011 0.005209626534634104
    vertex 0.04874999999999995 0.011 0.005200961894323297
    vertex 0.04950094460153807 0.011 0.004000467184845017
  endloop
endfacet
facet normal 0 -1 0
  outer loop
    vertex 0.04125000000000002 0.011 0.005200961894323303
    vertex 0.03975000000000004 0.011 0.005200961894323275
    vertex 0.04050000000000007 0.011 0.003999999999999968
  endloop
endfacet
facet normal 0 -1 0
  outer loop
    vertex 0.03523639926819002 0.011 0.002774839684279476
    vertex 0.03675000000000002 0.011 0.00279903810567671
    vertex 0.03599405891979328 0.011 0.004009734691596248
  endloop
endfacet
facet normal 0 -1 -0
  outer loop
    vertex 0.02325000000000004 0.011 0.00520096189432327
    vertex 0.02250000000000001 0.011 0.004000000000000009
    vertex 0.02400000000000001 0.011 0.004000012336542522
  endloop
endfacet
facet normal 0 -1 0
  outer loop
    vertex 0.03675000000000002 0.011 0.00279903810567671
    vertex 0.03825000000000003 0.011 0.00279903810567671
    vertex 0.03750000000000001 0.011 0.004000000000000007
  endloop
endfacet
facet normal 0 -1 0
  outer loop
    vertex 0.01724917391084731 0.011 0.00277886333143823
    vertex 0.01799966359106714 0.011 0.003998196208619758
    vertex 0.01649470212080762 0.011 0.003992529685477888
  endloop
endfacet
facet normal 0 -1 0
  outer loop
    vertex 0.01050548982135809 0.011 0.003989813523371423
    vertex 0.009750000000000009 0.011 0.005200961894323293
    vertex 0.009001058625023591 0.011 0.003993375576402408
  endloop
endfacet
facet normal 0 -1 0
  outer loop
    vertex 0.03825000000000003 0.011 0.00279903810567671
    vertex 0.03900000000000002 0.011 0.003999999999999993
    vertex 0.03750000000000001 0.011 0.004000000000000007
  endloop
endfacet
facet normal -0 -1 0
  outer loop
    vertex 0.02025000000000002 0.011 0.005200961894323281
    vertex 0.01875000000000001 0.011 0.005200961894323295
    vertex 0.01950000000000003 0.011 0.004000000000000004
  endloop
endfacet
facet normal -0 -1 0
  outer loop
    vertex 0.03075000000000003 0.011 0.005200961894323295
    vertex 0.02925000000000002 0.011 0.005210184822865646
    vertex 0.03 0.011 0.00400000000000001
  endloop
endfacet
facet normal 0 -1 0
  outer loop
    vertex 0.009750826089152703 0.011 0.002778863331438222
    vertex 0.01050548982135809 0.011 0.003989813523371423
    vertex 0.009001058625023591 0.011 0.003993375576402408
  endloop
endfacet
facet normal 0 -1 0
  outer loop
    vertex 0.01126586752044498 0.011 0.005226469046749132
    vertex 0.009750000000000009 0.011 0.005200961894323293
    vertex 0.01050548982135809 0.011 0.003989813523371423
  endloop
endfacet
facet normal 0 -1 0
  outer loop
    vertex 0.01724917391084731 0.011 0.00277886333143823
    vertex 0.01874996416036928 0.011 0.00278965281495822
    vertex 0.01799966359106714 0.011 0.003998196208619758
  endloop
endfacet
facet normal 0 -1 0
  outer loop
    vertex 0.01874996416036928 0.011 0.00278965281495822
    vertex 0.01950000000000003 0.011 0.004000000000000004
    vertex 0.01799966359106714 0.011 0.003998196208619758
  endloop
endfacet
facet normal 0 -1 0
  outer loop
    vertex 0.01950000000000003 0.011 0.004000000000000004
    vertex 0.02025000000000001 0.011 0.002799038105676714
    vertex 0.02100000000000003 0.011 0.004000000000000013
  endloop
endfacet
facet normal -0 -1 0
  outer loop
    vertex 0.01950000000000003 0.011 0.004000000000000004
    vertex 0.01875000000000001 0.011 0.005200961894323295
    vertex 0.01799966359106714 0.011 0.003998196208619758
  endloop
endfacet
facet normal 0 -1 0
  outer loop
    vertex 0.009750826089152703 0.011 0.002778863331438222
    vertex 0.0112597148084357 0.011 0.002757935183338784
    vertex 0.01050548982135809 0.011 0.003989813523371423
  endloop
endfacet
facet normal -0 -1 0
  outer loop
    vertex 0.009750000000000009 0.011 0.005200961894323293
    vertex 0.008250000000000009 0.011 0.005200961894323293
    vertex 0.009001058625023591 0.011 0.003993375576402408
  endloop
endfacet
facet normal 0 -1 0
  outer loop
    vertex 0.009001058625023591 0.011 0.003993375576402408
    vertex 0.008250000000000009 0.011 0.005200961894323293
    vertex 0.007500000000000008 0.011 0.004000000000000005
  endloop
endfacet
facet normal 0 -1 0
  outer loop
    vertex 0.006750000000000006 0.011 0.002799038105676715
    vertex 0.008250035839630746 0.011 0.002789652814958213
    vertex 0.007500000000000008 0.011 0.004000000000000005
  endloop
endfacet
facet normal 0 -1 0
  outer loop
    vertex 0.04875000000000004 0.011 0.00279903810567668
    vertex 0.05025000000000003 0.011 0.002799038105676713
    vertex 0.04950094460153807 0.011 0.004000467184845017
  endloop
endfacet
facet normal 0 -1 0
  outer loop
    vertex 0.008250000000000009 0.011 0.005200961894323293
    vertex 0.006750000000000007 0.011 0.005200961894323291
    vertex 0.007500000000000008 0.011 0.004000000000000005
  endloop
endfacet
facet normal 0 -1 0
  outer loop
    vertex 0.02175 0.011 0.002799038105676715
    vertex 0.02325 0.011 0.002799038105676714
    vertex 0.02250000000000001 0.011 0.004000000000000009
  endloop
endfacet
facet normal -0 -1 0
  outer loop
    vertex 0.01799966359106714 0.011 0.003998196208619758
    vertex 0.01724884347518623 0.011 0.005219699210998793
    vertex 0.01649470212080762 0.011 0.003992529685477888
  endloop
endfacet
facet normal 0 -1 0
  outer loop
    vertex 0.008250035839630746 0.011 0.002789652814958213
    vertex 0.009001058625023591 0.011 0.003993375576402408
    vertex 0.007500000000000008 0.011 0.004000000000000005
  endloop
endfacet
facet normal 0 -1 0
  outer loop
    vertex 0.02025000000000001 0.011 0.002799038105676714
    vertex 0.02175 0.011 0.002799038105676715
    vertex 0.02100000000000003 0.011 0.004000000000000013
  endloop
endfacet
facet normal 0 -1 0
  outer loop
    vertex 0.008250035839630746 0.011 0.002789652814958213
    vertex 0.009750826089152703 0.011 0.002778863331438222
    vertex 0.009001058625023591 0.011 0.003993375576402408
  endloop
endfacet
facet normal 0 -1 0
  outer loop
    vertex 0.02175 0.011 0.002799038105676715
    vertex 0.02250000000000001 0.011 0.004000000000000009
    vertex 0.02100000000000003 0.011 0.004000000000000013
  endloop
endfacet
facet normal -0 -1 0
  outer loop
    vertex 0.02325000000000004 0.011 0.00520096189432327
    vertex 0.02175000000000002 0.011 0.005200961894323291
    vertex 0.02250000000000001 0.011 0.004000000000000009
  endloop
endfacet
facet normal 0 -1 0
  outer loop
    vertex 0.01874996416036928 0.011 0.00278965281495822
    vertex 0.02025000000000001 0.011 0.002799038105676714
    vertex 0.01950000000000003 0.011 0.004000000000000004
  endloop
endfacet
facet normal -0 -1 0
  outer loop
    vertex 0.01875000000000001 0.011 0.005200961894323295
    vertex 0.01724884347518623 0.011 0.005219699210998793
    vertex 0.01799966359106714 0.011 0.003998196208619758
  endloop
endfacet
facet normal -0 -1 0
  outer loop
    vertex 0.03824999999999999 0.011 0.005200961894323295
    vertex 0.03674917391084728 0.011 0.005221136668561772
    vertex 0.03750000000000001 0.011 0.004000000000000007
  endloop
endfacet
facet normal -0 -1 0
  outer loop
    vertex 0.01724884347518623 0.011 0.005219699210998793
    vertex 0.01573639926819003 0.011 0.005225160315720517
    vertex 0.01649470212080762 0.011 0.003992529685477888
  endloop
endfacet
facet normal 0 -1 0
  outer loop
    vertex 0.01574028519156431 0.011 0.002757935183338785
    vertex 0.01724917391084731 0.011 0.00277886333143823
    vertex 0.01649470212080762 0.011 0.003992529685477888
  endloop
endfacet
facet normal 0 -1 0
  outer loop
    vertex 0.02924999999999999 0.011 0.002799038105676713
    vertex 0.03074999999999999 0.011 0.002789815177134362
    vertex 0.03 0.011 0.00400000000000001
  endloop
endfacet
facet normal 0 -1 0
  outer loop
    vertex 0.02175000000000002 0.011 0.005200961894323291
    vertex 0.02025000000000002 0.011 0.005200961894323281
    vertex 0.02100000000000003 0.011 0.004000000000000013
  endloop
endfacet
facet normal 0 -1 0
  outer loop
    vertex 0.03825000000000003 0.011 0.00279903810567671
    vertex 0.03975 0.011 0.00279903810567671
    vertex 0.03900000000000002 0.011 0.003999999999999993
  endloop
endfacet
facet normal 0 -1 -0
  outer loop
    vertex 0.02025000000000002 0.011 0.005200961894323281
    vertex 0.01950000000000003 0.011 0.004000000000000004
    vertex 0.02100000000000003 0.011 0.004000000000000013
  endloop
endfacet
facet normal 0 -1 0
  outer loop
    vertex 0.02475000000000003 0.011 0.005200961894323295
    vertex 0.02325000000000004 0.011 0.00520096189432327
    vertex 0.02400000000000001 0.011 0.004000012336542522
  endloop
endfacet
facet normal 0 -1 0
  outer loop
    vertex 0.02250000000000001 0.011 0.004000000000000009
    vertex 0.02175000000000002 0.011 0.005200961894323291
    vertex 0.02100000000000003 0.011 0.004000000000000013
  endloop
endfacet
facet normal -0 -1 0
  outer loop
    vertex 0.03674917391084728 0.011 0.005221136668561772
    vertex 0.0352402851915643 0.011 0.005242064816661215
    vertex 0.03599405891979328 0.011 0.004009734691596248
  endloop
endfacet
facet normal 0 -1 0
  outer loop
    vertex 0.04725000000000005 0.011 0.00279903810567671
    vertex 0.04875000000000004 0.011 0.00279903810567668
    vertex 0.04800000000000015 0.011 0.003999999999999938
  endloop
endfacet
facet normal -0 -1 0
  outer loop
    vertex 0.04950094460153807 0.011 0.004000467184845017
    vertex 0.04874999999999995 0.011 0.005200961894323297
    vertex 0.04800000000000015 0.011 0.003999999999999938
  endloop
endfacet
facet normal 0 -1 0
  outer loop
    vertex 0.04875000000000004 0.011 0.00279903810567668
    vertex 0.04950094460153807 0.011 0.004000467184845017
    vertex 0.04800000000000015 0.011 0.003999999999999938
  endloop
endfacet
facet normal 0 -1 0
  outer loop
    vertex 0.003045926312863052 0.011 0.003997302284887193
    vertex 0.003736592625749584 0.011 0.002764940920278099
    vertex 0.004497614316277586 0.011 0.003999259468687152
  endloop
endfacet
facet normal 0 -1 0
  outer loop
    vertex 0.03 0.011 0.00400000000000001
    vertex 0.02925000000000002 0.011 0.005210184822865646
    vertex 0.02849999999999999 0.011 0.004000074019255128
  endloop
endfacet
facet normal 0 -1 0
  outer loop
    vertex 0.03 0.011 0.00400000000000001
    vertex 0.03074999999999999 0.011 0.002789815177134362
    vertex 0.03149999999999997 0.011 0.003999925980744915
  endloop
endfacet
facet normal 0 -1 -0
  outer loop
    vertex 0.02475000000000003 0.011 0.005200961894323295
    vertex 0.02400000000000001 0.011 0.004000012336542522
    vertex 0.02550000000000003 0.011 0.004000074019255138
  endloop
endfacet
facet normal 0 -1 0
  outer loop
    vertex 0.04050000000000007 0.011 0.003999999999999968
    vertex 0.04125000000000003 0.011 0.002789815177134282
    vertex 0.04199999999999993 0.011 0.003999925980744896
  endloop
endfacet
facet normal -0 -1 0
  outer loop
    vertex 0.045 0.011 0.00649999999999995
    vertex 0.0435 0.011 0.00649999999999995
    vertex 0.04424065999127245 0.011 0.005257585408670419
  endloop
endfacet
facet normal 0 -1 0
  outer loop
    vertex 0.04125000000000003 0.011 0.002789815177134282
    vertex 0.04275 0.011 0.002782679733908597
    vertex 0.04199999999999993 0.011 0.003999925980744896
  endloop
endfacet
facet normal 0 -1 0
  outer loop
    vertex 0.03074999999999999 0.011 0.002789815177134362
    vertex 0.03225 0.011 0.002782679733908632
    vertex 0.03149999999999997 0.011 0.003999925980744915
  endloop
endfacet
facet normal -0 -1 0
  outer loop
    vertex 0.0345 0.011 0.00649999999999995
    vertex 0.03300000000000001 0.011 0.00649999999999995
    vertex 0.03374065999127247 0.011 0.005257585408670438
  endloop
endfacet
facet normal -0 -1 0
  outer loop
    vertex 0.02925000000000002 0.011 0.005210184822865646
    vertex 0.02775000000000001 0.011 0.005217320266091376
    vertex 0.02849999999999999 0.011 0.004000074019255128
  endloop
endfacet
facet normal 0 -1 0
  outer loop
    vertex 0.02625000000000002 0.011 0.005220046661386058
    vertex 0.02475000000000003 0.011 0.005200961894323295
    vertex 0.02550000000000003 0.011 0.004000074019255138
  endloop
endfacet
facet normal 0 -1 0
  outer loop
    vertex 0.01275138140463868 0.011 0.002716359916990015
    vertex 0.01350000000000001 0.011 0.001500000000000057
    vertex 0.01424758564736562 0.011 0.002733903780617278
  endloop
endfacet
facet normal 0 -1 0
  outer loop
    vertex 0.01200000000000001 0.011 0.001500000000000057
    vertex 0.01350000000000001 0.011 0.001500000000000057
    vertex 0.01275138140463868 0.011 0.002716359916990015
  endloop
endfacet
facet normal 0 -1 0
  outer loop
    vertex 0.01350000000000001 0.011 0.001500000000000057
    vertex 0.01500000000000001 0.011 0.001500000000000057
    vertex 0.01424758564736562 0.011 0.002733903780617278
  endloop
endfacet
facet normal 0 -1 0
  outer loop
    vertex 0.003736592625749584 0.011 0.002764940920278099
    vertex 0.005247875091201317 0.011 0.002779640993778418
    vertex 0.004497614316277586 0.011 0.003999259468687152
  endloop
endfacet
facet normal 0 -1 -0
  outer loop
    vertex 0.003757639117877137 0.011 0.005222139430877872
    vertex 0.003045926312863052 0.011 0.003997302284887193
    vertex 0.004497614316277586 0.011 0.003999259468687152
  endloop
endfacet
facet normal -0 -1 0
  outer loop
    vertex 0.057 0.011 0.00649999999999995
    vertex 0.0555 0.011 0.00649999999999995
    vertex 0.05606148929014873 0.011 0.005608928853392385
  endloop
endfacet
facet normal 0 -1 0
  outer loop
    vertex 0.0555 0.011 0.001500000000000057
    vertex 0.057 0.011 0.001500000000000057
    vertex 0.05605551985883937 0.011 0.002391324818870636
  endloop
endfacet
facet normal 0 -1 0
  outer loop
    vertex 0 0.011 0.001500000000000057
    vertex 0.001500000000000001 0.011 0.001500000000000057
    vertex 0.0009384695758118154 0.011 0.002391047397858865
  endloop
endfacet
facet normal 0 -1 0
  outer loop
    vertex 0.003757639117877137 0.011 0.005222139430877872
    vertex 0.002170680870022534 0.011 0.005206866315103947
    vertex 0.003045926312863052 0.011 0.003997302284887193
  endloop
endfacet
facet normal -0 -1 0
  outer loop
    vertex 0.001500000000000001 0.011 0.00649999999999995
    vertex 0 0.011 0.00649999999999995
    vertex 0.0009444942391829431 0.011 0.005608662278200534
  endloop
endfacet
facet normal 0 -1 -0
  outer loop
    vertex 0.05594820967410778 0.011 0.00341355492410113
    vertex 0.05482938962008905 0.011 0.002793069170251909
    vertex 0.05605551985883937 0.011 0.002391324818870636
  endloop
endfacet
facet normal 0 -1 0
  outer loop
    vertex 0.05482938962008905 0.011 0.002793069170251909
    vertex 0.0555 0.011 0.001500000000000057
    vertex 0.05605551985883937 0.011 0.002391324818870636
  endloop
endfacet
facet normal 0 -1 0
  outer loop
    vertex 0.05594820967410778 0.011 0.00341355492410113
    vertex 0.057 0.011 0.004000000000000003
    vertex 0.05598142765090353 0.011 0.004585353621689917
  endloop
endfacet
facet normal 0 -1 0
  outer loop
    vertex 0.04274502565827318 0.011 0.005254588394423277
    vertex 0.04125000000000002 0.011 0.005200961894323303
    vertex 0.04199999999999993 0.011 0.003999925980744896
  endloop
endfacet
facet normal 0 -1 0
  outer loop
    vertex 0.0322450256582732 0.011 0.005254588394423299
    vertex 0.03075000000000003 0.011 0.005200961894323295
    vertex 0.03149999999999997 0.011 0.003999925980744915
  endloop
endfacet
facet normal 0 -1 0
  outer loop
    vertex 0.02475000000000003 0.011 0.002799038105676713
    vertex 0.02616839560914018 0.011 0.0027519237886467
    vertex 0.02550000000000003 0.011 0.004000074019255138
  endloop
endfacet
facet normal 0 -1 0
  outer loop
    vertex 0.03297015394963923 0.011 0.004027530366539908
    vertex 0.03448849514815808 0.011 0.004021328874398311
    vertex 0.03374065999127247 0.011 0.005257585408670438
  endloop
endfacet
facet normal 0 -1 0
  outer loop
    vertex 0.02783160439085984 0.011 0.002751923788646693
    vertex 0.02924999999999999 0.011 0.002799038105676713
    vertex 0.02849999999999999 0.011 0.004000074019255128
  endloop
endfacet
facet normal 0 -1 0
  outer loop
    vertex 0.01499384728799073 0.011 0.003975323862751243
    vertex 0.0135 0.011 0.003953803720623512
    vertex 0.01424758564736562 0.011 0.002733903780617278
  endloop
endfacet
facet normal 0 -1 0
  outer loop
    vertex 0.04347015394963923 0.011 0.004027530366539863
    vertex 0.04498849514815809 0.011 0.004021328874398278
    vertex 0.04424065999127245 0.011 0.005257585408670419
  endloop
endfacet
facet normal -0 -1 0
  outer loop
    vertex 0.0135 0.011 0.003953803720623512
    vertex 0.01200653051011511 0.011 0.003974651684379099
    vertex 0.01275138140463868 0.011 0.002716359916990015
  endloop
endfacet
facet normal 0 -1 0
  outer loop
    vertex 0.002170680870022534 0.011 0.005206866315103947
    vertex 0.001500000000000001 0.011 0.00649999999999995
    vertex 0.0009444942391829431 0.011 0.005608662278200534
  endloop
endfacet
facet normal 0 -1 0
  outer loop
    vertex 0.00105179032589218 0.011 0.004586445075898846
    vertex 0.002170680870022534 0.011 0.005206866315103947
    vertex 0.0009444942391829431 0.011 0.005608662278200534
  endloop
endfacet
facet normal 0 -1 0
  outer loop
    vertex 0.00105179032589218 0.011 0.004586445075898846
    vertex 0 0.011 0.004000000000000003
    vertex 0.001018542967639713 0.011 0.003414629414918094
  endloop
endfacet
facet normal 0 -1 -0
  outer loop
    vertex 0.0555 0.011 0.00649999999999995
    vertex 0.05482601879984013 0.011 0.005209290645272126
    vertex 0.05606148929014873 0.011 0.005608928853392385
  endloop
endfacet
facet normal 0 -1 0
  outer loop
    vertex 0.057 0.011 0.005249999999999977
    vertex 0.057 0.011 0.00649999999999995
    vertex 0.05606148929014873 0.011 0.005608928853392385
  endloop
endfacet
facet normal 0 -1 0
  outer loop
    vertex 0.057 0.011 0.001500000000000057
    vertex 0.057 0.011 0.002750000000000029
    vertex 0.05605551985883937 0.011 0.002391324818870636
  endloop
endfacet
facet normal 0 -1 0
  outer loop
    vertex 0 0.011 0.002750000000000029
    vertex 0 0.011 0.001500000000000057
    vertex 0.0009384695758118154 0.011 0.002391047397858865
  endloop
endfacet
facet normal 0 -1 0
  outer loop
    vertex 0 0.011 0.00649999999999995
    vertex 0 0.011 0.005249999999999977
    vertex 0.0009444942391829431 0.011 0.005608662278200534
  endloop
endfacet
facet normal 0 -1 0
  outer loop
    vertex 0.05482938962008905 0.011 0.002793069170251909
    vertex 0.05594820967410778 0.011 0.00341355492410113
    vertex 0.05509432613161531 0.011 0.004000565980395937
  endloop
endfacet
facet normal 0 -1 0
  outer loop
    vertex 0.001500000000000001 0.011 0.001500000000000057
    vertex 0.002173804911419363 0.011 0.002790607574376088
    vertex 0.0009384695758118154 0.011 0.002391047397858865
  endloop
endfacet
facet normal 0 -1 0
  outer loop
    vertex 0.05482601879984013 0.011 0.005209290645272126
    vertex 0.05598142765090353 0.011 0.004585353621689917
    vertex 0.05606148929014873 0.011 0.005608928853392385
  endloop
endfacet
facet normal 0 -1 0
  outer loop
    vertex 0.002170680870022534 0.011 0.005206866315103947
    vertex 0.00105179032589218 0.011 0.004586445075898846
    vertex 0.001905599637071581 0.011 0.003999407237883454
  endloop
endfacet
facet normal 0 -1 0
  outer loop
    vertex 0.05395368924803099 0.011 0.004002693501456879
    vertex 0.05482938962008905 0.011 0.002793069170251909
    vertex 0.05509432613161531 0.011 0.004000565980395937
  endloop
endfacet
facet normal -0 -1 0
  outer loop
    vertex 0.002173804911419363 0.011 0.002790607574376088
    vertex 0.001018542967639713 0.011 0.003414629414918094
    vertex 0.0009384695758118154 0.011 0.002391047397858865
  endloop
endfacet
facet normal 0 -1 -0
  outer loop
    vertex 0.05482601879984013 0.011 0.005209290645272126
    vertex 0.05395368924803099 0.011 0.004002693501456879
    vertex 0.05509432613161531 0.011 0.004000565980395937
  endloop
endfacet
facet normal 0 -1 0
  outer loop
    vertex 0.003045926312863052 0.011 0.003997302284887193
    vertex 0.002170680870022534 0.011 0.005206866315103947
    vertex 0.001905599637071581 0.011 0.003999407237883454
  endloop
endfacet
facet normal -0 -1 0
  outer loop
    vertex 0.05598142765090353 0.011 0.004585353621689917
    vertex 0.05482601879984013 0.011 0.005209290645272126
    vertex 0.05509432613161531 0.011 0.004000565980395937
  endloop
endfacet
facet normal 0 -1 0
  outer loop
    vertex 0.002173804911419363 0.011 0.002790607574376088
    vertex 0.003045926312863052 0.011 0.003997302284887193
    vertex 0.001905599637071581 0.011 0.003999407237883454
  endloop
endfacet
facet normal 0 -1 0
  outer loop
    vertex 0.001018542967639713 0.011 0.003414629414918094
    vertex 0.002173804911419363 0.011 0.002790607574376088
    vertex 0.001905599637071581 0.011 0.003999407237883454
  endloop
endfacet
facet normal 0 -1 0
  outer loop
    vertex 0.05598142765090353 0.011 0.004585353621689917
    vertex 0.057 0.011 0.005249999999999977
    vertex 0.05606148929014873 0.011 0.005608928853392385
  endloop
endfacet
facet normal -0 -1 0
  outer loop
    vertex 0.057 0.011 0.002750000000000029
    vertex 0.05594820967410778 0.011 0.00341355492410113
    vertex 0.05605551985883937 0.011 0.002391324818870636
  endloop
endfacet
facet normal 0 -1 0
  outer loop
    vertex 0.001018542967639713 0.011 0.003414629414918094
    vertex 0 0.011 0.002750000000000029
    vertex 0.0009384695758118154 0.011 0.002391047397858865
  endloop
endfacet
facet normal 0 -1 0
  outer loop
    vertex 0 0.011 0.005249999999999977
    vertex 0.00105179032589218 0.011 0.004586445075898846
    vertex 0.0009444942391829431 0.011 0.005608662278200534
  endloop
endfacet
facet normal 0 -1 0
  outer loop
    vertex 0.05594820967410778 0.011 0.00341355492410113
    vertex 0.05598142765090353 0.011 0.004585353621689917
    vertex 0.05509432613161531 0.011 0.004000565980395937
  endloop
endfacet
facet normal 0 -1 -0
  outer loop
    vertex 0.00105179032589218 0.011 0.004586445075898846
    vertex 0.001018542967639713 0.011 0.003414629414918094
    vertex 0.001905599637071581 0.011 0.003999407237883454
  endloop
endfacet
facet normal 1 0 0
  outer loop
    vertex 0.057 0.01917432325361649 0.004022179960164476
    vertex 0.057 0.01855333379868645 0.002804677792334182
    vertex 0.057 0.0199468969028996 0.002759128926029725
  endloop
endfacet
facet normal 1 0 -0
  outer loop
    vertex 0.057 0.01855333379868645 0.002804677792334182
    vertex 0.057 0.01917432325361649 0.004022179960164476
    vertex 0.057 0.01787066720007641 0.004087777971670726
  endloop
endfacet
facet normal 1 0 0
  outer loop
    vertex 0.057 0.01445556117952019 0.002801724255310464
    vertex 0.057 0.01382440632149814 0.004022489135309164
    vertex 0.057 0.01301673825770851 0.002805491260987565
  endloop
endfacet
facet normal 1 -0 0
  outer loop
    vertex 0.057 0.01382440632149814 0.004022489135309164
    vertex 0.057 0.01445556117952019 0.002801724255310464
    vertex 0.057 0.01514351581809649 0.00407543311685834
  endloop
endfacet
facet normal 1 0 0
  outer loop
    vertex 0.057 0.0165 0.001500000000000057
    vertex 0.057 0.017875 0.001500000000000057
    vertex 0.057 0.0171887573047512 0.002800504514635652
  endloop
endfacet
facet normal 1 0 0
  outer loop
    vertex 0.057 0.01582345962038086 0.002819546255623826
    vertex 0.057 0.0165 0.001500000000000057
    vertex 0.057 0.0171887573047512 0.002800504514635652
  endloop
endfacet
facet normal 1 0 0
  outer loop
    vertex 0.057 0.015125 0.001500000000000057
    vertex 0.057 0.0165 0.001500000000000057
    vertex 0.057 0.01582345962038086 0.002819546255623826
  endloop
endfacet
facet normal 1 0 0
  outer loop
    vertex 0.057 0.01514351581809649 0.00407543311685834
    vertex 0.057 0.01445556117952019 0.002801724255310464
    vertex 0.057 0.01582345962038086 0.002819546255623826
  endloop
endfacet
facet normal 1 -0 0
  outer loop
    vertex 0.057 0.01445556117952019 0.002801724255310464
    vertex 0.057 0.015125 0.001500000000000057
    vertex 0.057 0.01582345962038086 0.002819546255623826
  endloop
endfacet
facet normal 1 0 0
  outer loop
    vertex 0.057 0.01855333379868645 0.002804677792334182
    vertex 0.057 0.01787066720007641 0.004087777971670726
    vertex 0.057 0.0171887573047512 0.002800504514635652
  endloop
endfacet
facet normal 1 0 0
  outer loop
    vertex 0.057 0.01917432325361649 0.004022179960164476
    vertex 0.057 0.0199468969028996 0.002759128926029725
    vertex 0.057 0.02023407760766373 0.004003948539336456
  endloop
endfacet
facet normal 1 0 -0
  outer loop
    vertex 0.057 0.017875 0.001500000000000057
    vertex 0.057 0.01855333379868645 0.002804677792334182
    vertex 0.057 0.0171887573047512 0.002800504514635652
  endloop
endfacet
facet normal 1 0 -0
  outer loop
    vertex 0.057 0.01301673825770851 0.002805491260987565
    vertex 0.057 0.01382440632149814 0.004022489135309164
    vertex 0.057 0.01275878389930251 0.004012775160407623
  endloop
endfacet
facet normal 1 -0 0
  outer loop
    vertex 0.057 0.01514351581809649 0.00407543311685834
    vertex 0.057 0.01582345962038086 0.002819546255623826
    vertex 0.057 0.01651008320936345 0.004091025068185068
  endloop
endfacet
facet normal 1 0 0
  outer loop
    vertex 0.057 0.01857131275730489 0.005303137712760714
    vertex 0.057 0.01718834618995519 0.005309667009255421
    vertex 0.057 0.01787066720007641 0.004087777971670726
  endloop
endfacet
facet normal 1 0 0
  outer loop
    vertex 0.057 0.01374999999999999 0.00649999999999995
    vertex 0.057 0.01301217316400507 0.005243262865460592
    vertex 0.057 0.0144253900527782 0.005302013128701025
  endloop
endfacet
facet normal 1 0 0
  outer loop
    vertex 0.057 0.01917432325361649 0.004022179960164476
    vertex 0.057 0.01857131275730489 0.005303137712760714
    vertex 0.057 0.01787066720007641 0.004087777971670726
  endloop
endfacet
facet normal 1 0 0
  outer loop
    vertex 0.057 0.020625 0.00649999999999995
    vertex 0.057 0.01924999999999999 0.00649999999999995
    vertex 0.057 0.01998965057761305 0.005245434521894454
  endloop
endfacet
facet normal 1 0 0
  outer loop
    vertex 0.057 0.01374999999999999 0.00649999999999995
    vertex 0.057 0.012375 0.00649999999999995
    vertex 0.057 0.01301217316400507 0.005243262865460592
  endloop
endfacet
facet normal 1 0 0
  outer loop
    vertex 0.057 0.017875 0.00649999999999995
    vertex 0.057 0.01718834618995519 0.005309667009255421
    vertex 0.057 0.01857131275730489 0.005303137712760714
  endloop
endfacet
facet normal 1 0 0
  outer loop
    vertex 0.057 0.0144253900527782 0.005302013128701025
    vertex 0.057 0.01301217316400507 0.005243262865460592
    vertex 0.057 0.01382440632149814 0.004022489135309164
  endloop
endfacet
facet normal 1 0 0
  outer loop
    vertex 0.057 0.01998965057761305 0.005245434521894454
    vertex 0.057 0.01924999999999999 0.00649999999999995
    vertex 0.057 0.01857131275730489 0.005303137712760714
  endloop
endfacet
facet normal 1 0 0
  outer loop
    vertex 0.057 0.01787066720007641 0.004087777971670726
    vertex 0.057 0.01651008320936345 0.004091025068185068
    vertex 0.057 0.0171887573047512 0.002800504514635652
  endloop
endfacet
facet normal 1 0 0
  outer loop
    vertex 0.057 0.01718834618995519 0.005309667009255421
    vertex 0.057 0.0165 0.00649999999999995
    vertex 0.057 0.01581371414413628 0.005300860756097279
  endloop
endfacet
facet normal 1 0 0
  outer loop
    vertex 0.057 0.01651008320936345 0.004091025068185068
    vertex 0.057 0.01582345962038086 0.002819546255623826
    vertex 0.057 0.0171887573047512 0.002800504514635652
  endloop
endfacet
facet normal 1 0 0
  outer loop
    vertex 0.057 0.01581371414413628 0.005300860756097279
    vertex 0.057 0.01514351581809649 0.00407543311685834
    vertex 0.057 0.01651008320936345 0.004091025068185068
  endloop
endfacet
facet normal 1 0 0
  outer loop
    vertex 0.057 0.01718834618995519 0.005309667009255421
    vertex 0.057 0.01581371414413628 0.005300860756097279
    vertex 0.057 0.01651008320936345 0.004091025068185068
  endloop
endfacet
facet normal 1 0 0
  outer loop
    vertex 0.057 0.0165 0.00649999999999995
    vertex 0.057 0.015125 0.00649999999999995
    vertex 0.057 0.01581371414413628 0.005300860756097279
  endloop
endfacet
facet normal 1 0 0
  outer loop
    vertex 0.057 0.01998965057761305 0.005245434521894454
    vertex 0.057 0.01857131275730489 0.005303137712760714
    vertex 0.057 0.01917432325361649 0.004022179960164476
  endloop
endfacet
facet normal 1 0 0
  outer loop
    vertex 0.057 0.01718834618995519 0.005309667009255421
    vertex 0.057 0.01651008320936345 0.004091025068185068
    vertex 0.057 0.01787066720007641 0.004087777971670726
  endloop
endfacet
facet normal 1 0 0
  outer loop
    vertex 0.057 0.015125 0.00649999999999995
    vertex 0.057 0.01374999999999999 0.00649999999999995
    vertex 0.057 0.0144253900527782 0.005302013128701025
  endloop
endfacet
facet normal 1 0 0
  outer loop
    vertex 0.057 0.015125 0.00649999999999995
    vertex 0.057 0.0144253900527782 0.005302013128701025
    vertex 0.057 0.01581371414413628 0.005300860756097279
  endloop
endfacet
facet normal 1 0 0
  outer loop
    vertex 0.057 0.01924999999999999 0.00649999999999995
    vertex 0.057 0.017875 0.00649999999999995
    vertex 0.057 0.01857131275730489 0.005303137712760714
  endloop
endfacet
facet normal 1 0 0
  outer loop
    vertex 0.057 0.017875 0.001500000000000057
    vertex 0.057 0.01924999999999999 0.001500000000000057
    vertex 0.057 0.01855333379868645 0.002804677792334182
  endloop
endfacet
facet normal 1 0 0
  outer loop
    vertex 0.057 0.01374999999999999 0.001500000000000057
    vertex 0.057 0.015125 0.001500000000000057
    vertex 0.057 0.01445556117952019 0.002801724255310464
  endloop
endfacet
facet normal 1 0 0
  outer loop
    vertex 0.057 0.017875 0.00649999999999995
    vertex 0.057 0.0165 0.00649999999999995
    vertex 0.057 0.01718834618995519 0.005309667009255421
  endloop
endfacet
facet normal 1 0 0
  outer loop
    vertex 0.057 0.0144253900527782 0.005302013128701025
    vertex 0.057 0.01514351581809649 0.00407543311685834
    vertex 0.057 0.01581371414413628 0.005300860756097279
  endloop
endfacet
facet normal 1 0 0
  outer loop
    vertex 0.057 0.0144253900527782 0.005302013128701025
    vertex 0.057 0.01382440632149814 0.004022489135309164
    vertex 0.057 0.01514351581809649 0.00407543311685834
  endloop
endfacet
facet normal 1 0 0
  outer loop
    vertex 0.057 0.01924999999999999 0.001500000000000057
    vertex 0.057 0.020625 0.001500000000000057
    vertex 0.057 0.0199468969028996 0.002759128926029725
  endloop
endfacet
facet normal 1 0 0
  outer loop
    vertex 0.057 0.012375 0.001500000000000057
    vertex 0.057 0.01374999999999999 0.001500000000000057
    vertex 0.057 0.01301673825770851 0.002805491260987565
  endloop
endfacet
facet normal 1 0 -0
  outer loop
    vertex 0.057 0.022 0.002750000000000029
    vertex 0.057 0.022 0.004000000000000003
    vertex 0.057 0.02101294763170708 0.003404502012968401
  endloop
endfacet
facet normal 1 0 0
  outer loop
    vertex 0.057 0.011 0.004000000000000003
    vertex 0.057 0.011 0.002750000000000029
    vertex 0.057 0.01198696703008708 0.003404499795011235
  endloop
endfacet
facet normal 1 0 -0
  outer loop
    vertex 0.057 0.022 0.004000000000000003
    vertex 0.057 0.022 0.005249999999999977
    vertex 0.057 0.02104656967248247 0.004588497275625226
  endloop
endfacet
facet normal 1 0 0
  outer loop
    vertex 0.057 0.011 0.005249999999999977
    vertex 0.057 0.011 0.004000000000000003
    vertex 0.057 0.01195363472321374 0.004588132745269556
  endloop
endfacet
facet normal 1 0 0
  outer loop
    vertex 0.057 0.02101294763170708 0.003404502012968401
    vertex 0.057 0.022 0.004000000000000003
    vertex 0.057 0.02104656967248247 0.004588497275625226
  endloop
endfacet
facet normal 1 -0 0
  outer loop
    vertex 0.057 0.011 0.004000000000000003
    vertex 0.057 0.01198696703008708 0.003404499795011235
    vertex 0.057 0.01195363472321374 0.004588132745269556
  endloop
endfacet
facet normal 1 0 0
  outer loop
    vertex 0.057 0.01855333379868645 0.002804677792334182
    vertex 0.057 0.01924999999999999 0.001500000000000057
    vertex 0.057 0.0199468969028996 0.002759128926029725
  endloop
endfacet
facet normal 1 0 -0
  outer loop
    vertex 0.057 0.01374999999999999 0.001500000000000057
    vertex 0.057 0.01445556117952019 0.002801724255310464
    vertex 0.057 0.01301673825770851 0.002805491260987565
  endloop
endfacet
facet normal 1 0 0
  outer loop
    vertex 0.057 0.0199468969028996 0.002759128926029725
    vertex 0.057 0.02101294763170708 0.003404502012968401
    vertex 0.057 0.02023407760766373 0.004003948539336456
  endloop
endfacet
facet normal 1 -0 0
  outer loop
    vertex 0.057 0.01198696703008708 0.003404499795011235
    vertex 0.057 0.01301673825770851 0.002805491260987565
    vertex 0.057 0.01275878389930251 0.004012775160407623
  endloop
endfacet
facet normal 1 0 0
  outer loop
    vertex 0.057 0.020625 0.001500000000000057
    vertex 0.057 0.022 0.001500000000000057
    vertex 0.057 0.02111696890692133 0.002382726187799654
  endloop
endfacet
facet normal 1 0 0
  outer loop
    vertex 0.057 0.011 0.001500000000000057
    vertex 0.057 0.012375 0.001500000000000057
    vertex 0.057 0.01187574105755912 0.002391998211199789
  endloop
endfacet
facet normal 1 0 0
  outer loop
    vertex 0.057 0.012375 0.00649999999999995
    vertex 0.057 0.011 0.00649999999999995
    vertex 0.057 0.01188483881372036 0.005615075060146265
  endloop
endfacet
facet normal 1 0 0
  outer loop
    vertex 0.057 0.022 0.00649999999999995
    vertex 0.057 0.020625 0.00649999999999995
    vertex 0.057 0.02111545092018169 0.00561543737254477
  endloop
endfacet
facet normal 1 0 -0
  outer loop
    vertex 0.057 0.022 0.001500000000000057
    vertex 0.057 0.022 0.002750000000000029
    vertex 0.057 0.02111696890692133 0.002382726187799654
  endloop
endfacet
facet normal 1 0 0
  outer loop
    vertex 0.057 0.011 0.002750000000000029
    vertex 0.057 0.011 0.001500000000000057
    vertex 0.057 0.01187574105755912 0.002391998211199789
  endloop
endfacet
facet normal 1 0 0
  outer loop
    vertex 0.057 0.011 0.00649999999999995
    vertex 0.057 0.011 0.005249999999999977
    vertex 0.057 0.01188483881372036 0.005615075060146265
  endloop
endfacet
facet normal 1 0 -0
  outer loop
    vertex 0.057 0.022 0.005249999999999977
    vertex 0.057 0.022 0.00649999999999995
    vertex 0.057 0.02111545092018169 0.00561543737254477
  endloop
endfacet
facet normal 1 0 0
  outer loop
    vertex 0.057 0.01382440632149814 0.004022489135309164
    vertex 0.057 0.01301217316400507 0.005243262865460592
    vertex 0.057 0.01275878389930251 0.004012775160407623
  endloop
endfacet
facet normal 1 0 0
  outer loop
    vertex 0.057 0.01998965057761305 0.005245434521894454
    vertex 0.057 0.01917432325361649 0.004022179960164476
    vertex 0.057 0.02023407760766373 0.004003948539336456
  endloop
endfacet
facet normal 1 0 0
  outer loop
    vertex 0.057 0.0199468969028996 0.002759128926029725
    vertex 0.057 0.020625 0.001500000000000057
    vertex 0.057 0.02111696890692133 0.002382726187799654
  endloop
endfacet
facet normal 1 0 -0
  outer loop
    vertex 0.057 0.012375 0.001500000000000057
    vertex 0.057 0.01301673825770851 0.002805491260987565
    vertex 0.057 0.01187574105755912 0.002391998211199789
  endloop
endfacet
facet normal 1 0 0
  outer loop
    vertex 0.057 0.02101294763170708 0.003404502012968401
    vertex 0.057 0.0199468969028996 0.002759128926029725
    vertex 0.057 0.02111696890692133 0.002382726187799654
  endloop
endfacet
facet normal 1 0 0
  outer loop
    vertex 0.057 0.01301673825770851 0.002805491260987565
    vertex 0.057 0.01198696703008708 0.003404499795011235
    vertex 0.057 0.01187574105755912 0.002391998211199789
  endloop
endfacet
facet normal 1 0 0
  outer loop
    vertex 0.057 0.020625 0.00649999999999995
    vertex 0.057 0.01998965057761305 0.005245434521894454
    vertex 0.057 0.02111545092018169 0.00561543737254477
  endloop
endfacet
facet normal 1 0 0
  outer loop
    vertex 0.057 0.01301217316400507 0.005243262865460592
    vertex 0.057 0.012375 0.00649999999999995
    vertex 0.057 0.01188483881372036 0.005615075060146265
  endloop
endfacet
facet normal 1 0 0
  outer loop
    vertex 0.057 0.02104656967248247 0.004588497275625226
    vertex 0.057 0.01998965057761305 0.005245434521894454
    vertex 0.057 0.02023407760766373 0.004003948539336456
  endloop
endfacet
facet normal 1 0 0
  outer loop
    vertex 0.057 0.01301217316400507 0.005243262865460592
    vertex 0.057 0.01195363472321374 0.004588132745269556
    vertex 0.057 0.01275878389930251 0.004012775160407623
  endloop
endfacet
facet normal 1 -0 0
  outer loop
    vertex 0.057 0.01998965057761305 0.005245434521894454
    vertex 0.057 0.02104656967248247 0.004588497275625226
    vertex 0.057 0.02111545092018169 0.00561543737254477
  endloop
endfacet
facet normal 1 0 -0
  outer loop
    vertex 0.057 0.01195363472321374 0.004588132745269556
    vertex 0.057 0.01301217316400507 0.005243262865460592
    vertex 0.057 0.01188483881372036 0.005615075060146265
  endloop
endfacet
facet normal 1 0 0
  outer loop
    vertex 0.057 0.022 0.002750000000000029
    vertex 0.057 0.02101294763170708 0.003404502012968401
    vertex 0.057 0.02111696890692133 0.002382726187799654
  endloop
endfacet
facet normal 1 0 0
  outer loop
    vertex 0.057 0.01198696703008708 0.003404499795011235
    vertex 0.057 0.011 0.002750000000000029
    vertex 0.057 0.01187574105755912 0.002391998211199789
  endloop
endfacet
facet normal 1 0 0
  outer loop
    vertex 0.057 0.02104656967248247 0.004588497275625226
    vertex 0.057 0.022 0.005249999999999977
    vertex 0.057 0.02111545092018169 0.00561543737254477
  endloop
endfacet
facet normal 1 -0 0
  outer loop
    vertex 0.057 0.011 0.005249999999999977
    vertex 0.057 0.01195363472321374 0.004588132745269556
    vertex 0.057 0.01188483881372036 0.005615075060146265
  endloop
endfacet
facet normal 1 0 -0
  outer loop
    vertex 0.057 0.02101294763170708 0.003404502012968401
    vertex 0.057 0.02104656967248247 0.004588497275625226
    vertex 0.057 0.02023407760766373 0.004003948539336456
  endloop
endfacet
facet normal 1 0 0
  outer loop
    vertex 0.057 0.01195363472321374 0.004588132745269556
    vertex 0.057 0.01198696703008708 0.003404499795011235
    vertex 0.057 0.01275878389930251 0.004012775160407623
  endloop
endfacet
facet normal 0 1 0
  outer loop
    vertex 0.04009491017225676 0.022 0.005238142562509544
    vertex 0.0408291756876509 0.022 0.003989795590652904
    vertex 0.03935595149954239 0.022 0.003996855532428757
  endloop
endfacet
facet normal 0 1 0
  outer loop
    vertex 0.04303185303958085 0.022 0.002747797352383171
    vertex 0.04229411764705885 0.022 0.001500000000000057
    vertex 0.04156340735776348 0.022 0.002746375161651882
  endloop
endfacet
facet normal 0 1 -0
  outer loop
    vertex 0.009941176470588238 0.022 0.001500000000000057
    vertex 0.009137255945049376 0.022 0.002788120152845024
    vertex 0.01067063500933296 0.022 0.002766788394547539
  endloop
endfacet
facet normal 0 1 0
  outer loop
    vertex 0.05405882352941177 0.022 0.00649999999999995
    vertex 0.0548627440549506 0.022 0.005211879847154971
    vertex 0.05332936499066707 0.022 0.005233211605452469
  endloop
endfacet
facet normal 0 1 0
  outer loop
    vertex 0.009941176470588238 0.022 0.001500000000000057
    vertex 0.008470588235294119 0.022 0.001500000000000057
    vertex 0.009137255945049376 0.022 0.002788120152845024
  endloop
endfacet
facet normal -0 1 0
  outer loop
    vertex 0.05405882352941177 0.022 0.00649999999999995
    vertex 0.05552941176470589 0.022 0.00649999999999995
    vertex 0.0548627440549506 0.022 0.005211879847154971
  endloop
endfacet
facet normal 0 1 0
  outer loop
    vertex 0.01214705882352945 0.022 0.002773566770271288
    vertex 0.01141176470588236 0.022 0.001500000000000057
    vertex 0.01067063500933296 0.022 0.002766788394547539
  endloop
endfacet
facet normal 0 1 0
  outer loop
    vertex 0.01141176470588236 0.022 0.001500000000000057
    vertex 0.009941176470588238 0.022 0.001500000000000057
    vertex 0.01067063500933296 0.022 0.002766788394547539
  endloop
endfacet
facet normal -0 1 0
  outer loop
    vertex 0.05258823529411766 0.022 0.00649999999999995
    vertex 0.05405882352941177 0.022 0.00649999999999995
    vertex 0.05332936499066707 0.022 0.005233211605452469
  endloop
endfacet
facet normal 0 1 0
  outer loop
    vertex 0.0518529411764706 0.022 0.005226433229728721
    vertex 0.05258823529411766 0.022 0.00649999999999995
    vertex 0.05332936499066707 0.022 0.005233211605452469
  endloop
endfacet
facet normal 0 1 -0
  outer loop
    vertex 0.02023529411764708 0.022 0.001500000000000057
    vertex 0.01950000000000002 0.022 0.002773566770271292
    vertex 0.02097058823529421 0.022 0.00277356677027138
  endloop
endfacet
facet normal 0 1 0
  outer loop
    vertex 0.0217058823529412 0.022 0.001500000000000057
    vertex 0.02023529411764708 0.022 0.001500000000000057
    vertex 0.02097058823529421 0.022 0.00277356677027138
  endloop
endfacet
facet normal 0 1 0
  outer loop
    vertex 0.02611764705882356 0.022 0.00649999999999995
    vertex 0.02685294117647063 0.022 0.005226433229728719
    vertex 0.02538235294117646 0.022 0.005226433229728666
  endloop
endfacet
facet normal -0 1 0
  outer loop
    vertex 0.02464705882352945 0.022 0.00649999999999995
    vertex 0.02611764705882356 0.022 0.00649999999999995
    vertex 0.02538235294117646 0.022 0.005226433229728666
  endloop
endfacet
facet normal -0 1 0
  outer loop
    vertex 0.01069174200731013 0.022 0.00525096136782328
    vertex 0.01141176470588236 0.022 0.00649999999999995
    vertex 0.01214705882352947 0.022 0.005226433229728719
  endloop
endfacet
facet normal 0 1 -0
  outer loop
    vertex 0.0290588235294118 0.022 0.001500000000000057
    vertex 0.02832352941176473 0.022 0.002773566770271288
    vertex 0.02979411764705888 0.022 0.002773566770271288
  endloop
endfacet
facet normal -0 1 0
  outer loop
    vertex 0.0217058823529412 0.022 0.00649999999999995
    vertex 0.02317647058823532 0.022 0.00649999999999995
    vertex 0.02244117647058823 0.022 0.00522643322972868
  endloop
endfacet
facet normal 0 1 0
  outer loop
    vertex 0.02317647058823532 0.022 0.00649999999999995
    vertex 0.02391176470588236 0.022 0.005226433229728717
    vertex 0.02244117647058823 0.022 0.00522643322972868
  endloop
endfacet
facet normal -0 1 0
  outer loop
    vertex 0.0143529411764706 0.022 0.00649999999999995
    vertex 0.01582352941176472 0.022 0.00649999999999995
    vertex 0.01508823529411767 0.022 0.005226433229728702
  endloop
endfacet
facet normal -0 1 0
  outer loop
    vertex 0.02685294117647063 0.022 0.005226433229728719
    vertex 0.02758823529411768 0.022 0.00649999999999995
    vertex 0.02832352941176476 0.022 0.005226433229728706
  endloop
endfacet
facet normal 0 1 0
  outer loop
    vertex 0.03347058823529416 0.022 0.00649999999999995
    vertex 0.03420588235294123 0.022 0.005226433229728721
    vertex 0.0327352941176471 0.022 0.00522643322972872
  endloop
endfacet
facet normal 0 1 0
  outer loop
    vertex 0.0224411764705883 0.022 0.002773566770271292
    vertex 0.0217058823529412 0.022 0.001500000000000057
    vertex 0.02097058823529421 0.022 0.00277356677027138
  endloop
endfacet
facet normal 0 1 0
  outer loop
    vertex 0.01729411764705884 0.022 0.00649999999999995
    vertex 0.01802941176470592 0.022 0.005226433229728716
    vertex 0.01655882352941178 0.022 0.005226433229728716
  endloop
endfacet
facet normal -0 1 0
  outer loop
    vertex 0.03420588235294123 0.022 0.005226433229728721
    vertex 0.03494117647058827 0.022 0.00649999999999995
    vertex 0.03567647058823535 0.022 0.00522643322972872
  endloop
endfacet
facet normal -0 1 0
  outer loop
    vertex 0.04009491017225676 0.022 0.005238142562509544
    vertex 0.04082352941176473 0.022 0.00649999999999995
    vertex 0.04156661088724072 0.022 0.005233548023414627
  endloop
endfacet
facet normal -0 1 0
  outer loop
    vertex 0.02097058823529412 0.022 0.005226433229728716
    vertex 0.0217058823529412 0.022 0.00649999999999995
    vertex 0.02244117647058823 0.022 0.00522643322972868
  endloop
endfacet
facet normal 0 1 -0
  outer loop
    vertex 0.03641176470588239 0.022 0.001500000000000057
    vertex 0.03567647058823532 0.022 0.002773566770271286
    vertex 0.03714705882352945 0.022 0.002773566770271286
  endloop
endfacet
facet normal -0 1 0
  outer loop
    vertex 0.03052941176470593 0.022 0.00649999999999995
    vertex 0.03200000000000004 0.022 0.00649999999999995
    vertex 0.031264705882353 0.022 0.005226433229728713
  endloop
endfacet
facet normal 0 1 0
  outer loop
    vertex 0.03494117647058827 0.022 0.001500000000000057
    vertex 0.03347058823529416 0.022 0.001500000000000057
    vertex 0.03420588235294121 0.022 0.002773566770271296
  endloop
endfacet
facet normal -0 1 0
  outer loop
    vertex 0.0290588235294118 0.022 0.00649999999999995
    vertex 0.03052941176470593 0.022 0.00649999999999995
    vertex 0.02979411764705888 0.022 0.005226433229728719
  endloop
endfacet
facet normal -0 1 0
  outer loop
    vertex 0.02758823529411768 0.022 0.00649999999999995
    vertex 0.0290588235294118 0.022 0.00649999999999995
    vertex 0.02832352941176476 0.022 0.005226433229728706
  endloop
endfacet
facet normal -0 1 0
  outer loop
    vertex 0.01141176470588236 0.022 0.00649999999999995
    vertex 0.01288235294117648 0.022 0.00649999999999995
    vertex 0.01214705882352947 0.022 0.005226433229728719
  endloop
endfacet
facet normal 0 1 0
  outer loop
    vertex 0.03052941176470593 0.022 0.001500000000000057
    vertex 0.0290588235294118 0.022 0.001500000000000057
    vertex 0.02979411764705888 0.022 0.002773566770271288
  endloop
endfacet
facet normal 0 1 0
  outer loop
    vertex 0.02538235294117651 0.022 0.002773566770271288
    vertex 0.02464705882352945 0.022 0.001500000000000057
    vertex 0.02391176470588238 0.022 0.002773566770271286
  endloop
endfacet
facet normal -0 1 0
  outer loop
    vertex 0.02979411764705888 0.022 0.005226433229728719
    vertex 0.03052941176470593 0.022 0.00649999999999995
    vertex 0.031264705882353 0.022 0.005226433229728713
  endloop
endfacet
facet normal -0 1 0
  outer loop
    vertex 0.02317647058823532 0.022 0.00649999999999995
    vertex 0.02464705882352945 0.022 0.00649999999999995
    vertex 0.02391176470588236 0.022 0.005226433229728717
  endloop
endfacet
facet normal -0 1 0
  outer loop
    vertex 0.02391176470588236 0.022 0.005226433229728717
    vertex 0.02464705882352945 0.022 0.00649999999999995
    vertex 0.02538235294117646 0.022 0.005226433229728666
  endloop
endfacet
facet normal 0 1 0
  outer loop
    vertex 0.01288235294117648 0.022 0.001500000000000057
    vertex 0.01141176470588236 0.022 0.001500000000000057
    vertex 0.01214705882352945 0.022 0.002773566770271288
  endloop
endfacet
facet normal 0 1 0
  outer loop
    vertex 0.05111764705882355 0.022 0.00649999999999995
    vertex 0.0518529411764706 0.022 0.005226433229728721
    vertex 0.05038235294117648 0.022 0.005226433229728719
  endloop
endfacet
facet normal -0 1 0
  outer loop
    vertex 0.01361764705882355 0.022 0.005226433229728721
    vertex 0.0143529411764706 0.022 0.00649999999999995
    vertex 0.01508823529411767 0.022 0.005226433229728702
  endloop
endfacet
facet normal 0 1 0
  outer loop
    vertex 0.0290588235294118 0.022 0.00649999999999995
    vertex 0.02979411764705888 0.022 0.005226433229728719
    vertex 0.02832352941176476 0.022 0.005226433229728706
  endloop
endfacet
facet normal 0 1 -0
  outer loop
    vertex 0.05111764705882355 0.022 0.001500000000000057
    vertex 0.05038235294117648 0.022 0.002773566770271286
    vertex 0.0518529411764706 0.022 0.002773566770271287
  endloop
endfacet
facet normal 0 1 -0
  outer loop
    vertex 0.04817647058823531 0.022 0.001500000000000057
    vertex 0.04744117647058825 0.022 0.002773566770271286
    vertex 0.04891176470588237 0.022 0.002773566770271286
  endloop
endfacet
facet normal 0 1 -0
  outer loop
    vertex 0.03347058823529416 0.022 0.001500000000000057
    vertex 0.0327352941176471 0.022 0.002773566770271287
    vertex 0.03420588235294121 0.022 0.002773566770271296
  endloop
endfacet
facet normal 0 1 0
  outer loop
    vertex 0.0290588235294118 0.022 0.001500000000000057
    vertex 0.02758823529411768 0.022 0.001500000000000057
    vertex 0.02832352941176473 0.022 0.002773566770271288
  endloop
endfacet
facet normal 0 1 0
  outer loop
    vertex 0.02611764705882356 0.022 0.001500000000000057
    vertex 0.02464705882352945 0.022 0.001500000000000057
    vertex 0.02538235294117651 0.022 0.002773566770271288
  endloop
endfacet
facet normal 0 1 0
  outer loop
    vertex 0.02464705882352945 0.022 0.001500000000000057
    vertex 0.02317647058823532 0.022 0.001500000000000057
    vertex 0.02391176470588238 0.022 0.002773566770271286
  endloop
endfacet
facet normal 0 1 -0
  outer loop
    vertex 0.01729411764705884 0.022 0.001500000000000057
    vertex 0.01655882352941179 0.022 0.002773566770271292
    vertex 0.01802941176470593 0.022 0.00277356677027125
  endloop
endfacet
facet normal 0 1 0
  outer loop
    vertex 0.01582352941176472 0.022 0.00649999999999995
    vertex 0.01655882352941178 0.022 0.005226433229728716
    vertex 0.01508823529411767 0.022 0.005226433229728702
  endloop
endfacet
facet normal 0 1 0
  outer loop
    vertex 0.04009300306421702 0.022 0.002753873912576256
    vertex 0.03935294117647062 0.022 0.001500000000000057
    vertex 0.03861805248145105 0.022 0.002763876299286583
  endloop
endfacet
facet normal 0 1 0
  outer loop
    vertex 0.01655882352941179 0.022 0.002773566770271292
    vertex 0.01582352941176472 0.022 0.001500000000000057
    vertex 0.01508823529411766 0.022 0.002773566770271281
  endloop
endfacet
facet normal 0 1 0
  outer loop
    vertex 0.01582352941176472 0.022 0.001500000000000057
    vertex 0.0143529411764706 0.022 0.001500000000000057
    vertex 0.01508823529411766 0.022 0.002773566770271281
  endloop
endfacet
facet normal -0 1 0
  outer loop
    vertex 0.05111764705882355 0.022 0.00649999999999995
    vertex 0.05258823529411766 0.022 0.00649999999999995
    vertex 0.0518529411764706 0.022 0.005226433229728721
  endloop
endfacet
facet normal -0 1 0
  outer loop
    vertex 0.04964705882352943 0.022 0.00649999999999995
    vertex 0.05111764705882355 0.022 0.00649999999999995
    vertex 0.05038235294117648 0.022 0.005226433229728719
  endloop
endfacet
facet normal -0 1 0
  outer loop
    vertex 0.04817647058823531 0.022 0.00649999999999995
    vertex 0.04964705882352943 0.022 0.00649999999999995
    vertex 0.04891176470588237 0.022 0.005226433229728721
  endloop
endfacet
facet normal -0 1 0
  outer loop
    vertex 0.04523529411764708 0.022 0.00649999999999995
    vertex 0.04670588235294119 0.022 0.00649999999999995
    vertex 0.04597058823529414 0.022 0.005226433229728721
  endloop
endfacet
facet normal -0 1 0
  outer loop
    vertex 0.04302941176470591 0.022 0.005234290202920909
    vertex 0.04376470588235297 0.022 0.00649999999999995
    vertex 0.04450000000000003 0.022 0.005230864211302711
  endloop
endfacet
facet normal -0 1 0
  outer loop
    vertex 0.03935294117647062 0.022 0.00649999999999995
    vertex 0.04082352941176473 0.022 0.00649999999999995
    vertex 0.04009491017225676 0.022 0.005238142562509544
  endloop
endfacet
facet normal -0 1 0
  outer loop
    vertex 0.03788235294117651 0.022 0.00649999999999995
    vertex 0.03935294117647062 0.022 0.00649999999999995
    vertex 0.03861821465050205 0.022 0.005235444829547246
  endloop
endfacet
facet normal -0 1 0
  outer loop
    vertex 0.03641176470588239 0.022 0.00649999999999995
    vertex 0.03788235294117651 0.022 0.00649999999999995
    vertex 0.03714705882352945 0.022 0.005226433229728721
  endloop
endfacet
facet normal 0 1 0
  outer loop
    vertex 0.03714705882352945 0.022 0.005226433229728721
    vertex 0.03788235294117651 0.022 0.00649999999999995
    vertex 0.03861821465050205 0.022 0.005235444829547246
  endloop
endfacet
facet normal -0 1 0
  outer loop
    vertex 0.03347058823529416 0.022 0.00649999999999995
    vertex 0.03494117647058827 0.022 0.00649999999999995
    vertex 0.03420588235294123 0.022 0.005226433229728721
  endloop
endfacet
facet normal -0 1 0
  outer loop
    vertex 0.02611764705882356 0.022 0.00649999999999995
    vertex 0.02758823529411768 0.022 0.00649999999999995
    vertex 0.02685294117647063 0.022 0.005226433229728719
  endloop
endfacet
facet normal -0 1 0
  outer loop
    vertex 0.01288235294117648 0.022 0.00649999999999995
    vertex 0.0143529411764706 0.022 0.00649999999999995
    vertex 0.01361764705882355 0.022 0.005226433229728721
  endloop
endfacet
facet normal 0 1 0
  outer loop
    vertex 0.05258823529411766 0.022 0.001500000000000057
    vertex 0.05111764705882355 0.022 0.001500000000000057
    vertex 0.0518529411764706 0.022 0.002773566770271287
  endloop
endfacet
facet normal 0 1 -0
  outer loop
    vertex 0.04523529411764708 0.022 0.001500000000000057
    vertex 0.04450000000000003 0.022 0.002773566770271286
    vertex 0.04597058823529414 0.022 0.002773566770271286
  endloop
endfacet
facet normal 0 1 0
  outer loop
    vertex 0.03200000000000004 0.022 0.001500000000000057
    vertex 0.03052941176470593 0.022 0.001500000000000057
    vertex 0.03126470588235299 0.022 0.002773566770271294
  endloop
endfacet
facet normal 0 1 0
  outer loop
    vertex 0.05405882352941177 0.022 0.001500000000000057
    vertex 0.05258823529411766 0.022 0.001500000000000057
    vertex 0.05330825799268992 0.022 0.002749038632176709
  endloop
endfacet
facet normal 0 1 0
  outer loop
    vertex 0.04964705882352943 0.022 0.001500000000000057
    vertex 0.04817647058823531 0.022 0.001500000000000057
    vertex 0.04891176470588237 0.022 0.002773566770271286
  endloop
endfacet
facet normal 0 1 0
  outer loop
    vertex 0.04670588235294119 0.022 0.001500000000000057
    vertex 0.04523529411764708 0.022 0.001500000000000057
    vertex 0.04597058823529414 0.022 0.002773566770271286
  endloop
endfacet
facet normal 0 1 0
  outer loop
    vertex 0.04523529411764708 0.022 0.001500000000000057
    vertex 0.04376470588235297 0.022 0.001500000000000057
    vertex 0.04450000000000003 0.022 0.002773566770271286
  endloop
endfacet
facet normal 0 1 0
  outer loop
    vertex 0.04082352941176473 0.022 0.001500000000000057
    vertex 0.03935294117647062 0.022 0.001500000000000057
    vertex 0.04009300306421702 0.022 0.002753873912576256
  endloop
endfacet
facet normal 0 1 0
  outer loop
    vertex 0.03788235294117651 0.022 0.001500000000000057
    vertex 0.03641176470588239 0.022 0.001500000000000057
    vertex 0.03714705882352945 0.022 0.002773566770271286
  endloop
endfacet
facet normal 0 1 0
  outer loop
    vertex 0.02317647058823532 0.022 0.001500000000000057
    vertex 0.0217058823529412 0.022 0.001500000000000057
    vertex 0.0224411764705883 0.022 0.002773566770271292
  endloop
endfacet
facet normal 0 1 0
  outer loop
    vertex 0.04817647058823531 0.022 0.00649999999999995
    vertex 0.04891176470588237 0.022 0.005226433229728721
    vertex 0.04744117647058826 0.022 0.005226433229728722
  endloop
endfacet
facet normal 0 1 0
  outer loop
    vertex 0.03935294117647062 0.022 0.00649999999999995
    vertex 0.04009491017225676 0.022 0.005238142562509544
    vertex 0.03861821465050205 0.022 0.005235444829547246
  endloop
endfacet
facet normal -0 1 0
  outer loop
    vertex 0.02023529411764708 0.022 0.00649999999999995
    vertex 0.0217058823529412 0.022 0.00649999999999995
    vertex 0.02097058823529412 0.022 0.005226433229728716
  endloop
endfacet
facet normal 0 1 0
  outer loop
    vertex 0.05038235294117648 0.022 0.002773566770271286
    vertex 0.04964705882352943 0.022 0.001500000000000057
    vertex 0.04891176470588237 0.022 0.002773566770271286
  endloop
endfacet
facet normal 0 1 0
  outer loop
    vertex 0.04744117647058825 0.022 0.002773566770271286
    vertex 0.04670588235294119 0.022 0.001500000000000057
    vertex 0.04597058823529414 0.022 0.002773566770271286
  endloop
endfacet
facet normal 0 1 0
  outer loop
    vertex 0.02023529411764708 0.022 0.001500000000000057
    vertex 0.01876470588235296 0.022 0.001500000000000057
    vertex 0.01950000000000002 0.022 0.002773566770271292
  endloop
endfacet
facet normal 0 1 0
  outer loop
    vertex 0.01729411764705884 0.022 0.001500000000000057
    vertex 0.01582352941176472 0.022 0.001500000000000057
    vertex 0.01655882352941179 0.022 0.002773566770271292
  endloop
endfacet
facet normal -0 1 0
  outer loop
    vertex 0.04891176470588237 0.022 0.005226433229728721
    vertex 0.04964705882352943 0.022 0.00649999999999995
    vertex 0.05038235294117648 0.022 0.005226433229728719
  endloop
endfacet
facet normal 0 1 0
  outer loop
    vertex 0.04229411764705885 0.022 0.00649999999999995
    vertex 0.04302941176470591 0.022 0.005234290202920909
    vertex 0.04156661088724072 0.022 0.005233548023414627
  endloop
endfacet
facet normal -0 1 0
  outer loop
    vertex 0.03494117647058827 0.022 0.00649999999999995
    vertex 0.03641176470588239 0.022 0.00649999999999995
    vertex 0.03567647058823535 0.022 0.00522643322972872
  endloop
endfacet
facet normal 0 1 0
  outer loop
    vertex 0.05330825799268992 0.022 0.002749038632176709
    vertex 0.05258823529411766 0.022 0.001500000000000057
    vertex 0.0518529411764706 0.022 0.002773566770271287
  endloop
endfacet
facet normal -0 1 0
  outer loop
    vertex 0.04376470588235297 0.022 0.00649999999999995
    vertex 0.04523529411764708 0.022 0.00649999999999995
    vertex 0.04450000000000003 0.022 0.005230864211302711
  endloop
endfacet
facet normal -0 1 0
  outer loop
    vertex 0.01729411764705884 0.022 0.00649999999999995
    vertex 0.01876470588235296 0.022 0.00649999999999995
    vertex 0.01802941176470592 0.022 0.005226433229728716
  endloop
endfacet
facet normal -0 1 0
  outer loop
    vertex 0.01582352941176472 0.022 0.00649999999999995
    vertex 0.01729411764705884 0.022 0.00649999999999995
    vertex 0.01655882352941178 0.022 0.005226433229728716
  endloop
endfacet
facet normal -0 1 0
  outer loop
    vertex 0.009941176470588238 0.022 0.00649999999999995
    vertex 0.01141176470588236 0.022 0.00649999999999995
    vertex 0.01069174200731013 0.022 0.00525096136782328
  endloop
endfacet
facet normal 0 1 0
  outer loop
    vertex 0.04597058823529414 0.022 0.005226433229728721
    vertex 0.04670588235294119 0.022 0.00649999999999995
    vertex 0.04744117647058826 0.022 0.005226433229728722
  endloop
endfacet
facet normal 0 1 0
  outer loop
    vertex 0.04523529411764708 0.022 0.00649999999999995
    vertex 0.04597058823529414 0.022 0.005226433229728721
    vertex 0.04450000000000003 0.022 0.005230864211302711
  endloop
endfacet
facet normal 0 1 0
  outer loop
    vertex 0.05111764705882355 0.022 0.001500000000000057
    vertex 0.04964705882352943 0.022 0.001500000000000057
    vertex 0.05038235294117648 0.022 0.002773566770271286
  endloop
endfacet
facet normal 0 1 0
  outer loop
    vertex 0.04817647058823531 0.022 0.001500000000000057
    vertex 0.04670588235294119 0.022 0.001500000000000057
    vertex 0.04744117647058825 0.022 0.002773566770271286
  endloop
endfacet
facet normal 0 1 0
  outer loop
    vertex 0.03641176470588239 0.022 0.001500000000000057
    vertex 0.03494117647058827 0.022 0.001500000000000057
    vertex 0.03567647058823532 0.022 0.002773566770271286
  endloop
endfacet
facet normal -0 1 0
  outer loop
    vertex 0.04670588235294119 0.022 0.00649999999999995
    vertex 0.04817647058823531 0.022 0.00649999999999995
    vertex 0.04744117647058826 0.022 0.005226433229728722
  endloop
endfacet
facet normal 0 1 0
  outer loop
    vertex 0.03567647058823532 0.022 0.002773566770271286
    vertex 0.03494117647058827 0.022 0.001500000000000057
    vertex 0.03420588235294121 0.022 0.002773566770271296
  endloop
endfacet
facet normal -0 1 0
  outer loop
    vertex 0.04082352941176473 0.022 0.00649999999999995
    vertex 0.04229411764705885 0.022 0.00649999999999995
    vertex 0.04156661088724072 0.022 0.005233548023414627
  endloop
endfacet
facet normal 0 1 -0
  outer loop
    vertex 0.03788235294117651 0.022 0.001500000000000057
    vertex 0.03714705882352945 0.022 0.002773566770271286
    vertex 0.03861805248145105 0.022 0.002763876299286583
  endloop
endfacet
facet normal -0 1 0
  outer loop
    vertex 0.03200000000000004 0.022 0.00649999999999995
    vertex 0.03347058823529416 0.022 0.00649999999999995
    vertex 0.0327352941176471 0.022 0.00522643322972872
  endloop
endfacet
facet normal 0 1 0
  outer loop
    vertex 0.03347058823529416 0.022 0.001500000000000057
    vertex 0.03200000000000004 0.022 0.001500000000000057
    vertex 0.0327352941176471 0.022 0.002773566770271287
  endloop
endfacet
facet normal 0 1 0
  outer loop
    vertex 0.0327352941176471 0.022 0.002773566770271287
    vertex 0.03200000000000004 0.022 0.001500000000000057
    vertex 0.03126470588235299 0.022 0.002773566770271294
  endloop
endfacet
facet normal -0 1 0
  outer loop
    vertex 0.04229411764705885 0.022 0.00649999999999995
    vertex 0.04376470588235297 0.022 0.00649999999999995
    vertex 0.04302941176470591 0.022 0.005234290202920909
  endloop
endfacet
facet normal 0 1 -0
  outer loop
    vertex 0.02611764705882356 0.022 0.001500000000000057
    vertex 0.02538235294117651 0.022 0.002773566770271288
    vertex 0.02685294117647063 0.022 0.002773566770271261
  endloop
endfacet
facet normal 0 1 0
  outer loop
    vertex 0.03935294117647062 0.022 0.001500000000000057
    vertex 0.03788235294117651 0.022 0.001500000000000057
    vertex 0.03861805248145105 0.022 0.002763876299286583
  endloop
endfacet
facet normal -0 1 0
  outer loop
    vertex 0.04156661088724072 0.022 0.005233548023414627
    vertex 0.04302941176470591 0.022 0.005234290202920909
    vertex 0.0423087652963085 0.022 0.003986784114298848
  endloop
endfacet
facet normal 0 1 -0
  outer loop
    vertex 0.03052941176470593 0.022 0.001500000000000057
    vertex 0.02979411764705888 0.022 0.002773566770271288
    vertex 0.03126470588235299 0.022 0.002773566770271294
  endloop
endfacet
facet normal 0 1 0
  outer loop
    vertex 0.03200000000000004 0.022 0.00649999999999995
    vertex 0.0327352941176471 0.022 0.00522643322972872
    vertex 0.031264705882353 0.022 0.005226433229728713
  endloop
endfacet
facet normal 0 1 0
  outer loop
    vertex 0.03641176470588239 0.022 0.00649999999999995
    vertex 0.03714705882352945 0.022 0.005226433229728721
    vertex 0.03567647058823535 0.022 0.00522643322972872
  endloop
endfacet
facet normal 0 1 0
  outer loop
    vertex 0.02023529411764708 0.022 0.00649999999999995
    vertex 0.02097058823529412 0.022 0.005226433229728716
    vertex 0.0195 0.022 0.005226433229728742
  endloop
endfacet
facet normal 0 1 0
  outer loop
    vertex 0.02758823529411768 0.022 0.001500000000000057
    vertex 0.02611764705882356 0.022 0.001500000000000057
    vertex 0.02685294117647063 0.022 0.002773566770271261
  endloop
endfacet
facet normal 0 1 0
  outer loop
    vertex 0.01288235294117648 0.022 0.00649999999999995
    vertex 0.01361764705882355 0.022 0.005226433229728721
    vertex 0.01214705882352947 0.022 0.005226433229728719
  endloop
endfacet
facet normal -0 1 0
  outer loop
    vertex 0.01876470588235296 0.022 0.00649999999999995
    vertex 0.02023529411764708 0.022 0.00649999999999995
    vertex 0.0195 0.022 0.005226433229728742
  endloop
endfacet
facet normal 0 1 0
  outer loop
    vertex 0.02832352941176473 0.022 0.002773566770271288
    vertex 0.02758823529411768 0.022 0.001500000000000057
    vertex 0.02685294117647063 0.022 0.002773566770271261
  endloop
endfacet
facet normal 0 1 -0
  outer loop
    vertex 0.02317647058823532 0.022 0.001500000000000057
    vertex 0.0224411764705883 0.022 0.002773566770271292
    vertex 0.02391176470588238 0.022 0.002773566770271286
  endloop
endfacet
facet normal 0 1 -0
  outer loop
    vertex 0.01288235294117648 0.022 0.001500000000000057
    vertex 0.01214705882352945 0.022 0.002773566770271288
    vertex 0.01361764705882356 0.022 0.002773566770271213
  endloop
endfacet
facet normal 0 1 0
  outer loop
    vertex 0.01876470588235296 0.022 0.001500000000000057
    vertex 0.01729411764705884 0.022 0.001500000000000057
    vertex 0.01802941176470593 0.022 0.00277356677027125
  endloop
endfacet
facet normal 0 1 0
  outer loop
    vertex 0.01950000000000002 0.022 0.002773566770271292
    vertex 0.01876470588235296 0.022 0.001500000000000057
    vertex 0.01802941176470593 0.022 0.00277356677027125
  endloop
endfacet
facet normal 0 1 0
  outer loop
    vertex 0.01802941176470592 0.022 0.005226433229728716
    vertex 0.01876470588235296 0.022 0.00649999999999995
    vertex 0.0195 0.022 0.005226433229728742
  endloop
endfacet
facet normal 0 1 0
  outer loop
    vertex 0.01508823529411766 0.022 0.002773566770271281
    vertex 0.0143529411764706 0.022 0.001500000000000057
    vertex 0.01361764705882356 0.022 0.002773566770271213
  endloop
endfacet
facet normal 0 1 0
  outer loop
    vertex 0.0143529411764706 0.022 0.001500000000000057
    vertex 0.01288235294117648 0.022 0.001500000000000057
    vertex 0.01361764705882356 0.022 0.002773566770271213
  endloop
endfacet
facet normal 0 1 0
  outer loop
    vertex 0.0423087652963085 0.022 0.003986784114298848
    vertex 0.04303185303958085 0.022 0.002747797352383171
    vertex 0.04156340735776348 0.022 0.002746375161651882
  endloop
endfacet
facet normal 0 1 0
  outer loop
    vertex 0.0408291756876509 0.022 0.003989795590652904
    vertex 0.04009300306421702 0.022 0.002753873912576256
    vertex 0.03935595149954239 0.022 0.003996855532428757
  endloop
endfacet
facet normal -0 1 0
  outer loop
    vertex 0.008470588235294119 0.022 0.00649999999999995
    vertex 0.009941176470588238 0.022 0.00649999999999995
    vertex 0.009144254736456449 0.022 0.005212318761406431
  endloop
endfacet
facet normal 0 1 0
  outer loop
    vertex 0.05552941176470589 0.022 0.001500000000000057
    vertex 0.05405882352941177 0.022 0.001500000000000057
    vertex 0.05485574526354356 0.022 0.002787681238593562
  endloop
endfacet
facet normal 0 1 0
  outer loop
    vertex 0.04009491017225676 0.022 0.005238142562509544
    vertex 0.04156661088724072 0.022 0.005233548023414627
    vertex 0.0408291756876509 0.022 0.003989795590652904
  endloop
endfacet
facet normal 0 1 0
  outer loop
    vertex 0.04376470588235297 0.022 0.001500000000000057
    vertex 0.04229411764705885 0.022 0.001500000000000057
    vertex 0.04303185303958085 0.022 0.002747797352383171
  endloop
endfacet
facet normal 0 1 -0
  outer loop
    vertex 0.04082352941176473 0.022 0.001500000000000057
    vertex 0.04009300306421702 0.022 0.002753873912576256
    vertex 0.04156340735776348 0.022 0.002746375161651882
  endloop
endfacet
facet normal 0 1 0
  outer loop
    vertex 0.0423087652963085 0.022 0.003986784114298848
    vertex 0.04302941176470591 0.022 0.005234290202920909
    vertex 0.04376470588235298 0.022 0.004000008298610631
  endloop
endfacet
facet normal 0 1 0
  outer loop
    vertex 0.01067063500933296 0.022 0.002766788394547539
    vertex 0.009137255945049376 0.022 0.002788120152845024
    vertex 0.01001927989308835 0.022 0.004014200815404466
  endloop
endfacet
facet normal 0 1 0
  outer loop
    vertex 0.05332936499066707 0.022 0.005233211605452469
    vertex 0.0548627440549506 0.022 0.005211879847154971
    vertex 0.0539807201069117 0.022 0.0039857991845955
  endloop
endfacet
facet normal 0 1 -0
  outer loop
    vertex 0.01067063500933296 0.022 0.002766788394547539
    vertex 0.01001927989308835 0.022 0.004014200815404466
    vertex 0.01141556257060345 0.022 0.004001386166257739
  endloop
endfacet
facet normal 0 1 0
  outer loop
    vertex 0.05332936499066707 0.022 0.005233211605452469
    vertex 0.0539807201069117 0.022 0.0039857991845955
    vertex 0.05258443742939668 0.022 0.003998613833742224
  endloop
endfacet
facet normal -0 1 0
  outer loop
    vertex 0.04009300306421702 0.022 0.002753873912576256
    vertex 0.0408291756876509 0.022 0.003989795590652904
    vertex 0.04156340735776348 0.022 0.002746375161651882
  endloop
endfacet
facet normal 0 1 -0
  outer loop
    vertex 0.04303185303958085 0.022 0.002747797352383171
    vertex 0.0423087652963085 0.022 0.003986784114298848
    vertex 0.04376470588235298 0.022 0.004000008298610631
  endloop
endfacet
facet normal 0 1 0
  outer loop
    vertex 0.04156661088724072 0.022 0.005233548023414627
    vertex 0.0423087652963085 0.022 0.003986784114298848
    vertex 0.0408291756876509 0.022 0.003989795590652904
  endloop
endfacet
facet normal 0 1 0
  outer loop
    vertex 0.04450000000000003 0.022 0.002773566770271286
    vertex 0.04376470588235297 0.022 0.001500000000000057
    vertex 0.04303185303958085 0.022 0.002747797352383171
  endloop
endfacet
facet normal -0 1 0
  outer loop
    vertex 0.01001927989308835 0.022 0.004014200815404466
    vertex 0.01069174200731013 0.022 0.00525096136782328
    vertex 0.01141556257060345 0.022 0.004001386166257739
  endloop
endfacet
facet normal -0 1 0
  outer loop
    vertex 0.0518529411764706 0.022 0.005226433229728721
    vertex 0.05332936499066707 0.022 0.005233211605452469
    vertex 0.05258443742939668 0.022 0.003998613833742224
  endloop
endfacet
facet normal 0 1 0
  outer loop
    vertex 0.0539807201069117 0.022 0.0039857991845955
    vertex 0.05330825799268992 0.022 0.002749038632176709
    vertex 0.05258443742939668 0.022 0.003998613833742224
  endloop
endfacet
facet normal 0 1 0
  outer loop
    vertex 0.01214705882352945 0.022 0.002773566770271288
    vertex 0.01067063500933296 0.022 0.002766788394547539
    vertex 0.01141556257060345 0.022 0.004001386166257739
  endloop
endfacet
facet normal 0 1 0
  outer loop
    vertex 0.01069174200731013 0.022 0.00525096136782328
    vertex 0.01214705882352947 0.022 0.005226433229728719
    vertex 0.01141556257060345 0.022 0.004001386166257739
  endloop
endfacet
facet normal 0 1 0
  outer loop
    vertex 0.05258443742939668 0.022 0.003998613833742224
    vertex 0.0518529411764706 0.022 0.002773566770271287
    vertex 0.05111764705882354 0.022 0.004000000000000005
  endloop
endfacet
facet normal 0 1 0
  outer loop
    vertex 0.0518529411764706 0.022 0.005226433229728721
    vertex 0.05258443742939668 0.022 0.003998613833742224
    vertex 0.05111764705882354 0.022 0.004000000000000005
  endloop
endfacet
facet normal -0 1 0
  outer loop
    vertex 0.01141556257060345 0.022 0.004001386166257739
    vertex 0.01214705882352947 0.022 0.005226433229728719
    vertex 0.01288235294117658 0.022 0.003999999999999978
  endloop
endfacet
facet normal 0 1 0
  outer loop
    vertex 0.05330825799268992 0.022 0.002749038632176709
    vertex 0.0518529411764706 0.022 0.002773566770271287
    vertex 0.05258443742939668 0.022 0.003998613833742224
  endloop
endfacet
facet normal 0 1 -0
  outer loop
    vertex 0.01214705882352945 0.022 0.002773566770271288
    vertex 0.01141556257060345 0.022 0.004001386166257739
    vertex 0.01288235294117658 0.022 0.003999999999999978
  endloop
endfacet
facet normal 0 1 0
  outer loop
    vertex 0.04523529411764708 0.022 0.004000000000000004
    vertex 0.04450000000000003 0.022 0.002773566770271286
    vertex 0.04376470588235298 0.022 0.004000008298610631
  endloop
endfacet
facet normal 0 1 0
  outer loop
    vertex 0.02611764705882354 0.022 0.003999999999999997
    vertex 0.02538235294117651 0.022 0.002773566770271288
    vertex 0.0246470588235294 0.022 0.004000000000000004
  endloop
endfacet
facet normal 0 1 0
  outer loop
    vertex 0.02023529411764707 0.022 0.004000000000000006
    vertex 0.02097058823529412 0.022 0.005226433229728716
    vertex 0.02170588235294122 0.022 0.00400000000000001
  endloop
endfacet
facet normal 0 1 0
  outer loop
    vertex 0.02538235294117646 0.022 0.005226433229728666
    vertex 0.02611764705882354 0.022 0.003999999999999997
    vertex 0.0246470588235294 0.022 0.004000000000000004
  endloop
endfacet
facet normal 0 1 0
  outer loop
    vertex 0.01802941176470593 0.022 0.00277356677027125
    vertex 0.01655882352941179 0.022 0.002773566770271292
    vertex 0.01729411764705886 0.022 0.004000000000000017
  endloop
endfacet
facet normal 0 1 -0
  outer loop
    vertex 0.02097058823529421 0.022 0.00277356677027138
    vertex 0.02023529411764707 0.022 0.004000000000000006
    vertex 0.02170588235294122 0.022 0.00400000000000001
  endloop
endfacet
facet normal 0 1 0
  outer loop
    vertex 0.01508823529411766 0.022 0.002773566770271281
    vertex 0.01361764705882356 0.022 0.002773566770271213
    vertex 0.0143529411764706 0.022 0.00400000000000001
  endloop
endfacet
facet normal 0 1 0
  outer loop
    vertex 0.02538235294117651 0.022 0.002773566770271288
    vertex 0.02391176470588238 0.022 0.002773566770271286
    vertex 0.0246470588235294 0.022 0.004000000000000004
  endloop
endfacet
facet normal 0 1 0
  outer loop
    vertex 0.01729411764705886 0.022 0.004000000000000017
    vertex 0.01655882352941179 0.022 0.002773566770271292
    vertex 0.01582352941176472 0.022 0.004000000000000007
  endloop
endfacet
facet normal -0 1 0
  outer loop
    vertex 0.0327352941176471 0.022 0.00522643322972872
    vertex 0.03420588235294123 0.022 0.005226433229728721
    vertex 0.03347058823529416 0.022 0.004000000000000002
  endloop
endfacet
facet normal 0 1 0
  outer loop
    vertex 0.03420588235294123 0.022 0.005226433229728721
    vertex 0.03567647058823535 0.022 0.00522643322972872
    vertex 0.03494119491196503 0.022 0.003999982299357701
  endloop
endfacet
facet normal 0 1 0
  outer loop
    vertex 0.02979411764705888 0.022 0.002773566770271288
    vertex 0.02832352941176473 0.022 0.002773566770271288
    vertex 0.02905882352941181 0.022 0.004000000000000004
  endloop
endfacet
facet normal -0 1 0
  outer loop
    vertex 0.02538235294117646 0.022 0.005226433229728666
    vertex 0.02685294117647063 0.022 0.005226433229728719
    vertex 0.02611764705882354 0.022 0.003999999999999997
  endloop
endfacet
facet normal 0 1 -0
  outer loop
    vertex 0.01508823529411766 0.022 0.002773566770271281
    vertex 0.0143529411764706 0.022 0.00400000000000001
    vertex 0.01582352941176472 0.022 0.004000000000000007
  endloop
endfacet
facet normal 0 1 0
  outer loop
    vertex 0.03567647058823535 0.022 0.00522643322972872
    vertex 0.03641187535414288 0.022 0.003999893796146183
    vertex 0.03494119491196503 0.022 0.003999982299357701
  endloop
endfacet
facet normal 0 1 0
  outer loop
    vertex 0.03641187535414288 0.022 0.003999893796146183
    vertex 0.03567647058823532 0.022 0.002773566770271286
    vertex 0.03494119491196503 0.022 0.003999982299357701
  endloop
endfacet
facet normal 0 1 0
  outer loop
    vertex 0.03714705882352945 0.022 0.002773566770271286
    vertex 0.03567647058823532 0.022 0.002773566770271286
    vertex 0.03641187535414288 0.022 0.003999893796146183
  endloop
endfacet
facet normal 0 1 0
  outer loop
    vertex 0.01655882352941179 0.022 0.002773566770271292
    vertex 0.01508823529411766 0.022 0.002773566770271281
    vertex 0.01582352941176472 0.022 0.004000000000000007
  endloop
endfacet
facet normal 0 1 0
  outer loop
    vertex 0.0327352941176471 0.022 0.00522643322972872
    vertex 0.03347058823529416 0.022 0.004000000000000002
    vertex 0.03200000000000004 0.022 0.004000000000000001
  endloop
endfacet
facet normal 0 1 0
  outer loop
    vertex 0.02097058823529412 0.022 0.005226433229728716
    vertex 0.02244117647058823 0.022 0.00522643322972868
    vertex 0.02170588235294122 0.022 0.00400000000000001
  endloop
endfacet
facet normal 0 1 0
  outer loop
    vertex 0.02097058823529421 0.022 0.00277356677027138
    vertex 0.01950000000000002 0.022 0.002773566770271292
    vertex 0.02023529411764707 0.022 0.004000000000000006
  endloop
endfacet
facet normal 0 1 0
  outer loop
    vertex 0.03347058823529416 0.022 0.004000000000000002
    vertex 0.0327352941176471 0.022 0.002773566770271287
    vertex 0.03200000000000004 0.022 0.004000000000000001
  endloop
endfacet
facet normal 0 1 0
  outer loop
    vertex 0.03861805248145105 0.022 0.002763876299286583
    vertex 0.03714705882352945 0.022 0.002773566770271286
    vertex 0.03788301683073947 0.022 0.0039993627768771
  endloop
endfacet
facet normal 0 1 0
  outer loop
    vertex 0.0195 0.022 0.005226433229728742
    vertex 0.02023529411764707 0.022 0.004000000000000006
    vertex 0.01876470588235296 0.022 0.004000000000000004
  endloop
endfacet
facet normal 0 1 0
  outer loop
    vertex 0.02905882352941181 0.022 0.004000000000000004
    vertex 0.02832352941176473 0.022 0.002773566770271288
    vertex 0.02758823529411768 0.022 0.004000000000000002
  endloop
endfacet
facet normal 0 1 -0
  outer loop
    vertex 0.04744117647058825 0.022 0.002773566770271286
    vertex 0.04670588235294119 0.022 0.004000000000000004
    vertex 0.04817647058823531 0.022 0.004000000000000004
  endloop
endfacet
facet normal 0 1 0
  outer loop
    vertex 0.02979411764705888 0.022 0.005226433229728719
    vertex 0.031264705882353 0.022 0.005226433229728713
    vertex 0.03052941176470594 0.022 0.004000000000000002
  endloop
endfacet
facet normal 0 1 0
  outer loop
    vertex 0.02685294117647063 0.022 0.002773566770271261
    vertex 0.02538235294117651 0.022 0.002773566770271288
    vertex 0.02611764705882354 0.022 0.003999999999999997
  endloop
endfacet
facet normal 0 1 0
  outer loop
    vertex 0.02832352941176473 0.022 0.002773566770271288
    vertex 0.02685294117647063 0.022 0.002773566770271261
    vertex 0.02758823529411768 0.022 0.004000000000000002
  endloop
endfacet
facet normal -0 1 0
  outer loop
    vertex 0.03861821465050205 0.022 0.005235444829547246
    vertex 0.04009491017225676 0.022 0.005238142562509544
    vertex 0.03935595149954239 0.022 0.003996855532428757
  endloop
endfacet
facet normal 0 1 0
  outer loop
    vertex 0.01655882352941178 0.022 0.005226433229728716
    vertex 0.01729411764705886 0.022 0.004000000000000017
    vertex 0.01582352941176472 0.022 0.004000000000000007
  endloop
endfacet
facet normal 0 1 0
  outer loop
    vertex 0.04964705882352943 0.022 0.004000000000000004
    vertex 0.04891176470588237 0.022 0.002773566770271286
    vertex 0.04817647058823531 0.022 0.004000000000000004
  endloop
endfacet
facet normal 0 1 0
  outer loop
    vertex 0.03935595149954239 0.022 0.003996855532428757
    vertex 0.03861805248145105 0.022 0.002763876299286583
    vertex 0.03788301683073947 0.022 0.0039993627768771
  endloop
endfacet
facet normal 0 1 0
  outer loop
    vertex 0.04891176470588237 0.022 0.005226433229728721
    vertex 0.05038235294117648 0.022 0.005226433229728719
    vertex 0.04964705882352943 0.022 0.004000000000000004
  endloop
endfacet
facet normal 0 1 0
  outer loop
    vertex 0.04597058823529414 0.022 0.005226433229728721
    vertex 0.04670588235294119 0.022 0.004000000000000004
    vertex 0.04523529411764708 0.022 0.004000000000000004
  endloop
endfacet
facet normal 0 1 0
  outer loop
    vertex 0.05038235294117648 0.022 0.005226433229728719
    vertex 0.05111764705882354 0.022 0.004000000000000005
    vertex 0.04964705882352943 0.022 0.004000000000000004
  endloop
endfacet
facet normal 0 1 0
  outer loop
    vertex 0.02979411764705888 0.022 0.005226433229728719
    vertex 0.03052941176470594 0.022 0.004000000000000002
    vertex 0.02905882352941181 0.022 0.004000000000000004
  endloop
endfacet
facet normal 0 1 0
  outer loop
    vertex 0.0195 0.022 0.005226433229728742
    vertex 0.02097058823529412 0.022 0.005226433229728716
    vertex 0.02023529411764707 0.022 0.004000000000000006
  endloop
endfacet
facet normal 0 1 0
  outer loop
    vertex 0.04744117647058826 0.022 0.005226433229728722
    vertex 0.04891176470588237 0.022 0.005226433229728721
    vertex 0.04817647058823531 0.022 0.004000000000000004
  endloop
endfacet
facet normal 0 1 0
  outer loop
    vertex 0.05038235294117648 0.022 0.002773566770271286
    vertex 0.04891176470588237 0.022 0.002773566770271286
    vertex 0.04964705882352943 0.022 0.004000000000000004
  endloop
endfacet
facet normal 0 1 0
  outer loop
    vertex 0.04597058823529414 0.022 0.002773566770271286
    vertex 0.04450000000000003 0.022 0.002773566770271286
    vertex 0.04523529411764708 0.022 0.004000000000000004
  endloop
endfacet
facet normal 0 1 0
  outer loop
    vertex 0.01361764705882356 0.022 0.002773566770271213
    vertex 0.01214705882352945 0.022 0.002773566770271288
    vertex 0.01288235294117658 0.022 0.003999999999999978
  endloop
endfacet
facet normal 0 1 0
  outer loop
    vertex 0.03052941176470594 0.022 0.004000000000000002
    vertex 0.02979411764705888 0.022 0.002773566770271288
    vertex 0.02905882352941181 0.022 0.004000000000000004
  endloop
endfacet
facet normal 0 1 0
  outer loop
    vertex 0.05111764705882354 0.022 0.004000000000000005
    vertex 0.05038235294117648 0.022 0.002773566770271286
    vertex 0.04964705882352943 0.022 0.004000000000000004
  endloop
endfacet
facet normal 0 1 0
  outer loop
    vertex 0.04744117647058825 0.022 0.002773566770271286
    vertex 0.04597058823529414 0.022 0.002773566770271286
    vertex 0.04670588235294119 0.022 0.004000000000000004
  endloop
endfacet
facet normal 0 1 0
  outer loop
    vertex 0.04450000000000003 0.022 0.005230864211302711
    vertex 0.04597058823529414 0.022 0.005226433229728721
    vertex 0.04523529411764708 0.022 0.004000000000000004
  endloop
endfacet
facet normal 0 1 0
  outer loop
    vertex 0.04670588235294119 0.022 0.004000000000000004
    vertex 0.04744117647058826 0.022 0.005226433229728722
    vertex 0.04817647058823531 0.022 0.004000000000000004
  endloop
endfacet
facet normal 0 1 0
  outer loop
    vertex 0.03861821465050205 0.022 0.005235444829547246
    vertex 0.03935595149954239 0.022 0.003996855532428757
    vertex 0.03788301683073947 0.022 0.0039993627768771
  endloop
endfacet
facet normal 0 1 0
  outer loop
    vertex 0.04670588235294119 0.022 0.004000000000000004
    vertex 0.04597058823529414 0.022 0.002773566770271286
    vertex 0.04523529411764708 0.022 0.004000000000000004
  endloop
endfacet
facet normal -0 1 0
  outer loop
    vertex 0.02832352941176476 0.022 0.005226433229728706
    vertex 0.02979411764705888 0.022 0.005226433229728719
    vertex 0.02905882352941181 0.022 0.004000000000000004
  endloop
endfacet
facet normal 0 1 0
  outer loop
    vertex 0.0518529411764706 0.022 0.002773566770271287
    vertex 0.05038235294117648 0.022 0.002773566770271286
    vertex 0.05111764705882354 0.022 0.004000000000000005
  endloop
endfacet
facet normal -0 1 0
  outer loop
    vertex 0.04597058823529414 0.022 0.005226433229728721
    vertex 0.04744117647058826 0.022 0.005226433229728722
    vertex 0.04670588235294119 0.022 0.004000000000000004
  endloop
endfacet
facet normal 0 1 0
  outer loop
    vertex 0.04891176470588237 0.022 0.002773566770271286
    vertex 0.04744117647058825 0.022 0.002773566770271286
    vertex 0.04817647058823531 0.022 0.004000000000000004
  endloop
endfacet
facet normal -0 1 0
  outer loop
    vertex 0.03714705882352945 0.022 0.005226433229728721
    vertex 0.03861821465050205 0.022 0.005235444829547246
    vertex 0.03788301683073947 0.022 0.0039993627768771
  endloop
endfacet
facet normal 0 1 0
  outer loop
    vertex 0.04009300306421702 0.022 0.002753873912576256
    vertex 0.03861805248145105 0.022 0.002763876299286583
    vertex 0.03935595149954239 0.022 0.003996855532428757
  endloop
endfacet
facet normal 0 1 0
  outer loop
    vertex 0.04891176470588237 0.022 0.005226433229728721
    vertex 0.04964705882352943 0.022 0.004000000000000004
    vertex 0.04817647058823531 0.022 0.004000000000000004
  endloop
endfacet
facet normal -0 1 0
  outer loop
    vertex 0.01214705882352947 0.022 0.005226433229728719
    vertex 0.01361764705882355 0.022 0.005226433229728721
    vertex 0.01288235294117658 0.022 0.003999999999999978
  endloop
endfacet
facet normal 0 1 0
  outer loop
    vertex 0.0327352941176471 0.022 0.002773566770271287
    vertex 0.03126470588235299 0.022 0.002773566770271294
    vertex 0.03200000000000004 0.022 0.004000000000000001
  endloop
endfacet
facet normal -0 1 0
  outer loop
    vertex 0.05038235294117648 0.022 0.005226433229728719
    vertex 0.0518529411764706 0.022 0.005226433229728721
    vertex 0.05111764705882354 0.022 0.004000000000000005
  endloop
endfacet
facet normal 0 1 0
  outer loop
    vertex 0.03788301683073947 0.022 0.0039993627768771
    vertex 0.03714705882352945 0.022 0.002773566770271286
    vertex 0.03641187535414288 0.022 0.003999893796146183
  endloop
endfacet
facet normal -0 1 0
  outer loop
    vertex 0.03347058823529416 0.022 0.004000000000000002
    vertex 0.03420588235294123 0.022 0.005226433229728721
    vertex 0.03494119491196503 0.022 0.003999982299357701
  endloop
endfacet
facet normal 0 1 0
  outer loop
    vertex 0.02832352941176476 0.022 0.005226433229728706
    vertex 0.02905882352941181 0.022 0.004000000000000004
    vertex 0.02758823529411768 0.022 0.004000000000000002
  endloop
endfacet
facet normal -0 1 0
  outer loop
    vertex 0.03052941176470594 0.022 0.004000000000000002
    vertex 0.031264705882353 0.022 0.005226433229728713
    vertex 0.03200000000000004 0.022 0.004000000000000001
  endloop
endfacet
facet normal -0 1 0
  outer loop
    vertex 0.01655882352941178 0.022 0.005226433229728716
    vertex 0.01802941176470592 0.022 0.005226433229728716
    vertex 0.01729411764705886 0.022 0.004000000000000017
  endloop
endfacet
facet normal 0 1 -0
  outer loop
    vertex 0.01802941176470593 0.022 0.00277356677027125
    vertex 0.01729411764705886 0.022 0.004000000000000017
    vertex 0.01876470588235296 0.022 0.004000000000000004
  endloop
endfacet
facet normal 0 1 0
  outer loop
    vertex 0.03567647058823532 0.022 0.002773566770271286
    vertex 0.03420588235294121 0.022 0.002773566770271296
    vertex 0.03494119491196503 0.022 0.003999982299357701
  endloop
endfacet
facet normal 0 1 0
  outer loop
    vertex 0.02391176470588238 0.022 0.002773566770271286
    vertex 0.0224411764705883 0.022 0.002773566770271292
    vertex 0.02317647058823533 0.022 0.003999999999999993
  endloop
endfacet
facet normal 0 1 0
  outer loop
    vertex 0.02685294117647063 0.022 0.005226433229728719
    vertex 0.02832352941176476 0.022 0.005226433229728706
    vertex 0.02758823529411768 0.022 0.004000000000000002
  endloop
endfacet
facet normal 0 1 0
  outer loop
    vertex 0.03714705882352945 0.022 0.005226433229728721
    vertex 0.03788301683073947 0.022 0.0039993627768771
    vertex 0.03641187535414288 0.022 0.003999893796146183
  endloop
endfacet
facet normal -0 1 0
  outer loop
    vertex 0.01802941176470592 0.022 0.005226433229728716
    vertex 0.0195 0.022 0.005226433229728742
    vertex 0.01876470588235296 0.022 0.004000000000000004
  endloop
endfacet
facet normal 0 1 -0
  outer loop
    vertex 0.03126470588235299 0.022 0.002773566770271294
    vertex 0.03052941176470594 0.022 0.004000000000000002
    vertex 0.03200000000000004 0.022 0.004000000000000001
  endloop
endfacet
facet normal 0 1 0
  outer loop
    vertex 0.03420588235294121 0.022 0.002773566770271296
    vertex 0.0327352941176471 0.022 0.002773566770271287
    vertex 0.03347058823529416 0.022 0.004000000000000002
  endloop
endfacet
facet normal 0 1 0
  outer loop
    vertex 0.02023529411764707 0.022 0.004000000000000006
    vertex 0.01950000000000002 0.022 0.002773566770271292
    vertex 0.01876470588235296 0.022 0.004000000000000004
  endloop
endfacet
facet normal -0 1 0
  outer loop
    vertex 0.03567647058823535 0.022 0.00522643322972872
    vertex 0.03714705882352945 0.022 0.005226433229728721
    vertex 0.03641187535414288 0.022 0.003999893796146183
  endloop
endfacet
facet normal -0 1 0
  outer loop
    vertex 0.031264705882353 0.022 0.005226433229728713
    vertex 0.0327352941176471 0.022 0.00522643322972872
    vertex 0.03200000000000004 0.022 0.004000000000000001
  endloop
endfacet
facet normal 0 1 0
  outer loop
    vertex 0.03126470588235299 0.022 0.002773566770271294
    vertex 0.02979411764705888 0.022 0.002773566770271288
    vertex 0.03052941176470594 0.022 0.004000000000000002
  endloop
endfacet
facet normal 0 1 -0
  outer loop
    vertex 0.02685294117647063 0.022 0.002773566770271261
    vertex 0.02611764705882354 0.022 0.003999999999999997
    vertex 0.02758823529411768 0.022 0.004000000000000002
  endloop
endfacet
facet normal -0 1 0
  outer loop
    vertex 0.0143529411764706 0.022 0.00400000000000001
    vertex 0.01508823529411767 0.022 0.005226433229728702
    vertex 0.01582352941176472 0.022 0.004000000000000007
  endloop
endfacet
facet normal 0 1 0
  outer loop
    vertex 0.01361764705882355 0.022 0.005226433229728721
    vertex 0.01508823529411767 0.022 0.005226433229728702
    vertex 0.0143529411764706 0.022 0.00400000000000001
  endloop
endfacet
facet normal 0 1 -0
  outer loop
    vertex 0.03420588235294121 0.022 0.002773566770271296
    vertex 0.03347058823529416 0.022 0.004000000000000002
    vertex 0.03494119491196503 0.022 0.003999982299357701
  endloop
endfacet
facet normal -0 1 0
  outer loop
    vertex 0.01508823529411767 0.022 0.005226433229728702
    vertex 0.01655882352941178 0.022 0.005226433229728716
    vertex 0.01582352941176472 0.022 0.004000000000000007
  endloop
endfacet
facet normal -0 1 0
  outer loop
    vertex 0.02244117647058823 0.022 0.00522643322972868
    vertex 0.02391176470588236 0.022 0.005226433229728717
    vertex 0.02317647058823533 0.022 0.003999999999999993
  endloop
endfacet
facet normal 0 1 -0
  outer loop
    vertex 0.01361764705882356 0.022 0.002773566770271213
    vertex 0.01288235294117658 0.022 0.003999999999999978
    vertex 0.0143529411764706 0.022 0.00400000000000001
  endloop
endfacet
facet normal 0 1 0
  outer loop
    vertex 0.01950000000000002 0.022 0.002773566770271292
    vertex 0.01802941176470593 0.022 0.00277356677027125
    vertex 0.01876470588235296 0.022 0.004000000000000004
  endloop
endfacet
facet normal -0 1 0
  outer loop
    vertex 0.01729411764705886 0.022 0.004000000000000017
    vertex 0.01802941176470592 0.022 0.005226433229728716
    vertex 0.01876470588235296 0.022 0.004000000000000004
  endloop
endfacet
facet normal 0 1 -0
  outer loop
    vertex 0.02391176470588238 0.022 0.002773566770271286
    vertex 0.02317647058823533 0.022 0.003999999999999993
    vertex 0.0246470588235294 0.022 0.004000000000000004
  endloop
endfacet
facet normal 0 1 0
  outer loop
    vertex 0.02611764705882354 0.022 0.003999999999999997
    vertex 0.02685294117647063 0.022 0.005226433229728719
    vertex 0.02758823529411768 0.022 0.004000000000000002
  endloop
endfacet
facet normal 0 1 0
  outer loop
    vertex 0.02391176470588236 0.022 0.005226433229728717
    vertex 0.02538235294117646 0.022 0.005226433229728666
    vertex 0.0246470588235294 0.022 0.004000000000000004
  endloop
endfacet
facet normal 0 1 0
  outer loop
    vertex 0.01288235294117658 0.022 0.003999999999999978
    vertex 0.01361764705882355 0.022 0.005226433229728721
    vertex 0.0143529411764706 0.022 0.00400000000000001
  endloop
endfacet
facet normal 0 1 0
  outer loop
    vertex 0.02317647058823533 0.022 0.003999999999999993
    vertex 0.02391176470588236 0.022 0.005226433229728717
    vertex 0.0246470588235294 0.022 0.004000000000000004
  endloop
endfacet
facet normal 0 1 0
  outer loop
    vertex 0.0224411764705883 0.022 0.002773566770271292
    vertex 0.02097058823529421 0.022 0.00277356677027138
    vertex 0.02170588235294122 0.022 0.00400000000000001
  endloop
endfacet
facet normal 0 1 0
  outer loop
    vertex 0.02317647058823533 0.022 0.003999999999999993
    vertex 0.0224411764705883 0.022 0.002773566770271292
    vertex 0.02170588235294122 0.022 0.00400000000000001
  endloop
endfacet
facet normal 0 1 0
  outer loop
    vertex 0.02244117647058823 0.022 0.00522643322972868
    vertex 0.02317647058823533 0.022 0.003999999999999993
    vertex 0.02170588235294122 0.022 0.00400000000000001
  endloop
endfacet
facet normal 0 1 0
  outer loop
    vertex 0.04450000000000003 0.022 0.005230864211302711
    vertex 0.04523529411764708 0.022 0.004000000000000004
    vertex 0.04376470588235298 0.022 0.004000008298610631
  endloop
endfacet
facet normal 0 1 0
  outer loop
    vertex 0.04229411764705885 0.022 0.001500000000000057
    vertex 0.04082352941176473 0.022 0.001500000000000057
    vertex 0.04156340735776348 0.022 0.002746375161651882
  endloop
endfacet
facet normal 0 1 0
  outer loop
    vertex 0.04302941176470591 0.022 0.005234290202920909
    vertex 0.04450000000000003 0.022 0.005230864211302711
    vertex 0.04376470588235298 0.022 0.004000008298610631
  endloop
endfacet
facet normal 0 1 0
  outer loop
    vertex 0.04450000000000003 0.022 0.002773566770271286
    vertex 0.04303185303958085 0.022 0.002747797352383171
    vertex 0.04376470588235298 0.022 0.004000008298610631
  endloop
endfacet
facet normal 0 1 0
  outer loop
    vertex 0.0408291756876509 0.022 0.003989795590652904
    vertex 0.0423087652963085 0.022 0.003986784114298848
    vertex 0.04156340735776348 0.022 0.002746375161651882
  endloop
endfacet
facet normal 0 1 0
  outer loop
    vertex 0.05330825799268992 0.022 0.002749038632176709
    vertex 0.0539807201069117 0.022 0.0039857991845955
    vertex 0.05485574526354356 0.022 0.002787681238593562
  endloop
endfacet
facet normal 0 1 0
  outer loop
    vertex 0.01069174200731013 0.022 0.00525096136782328
    vertex 0.01001927989308835 0.022 0.004014200815404466
    vertex 0.009144254736456449 0.022 0.005212318761406431
  endloop
endfacet
facet normal 0 1 0
  outer loop
    vertex 0.057 0.022 0.005249999999999977
    vertex 0.057 0.022 0.004000000000000003
    vertex 0.05591746824526948 0.022 0.004624999999999989
  endloop
endfacet
facet normal 0 1 0
  outer loop
    vertex 0.007 0.022 0.002750000000000029
    vertex 0.007 0.022 0.004000000000000003
    vertex 0.008082531754730414 0.022 0.003375000000000016
  endloop
endfacet
facet normal 0 1 0
  outer loop
    vertex 0.009941176470588238 0.022 0.00649999999999995
    vertex 0.01069174200731013 0.022 0.00525096136782328
    vertex 0.009144254736456449 0.022 0.005212318761406431
  endloop
endfacet
facet normal 0 1 -0
  outer loop
    vertex 0.05405882352941177 0.022 0.001500000000000057
    vertex 0.05330825799268992 0.022 0.002749038632176709
    vertex 0.05485574526354356 0.022 0.002787681238593562
  endloop
endfacet
facet normal 0 1 0
  outer loop
    vertex 0.057 0.022 0.004000000000000003
    vertex 0.057 0.022 0.002750000000000029
    vertex 0.05596185154699503 0.022 0.003410656553738783
  endloop
endfacet
facet normal 0 1 0
  outer loop
    vertex 0.007 0.022 0.004000000000000003
    vertex 0.007 0.022 0.005249999999999977
    vertex 0.008038148453004955 0.022 0.004589343446261205
  endloop
endfacet
facet normal -0 1 0
  outer loop
    vertex 0.05552941176470589 0.022 0.00649999999999995
    vertex 0.057 0.022 0.00649999999999995
    vertex 0.05606192481298519 0.022 0.005617375969430968
  endloop
endfacet
facet normal 0 1 0
  outer loop
    vertex 0.008470588235294119 0.022 0.001500000000000057
    vertex 0.007 0.022 0.001500000000000057
    vertex 0.007938075187014788 0.022 0.002382624030569036
  endloop
endfacet
facet normal 0 1 0
  outer loop
    vertex 0.057 0.022 0.001500000000000057
    vertex 0.05552941176470589 0.022 0.001500000000000057
    vertex 0.05606940171504889 0.022 0.002389667558466498
  endloop
endfacet
facet normal -0 1 0
  outer loop
    vertex 0.007 0.022 0.00649999999999995
    vertex 0.008470588235294119 0.022 0.00649999999999995
    vertex 0.007930598284951108 0.022 0.005610332441533502
  endloop
endfacet
facet normal 0 1 0
  outer loop
    vertex 0.057 0.022 0.004000000000000003
    vertex 0.05596185154699503 0.022 0.003410656553738783
    vertex 0.05591746824526948 0.022 0.004624999999999989
  endloop
endfacet
facet normal -0 1 0
  outer loop
    vertex 0.007 0.022 0.004000000000000003
    vertex 0.008038148453004955 0.022 0.004589343446261205
    vertex 0.008082531754730414 0.022 0.003375000000000016
  endloop
endfacet
facet normal 0 1 0
  outer loop
    vertex 0.008470588235294119 0.022 0.00649999999999995
    vertex 0.009144254736456449 0.022 0.005212318761406431
    vertex 0.007930598284951108 0.022 0.005610332441533502
  endloop
endfacet
facet normal 0 1 -0
  outer loop
    vertex 0.05552941176470589 0.022 0.001500000000000057
    vertex 0.05485574526354356 0.022 0.002787681238593562
    vertex 0.05606940171504889 0.022 0.002389667558466498
  endloop
endfacet
facet normal 0 1 0
  outer loop
    vertex 0.009144254736456449 0.022 0.005212318761406431
    vertex 0.008038148453004955 0.022 0.004589343446261205
    vertex 0.007930598284951108 0.022 0.005610332441533502
  endloop
endfacet
facet normal -0 1 0
  outer loop
    vertex 0.05485574526354356 0.022 0.002787681238593562
    vertex 0.05596185154699503 0.022 0.003410656553738783
    vertex 0.05606940171504889 0.022 0.002389667558466498
  endloop
endfacet
facet normal 0 1 0
  outer loop
    vertex 0.057 0.022 0.00649999999999995
    vertex 0.057 0.022 0.005249999999999977
    vertex 0.05606192481298519 0.022 0.005617375969430968
  endloop
endfacet
facet normal 0 1 0
  outer loop
    vertex 0.007 0.022 0.001500000000000057
    vertex 0.007 0.022 0.002750000000000029
    vertex 0.007938075187014788 0.022 0.002382624030569036
  endloop
endfacet
facet normal 0 1 0
  outer loop
    vertex 0.057 0.022 0.002750000000000029
    vertex 0.057 0.022 0.001500000000000057
    vertex 0.05606940171504889 0.022 0.002389667558466498
  endloop
endfacet
facet normal 0 1 0
  outer loop
    vertex 0.007 0.022 0.005249999999999977
    vertex 0.007 0.022 0.00649999999999995
    vertex 0.007930598284951108 0.022 0.005610332441533502
  endloop
endfacet
facet normal 0 1 0
  outer loop
    vertex 0.009137255945049376 0.022 0.002788120152845024
    vertex 0.008470588235294119 0.022 0.001500000000000057
    vertex 0.007938075187014788 0.022 0.002382624030569036
  endloop
endfacet
facet normal 0 1 0
  outer loop
    vertex 0.0548627440549506 0.022 0.005211879847154971
    vertex 0.05552941176470589 0.022 0.00649999999999995
    vertex 0.05606192481298519 0.022 0.005617375969430968
  endloop
endfacet
facet normal -0 1 0
  outer loop
    vertex 0.008038148453004955 0.022 0.004589343446261205
    vertex 0.009144254736456449 0.022 0.005212318761406431
    vertex 0.008884294156465911 0.022 0.003995796635183428
  endloop
endfacet
facet normal 0 1 0
  outer loop
    vertex 0.05596185154699503 0.022 0.003410656553738783
    vertex 0.05485574526354356 0.022 0.002787681238593562
    vertex 0.05511570584353408 0.022 0.004004203364816561
  endloop
endfacet
facet normal 0 1 -0
  outer loop
    vertex 0.05485574526354356 0.022 0.002787681238593562
    vertex 0.0539807201069117 0.022 0.0039857991845955
    vertex 0.05511570584353408 0.022 0.004004203364816561
  endloop
endfacet
facet normal 0 1 0
  outer loop
    vertex 0.009144254736456449 0.022 0.005212318761406431
    vertex 0.01001927989308835 0.022 0.004014200815404466
    vertex 0.008884294156465911 0.022 0.003995796635183428
  endloop
endfacet
facet normal 0 1 0
  outer loop
    vertex 0.01001927989308835 0.022 0.004014200815404466
    vertex 0.009137255945049376 0.022 0.002788120152845024
    vertex 0.008884294156465911 0.022 0.003995796635183428
  endloop
endfacet
facet normal 0 1 0
  outer loop
    vertex 0.0539807201069117 0.022 0.0039857991845955
    vertex 0.0548627440549506 0.022 0.005211879847154971
    vertex 0.05511570584353408 0.022 0.004004203364816561
  endloop
endfacet
facet normal 0 1 0
  outer loop
    vertex 0.008082531754730414 0.022 0.003375000000000016
    vertex 0.009137255945049376 0.022 0.002788120152845024
    vertex 0.007938075187014788 0.022 0.002382624030569036
  endloop
endfacet
facet normal 0 1 -0
  outer loop
    vertex 0.05591746824526948 0.022 0.004624999999999989
    vertex 0.0548627440549506 0.022 0.005211879847154971
    vertex 0.05606192481298519 0.022 0.005617375969430968
  endloop
endfacet
facet normal 0 1 0
  outer loop
    vertex 0.0548627440549506 0.022 0.005211879847154971
    vertex 0.05591746824526948 0.022 0.004624999999999989
    vertex 0.05511570584353408 0.022 0.004004203364816561
  endloop
endfacet
facet normal 0 1 0
  outer loop
    vertex 0.009137255945049376 0.022 0.002788120152845024
    vertex 0.008082531754730414 0.022 0.003375000000000016
    vertex 0.008884294156465911 0.022 0.003995796635183428
  endloop
endfacet
facet normal 0 1 0
  outer loop
    vertex 0.057 0.022 0.005249999999999977
    vertex 0.05591746824526948 0.022 0.004624999999999989
    vertex 0.05606192481298519 0.022 0.005617375969430968
  endloop
endfacet
facet normal -0 1 0
  outer loop
    vertex 0.007 0.022 0.002750000000000029
    vertex 0.008082531754730414 0.022 0.003375000000000016
    vertex 0.007938075187014788 0.022 0.002382624030569036
  endloop
endfacet
facet normal 0 1 0
  outer loop
    vertex 0.008038148453004955 0.022 0.004589343446261205
    vertex 0.007 0.022 0.005249999999999977
    vertex 0.007930598284951108 0.022 0.005610332441533502
  endloop
endfacet
facet normal 0 1 0
  outer loop
    vertex 0.05596185154699503 0.022 0.003410656553738783
    vertex 0.057 0.022 0.002750000000000029
    vertex 0.05606940171504889 0.022 0.002389667558466498
  endloop
endfacet
facet normal 0 1 -0
  outer loop
    vertex 0.008082531754730414 0.022 0.003375000000000016
    vertex 0.008038148453004955 0.022 0.004589343446261205
    vertex 0.008884294156465911 0.022 0.003995796635183428
  endloop
endfacet
facet normal 0 1 0
  outer loop
    vertex 0.05591746824526948 0.022 0.004624999999999989
    vertex 0.05596185154699503 0.022 0.003410656553738783
    vertex 0.05511570584353408 0.022 0.004004203364816561
  endloop
endfacet
facet normal 1 0 -0
  outer loop
    vertex 0.007 0.02308253175473052 0.003375000000000016
    vertex 0.007 0.02391746824526948 0.00462499999999999
    vertex 0.007 0.02280813117743531 0.004591885289220216
  endloop
endfacet
facet normal 1 0 0
  outer loop
    vertex 0.007 0.02391746824526948 0.00462499999999999
    vertex 0.007 0.02308253175473052 0.003375000000000016
    vertex 0.007 0.02419186882256469 0.003408114710779791
  endloop
endfacet
facet normal 1 0 -0
  outer loop
    vertex 0.007 0.025 0.004000000000000003
    vertex 0.007 0.025 0.005249999999999977
    vertex 0.007 0.02391746824526948 0.00462499999999999
  endloop
endfacet
facet normal 1 0 0
  outer loop
    vertex 0.007 0.022 0.004000000000000003
    vertex 0.007 0.022 0.002750000000000029
    vertex 0.007 0.02308253175473052 0.003375000000000016
  endloop
endfacet
facet normal 1 0 0
  outer loop
    vertex 0.007 0.025 0.004000000000000003
    vertex 0.007 0.02391746824526948 0.00462499999999999
    vertex 0.007 0.02419186882256469 0.003408114710779791
  endloop
endfacet
facet normal 1 -0 0
  outer loop
    vertex 0.007 0.022 0.004000000000000003
    vertex 0.007 0.02308253175473052 0.003375000000000016
    vertex 0.007 0.02280813117743531 0.004591885289220216
  endloop
endfacet
facet normal 1 0 0
  outer loop
    vertex 0.007 0.022 0.001500000000000057
    vertex 0.007 0.0235 0.001500000000000057
    vertex 0.007 0.02294643653269462 0.002360723839233594
  endloop
endfacet
facet normal 1 0 0
  outer loop
    vertex 0.007 0.025 0.00649999999999995
    vertex 0.007 0.0235 0.00649999999999995
    vertex 0.007 0.02405356346730538 0.005639276160766412
  endloop
endfacet
facet normal 1 0 0
  outer loop
    vertex 0.007 0.0235 0.001500000000000057
    vertex 0.007 0.025 0.001500000000000057
    vertex 0.007 0.02395347285166497 0.002482306425002257
  endloop
endfacet
facet normal 1 0 0
  outer loop
    vertex 0.007 0.0235 0.00649999999999995
    vertex 0.007 0.022 0.00649999999999995
    vertex 0.007 0.02304652714833503 0.005517693574997749
  endloop
endfacet
facet normal 1 0 0
  outer loop
    vertex 0.007 0.02419186882256469 0.003408114710779791
    vertex 0.007 0.02308253175473052 0.003375000000000016
    vertex 0.007 0.02395347285166497 0.002482306425002257
  endloop
endfacet
facet normal 1 0 0
  outer loop
    vertex 0.007 0.02280813117743531 0.004591885289220216
    vertex 0.007 0.02391746824526948 0.00462499999999999
    vertex 0.007 0.02304652714833503 0.005517693574997749
  endloop
endfacet
facet normal 1 0 -0
  outer loop
    vertex 0.007 0.025 0.005249999999999977
    vertex 0.007 0.025 0.00649999999999995
    vertex 0.007 0.02405356346730538 0.005639276160766412
  endloop
endfacet
facet normal 1 0 0
  outer loop
    vertex 0.007 0.022 0.002750000000000029
    vertex 0.007 0.022 0.001500000000000057
    vertex 0.007 0.02294643653269462 0.002360723839233594
  endloop
endfacet
facet normal 1 0 -0
  outer loop
    vertex 0.007 0.02391746824526948 0.00462499999999999
    vertex 0.007 0.02405356346730538 0.005639276160766412
    vertex 0.007 0.02304652714833503 0.005517693574997749
  endloop
endfacet
facet normal 1 0 0
  outer loop
    vertex 0.007 0.02308253175473052 0.003375000000000016
    vertex 0.007 0.02294643653269462 0.002360723839233594
    vertex 0.007 0.02395347285166497 0.002482306425002257
  endloop
endfacet
facet normal 1 0 0
  outer loop
    vertex 0.007 0.022 0.00649999999999995
    vertex 0.007 0.022 0.005249999999999977
    vertex 0.007 0.02304652714833503 0.005517693574997749
  endloop
endfacet
facet normal 1 0 -0
  outer loop
    vertex 0.007 0.025 0.001500000000000057
    vertex 0.007 0.025 0.002750000000000029
    vertex 0.007 0.02395347285166497 0.002482306425002257
  endloop
endfacet
facet normal 1 0 -0
  outer loop
    vertex 0.007 0.025 0.002750000000000029
    vertex 0.007 0.025 0.004000000000000003
    vertex 0.007 0.02419186882256469 0.003408114710779791
  endloop
endfacet
facet normal 1 0 0
  outer loop
    vertex 0.007 0.022 0.005249999999999977
    vertex 0.007 0.022 0.004000000000000003
    vertex 0.007 0.02280813117743531 0.004591885289220216
  endloop
endfacet
facet normal 1 0 0
  outer loop
    vertex 0.007 0.02308253175473052 0.003375000000000016
    vertex 0.007 0.022 0.002750000000000029
    vertex 0.007 0.02294643653269462 0.002360723839233594
  endloop
endfacet
facet normal 1 0 0
  outer loop
    vertex 0.007 0.02391746824526948 0.00462499999999999
    vertex 0.007 0.025 0.005249999999999977
    vertex 0.007 0.02405356346730538 0.005639276160766412
  endloop
endfacet
facet normal 1 0 0
  outer loop
    vertex 0.007 0.025 0.002750000000000029
    vertex 0.007 0.02419186882256469 0.003408114710779791
    vertex 0.007 0.02395347285166497 0.002482306425002257
  endloop
endfacet
facet normal 1 -0 0
  outer loop
    vertex 0.007 0.022 0.005249999999999977
    vertex 0.007 0.02280813117743531 0.004591885289220216
    vertex 0.007 0.02304652714833503 0.005517693574997749
  endloop
endfacet
facet normal 1 -0 0
  outer loop
    vertex 0.007 0.02294643653269462 0.002360723839233594
    vertex 0.007 0.0235 0.001500000000000057
    vertex 0.007 0.02395347285166497 0.002482306425002257
  endloop
endfacet
facet normal 1 0 0
  outer loop
    vertex 0.007 0.02405356346730538 0.005639276160766412
    vertex 0.007 0.0235 0.00649999999999995
    vertex 0.007 0.02304652714833503 0.005517693574997749
  endloop
endfacet
facet normal 4.41957e-17 -1 1.5981e-12
  outer loop
    vertex 0.01366738487741538 0.025 0.005249489075924856
    vertex 0.0128888888888889 0.025000000000002 0.00649999999999995
    vertex 0.01211031831642485 0.025 0.005249532136981289
  endloop
endfacet
facet normal 0 -1 0
  outer loop
    vertex 0.01288845765495855 0.025 0.004004892281189231
    vertex 0.01366738487741538 0.025 0.005249489075924856
    vertex 0.01211031831642485 0.025 0.005249532136981289
  endloop
endfacet
facet normal 0 -1 0
  outer loop
    vertex 0.01804991209419587 0.025 0.002761662704057011
    vertex 0.01878372346021381 0.025 0.004011069939992983
    vertex 0.0173088336557871 0.025 0.004004817042076655
  endloop
endfacet
facet normal 0 -1 -0
  outer loop
    vertex 0.03422786568358195 0.025 0.005238105936829917
    vertex 0.03349402159761351 0.025 0.003988640472061819
    vertex 0.03496893866866563 0.025 0.003995096133413633
  endloop
endfacet
facet normal -1.75714e-15 -1 -1.60285e-12
  outer loop
    vertex 0.03128908179057623 0.025 0.002747587834723172
    vertex 0.03202777777777781 0.025000000000002 0.001500000000000057
    vertex 0.03275903542956288 0.025 0.002745976390391627
  endloop
endfacet
facet normal 1.70086e-15 -1 1.60279e-12
  outer loop
    vertex 0.02098866326725112 0.025 0.005252392496296895
    vertex 0.02025000000000002 0.025000000000002 0.00649999999999995
    vertex 0.01951869872161427 0.025 0.00525395239780758
  endloop
endfacet
facet normal 2.10395e-14 -1 -1.56439e-12
  outer loop
    vertex 0.05705555555555553 0.025000000000002 0.001500000000000057
    vertex 0.05786069960934015 0.025 0.002788263468209025
    vertex 0.05632531459263091 0.025 0.002767614008228088
  endloop
endfacet
facet normal 0 -1 -1.55124e-12
  outer loop
    vertex 0.05705555555555553 0.025000000000002 0.001500000000000057
    vertex 0.05852777777777776 0.025000000000002 0.001500000000000057
    vertex 0.05786069960934015 0.025 0.002788263468209025
  endloop
endfacet
facet normal 0 -1 -1.55129e-12
  outer loop
    vertex 0.008472222222222225 0.025000000000002 0.001500000000000057
    vertex 0.009944444444444447 0.025000000000002 0.001500000000000057
    vertex 0.009139218422272223 0.025 0.002788218452058438
  endloop
endfacet
facet normal 2.9259e-15 -1 -1.57934e-12
  outer loop
    vertex 0.0128888888888889 0.025000000000002 0.001500000000000057
    vertex 0.01362486110399476 0.025 0.002766700040140623
    vertex 0.01215149861372807 0.025 0.002763970478408638
  endloop
endfacet
facet normal 0 -1 0
  outer loop
    vertex 0.01215149861372807 0.025 0.002763970478408638
    vertex 0.01362486110399476 0.025 0.002766700040140623
    vertex 0.01288845765495855 0.025 0.004004892281189231
  endloop
endfacet
facet normal 0 -1 -1.57651e-12
  outer loop
    vertex 0.0555833333333333 0.025000000000002 0.001500000000000057
    vertex 0.05705555555555553 0.025000000000002 0.001500000000000057
    vertex 0.05632531459263091 0.025 0.002767614008228088
  endloop
endfacet
facet normal -7.83554e-15 -1 -1.57192e-12
  outer loop
    vertex 0.05484722222222218 0.025 0.002774981844460477
    vertex 0.0555833333333333 0.025000000000002 0.001500000000000057
    vertex 0.05632531459263091 0.025 0.002767614008228088
  endloop
endfacet
facet normal -2.11716e-14 -1 -1.56452e-12
  outer loop
    vertex 0.009139218422272223 0.025 0.002788218452058438
    vertex 0.009944444444444447 0.025000000000002 0.001500000000000057
    vertex 0.01067425250193539 0.025 0.002767445891781758
  endloop
endfacet
facet normal 0 -1 -1.58105e-12
  outer loop
    vertex 0.01141666666666667 0.025000000000002 0.001500000000000057
    vertex 0.0128888888888889 0.025000000000002 0.001500000000000057
    vertex 0.01215149861372807 0.025 0.002763970478408638
  endloop
endfacet
facet normal -3.71455e-15 -1 -1.57889e-12
  outer loop
    vertex 0.01067425250193539 0.025 0.002767445891781758
    vertex 0.01141666666666667 0.025000000000002 0.001500000000000057
    vertex 0.01215149861372807 0.025 0.002763970478408638
  endloop
endfacet
facet normal -5.41748e-26 -1 -1.5674e-12
  outer loop
    vertex 0.05411111111111108 0.025000000000002 0.001500000000000057
    vertex 0.05484722222222218 0.025 0.002774981844460477
    vertex 0.05337499999999993 0.025 0.002774981844460528
  endloop
endfacet
facet normal -5.04168e-15 -1 1.57031e-12
  outer loop
    vertex 0.02908333333333337 0.025000000000002 0.00649999999999995
    vertex 0.02834722222222225 0.025 0.005225018155539524
    vertex 0.02981939334081501 0.025 0.005229744756296974
  endloop
endfacet
facet normal 3.32436e-26 -1 1.5674e-12
  outer loop
    vertex 0.03644444444444447 0.025000000000002 0.00649999999999995
    vertex 0.03570833333333336 0.025 0.005225018155539533
    vertex 0.03718055555555561 0.025 0.005225018155539502
  endloop
endfacet
facet normal -4.53508e-26 -1 -1.5674e-12
  outer loop
    vertex 0.04822222222222221 0.025000000000002 0.001500000000000057
    vertex 0.04895833333333331 0.025 0.002774981844460477
    vertex 0.04748611111111106 0.025 0.00277498184446052
  endloop
endfacet
facet normal 0 -1 -1.5674e-12
  outer loop
    vertex 0.05263888888888887 0.025000000000002 0.001500000000000057
    vertex 0.05411111111111108 0.025000000000002 0.001500000000000057
    vertex 0.05337499999999993 0.025 0.002774981844460528
  endloop
endfacet
facet normal 0 -1 1.5674e-12
  outer loop
    vertex 0.04674999999999999 0.025000000000002 0.00649999999999995
    vertex 0.04601388888888886 0.025 0.005225018155539533
    vertex 0.04748611111111112 0.025 0.005225018155539533
  endloop
endfacet
facet normal 2.21624e-26 -1 -1.5674e-12
  outer loop
    vertex 0.040125 0.025 0.002774981844460474
    vertex 0.04086111111111112 0.025000000000002 0.001500000000000057
    vertex 0.04159722222222226 0.025 0.002774981844460495
  endloop
endfacet
facet normal -4.58745e-15 -1 1.57589e-12
  outer loop
    vertex 0.03129048874844827 0.025 0.005234027155011159
    vertex 0.0305555555555556 0.025000000000002 0.00649999999999995
    vertex 0.02981939334081501 0.025 0.005229744756296974
  endloop
endfacet
facet normal 0 -1 -1.5674e-12
  outer loop
    vertex 0.04674999999999999 0.025000000000002 0.001500000000000057
    vertex 0.04822222222222221 0.025000000000002 0.001500000000000057
    vertex 0.04748611111111106 0.025 0.00277498184446052
  endloop
endfacet
facet normal 0 -1 1.57323e-12
  outer loop
    vertex 0.0305555555555556 0.025000000000002 0.00649999999999995
    vertex 0.02908333333333337 0.025000000000002 0.00649999999999995
    vertex 0.02981939334081501 0.025 0.005229744756296974
  endloop
endfacet
facet normal 2.30858e-26 -1 -1.5674e-12
  outer loop
    vertex 0.02687500000000004 0.025 0.002774981844460483
    vertex 0.02761111111111115 0.025000000000002 0.001500000000000057
    vertex 0.02834722222222228 0.025 0.002774981844460505
  endloop
endfacet
facet normal 0 -1 1.5674e-12
  outer loop
    vertex 0.04233333333333333 0.025000000000002 0.00649999999999995
    vertex 0.04159722222222222 0.025 0.005225018155539533
    vertex 0.04306944444444447 0.025 0.005225018155539533
  endloop
endfacet
facet normal 0 -1 -1.5674e-12
  outer loop
    vertex 0.02761111111111115 0.025000000000002 0.001500000000000057
    vertex 0.02908333333333337 0.025000000000002 0.001500000000000057
    vertex 0.02834722222222228 0.025 0.002774981844460505
  endloop
endfacet
facet normal 0 -1 1.57855e-12
  outer loop
    vertex 0.03202777777777781 0.025000000000002 0.00649999999999995
    vertex 0.0305555555555556 0.025000000000002 0.00649999999999995
    vertex 0.03129048874844827 0.025 0.005234027155011159
  endloop
endfacet
facet normal 0 -1 1.5674e-12
  outer loop
    vertex 0.03791666666666669 0.025000000000002 0.00649999999999995
    vertex 0.03644444444444447 0.025000000000002 0.00649999999999995
    vertex 0.03718055555555561 0.025 0.005225018155539502
  endloop
endfacet
facet normal 0 -1 -1.5674e-12
  outer loop
    vertex 0.02466666666666669 0.025000000000002 0.001500000000000057
    vertex 0.02613888888888892 0.025000000000002 0.001500000000000057
    vertex 0.02540277777777782 0.025 0.002774981844460495
  endloop
endfacet
facet normal 1.09777e-14 -1 -1.57373e-12
  outer loop
    vertex 0.03644444444444447 0.025000000000002 0.001500000000000057
    vertex 0.03718055555555558 0.025 0.002774981844460474
    vertex 0.03570790406284557 0.025 0.002764709208824716
  endloop
endfacet
facet normal 0 -1 -1.5674e-12
  outer loop
    vertex 0.04086111111111112 0.025000000000002 0.001500000000000057
    vertex 0.04233333333333333 0.025000000000002 0.001500000000000057
    vertex 0.04159722222222226 0.025 0.002774981844460495
  endloop
endfacet
facet normal -1.47749e-26 -1 1.5674e-12
  outer loop
    vertex 0.02834722222222225 0.025 0.005225018155539524
    vertex 0.02761111111111115 0.025000000000002 0.00649999999999995
    vertex 0.02687500000000002 0.025 0.00522501815553951
  endloop
endfacet
facet normal 0 -1 1.5674e-12
  outer loop
    vertex 0.02761111111111115 0.025000000000002 0.00649999999999995
    vertex 0.02613888888888892 0.025000000000002 0.00649999999999995
    vertex 0.02687500000000002 0.025 0.00522501815553951
  endloop
endfacet
facet normal -9.23434e-28 -1 1.5674e-12
  outer loop
    vertex 0.0254027777777778 0.025 0.005225018155539525
    vertex 0.02466666666666669 0.025000000000002 0.00649999999999995
    vertex 0.02393055555555558 0.025 0.005225018155539525
  endloop
endfacet
facet normal 1.61601e-26 -1 -1.5674e-12
  outer loop
    vertex 0.02393055555555558 0.025 0.00277498184446048
    vertex 0.02466666666666669 0.025000000000002 0.001500000000000057
    vertex 0.02540277777777782 0.025 0.002774981844460495
  endloop
endfacet
facet normal 0 -1 -1.5674e-12
  outer loop
    vertex 0.02908333333333337 0.025000000000002 0.001500000000000057
    vertex 0.0305555555555556 0.025000000000002 0.001500000000000057
    vertex 0.02981944444444449 0.025 0.002774981844460479
  endloop
endfacet
facet normal -3.32436e-26 -1 1.5674e-12
  outer loop
    vertex 0.03865277777777781 0.025 0.005225018155539533
    vertex 0.03791666666666669 0.025000000000002 0.00649999999999995
    vertex 0.03718055555555561 0.025 0.005225018155539502
  endloop
endfacet
facet normal 0 -1 1.5674e-12
  outer loop
    vertex 0.02319444444444447 0.025000000000002 0.00649999999999995
    vertex 0.02172222222222224 0.025000000000002 0.00649999999999995
    vertex 0.02245833333333335 0.025 0.005225018155539527
  endloop
endfacet
facet normal 1.66218e-26 -1 1.5674e-12
  outer loop
    vertex 0.02613888888888892 0.025000000000002 0.00649999999999995
    vertex 0.0254027777777778 0.025 0.005225018155539525
    vertex 0.02687500000000002 0.025 0.00522501815553951
  endloop
endfacet
facet normal 0 -1 -1.5674e-12
  outer loop
    vertex 0.04527777777777777 0.025000000000002 0.001500000000000057
    vertex 0.04674999999999999 0.025000000000002 0.001500000000000057
    vertex 0.04601388888888885 0.025 0.002774981844460474
  endloop
endfacet
facet normal 0 -1 -1.5674e-12
  outer loop
    vertex 0.04233333333333333 0.025000000000002 0.001500000000000057
    vertex 0.04380555555555556 0.025000000000002 0.001500000000000057
    vertex 0.04306944444444447 0.025 0.002774981844460474
  endloop
endfacet
facet normal 0 -1 1.57243e-12
  outer loop
    vertex 0.03350000000000004 0.025000000000002 0.00649999999999995
    vertex 0.03202777777777781 0.025000000000002 0.00649999999999995
    vertex 0.03275682137957821 0.025 0.005229098583942587
  endloop
endfacet
facet normal 0 -1 1.5674e-12
  outer loop
    vertex 0.03644444444444447 0.025000000000002 0.00649999999999995
    vertex 0.03497222222222225 0.025000000000002 0.00649999999999995
    vertex 0.03570833333333336 0.025 0.005225018155539533
  endloop
endfacet
facet normal 0 -1 1.5674e-12
  outer loop
    vertex 0.04380555555555556 0.025000000000002 0.00649999999999995
    vertex 0.04233333333333333 0.025000000000002 0.00649999999999995
    vertex 0.04306944444444447 0.025 0.005225018155539533
  endloop
endfacet
facet normal 0 -1 1.5674e-12
  outer loop
    vertex 0.04674999999999999 0.025000000000002 0.00649999999999995
    vertex 0.04527777777777777 0.025000000000002 0.00649999999999995
    vertex 0.04601388888888886 0.025 0.005225018155539533
  endloop
endfacet
facet normal 0 -1 -1.57319e-12
  outer loop
    vertex 0.02172222222222224 0.025000000000002 0.001500000000000057
    vertex 0.02319444444444447 0.025000000000002 0.001500000000000057
    vertex 0.02245833333333336 0.025 0.00277028474839726
  endloop
endfacet
facet normal 3.88647e-15 -1 -1.57544e-12
  outer loop
    vertex 0.02098611111111113 0.025 0.002766652916389352
    vertex 0.02172222222222224 0.025000000000002 0.001500000000000057
    vertex 0.02245833333333336 0.025 0.00277028474839726
  endloop
endfacet
facet normal -2.21624e-26 -1 -1.5674e-12
  outer loop
    vertex 0.04233333333333333 0.025000000000002 0.001500000000000057
    vertex 0.04306944444444447 0.025 0.002774981844460474
    vertex 0.04159722222222226 0.025 0.002774981844460495
  endloop
endfacet
facet normal 0 -1 1.5674e-12
  outer loop
    vertex 0.02613888888888892 0.025000000000002 0.00649999999999995
    vertex 0.02466666666666669 0.025000000000002 0.00649999999999995
    vertex 0.0254027777777778 0.025 0.005225018155539525
  endloop
endfacet
facet normal 5.29539e-15 -1 1.57547e-12
  outer loop
    vertex 0.03275682137957821 0.025 0.005229098583942587
    vertex 0.03202777777777781 0.025000000000002 0.00649999999999995
    vertex 0.03129048874844827 0.025 0.005234027155011159
  endloop
endfacet
facet normal 8.42712e-15 -1 -1.57908e-12
  outer loop
    vertex 0.01877777777777779 0.025000000000002 0.001500000000000057
    vertex 0.01952095639819964 0.025 0.002769513261378902
    vertex 0.01804991209419587 0.025 0.002761662704057011
  endloop
endfacet
facet normal -1.29281e-26 -1 -1.5674e-12
  outer loop
    vertex 0.02613888888888892 0.025000000000002 0.001500000000000057
    vertex 0.02687500000000004 0.025 0.002774981844460483
    vertex 0.02540277777777782 0.025 0.002774981844460495
  endloop
endfacet
facet normal -1.02604e-26 -1 -1.5674e-12
  outer loop
    vertex 0.0393888888888889 0.025000000000002 0.001500000000000057
    vertex 0.040125 0.025 0.002774981844460474
    vertex 0.03865277777777779 0.025 0.002774981844460483
  endloop
endfacet
facet normal 0 -1 1.58013e-12
  outer loop
    vertex 0.01730555555555557 0.025000000000002 0.00649999999999995
    vertex 0.01583333333333335 0.025000000000002 0.00649999999999995
    vertex 0.01656987371493223 0.025 0.005235290791175278
  endloop
endfacet
facet normal 0 -1 1.5674e-12
  outer loop
    vertex 0.05116666666666665 0.025000000000002 0.00649999999999995
    vertex 0.04969444444444443 0.025000000000002 0.00649999999999995
    vertex 0.05043055555555555 0.025 0.00522501815553953
  endloop
endfacet
facet normal 6.46403e-27 -1 1.5674e-12
  outer loop
    vertex 0.053375 0.025 0.005225018155539533
    vertex 0.05263888888888887 0.025000000000002 0.00649999999999995
    vertex 0.05190277777777777 0.025 0.005225018155539539
  endloop
endfacet
facet normal 0 -1 -1.5674e-12
  outer loop
    vertex 0.04822222222222221 0.025000000000002 0.001500000000000057
    vertex 0.04969444444444443 0.025000000000002 0.001500000000000057
    vertex 0.04895833333333331 0.025 0.002774981844460477
  endloop
endfacet
facet normal 0 -1 1.5674e-12
  outer loop
    vertex 0.02466666666666669 0.025000000000002 0.00649999999999995
    vertex 0.02319444444444447 0.025000000000002 0.00649999999999995
    vertex 0.02393055555555558 0.025 0.005225018155539525
  endloop
endfacet
facet normal 0 -1 -1.5674e-12
  outer loop
    vertex 0.05411111111111108 0.025000000000002 0.001500000000000057
    vertex 0.0555833333333333 0.025000000000002 0.001500000000000057
    vertex 0.05484722222222218 0.025 0.002774981844460477
  endloop
endfacet
facet normal -1.09777e-14 -1 1.57373e-12
  outer loop
    vertex 0.01583333333333335 0.025000000000002 0.00649999999999995
    vertex 0.01509722222222224 0.025 0.005225018155539527
    vertex 0.01656987371493223 0.025 0.005235290791175278
  endloop
endfacet
facet normal 0 -1 1.5674e-12
  outer loop
    vertex 0.01141666666666667 0.025000000000002 0.00649999999999995
    vertex 0.009944444444444447 0.025000000000002 0.00649999999999995
    vertex 0.01068055555555556 0.025 0.005225018155539525
  endloop
endfacet
facet normal 0 -1 -1.57764e-12
  outer loop
    vertex 0.0128888888888889 0.025000000000002 0.001500000000000057
    vertex 0.01436111111111112 0.025000000000002 0.001500000000000057
    vertex 0.01362486110399476 0.025 0.002766700040140623
  endloop
endfacet
facet normal 3.8378e-15 -1 -1.57541e-12
  outer loop
    vertex 0.01362486110399476 0.025 0.002766700040140623
    vertex 0.01436111111111112 0.025000000000002 0.001500000000000057
    vertex 0.01509721619626061 0.025 0.002770286783052377
  endloop
endfacet
facet normal -2.7703e-26 -1 -1.5674e-12
  outer loop
    vertex 0.02908333333333337 0.025000000000002 0.001500000000000057
    vertex 0.02981944444444449 0.025 0.002774981844460479
    vertex 0.02834722222222228 0.025 0.002774981844460505
  endloop
endfacet
facet normal -4.15545e-27 -1 -1.5674e-12
  outer loop
    vertex 0.04895833333333331 0.025 0.002774981844460477
    vertex 0.04969444444444443 0.025000000000002 0.001500000000000057
    vertex 0.05043055555555553 0.025 0.002774981844460473
  endloop
endfacet
facet normal 0 -1 -1.5674e-12
  outer loop
    vertex 0.03791666666666669 0.025000000000002 0.001500000000000057
    vertex 0.0393888888888889 0.025000000000002 0.001500000000000057
    vertex 0.03865277777777779 0.025 0.002774981844460483
  endloop
endfacet
facet normal 0 -1 -1.5674e-12
  outer loop
    vertex 0.04969444444444443 0.025000000000002 0.001500000000000057
    vertex 0.05116666666666665 0.025000000000002 0.001500000000000057
    vertex 0.05043055555555553 0.025 0.002774981844460473
  endloop
endfacet
facet normal 5.77146e-26 -1 -1.5674e-12
  outer loop
    vertex 0.05190277777777773 0.025 0.002774981844460474
    vertex 0.05263888888888887 0.025000000000002 0.001500000000000057
    vertex 0.05337499999999993 0.025 0.002774981844460528
  endloop
endfacet
facet normal -0 -1 0
  outer loop
    vertex 0.03275682137957821 0.025 0.005229098583942587
    vertex 0.03129048874844827 0.025 0.005234027155011159
    vertex 0.03201226852123483 0.025 0.003985527008338831
  endloop
endfacet
facet normal 0 -1 1.5674e-12
  outer loop
    vertex 0.01583333333333335 0.025000000000002 0.00649999999999995
    vertex 0.01436111111111112 0.025000000000002 0.00649999999999995
    vertex 0.01509722222222224 0.025 0.005225018155539527
  endloop
endfacet
facet normal -1.13956e-14 -1 1.58676e-12
  outer loop
    vertex 0.01804671488760292 0.025 0.005245896972774182
    vertex 0.01730555555555557 0.025000000000002 0.00649999999999995
    vertex 0.01656987371493223 0.025 0.005235290791175278
  endloop
endfacet
facet normal -1.00552e-26 -1 1.5674e-12
  outer loop
    vertex 0.05116666666666665 0.025000000000002 0.00649999999999995
    vertex 0.05043055555555555 0.025 0.00522501815553953
    vertex 0.05190277777777777 0.025 0.005225018155539539
  endloop
endfacet
facet normal 0 -1 1.5674e-12
  outer loop
    vertex 0.05705555555555553 0.025000000000002 0.00649999999999995
    vertex 0.0555833333333333 0.025000000000002 0.00649999999999995
    vertex 0.05631944444444442 0.025 0.005225018155539527
  endloop
endfacet
facet normal 2.8729e-27 -1 1.5674e-12
  outer loop
    vertex 0.02319444444444447 0.025000000000002 0.00649999999999995
    vertex 0.02245833333333335 0.025 0.005225018155539527
    vertex 0.02393055555555558 0.025 0.005225018155539525
  endloop
endfacet
facet normal 0 -1 -1.5674e-12
  outer loop
    vertex 0.01583333333333335 0.025000000000002 0.001500000000000057
    vertex 0.01730555555555557 0.025000000000002 0.001500000000000057
    vertex 0.01656944444444446 0.025 0.00277498184446048
  endloop
endfacet
facet normal 0 -1 -1.58394e-12
  outer loop
    vertex 0.01730555555555557 0.025000000000002 0.001500000000000057
    vertex 0.01877777777777779 0.025000000000002 0.001500000000000057
    vertex 0.01804991209419587 0.025 0.002761662704057011
  endloop
endfacet
facet normal 0 -1 -1.5777e-12
  outer loop
    vertex 0.02025000000000002 0.025000000000002 0.001500000000000057
    vertex 0.02172222222222224 0.025000000000002 0.001500000000000057
    vertex 0.02098611111111113 0.025 0.002766652916389352
  endloop
endfacet
facet normal 0 -1 -1.5674e-12
  outer loop
    vertex 0.02319444444444447 0.025000000000002 0.001500000000000057
    vertex 0.02466666666666669 0.025000000000002 0.001500000000000057
    vertex 0.02393055555555558 0.025 0.00277498184446048
  endloop
endfacet
facet normal 5.00997e-15 -1 -1.57029e-12
  outer loop
    vertex 0.02319444444444447 0.025000000000002 0.001500000000000057
    vertex 0.02393055555555558 0.025 0.00277498184446048
    vertex 0.02245833333333336 0.025 0.00277028474839726
  endloop
endfacet
facet normal -1.41748e-14 -1 -1.57558e-12
  outer loop
    vertex 0.01656944444444446 0.025 0.00277498184446048
    vertex 0.01730555555555557 0.025000000000002 0.001500000000000057
    vertex 0.01804991209419587 0.025 0.002761662704057011
  endloop
endfacet
facet normal 4.8942e-26 -1 -1.5674e-12
  outer loop
    vertex 0.04601388888888885 0.025 0.002774981844460474
    vertex 0.04674999999999999 0.025000000000002 0.001500000000000057
    vertex 0.04748611111111106 0.025 0.00277498184446052
  endloop
endfacet
facet normal 0 -1 -1.57415e-12
  outer loop
    vertex 0.01877777777777779 0.025000000000002 0.001500000000000057
    vertex 0.02025000000000002 0.025000000000002 0.001500000000000057
    vertex 0.01952095639819964 0.025 0.002769513261378902
  endloop
endfacet
facet normal 0 -1 1.59349e-12
  outer loop
    vertex 0.01877777777777779 0.025000000000002 0.00649999999999995
    vertex 0.01730555555555557 0.025000000000002 0.00649999999999995
    vertex 0.01804671488760292 0.025 0.005245896972774182
  endloop
endfacet
facet normal 0 -1 1.5674e-12
  outer loop
    vertex 0.02908333333333337 0.025000000000002 0.00649999999999995
    vertex 0.02761111111111115 0.025000000000002 0.00649999999999995
    vertex 0.02834722222222225 0.025 0.005225018155539524
  endloop
endfacet
facet normal 0 -1 1.5674e-12
  outer loop
    vertex 0.04969444444444443 0.025000000000002 0.00649999999999995
    vertex 0.04822222222222221 0.025000000000002 0.00649999999999995
    vertex 0.04895833333333333 0.025 0.005225018155539538
  endloop
endfacet
facet normal 0 -1 0
  outer loop
    vertex 0.01952095639819964 0.025 0.002769513261378902
    vertex 0.02098611111111113 0.025 0.002766652916389352
    vertex 0.02026531293683995 0.025 0.004014354977781517
  endloop
endfacet
facet normal -3.07658e-15 -1 -1.57591e-12
  outer loop
    vertex 0.02025000000000002 0.025000000000002 0.001500000000000057
    vertex 0.02098611111111113 0.025 0.002766652916389352
    vertex 0.01952095639819964 0.025 0.002769513261378902
  endloop
endfacet
facet normal 0 -1 -1.5674e-12
  outer loop
    vertex 0.02613888888888892 0.025000000000002 0.001500000000000057
    vertex 0.02761111111111115 0.025000000000002 0.001500000000000057
    vertex 0.02687500000000004 0.025 0.002774981844460483
  endloop
endfacet
facet normal 8.3109e-27 -1 1.5674e-12
  outer loop
    vertex 0.04159722222222222 0.025 0.005225018155539533
    vertex 0.04086111111111112 0.025000000000002 0.00649999999999995
    vertex 0.04012500000000001 0.025 0.005225018155539541
  endloop
endfacet
facet normal 1.01578e-26 -1 -1.5674e-12
  outer loop
    vertex 0.03718055555555558 0.025 0.002774981844460474
    vertex 0.03791666666666669 0.025000000000002 0.001500000000000057
    vertex 0.03865277777777779 0.025 0.002774981844460483
  endloop
endfacet
facet normal 5.00778e-15 -1 -1.57029e-12
  outer loop
    vertex 0.01583333333333335 0.025000000000002 0.001500000000000057
    vertex 0.01656944444444446 0.025 0.00277498184446048
    vertex 0.01509721619626061 0.025 0.002770286783052377
  endloop
endfacet
facet normal 0 -1 -1.58013e-12
  outer loop
    vertex 0.03497222222222225 0.025000000000002 0.001500000000000057
    vertex 0.03644444444444447 0.025000000000002 0.001500000000000057
    vertex 0.03570790406284557 0.025 0.002764709208824716
  endloop
endfacet
facet normal -4.51456e-27 -1 1.5674e-12
  outer loop
    vertex 0.04822222222222221 0.025000000000002 0.00649999999999995
    vertex 0.04748611111111112 0.025 0.005225018155539533
    vertex 0.04895833333333333 0.025 0.005225018155539538
  endloop
endfacet
facet normal -3.9605e-26 -1 1.5674e-12
  outer loop
    vertex 0.05411111111111108 0.025000000000002 0.00649999999999995
    vertex 0.053375 0.025 0.005225018155539533
    vertex 0.05484722222222223 0.025 0.00522501815553957
  endloop
endfacet
facet normal 0 -1 -1.57319e-12
  outer loop
    vertex 0.01436111111111112 0.025000000000002 0.001500000000000057
    vertex 0.01583333333333335 0.025000000000002 0.001500000000000057
    vertex 0.01509721619626061 0.025 0.002770286783052377
  endloop
endfacet
facet normal 0 -1 1.5674e-12
  outer loop
    vertex 0.0393888888888889 0.025000000000002 0.00649999999999995
    vertex 0.03791666666666669 0.025000000000002 0.00649999999999995
    vertex 0.03865277777777781 0.025 0.005225018155539533
  endloop
endfacet
facet normal 0 -1 1.5674e-12
  outer loop
    vertex 0.04233333333333333 0.025000000000002 0.00649999999999995
    vertex 0.04086111111111112 0.025000000000002 0.00649999999999995
    vertex 0.04159722222222222 0.025 0.005225018155539533
  endloop
endfacet
facet normal 0 -1 1.5674e-12
  outer loop
    vertex 0.05411111111111108 0.025000000000002 0.00649999999999995
    vertex 0.05263888888888887 0.025000000000002 0.00649999999999995
    vertex 0.053375 0.025 0.005225018155539533
  endloop
endfacet
facet normal 0 -1 1.5674e-12
  outer loop
    vertex 0.04822222222222221 0.025000000000002 0.00649999999999995
    vertex 0.04674999999999999 0.025000000000002 0.00649999999999995
    vertex 0.04748611111111112 0.025 0.005225018155539533
  endloop
endfacet
facet normal 0 -1 -1.59349e-12
  outer loop
    vertex 0.03350000000000004 0.025000000000002 0.001500000000000057
    vertex 0.03497222222222225 0.025000000000002 0.001500000000000057
    vertex 0.03423106289017491 0.025 0.002754103027225826
  endloop
endfacet
facet normal 0 -1 -1.5674e-12
  outer loop
    vertex 0.03644444444444447 0.025000000000002 0.001500000000000057
    vertex 0.03791666666666669 0.025000000000002 0.001500000000000057
    vertex 0.03718055555555558 0.025 0.002774981844460474
  endloop
endfacet
facet normal 0 -1 -1.5674e-12
  outer loop
    vertex 0.0393888888888889 0.025000000000002 0.001500000000000057
    vertex 0.04086111111111112 0.025000000000002 0.001500000000000057
    vertex 0.040125 0.025 0.002774981844460474
  endloop
endfacet
facet normal 0 -1 -1.5674e-12
  outer loop
    vertex 0.05116666666666665 0.025000000000002 0.001500000000000057
    vertex 0.05263888888888887 0.025000000000002 0.001500000000000057
    vertex 0.05190277777777773 0.025 0.002774981844460474
  endloop
endfacet
facet normal 8.3109e-27 -1 1.5674e-12
  outer loop
    vertex 0.05043055555555555 0.025 0.00522501815553953
    vertex 0.04969444444444443 0.025000000000002 0.00649999999999995
    vertex 0.04895833333333333 0.025 0.005225018155539538
  endloop
endfacet
facet normal -8.2083e-27 -1 1.5674e-12
  outer loop
    vertex 0.0393888888888889 0.025000000000002 0.00649999999999995
    vertex 0.03865277777777781 0.025 0.005225018155539533
    vertex 0.04012500000000001 0.025 0.005225018155539541
  endloop
endfacet
facet normal 0 -1 1.5674e-12
  outer loop
    vertex 0.05263888888888887 0.025000000000002 0.00649999999999995
    vertex 0.05116666666666665 0.025000000000002 0.00649999999999995
    vertex 0.05190277777777777 0.025 0.005225018155539539
  endloop
endfacet
facet normal 0 -1 1.5674e-12
  outer loop
    vertex 0.04086111111111112 0.025000000000002 0.00649999999999995
    vertex 0.0393888888888889 0.025000000000002 0.00649999999999995
    vertex 0.04012500000000001 0.025 0.005225018155539541
  endloop
endfacet
facet normal -9.66274e-15 -1 1.57808e-12
  outer loop
    vertex 0.03350000000000004 0.025000000000002 0.00649999999999995
    vertex 0.03275682137957821 0.025 0.005229098583942587
    vertex 0.03422786568358195 0.025 0.005238105936829917
  endloop
endfacet
facet normal 1.39273e-14 -1 1.57544e-12
  outer loop
    vertex 0.03570833333333336 0.025 0.005225018155539533
    vertex 0.03497222222222225 0.025000000000002 0.00649999999999995
    vertex 0.03422786568358195 0.025 0.005238105936829917
  endloop
endfacet
facet normal 4.10415e-28 -1 -1.5674e-12
  outer loop
    vertex 0.05116666666666665 0.025000000000002 0.001500000000000057
    vertex 0.05190277777777773 0.025 0.002774981844460474
    vertex 0.05043055555555553 0.025 0.002774981844460473
  endloop
endfacet
facet normal 0 -1 1.58365e-12
  outer loop
    vertex 0.03497222222222225 0.025000000000002 0.00649999999999995
    vertex 0.03350000000000004 0.025000000000002 0.00649999999999995
    vertex 0.03422786568358195 0.025 0.005238105936829917
  endloop
endfacet
facet normal 5.62268e-26 -1 -1.5674e-12
  outer loop
    vertex 0.04527777777777777 0.025000000000002 0.001500000000000057
    vertex 0.04601388888888885 0.025 0.002774981844460474
    vertex 0.04454166666666665 0.025 0.002774981844460421
  endloop
endfacet
facet normal 1.13956e-14 -1 -1.58676e-12
  outer loop
    vertex 0.03423106289017491 0.025 0.002754103027225826
    vertex 0.03497222222222225 0.025000000000002 0.001500000000000057
    vertex 0.03570790406284557 0.025 0.002764709208824716
  endloop
endfacet
facet normal 0 -1 1.5674e-12
  outer loop
    vertex 0.0555833333333333 0.025000000000002 0.00649999999999995
    vertex 0.05411111111111108 0.025000000000002 0.00649999999999995
    vertex 0.05484722222222223 0.025 0.00522501815553957
  endloop
endfacet
facet normal 6.64872e-26 -1 1.5674e-12
  outer loop
    vertex 0.04601388888888886 0.025 0.005225018155539533
    vertex 0.04527777777777777 0.025000000000002 0.00649999999999995
    vertex 0.04454166666666666 0.025 0.005225018155539596
  endloop
endfacet
facet normal 4.61717e-26 -1 1.5674e-12
  outer loop
    vertex 0.05631944444444442 0.025 0.005225018155539527
    vertex 0.0555833333333333 0.025000000000002 0.00649999999999995
    vertex 0.05484722222222223 0.025 0.00522501815553957
  endloop
endfacet
facet normal -6.64872e-26 -1 1.5674e-12
  outer loop
    vertex 0.04380555555555556 0.025000000000002 0.00649999999999995
    vertex 0.04306944444444447 0.025 0.005225018155539533
    vertex 0.04454166666666666 0.025 0.005225018155539596
  endloop
endfacet
facet normal -5.63294e-26 -1 -1.5674e-12
  outer loop
    vertex 0.04306944444444447 0.025 0.002774981844460474
    vertex 0.04380555555555556 0.025000000000002 0.001500000000000057
    vertex 0.04454166666666665 0.025 0.002774981844460421
  endloop
endfacet
facet normal 0 -1 -1.5674e-12
  outer loop
    vertex 0.04380555555555556 0.025000000000002 0.001500000000000057
    vertex 0.04527777777777777 0.025000000000002 0.001500000000000057
    vertex 0.04454166666666665 0.025 0.002774981844460421
  endloop
endfacet
facet normal 0 -1 1.5674e-12
  outer loop
    vertex 0.04527777777777777 0.025000000000002 0.00649999999999995
    vertex 0.04380555555555556 0.025000000000002 0.00649999999999995
    vertex 0.04454166666666666 0.025 0.005225018155539596
  endloop
endfacet
facet normal 0 -1 -1.57672e-12
  outer loop
    vertex 0.009944444444444447 0.025000000000002 0.001500000000000057
    vertex 0.01141666666666667 0.025000000000002 0.001500000000000057
    vertex 0.01067425250193539 0.025 0.002767445891781758
  endloop
endfacet
facet normal 0 -1 1.54676e-12
  outer loop
    vertex 0.009944444444444447 0.025000000000002 0.00649999999999995
    vertex 0.008472222222222225 0.025000000000002 0.00649999999999995
    vertex 0.009143818893625385 0.025 0.005208008193861238
  endloop
endfacet
facet normal 0 -1 1.54678e-12
  outer loop
    vertex 0.05852777777777776 0.025000000000002 0.00649999999999995
    vertex 0.05705555555555553 0.025000000000002 0.00649999999999995
    vertex 0.05785614163983357 0.025 0.00520802107651947
  endloop
endfacet
facet normal 0 -1 -0
  outer loop
    vertex 0.03201226852123483 0.025 0.003985527008338831
    vertex 0.03128908179057623 0.025 0.002747587834723172
    vertex 0.03275903542956288 0.025 0.002745976390391627
  endloop
endfacet
facet normal 0 -1 0
  outer loop
    vertex 0.02026531293683995 0.025 0.004014354977781517
    vertex 0.02098866326725112 0.025 0.005252392496296895
    vertex 0.01951869872161427 0.025 0.00525395239780758
  endloop
endfacet
facet normal -0 -1 0
  outer loop
    vertex 0.01878372346021381 0.025 0.004011069939992983
    vertex 0.01804671488760292 0.025 0.005245896972774182
    vertex 0.0173088336557871 0.025 0.004004817042076655
  endloop
endfacet
facet normal 0 -1 0
  outer loop
    vertex 0.03349402159761351 0.025 0.003988640472061819
    vertex 0.03423106289017491 0.025 0.002754103027225826
    vertex 0.03496893866866563 0.025 0.003995096133413633
  endloop
endfacet
facet normal 0 -1 0
  outer loop
    vertex 0.01215149861372807 0.025 0.002763970478408638
    vertex 0.01288845765495855 0.025 0.004004892281189231
    vertex 0.01141557190707713 0.025 0.003999672060950405
  endloop
endfacet
facet normal 0 -1 1.59807e-12
  outer loop
    vertex 0.01436111111111112 0.025000000000002 0.00649999999999995
    vertex 0.0128888888888889 0.025000000000002 0.00649999999999995
    vertex 0.01366738487741538 0.025 0.005249489075924856
  endloop
endfacet
facet normal 0 -1 -1.60181e-12
  outer loop
    vertex 0.0305555555555556 0.025000000000002 0.001500000000000057
    vertex 0.03202777777777781 0.025000000000002 0.001500000000000057
    vertex 0.03128908179057623 0.025 0.002747587834723172
  endloop
endfacet
facet normal 0 -1 1.60179e-12
  outer loop
    vertex 0.02172222222222224 0.025000000000002 0.00649999999999995
    vertex 0.02025000000000002 0.025000000000002 0.00649999999999995
    vertex 0.02098866326725112 0.025 0.005252392496296895
  endloop
endfacet
facet normal 0 -1 0
  outer loop
    vertex 0.01804991209419587 0.025 0.002761662704057011
    vertex 0.01952095639819964 0.025 0.002769513261378902
    vertex 0.01878372346021381 0.025 0.004011069939992983
  endloop
endfacet
facet normal 0 -1 0
  outer loop
    vertex 0.03422786568358195 0.025 0.005238105936829917
    vertex 0.03275682137957821 0.025 0.005229098583942587
    vertex 0.03349402159761351 0.025 0.003988640472061819
  endloop
endfacet
facet normal 0 -1 1.59812e-12
  outer loop
    vertex 0.0128888888888889 0.025000000000002 0.00649999999999995
    vertex 0.01141666666666667 0.025000000000002 0.00649999999999995
    vertex 0.01211031831642485 0.025 0.005249532136981289
  endloop
endfacet
facet normal 0 -1 0
  outer loop
    vertex 0.01288845765495855 0.025 0.004004892281189231
    vertex 0.01362486110399476 0.025 0.002766700040140623
    vertex 0.01436111111111113 0.025 0.003999989894729581
  endloop
endfacet
facet normal 0 -1 0
  outer loop
    vertex 0.02026531293683995 0.025 0.004014354977781517
    vertex 0.02098611111111113 0.025 0.002766652916389352
    vertex 0.02172222222222225 0.025 0.003999990120494148
  endloop
endfacet
facet normal -8.74828e-15 -1 1.59859e-12
  outer loop
    vertex 0.01877777777777779 0.025000000000002 0.00649999999999995
    vertex 0.01804671488760292 0.025 0.005245896972774182
    vertex 0.01951869872161427 0.025 0.00525395239780758
  endloop
endfacet
facet normal 8.8256e-15 -1 -1.59864e-12
  outer loop
    vertex 0.03350000000000004 0.025000000000002 0.001500000000000057
    vertex 0.03423106289017491 0.025 0.002754103027225826
    vertex 0.03275903542956288 0.025 0.002745976390391627
  endloop
endfacet
facet normal 0 -1 0
  outer loop
    vertex 0.03201226852123483 0.025 0.003985527008338831
    vertex 0.03129048874844827 0.025 0.005234027155011159
    vertex 0.03055555555555564 0.025 0.004000009879505863
  endloop
endfacet
facet normal -0 -1 0
  outer loop
    vertex 0.01288845765495855 0.025 0.004004892281189231
    vertex 0.01211031831642485 0.025 0.005249532136981289
    vertex 0.01141557190707713 0.025 0.003999672060950405
  endloop
endfacet
facet normal 0 -1 0
  outer loop
    vertex 0.05632531459263091 0.025 0.002767614008228088
    vertex 0.05786069960934015 0.025 0.002788263468209025
    vertex 0.0569800289069845 0.025 0.004009809078631374
  endloop
endfacet
facet normal 0 -1 -0
  outer loop
    vertex 0.01366738487741538 0.025 0.005249489075924856
    vertex 0.01288845765495855 0.025 0.004004892281189231
    vertex 0.01436111111111113 0.025 0.003999989894729581
  endloop
endfacet
facet normal 0 -1 0
  outer loop
    vertex 0.009139218422272223 0.025 0.002788218452058438
    vertex 0.01067425250193539 0.025 0.002767445891781758
    vertex 0.01001970182158632 0.025 0.004009718900023648
  endloop
endfacet
facet normal 0 -1 0
  outer loop
    vertex 0.05632531459263091 0.025 0.002767614008228088
    vertex 0.0569800289069845 0.025 0.004009809078631374
    vertex 0.05558333333333312 0.025 0.003999999999999945
  endloop
endfacet
facet normal 2.70929e-14 -1 1.58304e-12
  outer loop
    vertex 0.01509722222222224 0.025 0.005225018155539527
    vertex 0.01436111111111112 0.025000000000002 0.00649999999999995
    vertex 0.01366738487741538 0.025 0.005249489075924856
  endloop
endfacet
facet normal 0 -1 -0
  outer loop
    vertex 0.02098866326725112 0.025 0.005252392496296895
    vertex 0.02026531293683995 0.025 0.004014354977781517
    vertex 0.02172222222222225 0.025 0.003999990120494148
  endloop
endfacet
facet normal 0 -1 0
  outer loop
    vertex 0.01804671488760292 0.025 0.005245896972774182
    vertex 0.01878372346021381 0.025 0.004011069939992983
    vertex 0.01951869872161427 0.025 0.00525395239780758
  endloop
endfacet
facet normal -0 -1 0
  outer loop
    vertex 0.03423106289017491 0.025 0.002754103027225826
    vertex 0.03349402159761351 0.025 0.003988640472061819
    vertex 0.03275903542956288 0.025 0.002745976390391627
  endloop
endfacet
facet normal 0 -1 0
  outer loop
    vertex 0.03128908179057623 0.025 0.002747587834723172
    vertex 0.03201226852123483 0.025 0.003985527008338831
    vertex 0.03055555555555564 0.025 0.004000009879505863
  endloop
endfacet
facet normal -2.95341e-14 -1 -1.58445e-12
  outer loop
    vertex 0.02981944444444449 0.025 0.002774981844460479
    vertex 0.0305555555555556 0.025000000000002 0.001500000000000057
    vertex 0.03128908179057623 0.025 0.002747587834723172
  endloop
endfacet
facet normal 2.9512e-14 -1 1.58443e-12
  outer loop
    vertex 0.02245833333333335 0.025 0.005225018155539527
    vertex 0.02172222222222224 0.025000000000002 0.00649999999999995
    vertex 0.02098866326725112 0.025 0.005252392496296895
  endloop
endfacet
facet normal 0 -1 -0
  outer loop
    vertex 0.03275682137957821 0.025 0.005229098583942587
    vertex 0.03201226852123483 0.025 0.003985527008338831
    vertex 0.03349402159761351 0.025 0.003988640472061819
  endloop
endfacet
facet normal 0 -1 0
  outer loop
    vertex 0.01952095639819964 0.025 0.002769513261378902
    vertex 0.02026531293683995 0.025 0.004014354977781517
    vertex 0.01878372346021381 0.025 0.004011069939992983
  endloop
endfacet
facet normal -2.71425e-14 -1 1.58307e-12
  outer loop
    vertex 0.01141666666666667 0.025000000000002 0.00649999999999995
    vertex 0.01068055555555556 0.025 0.005225018155539525
    vertex 0.01211031831642485 0.025 0.005249532136981289
  endloop
endfacet
facet normal -0 -1 0
  outer loop
    vertex 0.0569800289069845 0.025 0.004009809078631374
    vertex 0.05631944444444442 0.025 0.005225018155539527
    vertex 0.05558333333333312 0.025 0.003999999999999945
  endloop
endfacet
facet normal 0 -1 0
  outer loop
    vertex 0.05484722222222218 0.025 0.002774981844460477
    vertex 0.05632531459263091 0.025 0.002767614008228088
    vertex 0.05558333333333312 0.025 0.003999999999999945
  endloop
endfacet
facet normal -0 -1 0
  outer loop
    vertex 0.05631944444444442 0.025 0.005225018155539527
    vertex 0.05484722222222223 0.025 0.00522501815553957
    vertex 0.05558333333333312 0.025 0.003999999999999945
  endloop
endfacet
facet normal 0 -1 0
  outer loop
    vertex 0.05558333333333312 0.025 0.003999999999999945
    vertex 0.05484722222222223 0.025 0.00522501815553957
    vertex 0.05411111111111109 0.025 0.003999999999999955
  endloop
endfacet
facet normal 0 -1 0
  outer loop
    vertex 0.05484722222222218 0.025 0.002774981844460477
    vertex 0.05558333333333312 0.025 0.003999999999999945
    vertex 0.05411111111111109 0.025 0.003999999999999955
  endloop
endfacet
facet normal 0 -1 -0
  outer loop
    vertex 0.01509722222222224 0.025 0.005225018155539527
    vertex 0.01436111111111113 0.025 0.003999989894729581
    vertex 0.01583333333333334 0.025 0.004
  endloop
endfacet
facet normal 0 -1 0
  outer loop
    vertex 0.02908333333333342 0.025 0.003999999999999984
    vertex 0.02981944444444449 0.025 0.002774981844460479
    vertex 0.03055555555555564 0.025 0.004000009879505863
  endloop
endfacet
facet normal -0 -1 0
  outer loop
    vertex 0.02319444444444447 0.025 0.004000000000000004
    vertex 0.02245833333333335 0.025 0.005225018155539527
    vertex 0.02172222222222225 0.025 0.003999990120494148
  endloop
endfacet
facet normal 0 -1 0
  outer loop
    vertex 0.01436111111111113 0.025 0.003999989894729581
    vertex 0.01509721619626061 0.025 0.002770286783052377
    vertex 0.01583333333333334 0.025 0.004
  endloop
endfacet
facet normal 0 -1 0
  outer loop
    vertex 0.05484722222222223 0.025 0.00522501815553957
    vertex 0.053375 0.025 0.005225018155539533
    vertex 0.05411111111111109 0.025 0.003999999999999955
  endloop
endfacet
facet normal 0 -1 0
  outer loop
    vertex 0.04527777777777772 0.025 0.00400000000000001
    vertex 0.04601388888888885 0.025 0.002774981844460474
    vertex 0.04674999999999998 0.025 0.004000000000000019
  endloop
endfacet
facet normal 0 -1 -0
  outer loop
    vertex 0.053375 0.025 0.005225018155539533
    vertex 0.05263888888888885 0.025 0.003999999999999991
    vertex 0.05411111111111109 0.025 0.003999999999999955
  endloop
endfacet
facet normal 0 -1 -0
  outer loop
    vertex 0.04601388888888886 0.025 0.005225018155539533
    vertex 0.04527777777777772 0.025 0.00400000000000001
    vertex 0.04674999999999998 0.025 0.004000000000000019
  endloop
endfacet
facet normal -0 -1 0
  outer loop
    vertex 0.05263888888888885 0.025 0.003999999999999991
    vertex 0.05190277777777777 0.025 0.005225018155539539
    vertex 0.05116666666666663 0.025 0.003999999999999988
  endloop
endfacet
facet normal 0 -1 0
  outer loop
    vertex 0.03570790406284557 0.025 0.002764709208824716
    vertex 0.03644444444444449 0.025 0.003999999999999984
    vertex 0.03496893866866563 0.025 0.003995096133413633
  endloop
endfacet
facet normal 0 -1 -0
  outer loop
    vertex 0.02834722222222225 0.025 0.005225018155539524
    vertex 0.02761111111111114 0.025 0.004000000000000004
    vertex 0.02908333333333342 0.025 0.003999999999999984
  endloop
endfacet
facet normal 0 -1 0
  outer loop
    vertex 0.05190277777777777 0.025 0.005225018155539539
    vertex 0.05043055555555555 0.025 0.00522501815553953
    vertex 0.05116666666666663 0.025 0.003999999999999988
  endloop
endfacet
facet normal -0 -1 0
  outer loop
    vertex 0.03644444444444449 0.025 0.003999999999999984
    vertex 0.03570833333333336 0.025 0.005225018155539533
    vertex 0.03496893866866563 0.025 0.003995096133413633
  endloop
endfacet
facet normal 0 -1 0
  outer loop
    vertex 0.02981939334081501 0.025 0.005229744756296974
    vertex 0.02834722222222225 0.025 0.005225018155539524
    vertex 0.02908333333333342 0.025 0.003999999999999984
  endloop
endfacet
facet normal -0 -1 0
  outer loop
    vertex 0.03718055555555561 0.025 0.005225018155539502
    vertex 0.03570833333333336 0.025 0.005225018155539533
    vertex 0.03644444444444449 0.025 0.003999999999999984
  endloop
endfacet
facet normal 0 -1 0
  outer loop
    vertex 0.04969444444444444 0.025 0.003999999999999997
    vertex 0.04895833333333333 0.025 0.005225018155539538
    vertex 0.0482222222222222 0.025 0.004000000000000016
  endloop
endfacet
facet normal 0 -1 0
  outer loop
    vertex 0.04454166666666665 0.025 0.002774981844460421
    vertex 0.04601388888888885 0.025 0.002774981844460474
    vertex 0.04527777777777772 0.025 0.00400000000000001
  endloop
endfacet
facet normal -0 -1 0
  outer loop
    vertex 0.053375 0.025 0.005225018155539533
    vertex 0.05190277777777777 0.025 0.005225018155539539
    vertex 0.05263888888888885 0.025 0.003999999999999991
  endloop
endfacet
facet normal 0 -1 0
  outer loop
    vertex 0.04748611111111106 0.025 0.00277498184446052
    vertex 0.04895833333333331 0.025 0.002774981844460477
    vertex 0.0482222222222222 0.025 0.004000000000000016
  endloop
endfacet
facet normal 0 -1 0
  outer loop
    vertex 0.02687500000000004 0.025 0.002774981844460483
    vertex 0.02761111111111114 0.025 0.004000000000000004
    vertex 0.02613888888888891 0.025 0.00400000000000001
  endloop
endfacet
facet normal 0 -1 0
  outer loop
    vertex 0.04454166666666666 0.025 0.005225018155539596
    vertex 0.04306944444444447 0.025 0.005225018155539533
    vertex 0.04380555555555555 0.025 0.004000000000000004
  endloop
endfacet
facet normal -0 -1 0
  outer loop
    vertex 0.04086111111111111 0.025 0.004000000000000012
    vertex 0.04012500000000001 0.025 0.005225018155539541
    vertex 0.03938888888888888 0.025 0.004000000000000002
  endloop
endfacet
facet normal -0 -1 0
  outer loop
    vertex 0.04748611111111112 0.025 0.005225018155539533
    vertex 0.04601388888888886 0.025 0.005225018155539533
    vertex 0.04674999999999998 0.025 0.004000000000000019
  endloop
endfacet
facet normal 0 -1 0
  outer loop
    vertex 0.04895833333333331 0.025 0.002774981844460477
    vertex 0.04969444444444444 0.025 0.003999999999999997
    vertex 0.0482222222222222 0.025 0.004000000000000016
  endloop
endfacet
facet normal 0 -1 0
  outer loop
    vertex 0.040125 0.025 0.002774981844460474
    vertex 0.04159722222222226 0.025 0.002774981844460495
    vertex 0.04086111111111111 0.025 0.004000000000000012
  endloop
endfacet
facet normal 0 -1 0
  outer loop
    vertex 0.04159722222222226 0.025 0.002774981844460495
    vertex 0.04306944444444447 0.025 0.002774981844460474
    vertex 0.04233333333333334 0.025 0.004000000000000017
  endloop
endfacet
facet normal 0 -1 -0
  outer loop
    vertex 0.04159722222222222 0.025 0.005225018155539533
    vertex 0.04086111111111111 0.025 0.004000000000000012
    vertex 0.04233333333333334 0.025 0.004000000000000017
  endloop
endfacet
facet normal -0 -1 0
  outer loop
    vertex 0.04306944444444447 0.025 0.005225018155539533
    vertex 0.04159722222222222 0.025 0.005225018155539533
    vertex 0.04233333333333334 0.025 0.004000000000000017
  endloop
endfacet
facet normal 0 -1 0
  outer loop
    vertex 0.04086111111111111 0.025 0.004000000000000012
    vertex 0.04159722222222226 0.025 0.002774981844460495
    vertex 0.04233333333333334 0.025 0.004000000000000017
  endloop
endfacet
facet normal 0 -1 0
  outer loop
    vertex 0.04012500000000001 0.025 0.005225018155539541
    vertex 0.03865277777777781 0.025 0.005225018155539533
    vertex 0.03938888888888888 0.025 0.004000000000000002
  endloop
endfacet
facet normal 0 -1 0
  outer loop
    vertex 0.01583333333333334 0.025 0.004
    vertex 0.01656944444444446 0.025 0.00277498184446048
    vertex 0.0173088336557871 0.025 0.004004817042076655
  endloop
endfacet
facet normal 0 -1 0
  outer loop
    vertex 0.04306944444444447 0.025 0.002774981844460474
    vertex 0.04380555555555555 0.025 0.004000000000000004
    vertex 0.04233333333333334 0.025 0.004000000000000017
  endloop
endfacet
facet normal 0 -1 0
  outer loop
    vertex 0.040125 0.025 0.002774981844460474
    vertex 0.04086111111111111 0.025 0.004000000000000012
    vertex 0.03938888888888888 0.025 0.004000000000000002
  endloop
endfacet
facet normal -0 -1 0
  outer loop
    vertex 0.05043055555555555 0.025 0.00522501815553953
    vertex 0.04895833333333333 0.025 0.005225018155539538
    vertex 0.04969444444444444 0.025 0.003999999999999997
  endloop
endfacet
facet normal 0 -1 0
  outer loop
    vertex 0.02761111111111114 0.025 0.004000000000000004
    vertex 0.02834722222222228 0.025 0.002774981844460505
    vertex 0.02908333333333342 0.025 0.003999999999999984
  endloop
endfacet
facet normal 0 -1 0
  outer loop
    vertex 0.03865277777777781 0.025 0.005225018155539533
    vertex 0.03718055555555561 0.025 0.005225018155539502
    vertex 0.0379166666666667 0.025 0.003999999999999983
  endloop
endfacet
facet normal 0 -1 0
  outer loop
    vertex 0.03423106289017491 0.025 0.002754103027225826
    vertex 0.03570790406284557 0.025 0.002764709208824716
    vertex 0.03496893866866563 0.025 0.003995096133413633
  endloop
endfacet
facet normal 0 -1 0
  outer loop
    vertex 0.02319444444444447 0.025 0.004000000000000004
    vertex 0.02393055555555558 0.025 0.00277498184446048
    vertex 0.02466666666666669 0.025 0.004000000000000014
  endloop
endfacet
facet normal 0 -1 0
  outer loop
    vertex 0.02540277777777782 0.025 0.002774981844460495
    vertex 0.02687500000000004 0.025 0.002774981844460483
    vertex 0.02613888888888891 0.025 0.00400000000000001
  endloop
endfacet
facet normal 0 -1 0
  outer loop
    vertex 0.02393055555555558 0.025 0.00277498184446048
    vertex 0.02540277777777782 0.025 0.002774981844460495
    vertex 0.02466666666666669 0.025 0.004000000000000014
  endloop
endfacet
facet normal 0 -1 0
  outer loop
    vertex 0.04380555555555555 0.025 0.004000000000000004
    vertex 0.04306944444444447 0.025 0.005225018155539533
    vertex 0.04233333333333334 0.025 0.004000000000000017
  endloop
endfacet
facet normal 0 -1 0
  outer loop
    vertex 0.03570790406284557 0.025 0.002764709208824716
    vertex 0.03718055555555558 0.025 0.002774981844460474
    vertex 0.03644444444444449 0.025 0.003999999999999984
  endloop
endfacet
facet normal 0 -1 -0
  outer loop
    vertex 0.01656987371493223 0.025 0.005235290791175278
    vertex 0.01583333333333334 0.025 0.004
    vertex 0.0173088336557871 0.025 0.004004817042076655
  endloop
endfacet
facet normal -0 -1 0
  outer loop
    vertex 0.04601388888888886 0.025 0.005225018155539533
    vertex 0.04454166666666666 0.025 0.005225018155539596
    vertex 0.04527777777777772 0.025 0.00400000000000001
  endloop
endfacet
facet normal -0 -1 0
  outer loop
    vertex 0.04159722222222222 0.025 0.005225018155539533
    vertex 0.04012500000000001 0.025 0.005225018155539541
    vertex 0.04086111111111111 0.025 0.004000000000000012
  endloop
endfacet
facet normal 0 -1 0
  outer loop
    vertex 0.04601388888888885 0.025 0.002774981844460474
    vertex 0.04748611111111106 0.025 0.00277498184446052
    vertex 0.04674999999999998 0.025 0.004000000000000019
  endloop
endfacet
facet normal 0 -1 0
  outer loop
    vertex 0.01656944444444446 0.025 0.00277498184446048
    vertex 0.01804991209419587 0.025 0.002761662704057011
    vertex 0.0173088336557871 0.025 0.004004817042076655
  endloop
endfacet
facet normal 0 -1 -0
  outer loop
    vertex 0.03718055555555561 0.025 0.005225018155539502
    vertex 0.03644444444444449 0.025 0.003999999999999984
    vertex 0.0379166666666667 0.025 0.003999999999999983
  endloop
endfacet
facet normal 0 -1 0
  outer loop
    vertex 0.04454166666666665 0.025 0.002774981844460421
    vertex 0.04527777777777772 0.025 0.00400000000000001
    vertex 0.04380555555555555 0.025 0.004000000000000004
  endloop
endfacet
facet normal 0 -1 0
  outer loop
    vertex 0.04895833333333331 0.025 0.002774981844460477
    vertex 0.05043055555555553 0.025 0.002774981844460473
    vertex 0.04969444444444444 0.025 0.003999999999999997
  endloop
endfacet
facet normal -0 -1 0
  outer loop
    vertex 0.04527777777777772 0.025 0.00400000000000001
    vertex 0.04454166666666666 0.025 0.005225018155539596
    vertex 0.04380555555555555 0.025 0.004000000000000004
  endloop
endfacet
facet normal 0 -1 0
  outer loop
    vertex 0.02245833333333336 0.025 0.00277028474839726
    vertex 0.02393055555555558 0.025 0.00277498184446048
    vertex 0.02319444444444447 0.025 0.004000000000000004
  endloop
endfacet
facet normal 0 -1 0
  outer loop
    vertex 0.02687500000000004 0.025 0.002774981844460483
    vertex 0.02834722222222228 0.025 0.002774981844460505
    vertex 0.02761111111111114 0.025 0.004000000000000004
  endloop
endfacet
facet normal 0 -1 0
  outer loop
    vertex 0.02761111111111114 0.025 0.004000000000000004
    vertex 0.02687500000000002 0.025 0.00522501815553951
    vertex 0.02613888888888891 0.025 0.00400000000000001
  endloop
endfacet
facet normal 0 -1 0
  outer loop
    vertex 0.01656987371493223 0.025 0.005235290791175278
    vertex 0.01509722222222224 0.025 0.005225018155539527
    vertex 0.01583333333333334 0.025 0.004
  endloop
endfacet
facet normal 0 -1 0
  outer loop
    vertex 0.05190277777777773 0.025 0.002774981844460474
    vertex 0.05263888888888885 0.025 0.003999999999999991
    vertex 0.05116666666666663 0.025 0.003999999999999988
  endloop
endfacet
facet normal -0 -1 0
  outer loop
    vertex 0.02393055555555558 0.025 0.005225018155539525
    vertex 0.02245833333333335 0.025 0.005225018155539527
    vertex 0.02319444444444447 0.025 0.004000000000000004
  endloop
endfacet
facet normal -0 -1 0
  outer loop
    vertex 0.03570833333333336 0.025 0.005225018155539533
    vertex 0.03422786568358195 0.025 0.005238105936829917
    vertex 0.03496893866866563 0.025 0.003995096133413633
  endloop
endfacet
facet normal 0 -1 0
  outer loop
    vertex 0.02834722222222225 0.025 0.005225018155539524
    vertex 0.02687500000000002 0.025 0.00522501815553951
    vertex 0.02761111111111114 0.025 0.004000000000000004
  endloop
endfacet
facet normal 0 -1 0
  outer loop
    vertex 0.01804671488760292 0.025 0.005245896972774182
    vertex 0.01656987371493223 0.025 0.005235290791175278
    vertex 0.0173088336557871 0.025 0.004004817042076655
  endloop
endfacet
facet normal -0 -1 0
  outer loop
    vertex 0.03938888888888888 0.025 0.004000000000000002
    vertex 0.03865277777777781 0.025 0.005225018155539533
    vertex 0.0379166666666667 0.025 0.003999999999999983
  endloop
endfacet
facet normal 0 -1 0
  outer loop
    vertex 0.04306944444444447 0.025 0.002774981844460474
    vertex 0.04454166666666665 0.025 0.002774981844460421
    vertex 0.04380555555555555 0.025 0.004000000000000004
  endloop
endfacet
facet normal 0 -1 0
  outer loop
    vertex 0.03865277777777779 0.025 0.002774981844460483
    vertex 0.040125 0.025 0.002774981844460474
    vertex 0.03938888888888888 0.025 0.004000000000000002
  endloop
endfacet
facet normal 0 -1 -0
  outer loop
    vertex 0.02393055555555558 0.025 0.005225018155539525
    vertex 0.02319444444444447 0.025 0.004000000000000004
    vertex 0.02466666666666669 0.025 0.004000000000000014
  endloop
endfacet
facet normal 0 -1 0
  outer loop
    vertex 0.01509721619626061 0.025 0.002770286783052377
    vertex 0.01656944444444446 0.025 0.00277498184446048
    vertex 0.01583333333333334 0.025 0.004
  endloop
endfacet
facet normal 0 -1 0
  outer loop
    vertex 0.0254027777777778 0.025 0.005225018155539525
    vertex 0.02393055555555558 0.025 0.005225018155539525
    vertex 0.02466666666666669 0.025 0.004000000000000014
  endloop
endfacet
facet normal 0 -1 0
  outer loop
    vertex 0.04895833333333333 0.025 0.005225018155539538
    vertex 0.04748611111111112 0.025 0.005225018155539533
    vertex 0.0482222222222222 0.025 0.004000000000000016
  endloop
endfacet
facet normal 0 -1 0
  outer loop
    vertex 0.02466666666666669 0.025 0.004000000000000014
    vertex 0.02540277777777782 0.025 0.002774981844460495
    vertex 0.02613888888888891 0.025 0.00400000000000001
  endloop
endfacet
facet normal 0 -1 -0
  outer loop
    vertex 0.05043055555555555 0.025 0.00522501815553953
    vertex 0.04969444444444444 0.025 0.003999999999999997
    vertex 0.05116666666666663 0.025 0.003999999999999988
  endloop
endfacet
facet normal 0 -1 0
  outer loop
    vertex 0.04748611111111106 0.025 0.00277498184446052
    vertex 0.0482222222222222 0.025 0.004000000000000016
    vertex 0.04674999999999998 0.025 0.004000000000000019
  endloop
endfacet
facet normal 0 -1 0
  outer loop
    vertex 0.03644444444444449 0.025 0.003999999999999984
    vertex 0.03718055555555558 0.025 0.002774981844460474
    vertex 0.0379166666666667 0.025 0.003999999999999983
  endloop
endfacet
facet normal -0 -1 0
  outer loop
    vertex 0.02687500000000002 0.025 0.00522501815553951
    vertex 0.0254027777777778 0.025 0.005225018155539525
    vertex 0.02613888888888891 0.025 0.00400000000000001
  endloop
endfacet
facet normal 0 -1 0
  outer loop
    vertex 0.05043055555555553 0.025 0.002774981844460473
    vertex 0.05190277777777773 0.025 0.002774981844460474
    vertex 0.05116666666666663 0.025 0.003999999999999988
  endloop
endfacet
facet normal 0 -1 0
  outer loop
    vertex 0.0482222222222222 0.025 0.004000000000000016
    vertex 0.04748611111111112 0.025 0.005225018155539533
    vertex 0.04674999999999998 0.025 0.004000000000000019
  endloop
endfacet
facet normal 0 -1 -0
  outer loop
    vertex 0.0254027777777778 0.025 0.005225018155539525
    vertex 0.02466666666666669 0.025 0.004000000000000014
    vertex 0.02613888888888891 0.025 0.00400000000000001
  endloop
endfacet
facet normal 0 -1 0
  outer loop
    vertex 0.03718055555555558 0.025 0.002774981844460474
    vertex 0.03865277777777779 0.025 0.002774981844460483
    vertex 0.0379166666666667 0.025 0.003999999999999983
  endloop
endfacet
facet normal 0 -1 0
  outer loop
    vertex 0.02834722222222228 0.025 0.002774981844460505
    vertex 0.02981944444444449 0.025 0.002774981844460479
    vertex 0.02908333333333342 0.025 0.003999999999999984
  endloop
endfacet
facet normal 0 -1 0
  outer loop
    vertex 0.03865277777777779 0.025 0.002774981844460483
    vertex 0.03938888888888888 0.025 0.004000000000000002
    vertex 0.0379166666666667 0.025 0.003999999999999983
  endloop
endfacet
facet normal 0 -1 0
  outer loop
    vertex 0.05263888888888885 0.025 0.003999999999999991
    vertex 0.05337499999999993 0.025 0.002774981844460528
    vertex 0.05411111111111109 0.025 0.003999999999999955
  endloop
endfacet
facet normal 0 -1 0
  outer loop
    vertex 0.05337499999999993 0.025 0.002774981844460528
    vertex 0.05484722222222218 0.025 0.002774981844460477
    vertex 0.05411111111111109 0.025 0.003999999999999955
  endloop
endfacet
facet normal 0 -1 0
  outer loop
    vertex 0.05190277777777773 0.025 0.002774981844460474
    vertex 0.05337499999999993 0.025 0.002774981844460528
    vertex 0.05263888888888885 0.025 0.003999999999999991
  endloop
endfacet
facet normal 0 -1 0
  outer loop
    vertex 0.04969444444444444 0.025 0.003999999999999997
    vertex 0.05043055555555553 0.025 0.002774981844460473
    vertex 0.05116666666666663 0.025 0.003999999999999988
  endloop
endfacet
facet normal 0 -1 0
  outer loop
    vertex 0.01362486110399476 0.025 0.002766700040140623
    vertex 0.01509721619626061 0.025 0.002770286783052377
    vertex 0.01436111111111113 0.025 0.003999989894729581
  endloop
endfacet
facet normal 0 -1 0
  outer loop
    vertex 0.02245833333333336 0.025 0.00277028474839726
    vertex 0.02319444444444447 0.025 0.004000000000000004
    vertex 0.02172222222222225 0.025 0.003999990120494148
  endloop
endfacet
facet normal 0 -1 -0
  outer loop
    vertex 0.02981939334081501 0.025 0.005229744756296974
    vertex 0.02908333333333342 0.025 0.003999999999999984
    vertex 0.03055555555555564 0.025 0.004000009879505863
  endloop
endfacet
facet normal 0 -1 -1.60388e-12
  outer loop
    vertex 0.03202777777777781 0.025000000000002 0.001500000000000057
    vertex 0.03350000000000004 0.025000000000002 0.001500000000000057
    vertex 0.03275903542956288 0.025 0.002745976390391627
  endloop
endfacet
facet normal 0 -1 0
  outer loop
    vertex 0.02098611111111113 0.025 0.002766652916389352
    vertex 0.02245833333333336 0.025 0.00277028474839726
    vertex 0.02172222222222225 0.025 0.003999990120494148
  endloop
endfacet
facet normal 0 -1 1.60379e-12
  outer loop
    vertex 0.02025000000000002 0.025000000000002 0.00649999999999995
    vertex 0.01877777777777779 0.025000000000002 0.00649999999999995
    vertex 0.01951869872161427 0.025 0.00525395239780758
  endloop
endfacet
facet normal 0 -1 0
  outer loop
    vertex 0.03129048874844827 0.025 0.005234027155011159
    vertex 0.02981939334081501 0.025 0.005229744756296974
    vertex 0.03055555555555564 0.025 0.004000009879505863
  endloop
endfacet
facet normal 0 -1 0
  outer loop
    vertex 0.01067425250193539 0.025 0.002767445891781758
    vertex 0.01215149861372807 0.025 0.002763970478408638
    vertex 0.01141557190707713 0.025 0.003999672060950405
  endloop
endfacet
facet normal 0 -1 0
  outer loop
    vertex 0.01001970182158632 0.025 0.004009718900023648
    vertex 0.01067425250193539 0.025 0.002767445891781758
    vertex 0.01141557190707713 0.025 0.003999672060950405
  endloop
endfacet
facet normal 0 -1 -0
  outer loop
    vertex 0.01068055555555556 0.025 0.005225018155539525
    vertex 0.01001970182158632 0.025 0.004009718900023648
    vertex 0.01141557190707713 0.025 0.003999672060950405
  endloop
endfacet
facet normal 0 -1 0
  outer loop
    vertex 0.01211031831642485 0.025 0.005249532136981289
    vertex 0.01068055555555556 0.025 0.005225018155539525
    vertex 0.01141557190707713 0.025 0.003999672060950405
  endloop
endfacet
facet normal -0 -1 0
  outer loop
    vertex 0.01509722222222224 0.025 0.005225018155539527
    vertex 0.01366738487741538 0.025 0.005249489075924856
    vertex 0.01436111111111113 0.025 0.003999989894729581
  endloop
endfacet
facet normal -0 -1 0
  outer loop
    vertex 0.02245833333333335 0.025 0.005225018155539527
    vertex 0.02098866326725112 0.025 0.005252392496296895
    vertex 0.02172222222222225 0.025 0.003999990120494148
  endloop
endfacet
facet normal 0 -1 0
  outer loop
    vertex 0.03349402159761351 0.025 0.003988640472061819
    vertex 0.03201226852123483 0.025 0.003985527008338831
    vertex 0.03275903542956288 0.025 0.002745976390391627
  endloop
endfacet
facet normal 0 -1 0
  outer loop
    vertex 0.02981944444444449 0.025 0.002774981844460479
    vertex 0.03128908179057623 0.025 0.002747587834723172
    vertex 0.03055555555555564 0.025 0.004000009879505863
  endloop
endfacet
facet normal 0 -1 0
  outer loop
    vertex 0.01878372346021381 0.025 0.004011069939992983
    vertex 0.02026531293683995 0.025 0.004014354977781517
    vertex 0.01951869872161427 0.025 0.00525395239780758
  endloop
endfacet
facet normal 0 -1 0
  outer loop
    vertex 0.05631944444444442 0.025 0.005225018155539527
    vertex 0.0569800289069845 0.025 0.004009809078631374
    vertex 0.05785614163983357 0.025 0.00520802107651947
  endloop
endfacet
facet normal 0 -1 0
  outer loop
    vertex 0.01001970182158632 0.025 0.004009718900023648
    vertex 0.01068055555555556 0.025 0.005225018155539525
    vertex 0.009143818893625385 0.025 0.005208008193861238
  endloop
endfacet
facet normal 0 -1 0
  outer loop
    vertex 0.007 0.025 0.004000000000000003
    vertex 0.007 0.025 0.002750000000000029
    vertex 0.008082531754730527 0.025 0.003375000000000016
  endloop
endfacet
facet normal 0 -1 0
  outer loop
    vertex 0.06 0.025 0.002750000000000029
    vertex 0.06 0.025 0.004000000000000003
    vertex 0.05891746824526953 0.025 0.003375000000000016
  endloop
endfacet
facet normal -1.72392e-14 -1 1.55744e-12
  outer loop
    vertex 0.01068055555555556 0.025 0.005225018155539525
    vertex 0.009944444444444447 0.025000000000002 0.00649999999999995
    vertex 0.009143818893625385 0.025 0.005208008193861238
  endloop
endfacet
facet normal 1.72266e-14 -1 1.55745e-12
  outer loop
    vertex 0.05705555555555553 0.025000000000002 0.00649999999999995
    vertex 0.05631944444444442 0.025 0.005225018155539527
    vertex 0.05785614163983357 0.025 0.00520802107651947
  endloop
endfacet
facet normal 0 -1 0
  outer loop
    vertex 0.06 0.025 0.004000000000000003
    vertex 0.06 0.025 0.005249999999999977
    vertex 0.05896108910729458 0.025 0.004589182734468186
  endloop
endfacet
facet normal 0 -1 0
  outer loop
    vertex 0.007 0.025 0.005249999999999977
    vertex 0.007 0.025 0.004000000000000003
    vertex 0.008038909893511427 0.025 0.004589182734468194
  endloop
endfacet
facet normal -1.3574e-12 -1 -1.44377e-12
  outer loop
    vertex 0.05852777777777776 0.025000000000002 0.001500000000000057
    vertex 0.06 0.025 0.001500000000000057
    vertex 0.0590611891264775 0.025 0.002382652693641837
  endloop
endfacet
facet normal 1.3574e-12 -1 -1.44376e-12
  outer loop
    vertex 0.007 0.025 0.001500000000000057
    vertex 0.008472222222222225 0.025000000000002 0.001500000000000057
    vertex 0.007938794479844996 0.025 0.002382643690411719
  endloop
endfacet
facet normal 1.3574e-12 -1 1.41903e-12
  outer loop
    vertex 0.008472222222222225 0.025000000000002 0.00649999999999995
    vertex 0.007 0.025 0.00649999999999995
    vertex 0.007930990201871808 0.025 0.005609438185665862
  endloop
endfacet
facet normal -1.3574e-12 -1 1.41904e-12
  outer loop
    vertex 0.06 0.025 0.00649999999999995
    vertex 0.05852777777777776 0.025000000000002 0.00649999999999995
    vertex 0.05906900170498119 0.025 0.005609440762197506
  endloop
endfacet
facet normal 0 -1 -0
  outer loop
    vertex 0.008038909893511427 0.025 0.004589182734468194
    vertex 0.007 0.025 0.004000000000000003
    vertex 0.008082531754730527 0.025 0.003375000000000016
  endloop
endfacet
facet normal -0 -1 0
  outer loop
    vertex 0.06 0.025 0.004000000000000003
    vertex 0.05896108910729458 0.025 0.004589182734468186
    vertex 0.05891746824526953 0.025 0.003375000000000016
  endloop
endfacet
facet normal 6.18344e-13 -1 1.86818e-12
  outer loop
    vertex 0.009143818893625385 0.025 0.005208008193861238
    vertex 0.008472222222222225 0.025000000000002 0.00649999999999995
    vertex 0.007930990201871808 0.025 0.005609438185665862
  endloop
endfacet
facet normal -6.1832e-13 -1 1.86821e-12
  outer loop
    vertex 0.05852777777777776 0.025000000000002 0.00649999999999995
    vertex 0.05785614163983357 0.025 0.00520802107651947
    vertex 0.05906900170498119 0.025 0.005609440762197506
  endloop
endfacet
facet normal 0 -1 0
  outer loop
    vertex 0.05785614163983357 0.025 0.00520802107651947
    vertex 0.05896108910729458 0.025 0.004589182734468186
    vertex 0.05906900170498119 0.025 0.005609440762197506
  endloop
endfacet
facet normal 0 -1 0
  outer loop
    vertex 0.008038909893511427 0.025 0.004589182734468194
    vertex 0.009143818893625385 0.025 0.005208008193861238
    vertex 0.007930990201871808 0.025 0.005609438185665862
  endloop
endfacet
facet normal 0 -1 0
  outer loop
    vertex 0.06 0.025 0.001500000000000057
    vertex 0.06 0.025 0.002750000000000029
    vertex 0.0590611891264775 0.025 0.002382652693641837
  endloop
endfacet
facet normal 0 -1 0
  outer loop
    vertex 0.007 0.025 0.002750000000000029
    vertex 0.007 0.025 0.001500000000000057
    vertex 0.007938794479844996 0.025 0.002382643690411719
  endloop
endfacet
facet normal 0 -1 0
  outer loop
    vertex 0.007 0.025 0.00649999999999995
    vertex 0.007 0.025 0.005249999999999977
    vertex 0.007930990201871808 0.025 0.005609438185665862
  endloop
endfacet
facet normal 0 -1 0
  outer loop
    vertex 0.06 0.025 0.005249999999999977
    vertex 0.06 0.025 0.00649999999999995
    vertex 0.05906900170498119 0.025 0.005609440762197506
  endloop
endfacet
facet normal 6.35243e-13 -1 -1.8802e-12
  outer loop
    vertex 0.008472222222222225 0.025000000000002 0.001500000000000057
    vertex 0.009139218422272223 0.025 0.002788218452058438
    vertex 0.007938794479844996 0.025 0.002382643690411719
  endloop
endfacet
facet normal -6.35259e-13 -1 -1.88018e-12
  outer loop
    vertex 0.05786069960934015 0.025 0.002788263468209025
    vertex 0.05852777777777776 0.025000000000002 0.001500000000000057
    vertex 0.0590611891264775 0.025 0.002382652693641837
  endloop
endfacet
facet normal -0 -1 0
  outer loop
    vertex 0.05896108910729458 0.025 0.004589182734468186
    vertex 0.05785614163983357 0.025 0.00520802107651947
    vertex 0.05811508550174446 0.025 0.003994055271565614
  endloop
endfacet
facet normal 0 -1 0
  outer loop
    vertex 0.009143818893625385 0.025 0.005208008193861238
    vertex 0.008038909893511427 0.025 0.004589182734468194
    vertex 0.008884836157145175 0.025 0.003994025656082307
  endloop
endfacet
facet normal 0 -1 -0
  outer loop
    vertex 0.05785614163983357 0.025 0.00520802107651947
    vertex 0.0569800289069845 0.025 0.004009809078631374
    vertex 0.05811508550174446 0.025 0.003994055271565614
  endloop
endfacet
facet normal -0 -1 0
  outer loop
    vertex 0.01001970182158632 0.025 0.004009718900023648
    vertex 0.009143818893625385 0.025 0.005208008193861238
    vertex 0.008884836157145175 0.025 0.003994025656082307
  endloop
endfacet
facet normal 0 -1 0
  outer loop
    vertex 0.0569800289069845 0.025 0.004009809078631374
    vertex 0.05786069960934015 0.025 0.002788263468209025
    vertex 0.05811508550174446 0.025 0.003994055271565614
  endloop
endfacet
facet normal 0 -1 0
  outer loop
    vertex 0.009139218422272223 0.025 0.002788218452058438
    vertex 0.01001970182158632 0.025 0.004009718900023648
    vertex 0.008884836157145175 0.025 0.003994025656082307
  endloop
endfacet
facet normal -0 -1 0
  outer loop
    vertex 0.009139218422272223 0.025 0.002788218452058438
    vertex 0.008082531754730527 0.025 0.003375000000000016
    vertex 0.007938794479844996 0.025 0.002382643690411719
  endloop
endfacet
facet normal 0 -1 -0
  outer loop
    vertex 0.05891746824526953 0.025 0.003375000000000016
    vertex 0.05786069960934015 0.025 0.002788263468209025
    vertex 0.0590611891264775 0.025 0.002382652693641837
  endloop
endfacet
facet normal 0 -1 0
  outer loop
    vertex 0.05786069960934015 0.025 0.002788263468209025
    vertex 0.05891746824526953 0.025 0.003375000000000016
    vertex 0.05811508550174446 0.025 0.003994055271565614
  endloop
endfacet
facet normal 0 -1 0
  outer loop
    vertex 0.008082531754730527 0.025 0.003375000000000016
    vertex 0.009139218422272223 0.025 0.002788218452058438
    vertex 0.008884836157145175 0.025 0.003994025656082307
  endloop
endfacet
facet normal 0 -1 0
  outer loop
    vertex 0.008082531754730527 0.025 0.003375000000000016
    vertex 0.007 0.025 0.002750000000000029
    vertex 0.007938794479844996 0.025 0.002382643690411719
  endloop
endfacet
facet normal -0 -1 0
  outer loop
    vertex 0.06 0.025 0.002750000000000029
    vertex 0.05891746824526953 0.025 0.003375000000000016
    vertex 0.0590611891264775 0.025 0.002382652693641837
  endloop
endfacet
facet normal 0 -1 0
  outer loop
    vertex 0.05896108910729458 0.025 0.004589182734468186
    vertex 0.06 0.025 0.005249999999999977
    vertex 0.05906900170498119 0.025 0.005609440762197506
  endloop
endfacet
facet normal 0 -1 0
  outer loop
    vertex 0.007 0.025 0.005249999999999977
    vertex 0.008038909893511427 0.025 0.004589182734468194
    vertex 0.007930990201871808 0.025 0.005609438185665862
  endloop
endfacet
facet normal 0 -1 0
  outer loop
    vertex 0.05891746824526953 0.025 0.003375000000000016
    vertex 0.05896108910729458 0.025 0.004589182734468186
    vertex 0.05811508550174446 0.025 0.003994055271565614
  endloop
endfacet
facet normal 0 -1 0
  outer loop
    vertex 0.008038909893511427 0.025 0.004589182734468194
    vertex 0.008082531754730527 0.025 0.003375000000000016
    vertex 0.008884836157145175 0.025 0.003994025656082307
  endloop
endfacet
facet normal 0 1 0
  outer loop
    vertex 0.04733160439085985 0.029 0.002751923788646711
    vertex 0.04649999999999999 0.029 0.001500000000000057
    vertex 0.04566839560914013 0.029 0.002751923788646722
  endloop
endfacet
facet normal 0 1 0
  outer loop
    vertex 0.04649999999999999 0.029 0.003990227090546859
    vertex 0.04733160439085985 0.029 0.002751923788646711
    vertex 0.04566839560914013 0.029 0.002751923788646722
  endloop
endfacet
facet normal 0 1 0
  outer loop
    vertex 0.01576360073180999 0.029 0.00522516031572054
    vertex 0.01651150485184193 0.029 0.003978671125601707
    vertex 0.01500613383434235 0.029 0.003993388194516347
  endloop
endfacet
facet normal 0 1 0
  outer loop
    vertex 0.01875497434172679 0.029 0.00274541160557673
    vertex 0.01800000000000001 0.029 0.001500000000000057
    vertex 0.01725934000872754 0.029 0.00274241459132958
  endloop
endfacet
facet normal 0 1 -0
  outer loop
    vertex 0.005999999999999998 0.029 0.001500000000000057
    vertex 0.005173981200159855 0.029 0.002790709354727863
    vertex 0.006737275879670261 0.029 0.002764991833098206
  endloop
endfacet
facet normal 0 1 0
  outer loop
    vertex 0.005999999999999998 0.029 0.001500000000000057
    vertex 0.004499999999999997 0.029 0.001500000000000057
    vertex 0.005173981200159855 0.029 0.002790709354727863
  endloop
endfacet
facet normal 0 1 0
  outer loop
    vertex 0.0585 0.029 0.001500000000000057
    vertex 0.057 0.029 0.001500000000000057
    vertex 0.05782619508858063 0.029 0.002790607574376088
  endloop
endfacet
facet normal 0 1 -0
  outer loop
    vertex 0.05549999999999999 0.029 0.001500000000000057
    vertex 0.05474999999999999 0.029 0.002799038105676716
    vertex 0.05626295129943129 0.029 0.00276485134519286
  endloop
endfacet
facet normal 0 1 0
  outer loop
    vertex 0.05782619508858063 0.029 0.002790607574376088
    vertex 0.057 0.029 0.001500000000000057
    vertex 0.05626295129943129 0.029 0.00276485134519286
  endloop
endfacet
facet normal 0 1 0
  outer loop
    vertex 0.008250000000000021 0.029 0.002799038105676713
    vertex 0.0075 0.029 0.001500000000000057
    vertex 0.006737275879670261 0.029 0.002764991833098206
  endloop
endfacet
facet normal 0 1 0
  outer loop
    vertex 0.0075 0.029 0.001500000000000057
    vertex 0.005999999999999998 0.029 0.001500000000000057
    vertex 0.006737275879670261 0.029 0.002764991833098206
  endloop
endfacet
facet normal 0 1 0
  outer loop
    vertex 0.057 0.029 0.001500000000000057
    vertex 0.05549999999999999 0.029 0.001500000000000057
    vertex 0.05626295129943129 0.029 0.00276485134519286
  endloop
endfacet
facet normal -0 1 0
  outer loop
    vertex 0.006755601415813745 0.029 0.00521613368496922
    vertex 0.0075 0.029 0.00649999999999995
    vertex 0.008250000000000063 0.029 0.005200961894323212
  endloop
endfacet
facet normal -0 1 0
  outer loop
    vertex 0.0075 0.029 0.00649999999999995
    vertex 0.009000000000000001 0.029 0.00649999999999995
    vertex 0.008250000000000063 0.029 0.005200961894323212
  endloop
endfacet
facet normal 0 1 0
  outer loop
    vertex 0.0255 0.029 0.00649999999999995
    vertex 0.02625000000000001 0.029 0.005200961894323297
    vertex 0.02474999999999995 0.029 0.005200961894323297
  endloop
endfacet
facet normal 0 1 0
  outer loop
    vertex 0.0105 0.029 0.001500000000000057
    vertex 0.009000000000000001 0.029 0.001500000000000057
    vertex 0.009750000000000036 0.029 0.002799038105676766
  endloop
endfacet
facet normal 0 1 0
  outer loop
    vertex 0.021 0.029 0.00649999999999995
    vertex 0.02175000000000001 0.029 0.005200961894323295
    vertex 0.02024999999999998 0.029 0.005210184822865631
  endloop
endfacet
facet normal 0 1 -0
  outer loop
    vertex 0.021 0.029 0.001500000000000057
    vertex 0.02025 0.029 0.00279903810567671
    vertex 0.02175000000000003 0.029 0.00279903810567674
  endloop
endfacet
facet normal 0 1 -0
  outer loop
    vertex 0.009000000000000001 0.029 0.001500000000000057
    vertex 0.008250000000000021 0.029 0.002799038105676713
    vertex 0.009750000000000036 0.029 0.002799038105676766
  endloop
endfacet
facet normal -0 1 0
  outer loop
    vertex 0.03374999999999998 0.029 0.005200961894323283
    vertex 0.0345 0.029 0.00649999999999995
    vertex 0.03525 0.029 0.005200961894323276
  endloop
endfacet
facet normal -0 1 0
  outer loop
    vertex 0.01950000000000001 0.029 0.00649999999999995
    vertex 0.021 0.029 0.00649999999999995
    vertex 0.02024999999999998 0.029 0.005210184822865631
  endloop
endfacet
facet normal 0 1 0
  outer loop
    vertex 0.02250000000000001 0.029 0.001500000000000057
    vertex 0.021 0.029 0.001500000000000057
    vertex 0.02175000000000003 0.029 0.00279903810567674
  endloop
endfacet
facet normal 0 1 0
  outer loop
    vertex 0.03524999999999999 0.029 0.00279903810567671
    vertex 0.0345 0.029 0.001500000000000057
    vertex 0.03374999999999997 0.029 0.002799038105676731
  endloop
endfacet
facet normal -0 1 0
  outer loop
    vertex 0.03974999999999999 0.029 0.005200961894323291
    vertex 0.04049999999999999 0.029 0.00649999999999995
    vertex 0.04125000000000001 0.029 0.005200961894323279
  endloop
endfacet
facet normal 0 1 0
  outer loop
    vertex 0.04349999999999999 0.029 0.001500000000000057
    vertex 0.042 0.029 0.001500000000000057
    vertex 0.04274999999999998 0.029 0.002799038105676723
  endloop
endfacet
facet normal -0 1 0
  outer loop
    vertex 0.009750000000000009 0.029 0.005200961894323297
    vertex 0.0105 0.029 0.00649999999999995
    vertex 0.01125000000000003 0.029 0.005200961894323295
  endloop
endfacet
facet normal -0 1 0
  outer loop
    vertex 0.03149999999999999 0.029 0.00649999999999995
    vertex 0.033 0.029 0.00649999999999995
    vertex 0.03224999999999999 0.029 0.005200961894323296
  endloop
endfacet
facet normal 0 1 0
  outer loop
    vertex 0.04424999999999999 0.029 0.002799038105676713
    vertex 0.04349999999999999 0.029 0.001500000000000057
    vertex 0.04274999999999998 0.029 0.002799038105676723
  endloop
endfacet
facet normal 0 1 0
  outer loop
    vertex 0.01500000000000001 0.029 0.001500000000000057
    vertex 0.01350000000000001 0.029 0.001500000000000057
    vertex 0.01425082608915272 0.029 0.002778863331438221
  endloop
endfacet
facet normal -0 1 0
  outer loop
    vertex 0.04049999999999999 0.029 0.00649999999999995
    vertex 0.042 0.029 0.00649999999999995
    vertex 0.04125000000000001 0.029 0.005200961894323279
  endloop
endfacet
facet normal 0 1 0
  outer loop
    vertex 0.02325000000000004 0.029 0.002799038105676713
    vertex 0.02250000000000001 0.029 0.001500000000000057
    vertex 0.02175000000000003 0.029 0.00279903810567674
  endloop
endfacet
facet normal 0 1 0
  outer loop
    vertex 0.01200000000000001 0.029 0.001500000000000057
    vertex 0.0105 0.029 0.001500000000000057
    vertex 0.01125000000000001 0.029 0.002799038105676713
  endloop
endfacet
facet normal -0 1 0
  outer loop
    vertex 0.0105 0.029 0.00649999999999995
    vertex 0.01200000000000001 0.029 0.00649999999999995
    vertex 0.01125000000000003 0.029 0.005200961894323295
  endloop
endfacet
facet normal 0 1 0
  outer loop
    vertex 0.03749999999999999 0.029 0.001500000000000057
    vertex 0.03599999999999999 0.029 0.001500000000000057
    vertex 0.03674999999999998 0.029 0.002799038105676724
  endloop
endfacet
facet normal 0 1 0
  outer loop
    vertex 0.03824999999999999 0.029 0.002799038105676716
    vertex 0.03749999999999999 0.029 0.001500000000000057
    vertex 0.03674999999999998 0.029 0.002799038105676724
  endloop
endfacet
facet normal 0 1 0
  outer loop
    vertex 0.0345 0.029 0.001500000000000057
    vertex 0.033 0.029 0.001500000000000057
    vertex 0.03374999999999997 0.029 0.002799038105676731
  endloop
endfacet
facet normal -0 1 0
  outer loop
    vertex 0.0345 0.029 0.00649999999999995
    vertex 0.03599999999999999 0.029 0.00649999999999995
    vertex 0.03525 0.029 0.005200961894323276
  endloop
endfacet
facet normal 0 1 0
  outer loop
    vertex 0.04499999999999999 0.029 0.00649999999999995
    vertex 0.04574999999999999 0.029 0.005217320266091376
    vertex 0.04424999999999998 0.029 0.005210184822865649
  endloop
endfacet
facet normal -0 1 0
  outer loop
    vertex 0.02250000000000001 0.029 0.00649999999999995
    vertex 0.02400000000000001 0.029 0.00649999999999995
    vertex 0.02324999999999999 0.029 0.005200961894323288
  endloop
endfacet
facet normal 0 1 0
  outer loop
    vertex 0.01125000000000001 0.029 0.002799038105676713
    vertex 0.0105 0.029 0.001500000000000057
    vertex 0.009750000000000036 0.029 0.002799038105676766
  endloop
endfacet
facet normal 0 1 0
  outer loop
    vertex 0.04275 0.029 0.005200961894323297
    vertex 0.04349999999999999 0.029 0.00649999999999995
    vertex 0.04424999999999998 0.029 0.005210184822865649
  endloop
endfacet
facet normal -0 1 0
  outer loop
    vertex 0.04349999999999999 0.029 0.00649999999999995
    vertex 0.04499999999999999 0.029 0.00649999999999995
    vertex 0.04424999999999998 0.029 0.005210184822865649
  endloop
endfacet
facet normal 0 1 0
  outer loop
    vertex 0.01200000000000001 0.029 0.00649999999999995
    vertex 0.01275000000000004 0.029 0.005200961894323291
    vertex 0.01125000000000003 0.029 0.005200961894323295
  endloop
endfacet
facet normal 0 1 0
  outer loop
    vertex 0.01575971480843572 0.029 0.002757935183338798
    vertex 0.01500000000000001 0.029 0.001500000000000057
    vertex 0.01425082608915272 0.029 0.002778863331438221
  endloop
endfacet
facet normal 0 1 -0
  outer loop
    vertex 0.04949999999999999 0.029 0.001500000000000057
    vertex 0.04874999999999999 0.029 0.00279903810567671
    vertex 0.05024999999999999 0.029 0.002799038105676714
  endloop
endfacet
facet normal -0 1 0
  outer loop
    vertex 0.04649999999999999 0.029 0.00649999999999995
    vertex 0.04799999999999999 0.029 0.00649999999999995
    vertex 0.04724999999999999 0.029 0.005220046661386058
  endloop
endfacet
facet normal 0 1 0
  outer loop
    vertex 0.03599999999999999 0.029 0.00649999999999995
    vertex 0.03675 0.029 0.005200961894323295
    vertex 0.03525 0.029 0.005200961894323276
  endloop
endfacet
facet normal -0 1 0
  outer loop
    vertex 0.033 0.029 0.00649999999999995
    vertex 0.0345 0.029 0.00649999999999995
    vertex 0.03374999999999998 0.029 0.005200961894323283
  endloop
endfacet
facet normal -0 1 0
  outer loop
    vertex 0.03224999999999999 0.029 0.005200961894323296
    vertex 0.033 0.029 0.00649999999999995
    vertex 0.03374999999999998 0.029 0.005200961894323283
  endloop
endfacet
facet normal -0 1 0
  outer loop
    vertex 0.01800000000000001 0.029 0.00649999999999995
    vertex 0.01950000000000001 0.029 0.00649999999999995
    vertex 0.01874999999999999 0.029 0.005217320266091385
  endloop
endfacet
facet normal -0 1 0
  outer loop
    vertex 0.01874999999999999 0.029 0.005217320266091385
    vertex 0.01950000000000001 0.029 0.00649999999999995
    vertex 0.02024999999999998 0.029 0.005210184822865631
  endloop
endfacet
facet normal 0 1 0
  outer loop
    vertex 0.04949999999999999 0.029 0.00649999999999995
    vertex 0.05024999999999999 0.029 0.005200961894323295
    vertex 0.04874999999999999 0.029 0.005210303106709828
  endloop
endfacet
facet normal 0 1 0
  outer loop
    vertex 0.05099999999999999 0.029 0.001500000000000057
    vertex 0.04949999999999999 0.029 0.001500000000000057
    vertex 0.05024999999999999 0.029 0.002799038105676714
  endloop
endfacet
facet normal 0 1 0
  outer loop
    vertex 0.04499999999999999 0.029 0.001500000000000057
    vertex 0.04349999999999999 0.029 0.001500000000000057
    vertex 0.04424999999999999 0.029 0.002799038105676713
  endloop
endfacet
facet normal 0 1 0
  outer loop
    vertex 0.042 0.029 0.001500000000000057
    vertex 0.04049999999999999 0.029 0.001500000000000057
    vertex 0.04124999999999999 0.029 0.002799038105676713
  endloop
endfacet
facet normal 0 1 -0
  outer loop
    vertex 0.042 0.029 0.001500000000000057
    vertex 0.04124999999999999 0.029 0.002799038105676713
    vertex 0.04274999999999998 0.029 0.002799038105676723
  endloop
endfacet
facet normal 0 1 -0
  outer loop
    vertex 0.033 0.029 0.001500000000000057
    vertex 0.03224999999999999 0.029 0.002799038105676712
    vertex 0.03374999999999997 0.029 0.002799038105676731
  endloop
endfacet
facet normal -0 1 0
  outer loop
    vertex 0.0285 0.029 0.00649999999999995
    vertex 0.03 0.029 0.00649999999999995
    vertex 0.02924999999999999 0.029 0.005200961894323295
  endloop
endfacet
facet normal 0 1 0
  outer loop
    vertex 0.009000000000000001 0.029 0.001500000000000057
    vertex 0.0075 0.029 0.001500000000000057
    vertex 0.008250000000000021 0.029 0.002799038105676713
  endloop
endfacet
facet normal -0 1 0
  outer loop
    vertex 0.021 0.029 0.00649999999999995
    vertex 0.02250000000000001 0.029 0.00649999999999995
    vertex 0.02175000000000001 0.029 0.005200961894323295
  endloop
endfacet
facet normal 0 1 0
  outer loop
    vertex 0.05174999999999999 0.029 0.002799038105676716
    vertex 0.05099999999999999 0.029 0.001500000000000057
    vertex 0.05024999999999999 0.029 0.002799038105676714
  endloop
endfacet
facet normal 0 1 0
  outer loop
    vertex 0.04574999999999999 0.029 0.005217320266091376
    vertex 0.04649999999999999 0.029 0.00649999999999995
    vertex 0.04724999999999999 0.029 0.005220046661386058
  endloop
endfacet
facet normal 0 1 0
  outer loop
    vertex 0.042 0.029 0.00649999999999995
    vertex 0.04275 0.029 0.005200961894323297
    vertex 0.04125000000000001 0.029 0.005200961894323279
  endloop
endfacet
facet normal 0 1 0
  outer loop
    vertex 0.02400000000000001 0.029 0.001500000000000057
    vertex 0.02250000000000001 0.029 0.001500000000000057
    vertex 0.02325000000000004 0.029 0.002799038105676713
  endloop
endfacet
facet normal 0 1 0
  outer loop
    vertex 0.01650000000000001 0.029 0.001500000000000057
    vertex 0.01500000000000001 0.029 0.001500000000000057
    vertex 0.01575971480843572 0.029 0.002757935183338798
  endloop
endfacet
facet normal 0 1 0
  outer loop
    vertex 0.03149999999999999 0.029 0.00649999999999995
    vertex 0.03224999999999999 0.029 0.005200961894323296
    vertex 0.03074999999999998 0.029 0.005200961894323309
  endloop
endfacet
facet normal -0 1 0
  outer loop
    vertex 0.01500000000000001 0.029 0.00649999999999995
    vertex 0.01650000000000001 0.029 0.00649999999999995
    vertex 0.01576360073180999 0.029 0.00522516031572054
  endloop
endfacet
facet normal 0 1 0
  outer loop
    vertex 0.04124999999999999 0.029 0.002799038105676713
    vertex 0.04049999999999999 0.029 0.001500000000000057
    vertex 0.03974999999999999 0.029 0.002799038105676713
  endloop
endfacet
facet normal 0 1 0
  outer loop
    vertex 0.033 0.029 0.001500000000000057
    vertex 0.03149999999999999 0.029 0.001500000000000057
    vertex 0.03224999999999999 0.029 0.002799038105676712
  endloop
endfacet
facet normal 0 1 0
  outer loop
    vertex 0.05549999999999999 0.029 0.00649999999999995
    vertex 0.05624447066787604 0.029 0.005216088668747147
    vertex 0.05474999999999999 0.029 0.005200961894323291
  endloop
endfacet
facet normal 0 1 0
  outer loop
    vertex 0.05324999999999999 0.029 0.005200961894323291
    vertex 0.05399999999999999 0.029 0.00649999999999995
    vertex 0.05474999999999999 0.029 0.005200961894323291
  endloop
endfacet
facet normal 0 1 0
  outer loop
    vertex 0.05249999999999999 0.029 0.00649999999999995
    vertex 0.05324999999999999 0.029 0.005200961894323291
    vertex 0.05174999999999999 0.029 0.005200961894323291
  endloop
endfacet
facet normal -0 1 0
  outer loop
    vertex 0.04949999999999999 0.029 0.00649999999999995
    vertex 0.05099999999999999 0.029 0.00649999999999995
    vertex 0.05024999999999999 0.029 0.005200961894323295
  endloop
endfacet
facet normal 0 1 0
  outer loop
    vertex 0.03899999999999999 0.029 0.00649999999999995
    vertex 0.03974999999999999 0.029 0.005200961894323291
    vertex 0.03824999999999999 0.029 0.005200961894323293
  endloop
endfacet
facet normal -0 1 0
  outer loop
    vertex 0.03599999999999999 0.029 0.00649999999999995
    vertex 0.03749999999999999 0.029 0.00649999999999995
    vertex 0.03675 0.029 0.005200961894323295
  endloop
endfacet
facet normal 0 1 0
  outer loop
    vertex 0.05474999999999999 0.029 0.002799038105676716
    vertex 0.05399999999999999 0.029 0.001500000000000057
    vertex 0.05324999999999999 0.029 0.002799038105676714
  endloop
endfacet
facet normal 0 1 -0
  outer loop
    vertex 0.05249999999999999 0.029 0.001500000000000057
    vertex 0.05174999999999999 0.029 0.002799038105676716
    vertex 0.05324999999999999 0.029 0.002799038105676714
  endloop
endfacet
facet normal -0 1 0
  outer loop
    vertex 0.04574999999999999 0.029 0.005217320266091376
    vertex 0.04724999999999999 0.029 0.005220046661386058
    vertex 0.04649999999999999 0.029 0.003990227090546859
  endloop
endfacet
facet normal -0 1 0
  outer loop
    vertex 0.05549999999999999 0.029 0.00649999999999995
    vertex 0.057 0.029 0.00649999999999995
    vertex 0.05624447066787604 0.029 0.005216088668747147
  endloop
endfacet
facet normal -0 1 0
  outer loop
    vertex 0.05399999999999999 0.029 0.00649999999999995
    vertex 0.05549999999999999 0.029 0.00649999999999995
    vertex 0.05474999999999999 0.029 0.005200961894323291
  endloop
endfacet
facet normal -0 1 0
  outer loop
    vertex 0.05249999999999999 0.029 0.00649999999999995
    vertex 0.05399999999999999 0.029 0.00649999999999995
    vertex 0.05324999999999999 0.029 0.005200961894323291
  endloop
endfacet
facet normal -0 1 0
  outer loop
    vertex 0.05099999999999999 0.029 0.00649999999999995
    vertex 0.05249999999999999 0.029 0.00649999999999995
    vertex 0.05174999999999999 0.029 0.005200961894323291
  endloop
endfacet
facet normal -0 1 0
  outer loop
    vertex 0.04499999999999999 0.029 0.00649999999999995
    vertex 0.04649999999999999 0.029 0.00649999999999995
    vertex 0.04574999999999999 0.029 0.005217320266091376
  endloop
endfacet
facet normal -0 1 0
  outer loop
    vertex 0.03899999999999999 0.029 0.00649999999999995
    vertex 0.04049999999999999 0.029 0.00649999999999995
    vertex 0.03974999999999999 0.029 0.005200961894323291
  endloop
endfacet
facet normal -0 1 0
  outer loop
    vertex 0.03675 0.029 0.005200961894323295
    vertex 0.03749999999999999 0.029 0.00649999999999995
    vertex 0.03824999999999999 0.029 0.005200961894323293
  endloop
endfacet
facet normal -0 1 0
  outer loop
    vertex 0.01200000000000001 0.029 0.00649999999999995
    vertex 0.01350000000000001 0.029 0.00649999999999995
    vertex 0.01275000000000004 0.029 0.005200961894323291
  endloop
endfacet
facet normal -0 1 0
  outer loop
    vertex 0.005999999999999998 0.029 0.00649999999999995
    vertex 0.0075 0.029 0.00649999999999995
    vertex 0.006755601415813745 0.029 0.00521613368496922
  endloop
endfacet
facet normal 0 1 0
  outer loop
    vertex 0.05549999999999999 0.029 0.001500000000000057
    vertex 0.05399999999999999 0.029 0.001500000000000057
    vertex 0.05474999999999999 0.029 0.002799038105676716
  endloop
endfacet
facet normal 0 1 0
  outer loop
    vertex 0.05249999999999999 0.029 0.001500000000000057
    vertex 0.05099999999999999 0.029 0.001500000000000057
    vertex 0.05174999999999999 0.029 0.002799038105676716
  endloop
endfacet
facet normal 0 1 0
  outer loop
    vertex 0.03899999999999999 0.029 0.001500000000000057
    vertex 0.03749999999999999 0.029 0.001500000000000057
    vertex 0.03824999999999999 0.029 0.002799038105676716
  endloop
endfacet
facet normal -0 1 0
  outer loop
    vertex 0.03749999999999999 0.029 0.00649999999999995
    vertex 0.03899999999999999 0.029 0.00649999999999995
    vertex 0.03824999999999999 0.029 0.005200961894323293
  endloop
endfacet
facet normal -0 1 0
  outer loop
    vertex 0.01576360073180999 0.029 0.00522516031572054
    vertex 0.01650000000000001 0.029 0.00649999999999995
    vertex 0.01726586752044496 0.029 0.005215573746022533
  endloop
endfacet
facet normal 0 1 0
  outer loop
    vertex 0.021 0.029 0.001500000000000057
    vertex 0.01950000000000001 0.029 0.001500000000000057
    vertex 0.02025 0.029 0.00279903810567671
  endloop
endfacet
facet normal -0 1 0
  outer loop
    vertex 0.0255 0.029 0.00649999999999995
    vertex 0.027 0.029 0.00649999999999995
    vertex 0.02625000000000001 0.029 0.005200961894323297
  endloop
endfacet
facet normal -0 1 0
  outer loop
    vertex 0.009000000000000001 0.029 0.00649999999999995
    vertex 0.0105 0.029 0.00649999999999995
    vertex 0.009750000000000009 0.029 0.005200961894323297
  endloop
endfacet
facet normal 0 1 0
  outer loop
    vertex 0.009000000000000001 0.029 0.00649999999999995
    vertex 0.009750000000000009 0.029 0.005200961894323297
    vertex 0.008250000000000063 0.029 0.005200961894323212
  endloop
endfacet
facet normal 0 1 -0
  outer loop
    vertex 0.03599999999999999 0.029 0.001500000000000057
    vertex 0.03524999999999999 0.029 0.00279903810567671
    vertex 0.03674999999999998 0.029 0.002799038105676724
  endloop
endfacet
facet normal 0 1 0
  outer loop
    vertex 0.03149999999999999 0.029 0.001500000000000057
    vertex 0.03 0.029 0.001500000000000057
    vertex 0.03074999999999998 0.029 0.002799038105676707
  endloop
endfacet
facet normal 0 1 0
  outer loop
    vertex 0.03224999999999999 0.029 0.002799038105676712
    vertex 0.03149999999999999 0.029 0.001500000000000057
    vertex 0.03074999999999998 0.029 0.002799038105676707
  endloop
endfacet
facet normal 0 1 0
  outer loop
    vertex 0.027 0.029 0.001500000000000057
    vertex 0.0255 0.029 0.001500000000000057
    vertex 0.02625 0.029 0.00279903810567671
  endloop
endfacet
facet normal -0 1 0
  outer loop
    vertex 0.02400000000000001 0.029 0.00649999999999995
    vertex 0.0255 0.029 0.00649999999999995
    vertex 0.02474999999999995 0.029 0.005200961894323297
  endloop
endfacet
facet normal 0 1 0
  outer loop
    vertex 0.05399999999999999 0.029 0.001500000000000057
    vertex 0.05249999999999999 0.029 0.001500000000000057
    vertex 0.05324999999999999 0.029 0.002799038105676714
  endloop
endfacet
facet normal 0 1 0
  outer loop
    vertex 0.0255 0.029 0.001500000000000057
    vertex 0.02400000000000001 0.029 0.001500000000000057
    vertex 0.02475000000000003 0.029 0.00279903810567671
  endloop
endfacet
facet normal -0 1 0
  outer loop
    vertex 0.05024999999999999 0.029 0.005200961894323295
    vertex 0.05099999999999999 0.029 0.00649999999999995
    vertex 0.05174999999999999 0.029 0.005200961894323291
  endloop
endfacet
facet normal 0 1 0
  outer loop
    vertex 0.04049999999999999 0.029 0.001500000000000057
    vertex 0.03899999999999999 0.029 0.001500000000000057
    vertex 0.03974999999999999 0.029 0.002799038105676713
  endloop
endfacet
facet normal 0 1 0
  outer loop
    vertex 0.01500000000000001 0.029 0.00649999999999995
    vertex 0.01576360073180999 0.029 0.00522516031572054
    vertex 0.01425115652481378 0.029 0.005219699210998818
  endloop
endfacet
facet normal 0 1 0
  outer loop
    vertex 0.03 0.029 0.001500000000000057
    vertex 0.0285 0.029 0.001500000000000057
    vertex 0.02924999999999999 0.029 0.002799038105676713
  endloop
endfacet
facet normal 0 1 -0
  outer loop
    vertex 0.027 0.029 0.001500000000000057
    vertex 0.02625 0.029 0.00279903810567671
    vertex 0.02775 0.029 0.002799038105676691
  endloop
endfacet
facet normal 0 1 -0
  outer loop
    vertex 0.03899999999999999 0.029 0.001500000000000057
    vertex 0.03824999999999999 0.029 0.002799038105676716
    vertex 0.03974999999999999 0.029 0.002799038105676713
  endloop
endfacet
facet normal -0 1 0
  outer loop
    vertex 0.04724999999999999 0.029 0.005220046661386058
    vertex 0.04799999999999999 0.029 0.00649999999999995
    vertex 0.04874999999999999 0.029 0.005210303106709828
  endloop
endfacet
facet normal 0 1 0
  outer loop
    vertex 0.02625000000000001 0.029 0.005200961894323297
    vertex 0.027 0.029 0.00649999999999995
    vertex 0.02775 0.029 0.00520096189432331
  endloop
endfacet
facet normal 0 1 -0
  outer loop
    vertex 0.02400000000000001 0.029 0.001500000000000057
    vertex 0.02325000000000004 0.029 0.002799038105676713
    vertex 0.02475000000000003 0.029 0.00279903810567671
  endloop
endfacet
facet normal 0 1 -0
  outer loop
    vertex 0.01200000000000001 0.029 0.001500000000000057
    vertex 0.01125000000000001 0.029 0.002799038105676713
    vertex 0.01275003583963079 0.029 0.002789652814958136
  endloop
endfacet
facet normal -0 1 0
  outer loop
    vertex 0.02175000000000001 0.029 0.005200961894323295
    vertex 0.02250000000000001 0.029 0.00649999999999995
    vertex 0.02324999999999999 0.029 0.005200961894323288
  endloop
endfacet
facet normal -0 1 0
  outer loop
    vertex 0.04799999999999999 0.029 0.00649999999999995
    vertex 0.04949999999999999 0.029 0.00649999999999995
    vertex 0.04874999999999999 0.029 0.005210303106709828
  endloop
endfacet
facet normal 0 1 0
  outer loop
    vertex 0.04949999999999999 0.029 0.001500000000000057
    vertex 0.04799999999999999 0.029 0.001500000000000057
    vertex 0.04874999999999999 0.029 0.00279903810567671
  endloop
endfacet
facet normal 0 1 0
  outer loop
    vertex 0.03599999999999999 0.029 0.001500000000000057
    vertex 0.0345 0.029 0.001500000000000057
    vertex 0.03524999999999999 0.029 0.00279903810567671
  endloop
endfacet
facet normal -0 1 0
  outer loop
    vertex 0.042 0.029 0.00649999999999995
    vertex 0.04349999999999999 0.029 0.00649999999999995
    vertex 0.04275 0.029 0.005200961894323297
  endloop
endfacet
facet normal -0 1 0
  outer loop
    vertex 0.027 0.029 0.00649999999999995
    vertex 0.0285 0.029 0.00649999999999995
    vertex 0.02775 0.029 0.00520096189432331
  endloop
endfacet
facet normal 0 1 0
  outer loop
    vertex 0.0285 0.029 0.00649999999999995
    vertex 0.02924999999999999 0.029 0.005200961894323295
    vertex 0.02775 0.029 0.00520096189432331
  endloop
endfacet
facet normal 0 1 0
  outer loop
    vertex 0.0285 0.029 0.001500000000000057
    vertex 0.027 0.029 0.001500000000000057
    vertex 0.02775 0.029 0.002799038105676691
  endloop
endfacet
facet normal -0 1 0
  outer loop
    vertex 0.03 0.029 0.00649999999999995
    vertex 0.03149999999999999 0.029 0.00649999999999995
    vertex 0.03074999999999998 0.029 0.005200961894323309
  endloop
endfacet
facet normal 0 1 -0
  outer loop
    vertex 0.03 0.029 0.001500000000000057
    vertex 0.02924999999999999 0.029 0.002799038105676713
    vertex 0.03074999999999998 0.029 0.002799038105676707
  endloop
endfacet
facet normal 0 1 0
  outer loop
    vertex 0.02625 0.029 0.00279903810567671
    vertex 0.0255 0.029 0.001500000000000057
    vertex 0.02475000000000003 0.029 0.00279903810567671
  endloop
endfacet
facet normal 0 1 0
  outer loop
    vertex 0.02924999999999999 0.029 0.005200961894323295
    vertex 0.03 0.029 0.00649999999999995
    vertex 0.03074999999999998 0.029 0.005200961894323309
  endloop
endfacet
facet normal -0 1 0
  outer loop
    vertex 0.01726586752044496 0.029 0.005215573746022533
    vertex 0.01874999999999999 0.029 0.005217320266091385
    vertex 0.01802984605036075 0.029 0.003972469633460133
  endloop
endfacet
facet normal 0 1 0
  outer loop
    vertex 0.02924999999999999 0.029 0.002799038105676713
    vertex 0.0285 0.029 0.001500000000000057
    vertex 0.02775 0.029 0.002799038105676691
  endloop
endfacet
facet normal 0 1 0
  outer loop
    vertex 0.02400000000000001 0.029 0.00649999999999995
    vertex 0.02474999999999995 0.029 0.005200961894323297
    vertex 0.02324999999999999 0.029 0.005200961894323288
  endloop
endfacet
facet normal -0 1 0
  outer loop
    vertex 0.01650000000000001 0.029 0.00649999999999995
    vertex 0.01800000000000001 0.029 0.00649999999999995
    vertex 0.01726586752044496 0.029 0.005215573746022533
  endloop
endfacet
facet normal -0 1 0
  outer loop
    vertex 0.01350000000000001 0.029 0.00649999999999995
    vertex 0.01500000000000001 0.029 0.00649999999999995
    vertex 0.01425115652481378 0.029 0.005219699210998818
  endloop
endfacet
facet normal 0 1 0
  outer loop
    vertex 0.01800000000000001 0.029 0.00649999999999995
    vertex 0.01874999999999999 0.029 0.005217320266091385
    vertex 0.01726586752044496 0.029 0.005215573746022533
  endloop
endfacet
facet normal 0 1 0
  outer loop
    vertex 0.01275000000000004 0.029 0.005200961894323291
    vertex 0.01350000000000001 0.029 0.00649999999999995
    vertex 0.01425115652481378 0.029 0.005219699210998818
  endloop
endfacet
facet normal 0 1 0
  outer loop
    vertex 0.01425082608915272 0.029 0.002778863331438221
    vertex 0.01350000000000001 0.029 0.001500000000000057
    vertex 0.01275003583963079 0.029 0.002789652814958136
  endloop
endfacet
facet normal 0 1 0
  outer loop
    vertex 0.01350000000000001 0.029 0.001500000000000057
    vertex 0.01200000000000001 0.029 0.001500000000000057
    vertex 0.01275003583963079 0.029 0.002789652814958136
  endloop
endfacet
facet normal -0 1 0
  outer loop
    vertex 0.004499999999999997 0.029 0.00649999999999995
    vertex 0.005999999999999998 0.029 0.00649999999999995
    vertex 0.005170389769727765 0.029 0.005206008351402705
  endloop
endfacet
facet normal -0 1 0
  outer loop
    vertex 0.057 0.029 0.00649999999999995
    vertex 0.0585 0.029 0.00649999999999995
    vertex 0.0578296205279422 0.029 0.005206001920513844
  endloop
endfacet
facet normal 0 1 0
  outer loop
    vertex 0.01802984605036075 0.029 0.003972469633460133
    vertex 0.01875497434172679 0.029 0.00274541160557673
    vertex 0.01725934000872754 0.029 0.00274241459132958
  endloop
endfacet
facet normal 0 1 0
  outer loop
    vertex 0.01651150485184193 0.029 0.003978671125601707
    vertex 0.01575971480843572 0.029 0.002757935183338798
    vertex 0.01500613383434235 0.029 0.003993388194516347
  endloop
endfacet
facet normal 0 1 0
  outer loop
    vertex 0.01950000000000001 0.029 0.001500000000000057
    vertex 0.01800000000000001 0.029 0.001500000000000057
    vertex 0.01875497434172679 0.029 0.00274541160557673
  endloop
endfacet
facet normal 0 1 0
  outer loop
    vertex 0.04649999999999999 0.029 0.001500000000000057
    vertex 0.04499999999999999 0.029 0.001500000000000057
    vertex 0.04566839560914013 0.029 0.002751923788646722
  endloop
endfacet
facet normal 0 1 0
  outer loop
    vertex 0.04799999999999999 0.029 0.001500000000000057
    vertex 0.04649999999999999 0.029 0.001500000000000057
    vertex 0.04733160439085985 0.029 0.002751923788646711
  endloop
endfacet
facet normal 0 1 0
  outer loop
    vertex 0.01576360073180999 0.029 0.00522516031572054
    vertex 0.01726586752044496 0.029 0.005215573746022533
    vertex 0.01651150485184193 0.029 0.003978671125601707
  endloop
endfacet
facet normal 0 1 -0
  outer loop
    vertex 0.01650000000000001 0.029 0.001500000000000057
    vertex 0.01575971480843572 0.029 0.002757935183338798
    vertex 0.01725934000872754 0.029 0.00274241459132958
  endloop
endfacet
facet normal 0 1 0
  outer loop
    vertex 0.04574999999999999 0.029 0.005217320266091376
    vertex 0.04649999999999999 0.029 0.003990227090546859
    vertex 0.04499999999999998 0.029 0.004000074019255146
  endloop
endfacet
facet normal 0 1 0
  outer loop
    vertex 0.04649999999999999 0.029 0.003990227090546859
    vertex 0.04724999999999999 0.029 0.005220046661386058
    vertex 0.04799999999999999 0.029 0.004000074019255145
  endloop
endfacet
facet normal 0 1 0
  outer loop
    vertex 0.01802984605036075 0.029 0.003972469633460133
    vertex 0.01874999999999999 0.029 0.005217320266091385
    vertex 0.01949999999999992 0.029 0.004000074019255151
  endloop
endfacet
facet normal 0 1 0
  outer loop
    vertex 0.005999999999999998 0.029 0.00649999999999995
    vertex 0.006755601415813745 0.029 0.00521613368496922
    vertex 0.005170389769727765 0.029 0.005206008351402705
  endloop
endfacet
facet normal -0 1 0
  outer loop
    vertex 0.05624447066787604 0.029 0.005216088668747147
    vertex 0.057 0.029 0.00649999999999995
    vertex 0.0578296205279422 0.029 0.005206001920513844
  endloop
endfacet
facet normal 0 1 0
  outer loop
    vertex 0.003 0.029 0.002750000000000029
    vertex 0.003 0.029 0.004000000000000003
    vertex 0.004018572349096486 0.029 0.003414646378310059
  endloop
endfacet
facet normal 0 1 0
  outer loop
    vertex 0.06 0.029 0.004000000000000003
    vertex 0.06 0.029 0.002750000000000029
    vertex 0.05898145703236028 0.029 0.003414629414918094
  endloop
endfacet
facet normal 0 1 0
  outer loop
    vertex 0.006737275879670261 0.029 0.002764991833098206
    vertex 0.005173981200159855 0.029 0.002790709354727863
    vertex 0.006046079050200631 0.029 0.003996307204032995
  endloop
endfacet
facet normal -0 1 0
  outer loop
    vertex 0.01575971480843572 0.029 0.002757935183338798
    vertex 0.01651150485184193 0.029 0.003978671125601707
    vertex 0.01725934000872754 0.029 0.00274241459132958
  endloop
endfacet
facet normal 0 1 -0
  outer loop
    vertex 0.04733160439085985 0.029 0.002751923788646711
    vertex 0.04649999999999999 0.029 0.003990227090546859
    vertex 0.04799999999999999 0.029 0.004000074019255145
  endloop
endfacet
facet normal 0 1 0
  outer loop
    vertex 0.04649999999999999 0.029 0.003990227090546859
    vertex 0.04566839560914013 0.029 0.002751923788646722
    vertex 0.04499999999999998 0.029 0.004000074019255146
  endloop
endfacet
facet normal 0 1 -0
  outer loop
    vertex 0.01875497434172679 0.029 0.00274541160557673
    vertex 0.01802984605036075 0.029 0.003972469633460133
    vertex 0.01949999999999992 0.029 0.004000074019255151
  endloop
endfacet
facet normal 0 1 0
  outer loop
    vertex 0.003 0.029 0.004000000000000003
    vertex 0.003 0.029 0.005249999999999977
    vertex 0.004051790325892188 0.029 0.004586445075898843
  endloop
endfacet
facet normal 0 1 0
  outer loop
    vertex 0.06 0.029 0.005249999999999977
    vertex 0.06 0.029 0.004000000000000003
    vertex 0.05894820967410782 0.029 0.004586445075898848
  endloop
endfacet
facet normal 0 1 0
  outer loop
    vertex 0.01726586752044496 0.029 0.005215573746022533
    vertex 0.01802984605036075 0.029 0.003972469633460133
    vertex 0.01651150485184193 0.029 0.003978671125601707
  endloop
endfacet
facet normal 0 1 0
  outer loop
    vertex 0.04874999999999999 0.029 0.00279903810567671
    vertex 0.04799999999999999 0.029 0.001500000000000057
    vertex 0.04733160439085985 0.029 0.002751923788646711
  endloop
endfacet
facet normal 0 1 0
  outer loop
    vertex 0.02025 0.029 0.00279903810567671
    vertex 0.01950000000000001 0.029 0.001500000000000057
    vertex 0.01875497434172679 0.029 0.00274541160557673
  endloop
endfacet
facet normal 0 1 -0
  outer loop
    vertex 0.04499999999999999 0.029 0.001500000000000057
    vertex 0.04424999999999999 0.029 0.002799038105676713
    vertex 0.04566839560914013 0.029 0.002751923788646722
  endloop
endfacet
facet normal 0 1 0
  outer loop
    vertex 0.05782619508858063 0.029 0.002790607574376088
    vertex 0.05626295129943129 0.029 0.00276485134519286
    vertex 0.05695419972231115 0.029 0.003996134726958263
  endloop
endfacet
facet normal 0 1 -0
  outer loop
    vertex 0.006737275879670261 0.029 0.002764991833098206
    vertex 0.006046079050200631 0.029 0.003996307204032995
    vertex 0.007500000000000076 0.029 0.003999999999999971
  endloop
endfacet
facet normal 0 1 0
  outer loop
    vertex 0.05626295129943129 0.029 0.00276485134519286
    vertex 0.05474999999999999 0.029 0.002799038105676716
    vertex 0.0555011867858688 0.029 0.003999258852919639
  endloop
endfacet
facet normal 0 1 0
  outer loop
    vertex 0.006046079050200631 0.029 0.003996307204032995
    vertex 0.006755601415813745 0.029 0.00521613368496922
    vertex 0.007500000000000076 0.029 0.003999999999999971
  endloop
endfacet
facet normal 0 1 0
  outer loop
    vertex 0.05474999999999999 0.029 0.005200961894323291
    vertex 0.0555011867858688 0.029 0.003999258852919639
    vertex 0.0540001977976448 0.029 0.003999876475486609
  endloop
endfacet
facet normal 0 1 0
  outer loop
    vertex 0.05695419972231115 0.029 0.003996134726958263
    vertex 0.05626295129943129 0.029 0.00276485134519286
    vertex 0.0555011867858688 0.029 0.003999258852919639
  endloop
endfacet
facet normal 0 1 0
  outer loop
    vertex 0.008250000000000021 0.029 0.002799038105676713
    vertex 0.006737275879670261 0.029 0.002764991833098206
    vertex 0.007500000000000076 0.029 0.003999999999999971
  endloop
endfacet
facet normal 0 1 0
  outer loop
    vertex 0.0555011867858688 0.029 0.003999258852919639
    vertex 0.05474999999999999 0.029 0.002799038105676716
    vertex 0.0540001977976448 0.029 0.003999876475486609
  endloop
endfacet
facet normal -0 1 0
  outer loop
    vertex 0.05474999999999999 0.029 0.005200961894323291
    vertex 0.05624447066787604 0.029 0.005216088668747147
    vertex 0.0555011867858688 0.029 0.003999258852919639
  endloop
endfacet
facet normal 0 1 -0
  outer loop
    vertex 0.008250000000000021 0.029 0.002799038105676713
    vertex 0.007500000000000076 0.029 0.003999999999999971
    vertex 0.00900000000000005 0.029 0.003999999999999997
  endloop
endfacet
facet normal 0 1 0
  outer loop
    vertex 0.006755601415813745 0.029 0.00521613368496922
    vertex 0.008250000000000063 0.029 0.005200961894323212
    vertex 0.007500000000000076 0.029 0.003999999999999971
  endloop
endfacet
facet normal 0 1 0
  outer loop
    vertex 0.007500000000000076 0.029 0.003999999999999971
    vertex 0.008250000000000063 0.029 0.005200961894323212
    vertex 0.00900000000000005 0.029 0.003999999999999997
  endloop
endfacet
facet normal 0 1 0
  outer loop
    vertex 0.05624447066787604 0.029 0.005216088668747147
    vertex 0.05695419972231115 0.029 0.003996134726958263
    vertex 0.0555011867858688 0.029 0.003999258852919639
  endloop
endfacet
facet normal 0 1 0
  outer loop
    vertex 0.02100000000000005 0.029 0.003999999999999995
    vertex 0.02025 0.029 0.00279903810567671
    vertex 0.01949999999999992 0.029 0.004000074019255151
  endloop
endfacet
facet normal 0 1 0
  outer loop
    vertex 0.04949999999999999 0.029 0.004000000000000005
    vertex 0.04874999999999999 0.029 0.00279903810567671
    vertex 0.04799999999999999 0.029 0.004000074019255145
  endloop
endfacet
facet normal 0 1 -0
  outer loop
    vertex 0.04424999999999999 0.029 0.002799038105676713
    vertex 0.0435 0.029 0.003999999999999997
    vertex 0.04499999999999998 0.029 0.004000074019255146
  endloop
endfacet
facet normal 0 1 0
  outer loop
    vertex 0.01425115652481378 0.029 0.005219699210998818
    vertex 0.01500613383434235 0.029 0.003993388194516347
    vertex 0.01350135871465664 0.029 0.003997094241039129
  endloop
endfacet
facet normal 0 1 0
  outer loop
    vertex 0.01500613383434235 0.029 0.003993388194516347
    vertex 0.01425082608915272 0.029 0.002778863331438221
    vertex 0.01350135871465664 0.029 0.003997094241039129
  endloop
endfacet
facet normal 0 1 0
  outer loop
    vertex 0.02549999999999999 0.029 0.00400000000000001
    vertex 0.02475000000000003 0.029 0.00279903810567671
    vertex 0.02400000000000001 0.029 0.004000000000000004
  endloop
endfacet
facet normal -0 1 0
  outer loop
    vertex 0.01425115652481378 0.029 0.005219699210998818
    vertex 0.01576360073180999 0.029 0.00522516031572054
    vertex 0.01500613383434235 0.029 0.003993388194516347
  endloop
endfacet
facet normal 0 1 0
  outer loop
    vertex 0.01275003583963079 0.029 0.002789652814958136
    vertex 0.01125000000000001 0.029 0.002799038105676713
    vertex 0.0120000000000001 0.029 0.003999999999999968
  endloop
endfacet
facet normal -0 1 0
  outer loop
    vertex 0.02474999999999995 0.029 0.005200961894323297
    vertex 0.02625000000000001 0.029 0.005200961894323297
    vertex 0.02549999999999999 0.029 0.00400000000000001
  endloop
endfacet
facet normal 0 1 0
  outer loop
    vertex 0.009750000000000036 0.029 0.002799038105676766
    vertex 0.008250000000000021 0.029 0.002799038105676713
    vertex 0.00900000000000005 0.029 0.003999999999999997
  endloop
endfacet
facet normal 0 1 0
  outer loop
    vertex 0.03374999999999998 0.029 0.005200961894323283
    vertex 0.03449999999999999 0.029 0.003999999999999993
    vertex 0.03299999999999999 0.029 0.004000000000000003
  endloop
endfacet
facet normal 0 1 0
  outer loop
    vertex 0.009750000000000009 0.029 0.005200961894323297
    vertex 0.01125000000000003 0.029 0.005200961894323295
    vertex 0.01050000000000006 0.029 0.004000000000000018
  endloop
endfacet
facet normal 0 1 -0
  outer loop
    vertex 0.02775 0.029 0.002799038105676691
    vertex 0.02700000000000001 0.029 0.004000000000000006
    vertex 0.0285 0.029 0.004000000000000004
  endloop
endfacet
facet normal 0 1 0
  outer loop
    vertex 0.01125000000000003 0.029 0.005200961894323295
    vertex 0.01275000000000004 0.029 0.005200961894323291
    vertex 0.0120000000000001 0.029 0.003999999999999968
  endloop
endfacet
facet normal 0 1 0
  outer loop
    vertex 0.02474999999999995 0.029 0.005200961894323297
    vertex 0.02549999999999999 0.029 0.00400000000000001
    vertex 0.02400000000000001 0.029 0.004000000000000004
  endloop
endfacet
facet normal 0 1 -0
  outer loop
    vertex 0.04124999999999999 0.029 0.002799038105676713
    vertex 0.0405 0.029 0.004000000000000004
    vertex 0.042 0.029 0.004000000000000008
  endloop
endfacet
facet normal -0 1 0
  outer loop
    vertex 0.02700000000000001 0.029 0.004000000000000006
    vertex 0.02775 0.029 0.00520096189432331
    vertex 0.0285 0.029 0.004000000000000004
  endloop
endfacet
facet normal 0 1 0
  outer loop
    vertex 0.02024999999999998 0.029 0.005210184822865631
    vertex 0.02175000000000001 0.029 0.005200961894323295
    vertex 0.02100000000000005 0.029 0.003999999999999995
  endloop
endfacet
facet normal -0 1 0
  outer loop
    vertex 0.03525 0.029 0.005200961894323276
    vertex 0.03675 0.029 0.005200961894323295
    vertex 0.03599999999999999 0.029 0.003999999999999992
  endloop
endfacet
facet normal 0 1 0
  outer loop
    vertex 0.03449999999999999 0.029 0.003999999999999993
    vertex 0.03374999999999997 0.029 0.002799038105676731
    vertex 0.03299999999999999 0.029 0.004000000000000003
  endloop
endfacet
facet normal 0 1 0
  outer loop
    vertex 0.02475000000000003 0.029 0.00279903810567671
    vertex 0.02325000000000004 0.029 0.002799038105676713
    vertex 0.02400000000000001 0.029 0.004000000000000004
  endloop
endfacet
facet normal 0 1 0
  outer loop
    vertex 0.02775 0.029 0.002799038105676691
    vertex 0.02625 0.029 0.00279903810567671
    vertex 0.02700000000000001 0.029 0.004000000000000006
  endloop
endfacet
facet normal 0 1 0
  outer loop
    vertex 0.03374999999999998 0.029 0.005200961894323283
    vertex 0.03525 0.029 0.005200961894323276
    vertex 0.03449999999999999 0.029 0.003999999999999993
  endloop
endfacet
facet normal 0 1 0
  outer loop
    vertex 0.02175000000000003 0.029 0.00279903810567674
    vertex 0.02025 0.029 0.00279903810567671
    vertex 0.02100000000000005 0.029 0.003999999999999995
  endloop
endfacet
facet normal 0 1 0
  outer loop
    vertex 0.03224999999999999 0.029 0.002799038105676712
    vertex 0.03074999999999998 0.029 0.002799038105676707
    vertex 0.03149999999999997 0.029 0.004000000000000003
  endloop
endfacet
facet normal 0 1 0
  outer loop
    vertex 0.03074999999999998 0.029 0.005200961894323309
    vertex 0.03224999999999999 0.029 0.005200961894323296
    vertex 0.03149999999999997 0.029 0.004000000000000003
  endloop
endfacet
facet normal 0 1 0
  outer loop
    vertex 0.03899999999999999 0.029 0.004000000000000004
    vertex 0.03824999999999999 0.029 0.002799038105676716
    vertex 0.03749999999999998 0.029 0.004000000000000001
  endloop
endfacet
facet normal 0 1 0
  outer loop
    vertex 0.03074999999999998 0.029 0.005200961894323309
    vertex 0.03149999999999997 0.029 0.004000000000000003
    vertex 0.02999999999999999 0.029 0.004000000000000004
  endloop
endfacet
facet normal 0 1 0
  outer loop
    vertex 0.04274999999999998 0.029 0.002799038105676723
    vertex 0.04124999999999999 0.029 0.002799038105676713
    vertex 0.042 0.029 0.004000000000000008
  endloop
endfacet
facet normal 0 1 0
  outer loop
    vertex 0.02924999999999999 0.029 0.002799038105676713
    vertex 0.02775 0.029 0.002799038105676691
    vertex 0.0285 0.029 0.004000000000000004
  endloop
endfacet
facet normal 0 1 0
  outer loop
    vertex 0.03675 0.029 0.005200961894323295
    vertex 0.03749999999999998 0.029 0.004000000000000001
    vertex 0.03599999999999999 0.029 0.003999999999999992
  endloop
endfacet
facet normal 0 1 0
  outer loop
    vertex 0.01125000000000003 0.029 0.005200961894323295
    vertex 0.0120000000000001 0.029 0.003999999999999968
    vertex 0.01050000000000006 0.029 0.004000000000000018
  endloop
endfacet
facet normal 0 1 0
  outer loop
    vertex 0.03824999999999999 0.029 0.005200961894323293
    vertex 0.03899999999999999 0.029 0.004000000000000004
    vertex 0.03749999999999998 0.029 0.004000000000000001
  endloop
endfacet
facet normal 0 1 0
  outer loop
    vertex 0.03974999999999999 0.029 0.005200961894323291
    vertex 0.04125000000000001 0.029 0.005200961894323279
    vertex 0.0405 0.029 0.004000000000000004
  endloop
endfacet
facet normal 0 1 0
  outer loop
    vertex 0.03824999999999999 0.029 0.002799038105676716
    vertex 0.03674999999999998 0.029 0.002799038105676724
    vertex 0.03749999999999998 0.029 0.004000000000000001
  endloop
endfacet
facet normal 0 1 0
  outer loop
    vertex 0.02775 0.029 0.00520096189432331
    vertex 0.02924999999999999 0.029 0.005200961894323295
    vertex 0.0285 0.029 0.004000000000000004
  endloop
endfacet
facet normal 0 1 0
  outer loop
    vertex 0.03149999999999997 0.029 0.004000000000000003
    vertex 0.03074999999999998 0.029 0.002799038105676707
    vertex 0.02999999999999999 0.029 0.004000000000000004
  endloop
endfacet
facet normal 0 1 -0
  outer loop
    vertex 0.03974999999999999 0.029 0.002799038105676713
    vertex 0.03899999999999999 0.029 0.004000000000000004
    vertex 0.0405 0.029 0.004000000000000004
  endloop
endfacet
facet normal -0 1 0
  outer loop
    vertex 0.02625000000000001 0.029 0.005200961894323297
    vertex 0.02775 0.029 0.00520096189432331
    vertex 0.02700000000000001 0.029 0.004000000000000006
  endloop
endfacet
facet normal 0 1 0
  outer loop
    vertex 0.04124999999999999 0.029 0.002799038105676713
    vertex 0.03974999999999999 0.029 0.002799038105676713
    vertex 0.0405 0.029 0.004000000000000004
  endloop
endfacet
facet normal 0 1 0
  outer loop
    vertex 0.05024999999999999 0.029 0.002799038105676714
    vertex 0.04874999999999999 0.029 0.00279903810567671
    vertex 0.04949999999999999 0.029 0.004000000000000005
  endloop
endfacet
facet normal 0 1 0
  outer loop
    vertex 0.02325000000000004 0.029 0.002799038105676713
    vertex 0.02175000000000003 0.029 0.00279903810567674
    vertex 0.02250000000000003 0.029 0.004000000000000007
  endloop
endfacet
facet normal -0 1 0
  outer loop
    vertex 0.04275 0.029 0.005200961894323297
    vertex 0.04424999999999998 0.029 0.005210184822865649
    vertex 0.0435 0.029 0.003999999999999997
  endloop
endfacet
facet normal 0 1 -0
  outer loop
    vertex 0.05174999999999999 0.029 0.002799038105676716
    vertex 0.05099999999999999 0.029 0.004000000000000003
    vertex 0.05250003296627413 0.029 0.003999979412581104
  endloop
endfacet
facet normal 0 1 0
  outer loop
    vertex 0.05024999999999999 0.029 0.005200961894323295
    vertex 0.05174999999999999 0.029 0.005200961894323291
    vertex 0.05099999999999999 0.029 0.004000000000000003
  endloop
endfacet
facet normal 0 1 -0
  outer loop
    vertex 0.05024999999999999 0.029 0.002799038105676714
    vertex 0.04949999999999999 0.029 0.004000000000000005
    vertex 0.05099999999999999 0.029 0.004000000000000003
  endloop
endfacet
facet normal 0 1 0
  outer loop
    vertex 0.04874999999999999 0.029 0.005210303106709828
    vertex 0.05024999999999999 0.029 0.005200961894323295
    vertex 0.04949999999999999 0.029 0.004000000000000005
  endloop
endfacet
facet normal -0 1 0
  outer loop
    vertex 0.04949999999999999 0.029 0.004000000000000005
    vertex 0.05024999999999999 0.029 0.005200961894323295
    vertex 0.05099999999999999 0.029 0.004000000000000003
  endloop
endfacet
facet normal 0 1 0
  outer loop
    vertex 0.03224999999999999 0.029 0.005200961894323296
    vertex 0.03374999999999998 0.029 0.005200961894323283
    vertex 0.03299999999999999 0.029 0.004000000000000003
  endloop
endfacet
facet normal 0 1 0
  outer loop
    vertex 0.0405 0.029 0.004000000000000004
    vertex 0.04125000000000001 0.029 0.005200961894323279
    vertex 0.042 0.029 0.004000000000000008
  endloop
endfacet
facet normal 0 1 0
  outer loop
    vertex 0.01425082608915272 0.029 0.002778863331438221
    vertex 0.01275003583963079 0.029 0.002789652814958136
    vertex 0.01350135871465664 0.029 0.003997094241039129
  endloop
endfacet
facet normal 0 1 0
  outer loop
    vertex 0.04424999999999999 0.029 0.002799038105676713
    vertex 0.04274999999999998 0.029 0.002799038105676723
    vertex 0.0435 0.029 0.003999999999999997
  endloop
endfacet
facet normal 0 1 0
  outer loop
    vertex 0.05324999999999999 0.029 0.002799038105676714
    vertex 0.05174999999999999 0.029 0.002799038105676716
    vertex 0.05250003296627413 0.029 0.003999979412581104
  endloop
endfacet
facet normal -0 1 0
  outer loop
    vertex 0.05324999999999999 0.029 0.005200961894323291
    vertex 0.05474999999999999 0.029 0.005200961894323291
    vertex 0.0540001977976448 0.029 0.003999876475486609
  endloop
endfacet
facet normal -0 1 0
  outer loop
    vertex 0.05174999999999999 0.029 0.005200961894323291
    vertex 0.05324999999999999 0.029 0.005200961894323291
    vertex 0.05250003296627413 0.029 0.003999979412581104
  endloop
endfacet
facet normal 0 1 0
  outer loop
    vertex 0.05474999999999999 0.029 0.002799038105676716
    vertex 0.05324999999999999 0.029 0.002799038105676714
    vertex 0.0540001977976448 0.029 0.003999876475486609
  endloop
endfacet
facet normal 0 1 0
  outer loop
    vertex 0.05174999999999999 0.029 0.002799038105676716
    vertex 0.05024999999999999 0.029 0.002799038105676714
    vertex 0.05099999999999999 0.029 0.004000000000000003
  endloop
endfacet
facet normal 0 1 0
  outer loop
    vertex 0.02700000000000001 0.029 0.004000000000000006
    vertex 0.02625 0.029 0.00279903810567671
    vertex 0.02549999999999999 0.029 0.00400000000000001
  endloop
endfacet
facet normal -0 1 0
  outer loop
    vertex 0.05099999999999999 0.029 0.004000000000000003
    vertex 0.05174999999999999 0.029 0.005200961894323291
    vertex 0.05250003296627413 0.029 0.003999979412581104
  endloop
endfacet
facet normal 0 1 0
  outer loop
    vertex 0.03524999999999999 0.029 0.00279903810567671
    vertex 0.03374999999999997 0.029 0.002799038105676731
    vertex 0.03449999999999999 0.029 0.003999999999999993
  endloop
endfacet
facet normal 0 1 0
  outer loop
    vertex 0.03149999999999997 0.029 0.004000000000000003
    vertex 0.03224999999999999 0.029 0.005200961894323296
    vertex 0.03299999999999999 0.029 0.004000000000000003
  endloop
endfacet
facet normal 0 1 0
  outer loop
    vertex 0.03074999999999998 0.029 0.002799038105676707
    vertex 0.02924999999999999 0.029 0.002799038105676713
    vertex 0.02999999999999999 0.029 0.004000000000000004
  endloop
endfacet
facet normal 0 1 0
  outer loop
    vertex 0.02625 0.029 0.00279903810567671
    vertex 0.02475000000000003 0.029 0.00279903810567671
    vertex 0.02549999999999999 0.029 0.00400000000000001
  endloop
endfacet
facet normal 0 1 -0
  outer loop
    vertex 0.03224999999999999 0.029 0.002799038105676712
    vertex 0.03149999999999997 0.029 0.004000000000000003
    vertex 0.03299999999999999 0.029 0.004000000000000003
  endloop
endfacet
facet normal -0 1 0
  outer loop
    vertex 0.03449999999999999 0.029 0.003999999999999993
    vertex 0.03525 0.029 0.005200961894323276
    vertex 0.03599999999999999 0.029 0.003999999999999992
  endloop
endfacet
facet normal 0 1 0
  outer loop
    vertex 0.03824999999999999 0.029 0.005200961894323293
    vertex 0.03974999999999999 0.029 0.005200961894323291
    vertex 0.03899999999999999 0.029 0.004000000000000004
  endloop
endfacet
facet normal 0 1 0
  outer loop
    vertex 0.05324999999999999 0.029 0.005200961894323291
    vertex 0.0540001977976448 0.029 0.003999876475486609
    vertex 0.05250003296627413 0.029 0.003999979412581104
  endloop
endfacet
facet normal 0 1 0
  outer loop
    vertex 0.03974999999999999 0.029 0.002799038105676713
    vertex 0.03824999999999999 0.029 0.002799038105676716
    vertex 0.03899999999999999 0.029 0.004000000000000004
  endloop
endfacet
facet normal 0 1 0
  outer loop
    vertex 0.04275 0.029 0.005200961894323297
    vertex 0.0435 0.029 0.003999999999999997
    vertex 0.042 0.029 0.004000000000000008
  endloop
endfacet
facet normal 0 1 0
  outer loop
    vertex 0.03899999999999999 0.029 0.004000000000000004
    vertex 0.03974999999999999 0.029 0.005200961894323291
    vertex 0.0405 0.029 0.004000000000000004
  endloop
endfacet
facet normal 0 1 0
  outer loop
    vertex 0.0435 0.029 0.003999999999999997
    vertex 0.04274999999999998 0.029 0.002799038105676723
    vertex 0.042 0.029 0.004000000000000008
  endloop
endfacet
facet normal 0 1 0
  outer loop
    vertex 0.03675 0.029 0.005200961894323295
    vertex 0.03824999999999999 0.029 0.005200961894323293
    vertex 0.03749999999999998 0.029 0.004000000000000001
  endloop
endfacet
facet normal 0 1 0
  outer loop
    vertex 0.03374999999999997 0.029 0.002799038105676731
    vertex 0.03224999999999999 0.029 0.002799038105676712
    vertex 0.03299999999999999 0.029 0.004000000000000003
  endloop
endfacet
facet normal -0 1 0
  outer loop
    vertex 0.02924999999999999 0.029 0.005200961894323295
    vertex 0.03074999999999998 0.029 0.005200961894323309
    vertex 0.02999999999999999 0.029 0.004000000000000004
  endloop
endfacet
facet normal 0 1 0
  outer loop
    vertex 0.02625000000000001 0.029 0.005200961894323297
    vertex 0.02700000000000001 0.029 0.004000000000000006
    vertex 0.02549999999999999 0.029 0.00400000000000001
  endloop
endfacet
facet normal 0 1 0
  outer loop
    vertex 0.02175000000000001 0.029 0.005200961894323295
    vertex 0.02324999999999999 0.029 0.005200961894323288
    vertex 0.02250000000000003 0.029 0.004000000000000007
  endloop
endfacet
facet normal 0 1 0
  outer loop
    vertex 0.02100000000000005 0.029 0.003999999999999995
    vertex 0.02175000000000001 0.029 0.005200961894323295
    vertex 0.02250000000000003 0.029 0.004000000000000007
  endloop
endfacet
facet normal 0 1 0
  outer loop
    vertex 0.0540001977976448 0.029 0.003999876475486609
    vertex 0.05324999999999999 0.029 0.002799038105676714
    vertex 0.05250003296627413 0.029 0.003999979412581104
  endloop
endfacet
facet normal 0 1 0
  outer loop
    vertex 0.03749999999999998 0.029 0.004000000000000001
    vertex 0.03674999999999998 0.029 0.002799038105676724
    vertex 0.03599999999999999 0.029 0.003999999999999992
  endloop
endfacet
facet normal 0 1 0
  outer loop
    vertex 0.009750000000000009 0.029 0.005200961894323297
    vertex 0.01050000000000006 0.029 0.004000000000000018
    vertex 0.00900000000000005 0.029 0.003999999999999997
  endloop
endfacet
facet normal -0 1 0
  outer loop
    vertex 0.04125000000000001 0.029 0.005200961894323279
    vertex 0.04275 0.029 0.005200961894323297
    vertex 0.042 0.029 0.004000000000000008
  endloop
endfacet
facet normal -0 1 0
  outer loop
    vertex 0.01275000000000004 0.029 0.005200961894323291
    vertex 0.01425115652481378 0.029 0.005219699210998818
    vertex 0.01350135871465664 0.029 0.003997094241039129
  endloop
endfacet
facet normal 0 1 0
  outer loop
    vertex 0.02400000000000001 0.029 0.004000000000000004
    vertex 0.02325000000000004 0.029 0.002799038105676713
    vertex 0.02250000000000003 0.029 0.004000000000000007
  endloop
endfacet
facet normal 0 1 0
  outer loop
    vertex 0.01050000000000006 0.029 0.004000000000000018
    vertex 0.009750000000000036 0.029 0.002799038105676766
    vertex 0.00900000000000005 0.029 0.003999999999999997
  endloop
endfacet
facet normal 0 1 -0
  outer loop
    vertex 0.03524999999999999 0.029 0.00279903810567671
    vertex 0.03449999999999999 0.029 0.003999999999999993
    vertex 0.03599999999999999 0.029 0.003999999999999992
  endloop
endfacet
facet normal 0 1 -0
  outer loop
    vertex 0.02924999999999999 0.029 0.002799038105676713
    vertex 0.0285 0.029 0.004000000000000004
    vertex 0.02999999999999999 0.029 0.004000000000000004
  endloop
endfacet
facet normal 0 1 0
  outer loop
    vertex 0.0120000000000001 0.029 0.003999999999999968
    vertex 0.01125000000000001 0.029 0.002799038105676713
    vertex 0.01050000000000006 0.029 0.004000000000000018
  endloop
endfacet
facet normal 0 1 -0
  outer loop
    vertex 0.02175000000000003 0.029 0.00279903810567674
    vertex 0.02100000000000005 0.029 0.003999999999999995
    vertex 0.02250000000000003 0.029 0.004000000000000007
  endloop
endfacet
facet normal 0 1 0
  outer loop
    vertex 0.03674999999999998 0.029 0.002799038105676724
    vertex 0.03524999999999999 0.029 0.00279903810567671
    vertex 0.03599999999999999 0.029 0.003999999999999992
  endloop
endfacet
facet normal 0 1 0
  outer loop
    vertex 0.0285 0.029 0.004000000000000004
    vertex 0.02924999999999999 0.029 0.005200961894323295
    vertex 0.02999999999999999 0.029 0.004000000000000004
  endloop
endfacet
facet normal 0 1 0
  outer loop
    vertex 0.01575971480843572 0.029 0.002757935183338798
    vertex 0.01425082608915272 0.029 0.002778863331438221
    vertex 0.01500613383434235 0.029 0.003993388194516347
  endloop
endfacet
facet normal -0 1 0
  outer loop
    vertex 0.02324999999999999 0.029 0.005200961894323288
    vertex 0.02474999999999995 0.029 0.005200961894323297
    vertex 0.02400000000000001 0.029 0.004000000000000004
  endloop
endfacet
facet normal 0 1 0
  outer loop
    vertex 0.01125000000000001 0.029 0.002799038105676713
    vertex 0.009750000000000036 0.029 0.002799038105676766
    vertex 0.01050000000000006 0.029 0.004000000000000018
  endloop
endfacet
facet normal 0 1 0
  outer loop
    vertex 0.02324999999999999 0.029 0.005200961894323288
    vertex 0.02400000000000001 0.029 0.004000000000000004
    vertex 0.02250000000000003 0.029 0.004000000000000007
  endloop
endfacet
facet normal 0 1 -0
  outer loop
    vertex 0.01275003583963079 0.029 0.002789652814958136
    vertex 0.0120000000000001 0.029 0.003999999999999968
    vertex 0.01350135871465664 0.029 0.003997094241039129
  endloop
endfacet
facet normal -0 1 0
  outer loop
    vertex 0.0120000000000001 0.029 0.003999999999999968
    vertex 0.01275000000000004 0.029 0.005200961894323291
    vertex 0.01350135871465664 0.029 0.003997094241039129
  endloop
endfacet
facet normal -0 1 0
  outer loop
    vertex 0.008250000000000063 0.029 0.005200961894323212
    vertex 0.009750000000000009 0.029 0.005200961894323297
    vertex 0.00900000000000005 0.029 0.003999999999999997
  endloop
endfacet
facet normal 0 1 0
  outer loop
    vertex 0.02024999999999998 0.029 0.005210184822865631
    vertex 0.02100000000000005 0.029 0.003999999999999995
    vertex 0.01949999999999992 0.029 0.004000074019255151
  endloop
endfacet
facet normal 0 1 0
  outer loop
    vertex 0.04874999999999999 0.029 0.005210303106709828
    vertex 0.04949999999999999 0.029 0.004000000000000005
    vertex 0.04799999999999999 0.029 0.004000074019255145
  endloop
endfacet
facet normal 0 1 0
  outer loop
    vertex 0.0435 0.029 0.003999999999999997
    vertex 0.04424999999999998 0.029 0.005210184822865649
    vertex 0.04499999999999998 0.029 0.004000074019255146
  endloop
endfacet
facet normal 0 1 0
  outer loop
    vertex 0.01800000000000001 0.029 0.001500000000000057
    vertex 0.01650000000000001 0.029 0.001500000000000057
    vertex 0.01725934000872754 0.029 0.00274241459132958
  endloop
endfacet
facet normal -0 1 0
  outer loop
    vertex 0.04424999999999998 0.029 0.005210184822865649
    vertex 0.04574999999999999 0.029 0.005217320266091376
    vertex 0.04499999999999998 0.029 0.004000074019255146
  endloop
endfacet
facet normal 0 1 0
  outer loop
    vertex 0.04724999999999999 0.029 0.005220046661386058
    vertex 0.04874999999999999 0.029 0.005210303106709828
    vertex 0.04799999999999999 0.029 0.004000074019255145
  endloop
endfacet
facet normal 0 1 0
  outer loop
    vertex 0.01874999999999999 0.029 0.005217320266091385
    vertex 0.02024999999999998 0.029 0.005210184822865631
    vertex 0.01949999999999992 0.029 0.004000074019255151
  endloop
endfacet
facet normal 0 1 0
  outer loop
    vertex 0.004499999999999997 0.029 0.001500000000000057
    vertex 0.003 0.029 0.001500000000000057
    vertex 0.003938510709851267 0.029 0.002391071146607613
  endloop
endfacet
facet normal 0 1 0
  outer loop
    vertex 0.06 0.029 0.001500000000000057
    vertex 0.0585 0.029 0.001500000000000057
    vertex 0.05906153042418819 0.029 0.002391047397858865
  endloop
endfacet
facet normal -0 1 0
  outer loop
    vertex 0.005170389769727765 0.029 0.005206008351402705
    vertex 0.006755601415813745 0.029 0.00521613368496922
    vertex 0.006046079050200631 0.029 0.003996307204032995
  endloop
endfacet
facet normal 0 1 0
  outer loop
    vertex 0.05624447066787604 0.029 0.005216088668747147
    vertex 0.0578296205279422 0.029 0.005206001920513844
    vertex 0.05695419972231115 0.029 0.003996134726958263
  endloop
endfacet
facet normal -0 1 0
  outer loop
    vertex 0.003 0.029 0.00649999999999995
    vertex 0.004499999999999997 0.029 0.00649999999999995
    vertex 0.003944436019123997 0.029 0.005608490685460286
  endloop
endfacet
facet normal -0 1 0
  outer loop
    vertex 0.0585 0.029 0.00649999999999995
    vertex 0.06 0.029 0.00649999999999995
    vertex 0.05905556604041001 0.029 0.005608489399282514
  endloop
endfacet
facet normal 0 1 0
  outer loop
    vertex 0.01651150485184193 0.029 0.003978671125601707
    vertex 0.01802984605036075 0.029 0.003972469633460133
    vertex 0.01725934000872754 0.029 0.00274241459132958
  endloop
endfacet
facet normal 0 1 0
  outer loop
    vertex 0.02025 0.029 0.00279903810567671
    vertex 0.01875497434172679 0.029 0.00274541160557673
    vertex 0.01949999999999992 0.029 0.004000074019255151
  endloop
endfacet
facet normal 0 1 0
  outer loop
    vertex 0.04566839560914013 0.029 0.002751923788646722
    vertex 0.04424999999999999 0.029 0.002799038105676713
    vertex 0.04499999999999998 0.029 0.004000074019255146
  endloop
endfacet
facet normal 0 1 0
  outer loop
    vertex 0.04874999999999999 0.029 0.00279903810567671
    vertex 0.04733160439085985 0.029 0.002751923788646711
    vertex 0.04799999999999999 0.029 0.004000074019255145
  endloop
endfacet
facet normal 0 1 0
  outer loop
    vertex 0.0578296205279422 0.029 0.005206001920513844
    vertex 0.0585 0.029 0.00649999999999995
    vertex 0.05905556604041001 0.029 0.005608489399282514
  endloop
endfacet
facet normal 0 1 0
  outer loop
    vertex 0.004499999999999997 0.029 0.00649999999999995
    vertex 0.005170389769727765 0.029 0.005206008351402705
    vertex 0.003944436019123997 0.029 0.005608490685460286
  endloop
endfacet
facet normal 0 1 -0
  outer loop
    vertex 0.05894820967410782 0.029 0.004586445075898848
    vertex 0.0578296205279422 0.029 0.005206001920513844
    vertex 0.05905556604041001 0.029 0.005608489399282514
  endloop
endfacet
facet normal 0 1 0
  outer loop
    vertex 0.005170389769727765 0.029 0.005206008351402705
    vertex 0.004051790325892188 0.029 0.004586445075898843
    vertex 0.003944436019123997 0.029 0.005608490685460286
  endloop
endfacet
facet normal -0 1 0
  outer loop
    vertex 0.003 0.029 0.004000000000000003
    vertex 0.004051790325892188 0.029 0.004586445075898843
    vertex 0.004018572349096486 0.029 0.003414646378310059
  endloop
endfacet
facet normal 0 1 0
  outer loop
    vertex 0.05894820967410782 0.029 0.004586445075898848
    vertex 0.06 0.029 0.004000000000000003
    vertex 0.05898145703236028 0.029 0.003414629414918094
  endloop
endfacet
facet normal 0 1 0
  outer loop
    vertex 0.003 0.029 0.001500000000000057
    vertex 0.003 0.029 0.002750000000000029
    vertex 0.003938510709851267 0.029 0.002391071146607613
  endloop
endfacet
facet normal 0 1 0
  outer loop
    vertex 0.06 0.029 0.002750000000000029
    vertex 0.06 0.029 0.001500000000000057
    vertex 0.05906153042418819 0.029 0.002391047397858865
  endloop
endfacet
facet normal 0 1 0
  outer loop
    vertex 0.003 0.029 0.005249999999999977
    vertex 0.003 0.029 0.00649999999999995
    vertex 0.003944436019123997 0.029 0.005608490685460286
  endloop
endfacet
facet normal 0 1 0
  outer loop
    vertex 0.06 0.029 0.00649999999999995
    vertex 0.06 0.029 0.005249999999999977
    vertex 0.05905556604041001 0.029 0.005608489399282514
  endloop
endfacet
facet normal 0 1 -0
  outer loop
    vertex 0.0585 0.029 0.001500000000000057
    vertex 0.05782619508858063 0.029 0.002790607574376088
    vertex 0.05906153042418819 0.029 0.002391047397858865
  endloop
endfacet
facet normal 0 1 0
  outer loop
    vertex 0.005173981200159855 0.029 0.002790709354727863
    vertex 0.004499999999999997 0.029 0.001500000000000057
    vertex 0.003938510709851267 0.029 0.002391071146607613
  endloop
endfacet
facet normal 0 1 0
  outer loop
    vertex 0.0578296205279422 0.029 0.005206001920513844
    vertex 0.05894820967410782 0.029 0.004586445075898848
    vertex 0.05809446142480541 0.029 0.003999116958952164
  endloop
endfacet
facet normal -0 1 0
  outer loop
    vertex 0.004051790325892188 0.029 0.004586445075898843
    vertex 0.005170389769727765 0.029 0.005206008351402705
    vertex 0.004905609252391592 0.029 0.003999159480624639
  endloop
endfacet
facet normal -0 1 0
  outer loop
    vertex 0.05782619508858063 0.029 0.002790607574376088
    vertex 0.05898145703236028 0.029 0.003414629414918094
    vertex 0.05906153042418819 0.029 0.002391047397858865
  endloop
endfacet
facet normal 0 1 0
  outer loop
    vertex 0.004018572349096486 0.029 0.003414646378310059
    vertex 0.005173981200159855 0.029 0.002790709354727863
    vertex 0.003938510709851267 0.029 0.002391071146607613
  endloop
endfacet
facet normal 0 1 0
  outer loop
    vertex 0.05695419972231115 0.029 0.003996134726958263
    vertex 0.0578296205279422 0.029 0.005206001920513844
    vertex 0.05809446142480541 0.029 0.003999116958952164
  endloop
endfacet
facet normal 0 1 0
  outer loop
    vertex 0.005170389769727765 0.029 0.005206008351402705
    vertex 0.006046079050200631 0.029 0.003996307204032995
    vertex 0.004905609252391592 0.029 0.003999159480624639
  endloop
endfacet
facet normal 0 1 -0
  outer loop
    vertex 0.05782619508858063 0.029 0.002790607574376088
    vertex 0.05695419972231115 0.029 0.003996134726958263
    vertex 0.05809446142480541 0.029 0.003999116958952164
  endloop
endfacet
facet normal 0 1 0
  outer loop
    vertex 0.006046079050200631 0.029 0.003996307204032995
    vertex 0.005173981200159855 0.029 0.002790709354727863
    vertex 0.004905609252391592 0.029 0.003999159480624639
  endloop
endfacet
facet normal 0 1 0
  outer loop
    vertex 0.05898145703236028 0.029 0.003414629414918094
    vertex 0.05782619508858063 0.029 0.002790607574376088
    vertex 0.05809446142480541 0.029 0.003999116958952164
  endloop
endfacet
facet normal 0 1 0
  outer loop
    vertex 0.005173981200159855 0.029 0.002790709354727863
    vertex 0.004018572349096486 0.029 0.003414646378310059
    vertex 0.004905609252391592 0.029 0.003999159480624639
  endloop
endfacet
facet normal -0 1 0
  outer loop
    vertex 0.003 0.029 0.002750000000000029
    vertex 0.004018572349096486 0.029 0.003414646378310059
    vertex 0.003938510709851267 0.029 0.002391071146607613
  endloop
endfacet
facet normal 0 1 0
  outer loop
    vertex 0.05898145703236028 0.029 0.003414629414918094
    vertex 0.06 0.029 0.002750000000000029
    vertex 0.05906153042418819 0.029 0.002391047397858865
  endloop
endfacet
facet normal 0 1 0
  outer loop
    vertex 0.004051790325892188 0.029 0.004586445075898843
    vertex 0.003 0.029 0.005249999999999977
    vertex 0.003944436019123997 0.029 0.005608490685460286
  endloop
endfacet
facet normal 0 1 0
  outer loop
    vertex 0.06 0.029 0.005249999999999977
    vertex 0.05894820967410782 0.029 0.004586445075898848
    vertex 0.05905556604041001 0.029 0.005608489399282514
  endloop
endfacet
facet normal 0 1 0
  outer loop
    vertex 0.05894820967410782 0.029 0.004586445075898848
    vertex 0.05898145703236028 0.029 0.003414629414918094
    vertex 0.05809446142480541 0.029 0.003999116958952164
  endloop
endfacet
facet normal 0 1 0
  outer loop
    vertex 0.004018572349096486 0.029 0.003414646378310059
    vertex 0.004051790325892188 0.029 0.004586445075898843
    vertex 0.004905609252391592 0.029 0.003999159480624639
  endloop
endfacet
facet normal -1 0 -0
  outer loop
    vertex 0.003 0.02082567674638351 0.004022179960164476
    vertex 0.003 0.02144666620131355 0.002804677792334182
    vertex 0.003 0.0200531030971004 0.002759128926029725
  endloop
endfacet
facet normal -1 0 0
  outer loop
    vertex 0.003 0.02144666620131355 0.002804677792334182
    vertex 0.003 0.02082567674638351 0.004022179960164476
    vertex 0.003 0.02212933279992359 0.004087777971670726
  endloop
endfacet
facet normal -1 0 0
  outer loop
    vertex 0.003 0.02554443882047981 0.002801724255310464
    vertex 0.003 0.02617559367850186 0.004022489135309164
    vertex 0.003 0.02698326174229149 0.002805491260987565
  endloop
endfacet
facet normal -1 -0 0
  outer loop
    vertex 0.003 0.02617559367850186 0.004022489135309164
    vertex 0.003 0.02554443882047981 0.002801724255310464
    vertex 0.003 0.02485648418190351 0.00407543311685834
  endloop
endfacet
facet normal -1 0 0
  outer loop
    vertex 0.003 0.0235 0.001500000000000057
    vertex 0.003 0.02212500000000001 0.001500000000000057
    vertex 0.003 0.02281124269524881 0.002800504514635652
  endloop
endfacet
facet normal -1 0 0
  outer loop
    vertex 0.003 0.02417654037961914 0.002819546255623826
    vertex 0.003 0.0235 0.001500000000000057
    vertex 0.003 0.02281124269524881 0.002800504514635652
  endloop
endfacet
facet normal -1 0 0
  outer loop
    vertex 0.003 0.024875 0.001500000000000057
    vertex 0.003 0.0235 0.001500000000000057
    vertex 0.003 0.02417654037961914 0.002819546255623826
  endloop
endfacet
facet normal -1 0 -0
  outer loop
    vertex 0.003 0.02485648418190351 0.00407543311685834
    vertex 0.003 0.02554443882047981 0.002801724255310464
    vertex 0.003 0.02417654037961914 0.002819546255623826
  endloop
endfacet
facet normal -1 -0 0
  outer loop
    vertex 0.003 0.02554443882047981 0.002801724255310464
    vertex 0.003 0.024875 0.001500000000000057
    vertex 0.003 0.02417654037961914 0.002819546255623826
  endloop
endfacet
facet normal -1 0 0
  outer loop
    vertex 0.003 0.02144666620131355 0.002804677792334182
    vertex 0.003 0.02212933279992359 0.004087777971670726
    vertex 0.003 0.02281124269524881 0.002800504514635652
  endloop
endfacet
facet normal -1 0 0
  outer loop
    vertex 0.003 0.02082567674638351 0.004022179960164476
    vertex 0.003 0.0200531030971004 0.002759128926029725
    vertex 0.003 0.01976592239233627 0.004003948539336456
  endloop
endfacet
facet normal -1 0 0
  outer loop
    vertex 0.003 0.02212500000000001 0.001500000000000057
    vertex 0.003 0.02144666620131355 0.002804677792334182
    vertex 0.003 0.02281124269524881 0.002800504514635652
  endloop
endfacet
facet normal -1 0 0
  outer loop
    vertex 0.003 0.02698326174229149 0.002805491260987565
    vertex 0.003 0.02617559367850186 0.004022489135309164
    vertex 0.003 0.02724121610069749 0.004012775160407623
  endloop
endfacet
facet normal -1 -0 0
  outer loop
    vertex 0.003 0.02485648418190351 0.00407543311685834
    vertex 0.003 0.02417654037961914 0.002819546255623826
    vertex 0.003 0.02348991679063656 0.004091025068185068
  endloop
endfacet
facet normal -1 0 0
  outer loop
    vertex 0.003 0.02142868724269511 0.005303137712760714
    vertex 0.003 0.02281165381004481 0.005309667009255421
    vertex 0.003 0.02212933279992359 0.004087777971670726
  endloop
endfacet
facet normal -1 0 -0
  outer loop
    vertex 0.003 0.02625000000000001 0.00649999999999995
    vertex 0.003 0.02698782683599493 0.005243262865460592
    vertex 0.003 0.0255746099472218 0.005302013128701025
  endloop
endfacet
facet normal -1 0 0
  outer loop
    vertex 0.003 0.02082567674638351 0.004022179960164476
    vertex 0.003 0.02142868724269511 0.005303137712760714
    vertex 0.003 0.02212933279992359 0.004087777971670726
  endloop
endfacet
facet normal -1 0 0
  outer loop
    vertex 0.003 0.02625000000000001 0.00649999999999995
    vertex 0.003 0.027625 0.00649999999999995
    vertex 0.003 0.02698782683599493 0.005243262865460592
  endloop
endfacet
facet normal -1 0 0
  outer loop
    vertex 0.003 0.019375 0.00649999999999995
    vertex 0.003 0.02075000000000001 0.00649999999999995
    vertex 0.003 0.02001034942238696 0.005245434521894454
  endloop
endfacet
facet normal -1 0 -0
  outer loop
    vertex 0.003 0.02212500000000001 0.00649999999999995
    vertex 0.003 0.02281165381004481 0.005309667009255421
    vertex 0.003 0.02142868724269511 0.005303137712760714
  endloop
endfacet
facet normal -1 0 0
  outer loop
    vertex 0.003 0.0255746099472218 0.005302013128701025
    vertex 0.003 0.02698782683599493 0.005243262865460592
    vertex 0.003 0.02617559367850186 0.004022489135309164
  endloop
endfacet
facet normal -1 0 0
  outer loop
    vertex 0.003 0.02001034942238696 0.005245434521894454
    vertex 0.003 0.02075000000000001 0.00649999999999995
    vertex 0.003 0.02142868724269511 0.005303137712760714
  endloop
endfacet
facet normal -1 0 0
  outer loop
    vertex 0.003 0.02212933279992359 0.004087777971670726
    vertex 0.003 0.02348991679063656 0.004091025068185068
    vertex 0.003 0.02281124269524881 0.002800504514635652
  endloop
endfacet
facet normal -1 0 0
  outer loop
    vertex 0.003 0.02281165381004481 0.005309667009255421
    vertex 0.003 0.0235 0.00649999999999995
    vertex 0.003 0.02418628585586372 0.005300860756097279
  endloop
endfacet
facet normal -1 0 -0
  outer loop
    vertex 0.003 0.02348991679063656 0.004091025068185068
    vertex 0.003 0.02417654037961914 0.002819546255623826
    vertex 0.003 0.02281124269524881 0.002800504514635652
  endloop
endfacet
facet normal -1 0 -0
  outer loop
    vertex 0.003 0.02418628585586372 0.005300860756097279
    vertex 0.003 0.02485648418190351 0.00407543311685834
    vertex 0.003 0.02348991679063656 0.004091025068185068
  endloop
endfacet
facet normal -1 0 0
  outer loop
    vertex 0.003 0.02281165381004481 0.005309667009255421
    vertex 0.003 0.02418628585586372 0.005300860756097279
    vertex 0.003 0.02348991679063656 0.004091025068185068
  endloop
endfacet
facet normal -1 0 0
  outer loop
    vertex 0.003 0.0235 0.00649999999999995
    vertex 0.003 0.024875 0.00649999999999995
    vertex 0.003 0.02418628585586372 0.005300860756097279
  endloop
endfacet
facet normal -1 0 0
  outer loop
    vertex 0.003 0.02001034942238696 0.005245434521894454
    vertex 0.003 0.02142868724269511 0.005303137712760714
    vertex 0.003 0.02082567674638351 0.004022179960164476
  endloop
endfacet
facet normal -1 0 -0
  outer loop
    vertex 0.003 0.02281165381004481 0.005309667009255421
    vertex 0.003 0.02348991679063656 0.004091025068185068
    vertex 0.003 0.02212933279992359 0.004087777971670726
  endloop
endfacet
facet normal -1 0 0
  outer loop
    vertex 0.003 0.024875 0.00649999999999995
    vertex 0.003 0.02625000000000001 0.00649999999999995
    vertex 0.003 0.0255746099472218 0.005302013128701025
  endloop
endfacet
facet normal -1 0 -0
  outer loop
    vertex 0.003 0.024875 0.00649999999999995
    vertex 0.003 0.0255746099472218 0.005302013128701025
    vertex 0.003 0.02418628585586372 0.005300860756097279
  endloop
endfacet
facet normal -1 0 0
  outer loop
    vertex 0.003 0.02075000000000001 0.00649999999999995
    vertex 0.003 0.02212500000000001 0.00649999999999995
    vertex 0.003 0.02142868724269511 0.005303137712760714
  endloop
endfacet
facet normal -1 0 0
  outer loop
    vertex 0.003 0.02212500000000001 0.001500000000000057
    vertex 0.003 0.02075000000000001 0.001500000000000057
    vertex 0.003 0.02144666620131355 0.002804677792334182
  endloop
endfacet
facet normal -1 0 0
  outer loop
    vertex 0.003 0.02625000000000001 0.001500000000000057
    vertex 0.003 0.024875 0.001500000000000057
    vertex 0.003 0.02554443882047981 0.002801724255310464
  endloop
endfacet
facet normal -1 0 0
  outer loop
    vertex 0.003 0.02212500000000001 0.00649999999999995
    vertex 0.003 0.0235 0.00649999999999995
    vertex 0.003 0.02281165381004481 0.005309667009255421
  endloop
endfacet
facet normal -1 0 0
  outer loop
    vertex 0.003 0.0255746099472218 0.005302013128701025
    vertex 0.003 0.02485648418190351 0.00407543311685834
    vertex 0.003 0.02418628585586372 0.005300860756097279
  endloop
endfacet
facet normal -1 0 -0
  outer loop
    vertex 0.003 0.0255746099472218 0.005302013128701025
    vertex 0.003 0.02617559367850186 0.004022489135309164
    vertex 0.003 0.02485648418190351 0.00407543311685834
  endloop
endfacet
facet normal -1 0 0
  outer loop
    vertex 0.003 0.027625 0.001500000000000057
    vertex 0.003 0.02625000000000001 0.001500000000000057
    vertex 0.003 0.02698326174229149 0.002805491260987565
  endloop
endfacet
facet normal -1 0 0
  outer loop
    vertex 0.003 0.02075000000000001 0.001500000000000057
    vertex 0.003 0.019375 0.001500000000000057
    vertex 0.003 0.0200531030971004 0.002759128926029725
  endloop
endfacet
facet normal -1 0 0
  outer loop
    vertex 0.003 0.018 0.002750000000000029
    vertex 0.003 0.018 0.004000000000000003
    vertex 0.003 0.01898705236829292 0.003404502012968401
  endloop
endfacet
facet normal -1 0 -0
  outer loop
    vertex 0.003 0.029 0.004000000000000003
    vertex 0.003 0.029 0.002750000000000029
    vertex 0.003 0.02801303296991292 0.003404499795011235
  endloop
endfacet
facet normal -1 0 0
  outer loop
    vertex 0.003 0.018 0.004000000000000003
    vertex 0.003 0.018 0.005249999999999977
    vertex 0.003 0.01895343032751753 0.004588497275625226
  endloop
endfacet
facet normal -1 0 -0
  outer loop
    vertex 0.003 0.029 0.005249999999999977
    vertex 0.003 0.029 0.004000000000000003
    vertex 0.003 0.02804636527678626 0.004588132745269556
  endloop
endfacet
facet normal -1 0 0
  outer loop
    vertex 0.003 0.01898705236829292 0.003404502012968401
    vertex 0.003 0.018 0.004000000000000003
    vertex 0.003 0.01895343032751753 0.004588497275625226
  endloop
endfacet
facet normal -1 -0 0
  outer loop
    vertex 0.003 0.029 0.004000000000000003
    vertex 0.003 0.02801303296991292 0.003404499795011235
    vertex 0.003 0.02804636527678626 0.004588132745269556
  endloop
endfacet
facet normal -1 0 0
  outer loop
    vertex 0.003 0.02144666620131355 0.002804677792334182
    vertex 0.003 0.02075000000000001 0.001500000000000057
    vertex 0.003 0.0200531030971004 0.002759128926029725
  endloop
endfacet
facet normal -1 0 0
  outer loop
    vertex 0.003 0.02625000000000001 0.001500000000000057
    vertex 0.003 0.02554443882047981 0.002801724255310464
    vertex 0.003 0.02698326174229149 0.002805491260987565
  endloop
endfacet
facet normal -1 0 0
  outer loop
    vertex 0.003 0.0200531030971004 0.002759128926029725
    vertex 0.003 0.01898705236829292 0.003404502012968401
    vertex 0.003 0.01976592239233627 0.004003948539336456
  endloop
endfacet
facet normal -1 -0 0
  outer loop
    vertex 0.003 0.02801303296991292 0.003404499795011235
    vertex 0.003 0.02698326174229149 0.002805491260987565
    vertex 0.003 0.02724121610069749 0.004012775160407623
  endloop
endfacet
facet normal -1 0 0
  outer loop
    vertex 0.003 0.019375 0.001500000000000057
    vertex 0.003 0.018 0.001500000000000057
    vertex 0.003 0.01888303109307867 0.002382726187799654
  endloop
endfacet
facet normal -1 0 0
  outer loop
    vertex 0.003 0.029 0.001500000000000057
    vertex 0.003 0.027625 0.001500000000000057
    vertex 0.003 0.02812425894244088 0.002391998211199789
  endloop
endfacet
facet normal -1 0 0
  outer loop
    vertex 0.003 0.027625 0.00649999999999995
    vertex 0.003 0.029 0.00649999999999995
    vertex 0.003 0.02811516118627964 0.005615075060146265
  endloop
endfacet
facet normal -1 0 0
  outer loop
    vertex 0.003 0.018 0.00649999999999995
    vertex 0.003 0.019375 0.00649999999999995
    vertex 0.003 0.01888454907981832 0.00561543737254477
  endloop
endfacet
facet normal -1 0 0
  outer loop
    vertex 0.003 0.018 0.001500000000000057
    vertex 0.003 0.018 0.002750000000000029
    vertex 0.003 0.01888303109307867 0.002382726187799654
  endloop
endfacet
facet normal -1 0 -0
  outer loop
    vertex 0.003 0.029 0.002750000000000029
    vertex 0.003 0.029 0.001500000000000057
    vertex 0.003 0.02812425894244088 0.002391998211199789
  endloop
endfacet
facet normal -1 0 -0
  outer loop
    vertex 0.003 0.029 0.00649999999999995
    vertex 0.003 0.029 0.005249999999999977
    vertex 0.003 0.02811516118627964 0.005615075060146265
  endloop
endfacet
facet normal -1 0 0
  outer loop
    vertex 0.003 0.018 0.005249999999999977
    vertex 0.003 0.018 0.00649999999999995
    vertex 0.003 0.01888454907981832 0.00561543737254477
  endloop
endfacet
facet normal -1 0 0
  outer loop
    vertex 0.003 0.02617559367850186 0.004022489135309164
    vertex 0.003 0.02698782683599493 0.005243262865460592
    vertex 0.003 0.02724121610069749 0.004012775160407623
  endloop
endfacet
facet normal -1 0 -0
  outer loop
    vertex 0.003 0.02001034942238696 0.005245434521894454
    vertex 0.003 0.02082567674638351 0.004022179960164476
    vertex 0.003 0.01976592239233627 0.004003948539336456
  endloop
endfacet
facet normal -1 0 0
  outer loop
    vertex 0.003 0.0200531030971004 0.002759128926029725
    vertex 0.003 0.019375 0.001500000000000057
    vertex 0.003 0.01888303109307867 0.002382726187799654
  endloop
endfacet
facet normal -1 0 0
  outer loop
    vertex 0.003 0.027625 0.001500000000000057
    vertex 0.003 0.02698326174229149 0.002805491260987565
    vertex 0.003 0.02812425894244088 0.002391998211199789
  endloop
endfacet
facet normal -1 0 -0
  outer loop
    vertex 0.003 0.01898705236829292 0.003404502012968401
    vertex 0.003 0.0200531030971004 0.002759128926029725
    vertex 0.003 0.01888303109307867 0.002382726187799654
  endloop
endfacet
facet normal -1 0 0
  outer loop
    vertex 0.003 0.02698326174229149 0.002805491260987565
    vertex 0.003 0.02801303296991292 0.003404499795011235
    vertex 0.003 0.02812425894244088 0.002391998211199789
  endloop
endfacet
facet normal -1 0 -0
  outer loop
    vertex 0.003 0.019375 0.00649999999999995
    vertex 0.003 0.02001034942238696 0.005245434521894454
    vertex 0.003 0.01888454907981832 0.00561543737254477
  endloop
endfacet
facet normal -1 0 0
  outer loop
    vertex 0.003 0.02698782683599493 0.005243262865460592
    vertex 0.003 0.027625 0.00649999999999995
    vertex 0.003 0.02811516118627964 0.005615075060146265
  endloop
endfacet
facet normal -1 0 0
  outer loop
    vertex 0.003 0.01895343032751753 0.004588497275625226
    vertex 0.003 0.02001034942238696 0.005245434521894454
    vertex 0.003 0.01976592239233627 0.004003948539336456
  endloop
endfacet
facet normal -1 0 0
  outer loop
    vertex 0.003 0.02698782683599493 0.005243262865460592
    vertex 0.003 0.02804636527678626 0.004588132745269556
    vertex 0.003 0.02724121610069749 0.004012775160407623
  endloop
endfacet
facet normal -1 0 0
  outer loop
    vertex 0.003 0.02804636527678626 0.004588132745269556
    vertex 0.003 0.02698782683599493 0.005243262865460592
    vertex 0.003 0.02811516118627964 0.005615075060146265
  endloop
endfacet
facet normal -1 -0 0
  outer loop
    vertex 0.003 0.02001034942238696 0.005245434521894454
    vertex 0.003 0.01895343032751753 0.004588497275625226
    vertex 0.003 0.01888454907981832 0.00561543737254477
  endloop
endfacet
facet normal -1 0 0
  outer loop
    vertex 0.003 0.018 0.002750000000000029
    vertex 0.003 0.01898705236829292 0.003404502012968401
    vertex 0.003 0.01888303109307867 0.002382726187799654
  endloop
endfacet
facet normal -1 0 0
  outer loop
    vertex 0.003 0.02801303296991292 0.003404499795011235
    vertex 0.003 0.029 0.002750000000000029
    vertex 0.003 0.02812425894244088 0.002391998211199789
  endloop
endfacet
facet normal -1 0 0
  outer loop
    vertex 0.003 0.01895343032751753 0.004588497275625226
    vertex 0.003 0.018 0.005249999999999977
    vertex 0.003 0.01888454907981832 0.00561543737254477
  endloop
endfacet
facet normal -1 -0 0
  outer loop
    vertex 0.003 0.029 0.005249999999999977
    vertex 0.003 0.02804636527678626 0.004588132745269556
    vertex 0.003 0.02811516118627964 0.005615075060146265
  endloop
endfacet
facet normal -1 0 0
  outer loop
    vertex 0.003 0.01898705236829292 0.003404502012968401
    vertex 0.003 0.01895343032751753 0.004588497275625226
    vertex 0.003 0.01976592239233627 0.004003948539336456
  endloop
endfacet
facet normal -1 0 0
  outer loop
    vertex 0.003 0.02804636527678626 0.004588132745269556
    vertex 0.003 0.02801303296991292 0.003404499795011235
    vertex 0.003 0.02724121610069749 0.004012775160407623
  endloop
endfacet
facet normal 0 -1 0
  outer loop
    vertex 0.009621763756051142 0.018 0.002749190344470819
    vertex 0.01035294117647057 0.018 0.001500000000000057
    vertex 0.01110013747673965 0.018 0.002752314341897457
  endloop
endfacet
facet normal 0 -1 0
  outer loop
    vertex 0.05005882352941175 0.018 0.001500000000000057
    vertex 0.05086273687742194 0.018 0.002790072475684331
    vertex 0.04932650643654437 0.018 0.002770781508511721
  endloop
endfacet
facet normal 0 -1 0
  outer loop
    vertex 0.04932650643654437 0.018 0.002770781508511721
    vertex 0.05086273687742194 0.018 0.002790072475684331
    vertex 0.04997503497929114 0.018 0.004008702344518699
  endloop
endfacet
facet normal 0 -1 0
  outer loop
    vertex 0.05005882352941175 0.018 0.001500000000000057
    vertex 0.05152941176470588 0.018 0.001500000000000057
    vertex 0.05086273687742194 0.018 0.002790072475684331
  endloop
endfacet
facet normal -0 -1 0
  outer loop
    vertex 0.005941176470588229 0.018 0.00649999999999995
    vertex 0.004470588235294115 0.018 0.00649999999999995
    vertex 0.005134269847774715 0.018 0.005212827993208118
  endloop
endfacet
facet normal -0 -1 0
  outer loop
    vertex 0.008137820920933948 0.018 0.005243575836968902
    vertex 0.007411764705882344 0.018 0.00649999999999995
    vertex 0.006655790441176461 0.018 0.005238372918200014
  endloop
endfacet
facet normal 0 -1 -0
  outer loop
    vertex 0.005941176470588229 0.018 0.00649999999999995
    vertex 0.005134269847774715 0.018 0.005212827993208118
    vertex 0.006655790441176461 0.018 0.005238372918200014
  endloop
endfacet
facet normal 0 -1 0
  outer loop
    vertex 0.04858823529411764 0.018 0.001500000000000057
    vertex 0.04932650643654437 0.018 0.002770781508511721
    vertex 0.04785307033379996 0.018 0.002769351669076452
  endloop
endfacet
facet normal -0 -1 0
  outer loop
    vertex 0.05152941176470588 0.018 0.00649999999999995
    vertex 0.05005882352941175 0.018 0.00649999999999995
    vertex 0.05085195561403361 0.018 0.005210341776366307
  endloop
endfacet
facet normal 0 -1 0
  outer loop
    vertex 0.006655790441176461 0.018 0.005238372918200014
    vertex 0.005134269847774715 0.018 0.005212827993208118
    vertex 0.006003403078829009 0.018 0.003984070052435622
  endloop
endfacet
facet normal 0 -1 0
  outer loop
    vertex 0.04858823529411764 0.018 0.001500000000000057
    vertex 0.05005882352941175 0.018 0.001500000000000057
    vertex 0.04932650643654437 0.018 0.002770781508511721
  endloop
endfacet
facet normal 0 -1 -0
  outer loop
    vertex 0.01035268456806514 0.018 0.00399560870467658
    vertex 0.009621763756051142 0.018 0.002749190344470819
    vertex 0.01110013747673965 0.018 0.002752314341897457
  endloop
endfacet
facet normal 0 -1 0
  outer loop
    vertex 0.04711764705882351 0.018 0.001500000000000057
    vertex 0.04858823529411764 0.018 0.001500000000000057
    vertex 0.04785307033379996 0.018 0.002769351669076452
  endloop
endfacet
facet normal 0 -1 0
  outer loop
    vertex 0.04638235294117644 0.018 0.002773566770271286
    vertex 0.04711764705882351 0.018 0.001500000000000057
    vertex 0.04785307033379996 0.018 0.002769351669076452
  endloop
endfacet
facet normal 0 -1 0
  outer loop
    vertex 0.008137820920933948 0.018 0.005243575836968902
    vertex 0.006655790441176461 0.018 0.005238372918200014
    vertex 0.007412007665297646 0.018 0.003993749860677119
  endloop
endfacet
facet normal 0 -1 0
  outer loop
    vertex 0.007411764705882344 0.018 0.001500000000000057
    vertex 0.008131966346466103 0.018 0.002749080749408756
    vertex 0.006679587863100081 0.018 0.002743287595120896
  endloop
endfacet
facet normal -0 -1 0
  outer loop
    vertex 0.007411764705882344 0.018 0.00649999999999995
    vertex 0.005941176470588229 0.018 0.00649999999999995
    vertex 0.006655790441176461 0.018 0.005238372918200014
  endloop
endfacet
facet normal 0 -1 0
  outer loop
    vertex 0.04932650643654437 0.018 0.002770781508511721
    vertex 0.04997503497929114 0.018 0.004008702344518699
    vertex 0.04857859855368435 0.018 0.00400188580634692
  endloop
endfacet
facet normal -0 -1 0
  outer loop
    vertex 0.04997503497929114 0.018 0.004008702344518699
    vertex 0.04929088371228058 0.018 0.00524750767986431
    vertex 0.04857859855368435 0.018 0.00400188580634692
  endloop
endfacet
facet normal 0 -1 -0
  outer loop
    vertex 0.04123529411764704 0.018 0.00649999999999995
    vertex 0.04049999999999995 0.018 0.005226433229728716
    vertex 0.04197058823529414 0.018 0.005226433229728716
  endloop
endfacet
facet normal 0 -1 0
  outer loop
    vertex 0.03608823529411761 0.018 0.002773566770271292
    vertex 0.03682352941176467 0.018 0.001500000000000057
    vertex 0.03755882352941176 0.018 0.002773566770271318
  endloop
endfacet
facet normal 0 -1 -0
  outer loop
    vertex 0.03535294117647055 0.018 0.00649999999999995
    vertex 0.03461764705882349 0.018 0.005226433229728716
    vertex 0.03608823529411764 0.018 0.005226433229728683
  endloop
endfacet
facet normal 0 -1 0
  outer loop
    vertex 0.03682352941176467 0.018 0.001500000000000057
    vertex 0.0382941176470588 0.018 0.001500000000000057
    vertex 0.03755882352941176 0.018 0.002773566770271318
  endloop
endfacet
facet normal 0 -1 0
  outer loop
    vertex 0.03976470588235292 0.018 0.001500000000000057
    vertex 0.04123529411764704 0.018 0.001500000000000057
    vertex 0.0405 0.018 0.002773566770271312
  endloop
endfacet
facet normal -0 -1 0
  outer loop
    vertex 0.03682352941176467 0.018 0.00649999999999995
    vertex 0.03535294117647055 0.018 0.00649999999999995
    vertex 0.03608823529411764 0.018 0.005226433229728683
  endloop
endfacet
facet normal 0 -1 -0
  outer loop
    vertex 0.0456470588235294 0.018 0.00649999999999995
    vertex 0.04491176470588233 0.018 0.005226433229728719
    vertex 0.04638235294117647 0.018 0.00522643322972872
  endloop
endfacet
facet normal 0 -1 0
  outer loop
    vertex 0.0382941176470588 0.018 0.001500000000000057
    vertex 0.03902941176470589 0.018 0.002773566770271292
    vertex 0.03755882352941176 0.018 0.002773566770271318
  endloop
endfacet
facet normal -0 -1 0
  outer loop
    vertex 0.03976470588235292 0.018 0.00649999999999995
    vertex 0.0382941176470588 0.018 0.00649999999999995
    vertex 0.03902941176470585 0.018 0.005226433229728692
  endloop
endfacet
facet normal -0 -1 0
  outer loop
    vertex 0.04858823529411764 0.018 0.00649999999999995
    vertex 0.04711764705882351 0.018 0.00649999999999995
    vertex 0.0478529411764706 0.018 0.005226433229728721
  endloop
endfacet
facet normal 0 -1 0
  outer loop
    vertex 0.02579411764705878 0.018 0.002773566770271286
    vertex 0.02652941176470584 0.018 0.001500000000000057
    vertex 0.0272647058823529 0.018 0.002773566770271288
  endloop
endfacet
facet normal -0 -1 0
  outer loop
    vertex 0.0478529411764706 0.018 0.005226433229728721
    vertex 0.04711764705882351 0.018 0.00649999999999995
    vertex 0.04638235294117647 0.018 0.00522643322972872
  endloop
endfacet
facet normal 0 -1 0
  outer loop
    vertex 0.04123529411764704 0.018 0.001500000000000057
    vertex 0.04197058823529412 0.018 0.002773566770271292
    vertex 0.0405 0.018 0.002773566770271312
  endloop
endfacet
facet normal 0 -1 0
  outer loop
    vertex 0.01549999999999998 0.018 0.002773566770271288
    vertex 0.01623529411764703 0.018 0.001500000000000057
    vertex 0.0169705882352941 0.018 0.002773566770271293
  endloop
endfacet
facet normal 0 -1 0
  outer loop
    vertex 0.02138235294117644 0.018 0.002773566770271286
    vertex 0.0221176470588235 0.018 0.001500000000000057
    vertex 0.02285294117647057 0.018 0.002773566770271282
  endloop
endfacet
facet normal -0 -1 0
  outer loop
    vertex 0.01991176470588232 0.018 0.005226433229728719
    vertex 0.01917647058823527 0.018 0.00649999999999995
    vertex 0.0184411764705882 0.018 0.005226433229728711
  endloop
endfacet
facet normal 0 -1 -0
  outer loop
    vertex 0.02064705882352938 0.018 0.00649999999999995
    vertex 0.01991176470588232 0.018 0.005226433229728719
    vertex 0.02138235294117645 0.018 0.005226433229728721
  endloop
endfacet
facet normal -0 -1 0
  outer loop
    vertex 0.0456470588235294 0.018 0.00649999999999995
    vertex 0.04417647058823528 0.018 0.00649999999999995
    vertex 0.04491176470588233 0.018 0.005226433229728719
  endloop
endfacet
facet normal 0 -1 0
  outer loop
    vertex 0.02358823529411761 0.018 0.001500000000000057
    vertex 0.02505882352941172 0.018 0.001500000000000057
    vertex 0.02432352941176466 0.018 0.002773566770271284
  endloop
endfacet
facet normal 0 -1 0
  outer loop
    vertex 0.03241176470588231 0.018 0.001500000000000057
    vertex 0.03388235294117643 0.018 0.001500000000000057
    vertex 0.03314705882352937 0.018 0.002773566770271292
  endloop
endfacet
facet normal 0 -1 0
  outer loop
    vertex 0.03535294117647055 0.018 0.001500000000000057
    vertex 0.03682352941176467 0.018 0.001500000000000057
    vertex 0.03608823529411761 0.018 0.002773566770271292
  endloop
endfacet
facet normal 0 -1 0
  outer loop
    vertex 0.03902941176470589 0.018 0.002773566770271292
    vertex 0.03976470588235292 0.018 0.001500000000000057
    vertex 0.0405 0.018 0.002773566770271312
  endloop
endfacet
facet normal 0 -1 0
  outer loop
    vertex 0.01623529411764703 0.018 0.001500000000000057
    vertex 0.01770588235294115 0.018 0.001500000000000057
    vertex 0.0169705882352941 0.018 0.002773566770271293
  endloop
endfacet
facet normal 0 -1 0
  outer loop
    vertex 0.03535294117647055 0.018 0.001500000000000057
    vertex 0.03608823529411761 0.018 0.002773566770271292
    vertex 0.03461764705882348 0.018 0.002773566770271295
  endloop
endfacet
facet normal -0 -1 0
  outer loop
    vertex 0.03755882352941174 0.018 0.005226433229728716
    vertex 0.03682352941176467 0.018 0.00649999999999995
    vertex 0.03608823529411764 0.018 0.005226433229728683
  endloop
endfacet
facet normal -0 -1 0
  outer loop
    vertex 0.0382941176470588 0.018 0.00649999999999995
    vertex 0.03682352941176467 0.018 0.00649999999999995
    vertex 0.03755882352941174 0.018 0.005226433229728716
  endloop
endfacet
facet normal 0 -1 -0
  outer loop
    vertex 0.008882352941176459 0.018 0.00649999999999995
    vertex 0.008137820920933948 0.018 0.005243575836968902
    vertex 0.009616107408390941 0.018 0.005238456799659638
  endloop
endfacet
facet normal 0 -1 0
  outer loop
    vertex 0.01770588235294115 0.018 0.001500000000000057
    vertex 0.01917647058823527 0.018 0.001500000000000057
    vertex 0.01844117647058821 0.018 0.002773566770271288
  endloop
endfacet
facet normal 0 -1 0
  outer loop
    vertex 0.02064705882352938 0.018 0.001500000000000057
    vertex 0.02138235294117644 0.018 0.002773566770271286
    vertex 0.01991176470588233 0.018 0.002773566770271291
  endloop
endfacet
facet normal -0 -1 0
  outer loop
    vertex 0.01917647058823527 0.018 0.00649999999999995
    vertex 0.01770588235294115 0.018 0.00649999999999995
    vertex 0.0184411764705882 0.018 0.005226433229728711
  endloop
endfacet
facet normal -0 -1 0
  outer loop
    vertex 0.01035294117647057 0.018 0.00649999999999995
    vertex 0.008882352941176459 0.018 0.00649999999999995
    vertex 0.009616107408390941 0.018 0.005238456799659638
  endloop
endfacet
facet normal 0 -1 -0
  outer loop
    vertex 0.01182352941176469 0.018 0.00649999999999995
    vertex 0.01108823529411763 0.018 0.005234290202920908
    vertex 0.01255882352941175 0.018 0.005230864211302708
  endloop
endfacet
facet normal -0 -1 0
  outer loop
    vertex 0.01770588235294115 0.018 0.00649999999999995
    vertex 0.01623529411764703 0.018 0.00649999999999995
    vertex 0.01697058823529409 0.018 0.005226433229728719
  endloop
endfacet
facet normal -0 -1 0
  outer loop
    vertex 0.02064705882352938 0.018 0.00649999999999995
    vertex 0.01917647058823527 0.018 0.00649999999999995
    vertex 0.01991176470588232 0.018 0.005226433229728719
  endloop
endfacet
facet normal 0 -1 0
  outer loop
    vertex 0.02505882352941172 0.018 0.001500000000000057
    vertex 0.02579411764705878 0.018 0.002773566770271286
    vertex 0.02432352941176466 0.018 0.002773566770271284
  endloop
endfacet
facet normal 0 -1 0
  outer loop
    vertex 0.02652941176470584 0.018 0.001500000000000057
    vertex 0.02799999999999996 0.018 0.001500000000000057
    vertex 0.0272647058823529 0.018 0.002773566770271288
  endloop
endfacet
facet normal -0 -1 0
  outer loop
    vertex 0.0132941176470588 0.018 0.00649999999999995
    vertex 0.01182352941176469 0.018 0.00649999999999995
    vertex 0.01255882352941175 0.018 0.005230864211302708
  endloop
endfacet
facet normal -0 -1 0
  outer loop
    vertex 0.02285294117647056 0.018 0.005226433229728725
    vertex 0.0221176470588235 0.018 0.00649999999999995
    vertex 0.02138235294117645 0.018 0.005226433229728721
  endloop
endfacet
facet normal 0 -1 0
  outer loop
    vertex 0.01255882352941174 0.018 0.002773566770271286
    vertex 0.0132941176470588 0.018 0.001500000000000057
    vertex 0.01402941176470586 0.018 0.002773566770271287
  endloop
endfacet
facet normal 0 -1 -0
  outer loop
    vertex 0.01770588235294115 0.018 0.00649999999999995
    vertex 0.01697058823529409 0.018 0.005226433229728719
    vertex 0.0184411764705882 0.018 0.005226433229728711
  endloop
endfacet
facet normal -0 -1 0
  outer loop
    vertex 0.04711764705882351 0.018 0.00649999999999995
    vertex 0.0456470588235294 0.018 0.00649999999999995
    vertex 0.04638235294117647 0.018 0.00522643322972872
  endloop
endfacet
facet normal 0 -1 0
  outer loop
    vertex 0.0132941176470588 0.018 0.001500000000000057
    vertex 0.01476470588235292 0.018 0.001500000000000057
    vertex 0.01402941176470586 0.018 0.002773566770271287
  endloop
endfacet
facet normal 0 -1 0
  outer loop
    vertex 0.01770588235294115 0.018 0.001500000000000057
    vertex 0.01844117647058821 0.018 0.002773566770271288
    vertex 0.0169705882352941 0.018 0.002773566770271293
  endloop
endfacet
facet normal -0 -1 0
  outer loop
    vertex 0.008882352941176459 0.018 0.00649999999999995
    vertex 0.007411764705882344 0.018 0.00649999999999995
    vertex 0.008137820920933948 0.018 0.005243575836968902
  endloop
endfacet
facet normal -0 -1 0
  outer loop
    vertex 0.02652941176470584 0.018 0.00649999999999995
    vertex 0.02505882352941172 0.018 0.00649999999999995
    vertex 0.02579411764705878 0.018 0.005226433229728721
  endloop
endfacet
facet normal 0 -1 -0
  outer loop
    vertex 0.0382941176470588 0.018 0.00649999999999995
    vertex 0.03755882352941174 0.018 0.005226433229728716
    vertex 0.03902941176470585 0.018 0.005226433229728692
  endloop
endfacet
facet normal -0 -1 0
  outer loop
    vertex 0.01476470588235292 0.018 0.00649999999999995
    vertex 0.0132941176470588 0.018 0.00649999999999995
    vertex 0.01402941176470586 0.018 0.00522643322972872
  endloop
endfacet
facet normal 0 -1 0
  outer loop
    vertex 0.01182352941176469 0.018 0.001500000000000057
    vertex 0.0132941176470588 0.018 0.001500000000000057
    vertex 0.01255882352941174 0.018 0.002773566770271286
  endloop
endfacet
facet normal 0 -1 0
  outer loop
    vertex 0.02505882352941172 0.018 0.001500000000000057
    vertex 0.02652941176470584 0.018 0.001500000000000057
    vertex 0.02579411764705878 0.018 0.002773566770271286
  endloop
endfacet
facet normal 0 -1 0
  outer loop
    vertex 0.0456470588235294 0.018 0.001500000000000057
    vertex 0.04711764705882351 0.018 0.001500000000000057
    vertex 0.04638235294117644 0.018 0.002773566770271286
  endloop
endfacet
facet normal 0 -1 0
  outer loop
    vertex 0.01402941176470586 0.018 0.00522643322972872
    vertex 0.0132941176470588 0.018 0.00649999999999995
    vertex 0.01255882352941175 0.018 0.005230864211302708
  endloop
endfacet
facet normal -0 -1 0
  outer loop
    vertex 0.02947058823529407 0.018 0.00649999999999995
    vertex 0.02799999999999996 0.018 0.00649999999999995
    vertex 0.02873529411764701 0.018 0.005226433229728716
  endloop
endfacet
facet normal 0 -1 0
  outer loop
    vertex 0.02947058823529407 0.018 0.001500000000000057
    vertex 0.03094117647058819 0.018 0.001500000000000057
    vertex 0.03020588235294114 0.018 0.002773566770271292
  endloop
endfacet
facet normal -0 -1 0
  outer loop
    vertex 0.01108823529411763 0.018 0.005234290202920908
    vertex 0.009616107408390941 0.018 0.005238456799659638
    vertex 0.01035268456806514 0.018 0.00399560870467658
  endloop
endfacet
facet normal -0 -1 0
  outer loop
    vertex 0.0221176470588235 0.018 0.00649999999999995
    vertex 0.02064705882352938 0.018 0.00649999999999995
    vertex 0.02138235294117645 0.018 0.005226433229728721
  endloop
endfacet
facet normal 0 -1 0
  outer loop
    vertex 0.007411764705882344 0.018 0.001500000000000057
    vertex 0.008882352941176459 0.018 0.001500000000000057
    vertex 0.008131966346466103 0.018 0.002749080749408756
  endloop
endfacet
facet normal 0 -1 0
  outer loop
    vertex 0.01476470588235292 0.018 0.001500000000000057
    vertex 0.01623529411764703 0.018 0.001500000000000057
    vertex 0.01549999999999998 0.018 0.002773566770271288
  endloop
endfacet
facet normal 0 -1 0
  outer loop
    vertex 0.02064705882352938 0.018 0.001500000000000057
    vertex 0.0221176470588235 0.018 0.001500000000000057
    vertex 0.02138235294117644 0.018 0.002773566770271286
  endloop
endfacet
facet normal 0 -1 0
  outer loop
    vertex 0.01476470588235292 0.018 0.001500000000000057
    vertex 0.01549999999999998 0.018 0.002773566770271288
    vertex 0.01402941176470586 0.018 0.002773566770271287
  endloop
endfacet
facet normal -0 -1 0
  outer loop
    vertex 0.01623529411764703 0.018 0.00649999999999995
    vertex 0.01476470588235292 0.018 0.00649999999999995
    vertex 0.01549999999999997 0.018 0.005226433229728721
  endloop
endfacet
facet normal 0 -1 0
  outer loop
    vertex 0.01917647058823527 0.018 0.001500000000000057
    vertex 0.02064705882352938 0.018 0.001500000000000057
    vertex 0.01991176470588233 0.018 0.002773566770271291
  endloop
endfacet
facet normal -0 -1 0
  outer loop
    vertex 0.01182352941176469 0.018 0.00649999999999995
    vertex 0.01035294117647057 0.018 0.00649999999999995
    vertex 0.01108823529411763 0.018 0.005234290202920908
  endloop
endfacet
facet normal 0 -1 0
  outer loop
    vertex 0.01697058823529409 0.018 0.005226433229728719
    vertex 0.01623529411764703 0.018 0.00649999999999995
    vertex 0.01549999999999997 0.018 0.005226433229728721
  endloop
endfacet
facet normal 0 -1 0
  outer loop
    vertex 0.01844117647058821 0.018 0.002773566770271288
    vertex 0.01917647058823527 0.018 0.001500000000000057
    vertex 0.01991176470588233 0.018 0.002773566770271291
  endloop
endfacet
facet normal 0 -1 0
  outer loop
    vertex 0.0456470588235294 0.018 0.001500000000000057
    vertex 0.04638235294117644 0.018 0.002773566770271286
    vertex 0.04491176470588232 0.018 0.002773566770271275
  endloop
endfacet
facet normal 0 -1 -0
  outer loop
    vertex 0.01476470588235292 0.018 0.00649999999999995
    vertex 0.01402941176470586 0.018 0.00522643322972872
    vertex 0.01549999999999997 0.018 0.005226433229728721
  endloop
endfacet
facet normal 0 -1 0
  outer loop
    vertex 0.01108823529411763 0.018 0.005234290202920908
    vertex 0.01035294117647057 0.018 0.00649999999999995
    vertex 0.009616107408390941 0.018 0.005238456799659638
  endloop
endfacet
facet normal -0 -1 0
  outer loop
    vertex 0.02358823529411761 0.018 0.00649999999999995
    vertex 0.0221176470588235 0.018 0.00649999999999995
    vertex 0.02285294117647056 0.018 0.005226433229728725
  endloop
endfacet
facet normal 0 -1 0
  outer loop
    vertex 0.02873529411764701 0.018 0.005226433229728716
    vertex 0.02799999999999996 0.018 0.00649999999999995
    vertex 0.02726470588235289 0.018 0.00522643322972873
  endloop
endfacet
facet normal 0 -1 0
  outer loop
    vertex 0.03388235294117643 0.018 0.001500000000000057
    vertex 0.03535294117647055 0.018 0.001500000000000057
    vertex 0.03461764705882348 0.018 0.002773566770271295
  endloop
endfacet
facet normal 0 -1 0
  outer loop
    vertex 0.0221176470588235 0.018 0.001500000000000057
    vertex 0.02358823529411761 0.018 0.001500000000000057
    vertex 0.02285294117647057 0.018 0.002773566770271282
  endloop
endfacet
facet normal 0 -1 0
  outer loop
    vertex 0.04417647058823528 0.018 0.001500000000000057
    vertex 0.0456470588235294 0.018 0.001500000000000057
    vertex 0.04491176470588232 0.018 0.002773566770271275
  endloop
endfacet
facet normal -0 -1 0
  outer loop
    vertex 0.04049999999999995 0.018 0.005226433229728716
    vertex 0.03976470588235292 0.018 0.00649999999999995
    vertex 0.03902941176470585 0.018 0.005226433229728692
  endloop
endfacet
facet normal 0 -1 0
  outer loop
    vertex 0.03314705882352937 0.018 0.002773566770271292
    vertex 0.03388235294117643 0.018 0.001500000000000057
    vertex 0.03461764705882348 0.018 0.002773566770271295
  endloop
endfacet
facet normal 0 -1 -0
  outer loop
    vertex 0.02652941176470584 0.018 0.00649999999999995
    vertex 0.02579411764705878 0.018 0.005226433229728721
    vertex 0.02726470588235289 0.018 0.00522643322972873
  endloop
endfacet
facet normal -0 -1 0
  outer loop
    vertex 0.02799999999999996 0.018 0.00649999999999995
    vertex 0.02652941176470584 0.018 0.00649999999999995
    vertex 0.02726470588235289 0.018 0.00522643322972873
  endloop
endfacet
facet normal -0 -1 0
  outer loop
    vertex 0.03241176470588231 0.018 0.00649999999999995
    vertex 0.03094117647058819 0.018 0.00649999999999995
    vertex 0.03167647058823525 0.018 0.005226433229728716
  endloop
endfacet
facet normal -0 -1 0
  outer loop
    vertex 0.03535294117647055 0.018 0.00649999999999995
    vertex 0.03388235294117643 0.018 0.00649999999999995
    vertex 0.03461764705882349 0.018 0.005226433229728716
  endloop
endfacet
facet normal -0 -1 0
  outer loop
    vertex 0.04123529411764704 0.018 0.00649999999999995
    vertex 0.03976470588235292 0.018 0.00649999999999995
    vertex 0.04049999999999995 0.018 0.005226433229728716
  endloop
endfacet
facet normal 0 -1 0
  outer loop
    vertex 0.04123529411764704 0.018 0.001500000000000057
    vertex 0.04270588235294116 0.018 0.001500000000000057
    vertex 0.04197058823529412 0.018 0.002773566770271292
  endloop
endfacet
facet normal 0 -1 0
  outer loop
    vertex 0.0382941176470588 0.018 0.001500000000000057
    vertex 0.03976470588235292 0.018 0.001500000000000057
    vertex 0.03902941176470589 0.018 0.002773566770271292
  endloop
endfacet
facet normal -0 -1 0
  outer loop
    vertex 0.04270588235294116 0.018 0.00649999999999995
    vertex 0.04123529411764704 0.018 0.00649999999999995
    vertex 0.04197058823529414 0.018 0.005226433229728716
  endloop
endfacet
facet normal 0 -1 0
  outer loop
    vertex 0.02358823529411761 0.018 0.001500000000000057
    vertex 0.02432352941176466 0.018 0.002773566770271284
    vertex 0.02285294117647057 0.018 0.002773566770271282
  endloop
endfacet
facet normal 0 -1 0
  outer loop
    vertex 0.02579411764705878 0.018 0.005226433229728721
    vertex 0.02505882352941172 0.018 0.00649999999999995
    vertex 0.02432352941176466 0.018 0.005226433229728741
  endloop
endfacet
facet normal 0 -1 -0
  outer loop
    vertex 0.03241176470588231 0.018 0.00649999999999995
    vertex 0.03167647058823525 0.018 0.005226433229728716
    vertex 0.03314705882352937 0.018 0.005226433229728742
  endloop
endfacet
facet normal 0 -1 0
  outer loop
    vertex 0.02947058823529407 0.018 0.001500000000000057
    vertex 0.03020588235294114 0.018 0.002773566770271292
    vertex 0.02873529411764702 0.018 0.002773566770271268
  endloop
endfacet
facet normal 0 -1 -0
  outer loop
    vertex 0.02358823529411761 0.018 0.00649999999999995
    vertex 0.02285294117647056 0.018 0.005226433229728725
    vertex 0.02432352941176466 0.018 0.005226433229728741
  endloop
endfacet
facet normal 0 -1 0
  outer loop
    vertex 0.02799999999999996 0.018 0.001500000000000057
    vertex 0.02873529411764702 0.018 0.002773566770271268
    vertex 0.0272647058823529 0.018 0.002773566770271288
  endloop
endfacet
facet normal 0 -1 -0
  outer loop
    vertex 0.02947058823529407 0.018 0.00649999999999995
    vertex 0.02873529411764701 0.018 0.005226433229728716
    vertex 0.03020588235294113 0.018 0.005226433229728749
  endloop
endfacet
facet normal 0 -1 0
  outer loop
    vertex 0.03241176470588231 0.018 0.001500000000000057
    vertex 0.03314705882352937 0.018 0.002773566770271292
    vertex 0.03167647058823525 0.018 0.002773566770271261
  endloop
endfacet
facet normal 0 -1 0
  outer loop
    vertex 0.03167647058823525 0.018 0.005226433229728716
    vertex 0.03094117647058819 0.018 0.00649999999999995
    vertex 0.03020588235294113 0.018 0.005226433229728749
  endloop
endfacet
facet normal -0 -1 0
  outer loop
    vertex 0.02505882352941172 0.018 0.00649999999999995
    vertex 0.02358823529411761 0.018 0.00649999999999995
    vertex 0.02432352941176466 0.018 0.005226433229728741
  endloop
endfacet
facet normal 0 -1 0
  outer loop
    vertex 0.03461764705882349 0.018 0.005226433229728716
    vertex 0.03388235294117643 0.018 0.00649999999999995
    vertex 0.03314705882352937 0.018 0.005226433229728742
  endloop
endfacet
facet normal 0 -1 0
  outer loop
    vertex 0.02799999999999996 0.018 0.001500000000000057
    vertex 0.02947058823529407 0.018 0.001500000000000057
    vertex 0.02873529411764702 0.018 0.002773566770271268
  endloop
endfacet
facet normal 0 -1 0
  outer loop
    vertex 0.03020588235294114 0.018 0.002773566770271292
    vertex 0.03094117647058819 0.018 0.001500000000000057
    vertex 0.03167647058823525 0.018 0.002773566770271261
  endloop
endfacet
facet normal 0 -1 0
  outer loop
    vertex 0.04491176470588233 0.018 0.005226433229728719
    vertex 0.04417647058823528 0.018 0.00649999999999995
    vertex 0.04344117647058823 0.018 0.005226433229728754
  endloop
endfacet
facet normal -0 -1 0
  outer loop
    vertex 0.03094117647058819 0.018 0.00649999999999995
    vertex 0.02947058823529407 0.018 0.00649999999999995
    vertex 0.03020588235294113 0.018 0.005226433229728749
  endloop
endfacet
facet normal -0 -1 0
  outer loop
    vertex 0.03388235294117643 0.018 0.00649999999999995
    vertex 0.03241176470588231 0.018 0.00649999999999995
    vertex 0.03314705882352937 0.018 0.005226433229728742
  endloop
endfacet
facet normal 0 -1 0
  outer loop
    vertex 0.04197058823529412 0.018 0.002773566770271292
    vertex 0.04270588235294116 0.018 0.001500000000000057
    vertex 0.04344117647058821 0.018 0.002773566770271232
  endloop
endfacet
facet normal 0 -1 0
  outer loop
    vertex 0.03094117647058819 0.018 0.001500000000000057
    vertex 0.03241176470588231 0.018 0.001500000000000057
    vertex 0.03167647058823525 0.018 0.002773566770271261
  endloop
endfacet
facet normal 0 -1 0
  outer loop
    vertex 0.04417647058823528 0.018 0.001500000000000057
    vertex 0.04491176470588232 0.018 0.002773566770271275
    vertex 0.04344117647058821 0.018 0.002773566770271232
  endloop
endfacet
facet normal -0 -1 0
  outer loop
    vertex 0.04417647058823528 0.018 0.00649999999999995
    vertex 0.04270588235294116 0.018 0.00649999999999995
    vertex 0.04344117647058823 0.018 0.005226433229728754
  endloop
endfacet
facet normal 0 -1 -0
  outer loop
    vertex 0.04270588235294116 0.018 0.00649999999999995
    vertex 0.04197058823529414 0.018 0.005226433229728716
    vertex 0.04344117647058823 0.018 0.005226433229728754
  endloop
endfacet
facet normal 0 -1 0
  outer loop
    vertex 0.04270588235294116 0.018 0.001500000000000057
    vertex 0.04417647058823528 0.018 0.001500000000000057
    vertex 0.04344117647058821 0.018 0.002773566770271232
  endloop
endfacet
facet normal -0 -1 0
  outer loop
    vertex 0.05005882352941175 0.018 0.00649999999999995
    vertex 0.04858823529411764 0.018 0.00649999999999995
    vertex 0.04929088371228058 0.018 0.00524750767986431
  endloop
endfacet
facet normal 0 -1 -0
  outer loop
    vertex 0.008137820920933948 0.018 0.005243575836968902
    vertex 0.007412007665297646 0.018 0.003993749860677119
    vertex 0.008878725110867486 0.018 0.003994943715976969
  endloop
endfacet
facet normal 0 -1 0
  outer loop
    vertex 0.007412007665297646 0.018 0.003993749860677119
    vertex 0.008131966346466103 0.018 0.002749080749408756
    vertex 0.008878725110867486 0.018 0.003994943715976969
  endloop
endfacet
facet normal -0 -1 0
  outer loop
    vertex 0.008131966346466103 0.018 0.002749080749408756
    vertex 0.007412007665297646 0.018 0.003993749860677119
    vertex 0.006679587863100081 0.018 0.002743287595120896
  endloop
endfacet
facet normal 0 -1 -0
  outer loop
    vertex 0.006655790441176461 0.018 0.005238372918200014
    vertex 0.006003403078829009 0.018 0.003984070052435622
    vertex 0.007412007665297646 0.018 0.003993749860677119
  endloop
endfacet
facet normal 0 -1 0
  outer loop
    vertex 0.04785307033379996 0.018 0.002769351669076452
    vertex 0.04932650643654437 0.018 0.002770781508511721
    vertex 0.04857859855368435 0.018 0.00400188580634692
  endloop
endfacet
facet normal 0 -1 -0
  outer loop
    vertex 0.04858823529411764 0.018 0.00649999999999995
    vertex 0.0478529411764706 0.018 0.005226433229728721
    vertex 0.04929088371228058 0.018 0.00524750767986431
  endloop
endfacet
facet normal 0 -1 0
  outer loop
    vertex 0.007412007665297646 0.018 0.003993749860677119
    vertex 0.006003403078829009 0.018 0.003984070052435622
    vertex 0.006679587863100081 0.018 0.002743287595120896
  endloop
endfacet
facet normal 0 -1 0
  outer loop
    vertex 0.005941176470588229 0.018 0.001500000000000057
    vertex 0.007411764705882344 0.018 0.001500000000000057
    vertex 0.006679587863100081 0.018 0.002743287595120896
  endloop
endfacet
facet normal 0 -1 0
  outer loop
    vertex 0.01035294117647057 0.018 0.001500000000000057
    vertex 0.01182352941176469 0.018 0.001500000000000057
    vertex 0.01110013747673965 0.018 0.002752314341897457
  endloop
endfacet
facet normal 0 -1 0
  outer loop
    vertex 0.008882352941176459 0.018 0.001500000000000057
    vertex 0.01035294117647057 0.018 0.001500000000000057
    vertex 0.009621763756051142 0.018 0.002749190344470819
  endloop
endfacet
facet normal -0 -1 0
  outer loop
    vertex 0.01035268456806514 0.018 0.00399560870467658
    vertex 0.009616107408390941 0.018 0.005238456799659638
    vertex 0.008878725110867486 0.018 0.003994943715976969
  endloop
endfacet
facet normal 0 -1 -0
  outer loop
    vertex 0.01108823529411763 0.018 0.005234290202920908
    vertex 0.01035268456806514 0.018 0.00399560870467658
    vertex 0.01182352941176469 0.018 0.004000008298610623
  endloop
endfacet
facet normal 0 -1 0
  outer loop
    vertex 0.004470588235294115 0.018 0.001500000000000057
    vertex 0.005941176470588229 0.018 0.001500000000000057
    vertex 0.005139962184060185 0.018 0.002786339369103315
  endloop
endfacet
facet normal 0 -1 0
  outer loop
    vertex 0.006679587863100081 0.018 0.002743287595120896
    vertex 0.006003403078829009 0.018 0.003984070052435622
    vertex 0.005139962184060185 0.018 0.002786339369103315
  endloop
endfacet
facet normal 0 -1 0
  outer loop
    vertex 0.04785307033379996 0.018 0.002769351669076452
    vertex 0.04857859855368435 0.018 0.00400188580634692
    vertex 0.04711764705882351 0.018 0.004000000000000026
  endloop
endfacet
facet normal -0 -1 0
  outer loop
    vertex 0.04857859855368435 0.018 0.00400188580634692
    vertex 0.0478529411764706 0.018 0.005226433229728721
    vertex 0.04711764705882351 0.018 0.004000000000000026
  endloop
endfacet
facet normal 0 -1 0
  outer loop
    vertex 0.04638235294117644 0.018 0.002773566770271286
    vertex 0.04785307033379996 0.018 0.002769351669076452
    vertex 0.04711764705882351 0.018 0.004000000000000026
  endloop
endfacet
facet normal 0 -1 0
  outer loop
    vertex 0.04929088371228058 0.018 0.00524750767986431
    vertex 0.0478529411764706 0.018 0.005226433229728721
    vertex 0.04857859855368435 0.018 0.00400188580634692
  endloop
endfacet
facet normal 0 -1 0
  outer loop
    vertex 0.04638235294117644 0.018 0.002773566770271286
    vertex 0.04711764705882351 0.018 0.004000000000000026
    vertex 0.04564705882352939 0.018 0.004000000000000006
  endloop
endfacet
facet normal 0 -1 0
  outer loop
    vertex 0.0478529411764706 0.018 0.005226433229728721
    vertex 0.04638235294117647 0.018 0.00522643322972872
    vertex 0.04711764705882351 0.018 0.004000000000000026
  endloop
endfacet
facet normal -0 -1 0
  outer loop
    vertex 0.04711764705882351 0.018 0.004000000000000026
    vertex 0.04638235294117647 0.018 0.00522643322972872
    vertex 0.04564705882352939 0.018 0.004000000000000006
  endloop
endfacet
facet normal 0 -1 -0
  outer loop
    vertex 0.05005882352941175 0.018 0.00649999999999995
    vertex 0.04929088371228058 0.018 0.00524750767986431
    vertex 0.05085195561403361 0.018 0.005210341776366307
  endloop
endfacet
facet normal 0 -1 0
  outer loop
    vertex 0.01035268456806514 0.018 0.00399560870467658
    vertex 0.01110013747673965 0.018 0.002752314341897457
    vertex 0.01182352941176469 0.018 0.004000008298610623
  endloop
endfacet
facet normal 0 -1 0
  outer loop
    vertex 0.009621763756051142 0.018 0.002749190344470819
    vertex 0.01035268456806514 0.018 0.00399560870467658
    vertex 0.008878725110867486 0.018 0.003994943715976969
  endloop
endfacet
facet normal 0 -1 0
  outer loop
    vertex 0.008131966346466103 0.018 0.002749080749408756
    vertex 0.008882352941176459 0.018 0.001500000000000057
    vertex 0.009621763756051142 0.018 0.002749190344470819
  endloop
endfacet
facet normal 0 -1 0
  outer loop
    vertex 0.01182352941176469 0.018 0.001500000000000057
    vertex 0.01255882352941174 0.018 0.002773566770271286
    vertex 0.01110013747673965 0.018 0.002752314341897457
  endloop
endfacet
facet normal 0 -1 0
  outer loop
    vertex 0.01255882352941174 0.018 0.002773566770271286
    vertex 0.0132941176470588 0.018 0.004000000000000002
    vertex 0.01182352941176469 0.018 0.004000008298610623
  endloop
endfacet
facet normal 0 -1 0
  outer loop
    vertex 0.03902941176470589 0.018 0.002773566770271292
    vertex 0.03976470588235291 0.018 0.004000000000000012
    vertex 0.0382941176470588 0.018 0.004000000000000006
  endloop
endfacet
facet normal 0 -1 -0
  outer loop
    vertex 0.03020588235294113 0.018 0.005226433229728749
    vertex 0.02947058823529407 0.018 0.004000000000000005
    vertex 0.03094117647058819 0.018 0.004000000000000004
  endloop
endfacet
facet normal 0 -1 0
  outer loop
    vertex 0.0338823529411764 0.018 0.004000000000000015
    vertex 0.03461764705882348 0.018 0.002773566770271295
    vertex 0.03535294117647055 0.018 0.004000000000000005
  endloop
endfacet
facet normal 0 -1 -0
  outer loop
    vertex 0.04491176470588233 0.018 0.005226433229728719
    vertex 0.04417647058823526 0.018 0.003999999999999991
    vertex 0.04564705882352939 0.018 0.004000000000000006
  endloop
endfacet
facet normal 0 -1 0
  outer loop
    vertex 0.04123529411764706 0.018 0.004000000000000012
    vertex 0.04197058823529412 0.018 0.002773566770271292
    vertex 0.04270588235294119 0.018 0.003999999999999997
  endloop
endfacet
facet normal 0 -1 0
  outer loop
    vertex 0.04417647058823526 0.018 0.003999999999999991
    vertex 0.04491176470588232 0.018 0.002773566770271275
    vertex 0.04564705882352939 0.018 0.004000000000000006
  endloop
endfacet
facet normal 0 -1 -0
  outer loop
    vertex 0.04197058823529414 0.018 0.005226433229728716
    vertex 0.04123529411764706 0.018 0.004000000000000012
    vertex 0.04270588235294119 0.018 0.003999999999999997
  endloop
endfacet
facet normal 0 -1 -0
  outer loop
    vertex 0.03461764705882349 0.018 0.005226433229728716
    vertex 0.0338823529411764 0.018 0.004000000000000015
    vertex 0.03535294117647055 0.018 0.004000000000000005
  endloop
endfacet
facet normal 0 -1 0
  outer loop
    vertex 0.02505882352941172 0.018 0.004000000000000005
    vertex 0.02579411764705878 0.018 0.002773566770271286
    vertex 0.02652941176470583 0.018 0.003999999999999998
  endloop
endfacet
facet normal -0 -1 0
  outer loop
    vertex 0.03976470588235291 0.018 0.004000000000000012
    vertex 0.03902941176470585 0.018 0.005226433229728692
    vertex 0.0382941176470588 0.018 0.004000000000000006
  endloop
endfacet
facet normal 0 -1 -0
  outer loop
    vertex 0.02579411764705878 0.018 0.005226433229728721
    vertex 0.02505882352941172 0.018 0.004000000000000005
    vertex 0.02652941176470583 0.018 0.003999999999999998
  endloop
endfacet
facet normal -0 -1 0
  outer loop
    vertex 0.04197058823529414 0.018 0.005226433229728716
    vertex 0.04049999999999995 0.018 0.005226433229728716
    vertex 0.04123529411764706 0.018 0.004000000000000012
  endloop
endfacet
facet normal 0 -1 0
  outer loop
    vertex 0.02285294117647057 0.018 0.002773566770271282
    vertex 0.02358823529411761 0.018 0.004000000000000009
    vertex 0.0221176470588235 0.018 0.004000000000000005
  endloop
endfacet
facet normal 0 -1 0
  outer loop
    vertex 0.03020588235294113 0.018 0.005226433229728749
    vertex 0.02873529411764701 0.018 0.005226433229728716
    vertex 0.02947058823529407 0.018 0.004000000000000005
  endloop
endfacet
facet normal 0 -1 0
  outer loop
    vertex 0.03755882352941176 0.018 0.002773566770271318
    vertex 0.03902941176470589 0.018 0.002773566770271292
    vertex 0.0382941176470588 0.018 0.004000000000000006
  endloop
endfacet
facet normal 0 -1 0
  outer loop
    vertex 0.02947058823529407 0.018 0.004000000000000005
    vertex 0.03020588235294114 0.018 0.002773566770271292
    vertex 0.03094117647058819 0.018 0.004000000000000004
  endloop
endfacet
facet normal 0 -1 0
  outer loop
    vertex 0.0272647058823529 0.018 0.002773566770271288
    vertex 0.02873529411764702 0.018 0.002773566770271268
    vertex 0.02799999999999995 0.018 0.004000000000000001
  endloop
endfacet
facet normal 0 -1 0
  outer loop
    vertex 0.02432352941176466 0.018 0.002773566770271284
    vertex 0.02579411764705878 0.018 0.002773566770271286
    vertex 0.02505882352941172 0.018 0.004000000000000005
  endloop
endfacet
facet normal -0 -1 0
  outer loop
    vertex 0.02358823529411761 0.018 0.004000000000000009
    vertex 0.02285294117647056 0.018 0.005226433229728725
    vertex 0.0221176470588235 0.018 0.004000000000000005
  endloop
endfacet
facet normal 0 -1 0
  outer loop
    vertex 0.0405 0.018 0.002773566770271312
    vertex 0.04197058823529412 0.018 0.002773566770271292
    vertex 0.04123529411764706 0.018 0.004000000000000012
  endloop
endfacet
facet normal 0 -1 0
  outer loop
    vertex 0.02138235294117644 0.018 0.002773566770271286
    vertex 0.02285294117647057 0.018 0.002773566770271282
    vertex 0.0221176470588235 0.018 0.004000000000000005
  endloop
endfacet
facet normal -0 -1 0
  outer loop
    vertex 0.03167647058823525 0.018 0.005226433229728716
    vertex 0.03020588235294113 0.018 0.005226433229728749
    vertex 0.03094117647058819 0.018 0.004000000000000004
  endloop
endfacet
facet normal 0 -1 0
  outer loop
    vertex 0.04638235294117647 0.018 0.00522643322972872
    vertex 0.04491176470588233 0.018 0.005226433229728719
    vertex 0.04564705882352939 0.018 0.004000000000000006
  endloop
endfacet
facet normal 0 -1 0
  outer loop
    vertex 0.02873529411764702 0.018 0.002773566770271268
    vertex 0.02947058823529407 0.018 0.004000000000000005
    vertex 0.02799999999999995 0.018 0.004000000000000001
  endloop
endfacet
facet normal -0 -1 0
  outer loop
    vertex 0.04491176470588233 0.018 0.005226433229728719
    vertex 0.04344117647058823 0.018 0.005226433229728754
    vertex 0.04417647058823526 0.018 0.003999999999999991
  endloop
endfacet
facet normal 0 -1 0
  outer loop
    vertex 0.03314705882352937 0.018 0.005226433229728742
    vertex 0.03167647058823525 0.018 0.005226433229728716
    vertex 0.03241176470588231 0.018 0.004000000000000002
  endloop
endfacet
facet normal 0 -1 0
  outer loop
    vertex 0.04491176470588232 0.018 0.002773566770271275
    vertex 0.04638235294117644 0.018 0.002773566770271286
    vertex 0.04564705882352939 0.018 0.004000000000000006
  endloop
endfacet
facet normal -0 -1 0
  outer loop
    vertex 0.02579411764705878 0.018 0.005226433229728721
    vertex 0.02432352941176466 0.018 0.005226433229728741
    vertex 0.02505882352941172 0.018 0.004000000000000005
  endloop
endfacet
facet normal 0 -1 0
  outer loop
    vertex 0.02726470588235289 0.018 0.00522643322972873
    vertex 0.02579411764705878 0.018 0.005226433229728721
    vertex 0.02652941176470583 0.018 0.003999999999999998
  endloop
endfacet
facet normal 0 -1 0
  outer loop
    vertex 0.02138235294117644 0.018 0.002773566770271286
    vertex 0.0221176470588235 0.018 0.004000000000000005
    vertex 0.02064705882352939 0.018 0.004000000000000009
  endloop
endfacet
facet normal 0 -1 0
  outer loop
    vertex 0.01549999999999998 0.018 0.002773566770271288
    vertex 0.0169705882352941 0.018 0.002773566770271293
    vertex 0.01623529411764703 0.018 0.004000000000000004
  endloop
endfacet
facet normal 0 -1 0
  outer loop
    vertex 0.02138235294117645 0.018 0.005226433229728721
    vertex 0.01991176470588232 0.018 0.005226433229728719
    vertex 0.02064705882352939 0.018 0.004000000000000009
  endloop
endfacet
facet normal 0 -1 0
  outer loop
    vertex 0.03608823529411761 0.018 0.002773566770271292
    vertex 0.03755882352941176 0.018 0.002773566770271318
    vertex 0.03682352941176467 0.018 0.00400000000000001
  endloop
endfacet
facet normal 0 -1 0
  outer loop
    vertex 0.03461764705882348 0.018 0.002773566770271295
    vertex 0.03608823529411761 0.018 0.002773566770271292
    vertex 0.03535294117647055 0.018 0.004000000000000005
  endloop
endfacet
facet normal -0 -1 0
  outer loop
    vertex 0.01917647058823527 0.018 0.004000000000000004
    vertex 0.0184411764705882 0.018 0.005226433229728711
    vertex 0.01770588235294115 0.018 0.004000000000000003
  endloop
endfacet
facet normal 0 -1 -0
  outer loop
    vertex 0.01402941176470586 0.018 0.00522643322972872
    vertex 0.0132941176470588 0.018 0.004000000000000002
    vertex 0.01476470588235292 0.018 0.004000000000000004
  endloop
endfacet
facet normal 0 -1 0
  outer loop
    vertex 0.01844117647058821 0.018 0.002773566770271288
    vertex 0.01917647058823527 0.018 0.004000000000000004
    vertex 0.01770588235294115 0.018 0.004000000000000003
  endloop
endfacet
facet normal 0 -1 0
  outer loop
    vertex 0.02285294117647057 0.018 0.002773566770271282
    vertex 0.02432352941176466 0.018 0.002773566770271284
    vertex 0.02358823529411761 0.018 0.004000000000000009
  endloop
endfacet
facet normal 0 -1 0
  outer loop
    vertex 0.02432352941176466 0.018 0.005226433229728741
    vertex 0.02285294117647056 0.018 0.005226433229728725
    vertex 0.02358823529411761 0.018 0.004000000000000009
  endloop
endfacet
facet normal 0 -1 0
  outer loop
    vertex 0.02579411764705878 0.018 0.002773566770271286
    vertex 0.0272647058823529 0.018 0.002773566770271288
    vertex 0.02652941176470583 0.018 0.003999999999999998
  endloop
endfacet
facet normal 0 -1 0
  outer loop
    vertex 0.0221176470588235 0.018 0.004000000000000005
    vertex 0.02138235294117645 0.018 0.005226433229728721
    vertex 0.02064705882352939 0.018 0.004000000000000009
  endloop
endfacet
facet normal 0 -1 -0
  outer loop
    vertex 0.01697058823529409 0.018 0.005226433229728719
    vertex 0.01623529411764703 0.018 0.004000000000000004
    vertex 0.01770588235294115 0.018 0.004000000000000003
  endloop
endfacet
facet normal 0 -1 0
  outer loop
    vertex 0.04344117647058823 0.018 0.005226433229728754
    vertex 0.04197058823529414 0.018 0.005226433229728716
    vertex 0.04270588235294119 0.018 0.003999999999999997
  endloop
endfacet
facet normal 0 -1 0
  outer loop
    vertex 0.01255882352941174 0.018 0.002773566770271286
    vertex 0.01402941176470586 0.018 0.002773566770271287
    vertex 0.0132941176470588 0.018 0.004000000000000002
  endloop
endfacet
facet normal 0 -1 0
  outer loop
    vertex 0.0132941176470588 0.018 0.004000000000000002
    vertex 0.01402941176470586 0.018 0.002773566770271287
    vertex 0.01476470588235292 0.018 0.004000000000000004
  endloop
endfacet
facet normal 0 -1 0
  outer loop
    vertex 0.02285294117647056 0.018 0.005226433229728725
    vertex 0.02138235294117645 0.018 0.005226433229728721
    vertex 0.0221176470588235 0.018 0.004000000000000005
  endloop
endfacet
facet normal 0 -1 0
  outer loop
    vertex 0.01402941176470586 0.018 0.002773566770271287
    vertex 0.01549999999999998 0.018 0.002773566770271288
    vertex 0.01476470588235292 0.018 0.004000000000000004
  endloop
endfacet
facet normal 0 -1 0
  outer loop
    vertex 0.01991176470588233 0.018 0.002773566770271291
    vertex 0.02138235294117644 0.018 0.002773566770271286
    vertex 0.02064705882352939 0.018 0.004000000000000009
  endloop
endfacet
facet normal -0 -1 0
  outer loop
    vertex 0.0184411764705882 0.018 0.005226433229728711
    vertex 0.01697058823529409 0.018 0.005226433229728719
    vertex 0.01770588235294115 0.018 0.004000000000000003
  endloop
endfacet
facet normal -0 -1 0
  outer loop
    vertex 0.01402941176470586 0.018 0.00522643322972872
    vertex 0.01255882352941175 0.018 0.005230864211302708
    vertex 0.0132941176470588 0.018 0.004000000000000002
  endloop
endfacet
facet normal 0 -1 0
  outer loop
    vertex 0.03314705882352937 0.018 0.002773566770271292
    vertex 0.03461764705882348 0.018 0.002773566770271295
    vertex 0.0338823529411764 0.018 0.004000000000000015
  endloop
endfacet
facet normal -0 -1 0
  outer loop
    vertex 0.02947058823529407 0.018 0.004000000000000005
    vertex 0.02873529411764701 0.018 0.005226433229728716
    vertex 0.02799999999999995 0.018 0.004000000000000001
  endloop
endfacet
facet normal 0 -1 0
  outer loop
    vertex 0.01844117647058821 0.018 0.002773566770271288
    vertex 0.01991176470588233 0.018 0.002773566770271291
    vertex 0.01917647058823527 0.018 0.004000000000000004
  endloop
endfacet
facet normal 0 -1 0
  outer loop
    vertex 0.01549999999999997 0.018 0.005226433229728721
    vertex 0.01402941176470586 0.018 0.00522643322972872
    vertex 0.01476470588235292 0.018 0.004000000000000004
  endloop
endfacet
facet normal 0 -1 -0
  outer loop
    vertex 0.01549999999999997 0.018 0.005226433229728721
    vertex 0.01476470588235292 0.018 0.004000000000000004
    vertex 0.01623529411764703 0.018 0.004000000000000004
  endloop
endfacet
facet normal 0 -1 0
  outer loop
    vertex 0.01991176470588233 0.018 0.002773566770271291
    vertex 0.02064705882352939 0.018 0.004000000000000009
    vertex 0.01917647058823527 0.018 0.004000000000000004
  endloop
endfacet
facet normal -0 -1 0
  outer loop
    vertex 0.02873529411764701 0.018 0.005226433229728716
    vertex 0.02726470588235289 0.018 0.00522643322972873
    vertex 0.02799999999999995 0.018 0.004000000000000001
  endloop
endfacet
facet normal 0 -1 0
  outer loop
    vertex 0.04344117647058821 0.018 0.002773566770271232
    vertex 0.04491176470588232 0.018 0.002773566770271275
    vertex 0.04417647058823526 0.018 0.003999999999999991
  endloop
endfacet
facet normal -0 -1 0
  outer loop
    vertex 0.01697058823529409 0.018 0.005226433229728719
    vertex 0.01549999999999997 0.018 0.005226433229728721
    vertex 0.01623529411764703 0.018 0.004000000000000004
  endloop
endfacet
facet normal 0 -1 0
  outer loop
    vertex 0.01476470588235292 0.018 0.004000000000000004
    vertex 0.01549999999999998 0.018 0.002773566770271288
    vertex 0.01623529411764703 0.018 0.004000000000000004
  endloop
endfacet
facet normal 0 -1 0
  outer loop
    vertex 0.01991176470588232 0.018 0.005226433229728719
    vertex 0.0184411764705882 0.018 0.005226433229728711
    vertex 0.01917647058823527 0.018 0.004000000000000004
  endloop
endfacet
facet normal -0 -1 0
  outer loop
    vertex 0.02064705882352939 0.018 0.004000000000000009
    vertex 0.01991176470588232 0.018 0.005226433229728719
    vertex 0.01917647058823527 0.018 0.004000000000000004
  endloop
endfacet
facet normal 0 -1 0
  outer loop
    vertex 0.01623529411764703 0.018 0.004000000000000004
    vertex 0.0169705882352941 0.018 0.002773566770271293
    vertex 0.01770588235294115 0.018 0.004000000000000003
  endloop
endfacet
facet normal 0 -1 0
  outer loop
    vertex 0.03167647058823525 0.018 0.002773566770271261
    vertex 0.03314705882352937 0.018 0.002773566770271292
    vertex 0.03241176470588231 0.018 0.004000000000000002
  endloop
endfacet
facet normal -0 -1 0
  outer loop
    vertex 0.03461764705882349 0.018 0.005226433229728716
    vertex 0.03314705882352937 0.018 0.005226433229728742
    vertex 0.0338823529411764 0.018 0.004000000000000015
  endloop
endfacet
facet normal 0 -1 0
  outer loop
    vertex 0.03020588235294114 0.018 0.002773566770271292
    vertex 0.03167647058823525 0.018 0.002773566770271261
    vertex 0.03094117647058819 0.018 0.004000000000000004
  endloop
endfacet
facet normal 0 -1 -0
  outer loop
    vertex 0.03314705882352937 0.018 0.005226433229728742
    vertex 0.03241176470588231 0.018 0.004000000000000002
    vertex 0.0338823529411764 0.018 0.004000000000000015
  endloop
endfacet
facet normal 0 -1 0
  outer loop
    vertex 0.0169705882352941 0.018 0.002773566770271293
    vertex 0.01844117647058821 0.018 0.002773566770271288
    vertex 0.01770588235294115 0.018 0.004000000000000003
  endloop
endfacet
facet normal 0 -1 0
  outer loop
    vertex 0.03167647058823525 0.018 0.002773566770271261
    vertex 0.03241176470588231 0.018 0.004000000000000002
    vertex 0.03094117647058819 0.018 0.004000000000000004
  endloop
endfacet
facet normal 0 -1 0
  outer loop
    vertex 0.03241176470588231 0.018 0.004000000000000002
    vertex 0.03167647058823525 0.018 0.005226433229728716
    vertex 0.03094117647058819 0.018 0.004000000000000004
  endloop
endfacet
facet normal 0 -1 0
  outer loop
    vertex 0.02873529411764702 0.018 0.002773566770271268
    vertex 0.03020588235294114 0.018 0.002773566770271292
    vertex 0.02947058823529407 0.018 0.004000000000000005
  endloop
endfacet
facet normal -0 -1 0
  outer loop
    vertex 0.03608823529411764 0.018 0.005226433229728683
    vertex 0.03461764705882349 0.018 0.005226433229728716
    vertex 0.03535294117647055 0.018 0.004000000000000005
  endloop
endfacet
facet normal 0 -1 -0
  outer loop
    vertex 0.02726470588235289 0.018 0.00522643322972873
    vertex 0.02652941176470583 0.018 0.003999999999999998
    vertex 0.02799999999999995 0.018 0.004000000000000001
  endloop
endfacet
facet normal 0 -1 0
  outer loop
    vertex 0.04197058823529412 0.018 0.002773566770271292
    vertex 0.04344117647058821 0.018 0.002773566770271232
    vertex 0.04270588235294119 0.018 0.003999999999999997
  endloop
endfacet
facet normal 0 -1 0
  outer loop
    vertex 0.03682352941176467 0.018 0.00400000000000001
    vertex 0.03755882352941176 0.018 0.002773566770271318
    vertex 0.0382941176470588 0.018 0.004000000000000006
  endloop
endfacet
facet normal 0 -1 0
  outer loop
    vertex 0.02652941176470583 0.018 0.003999999999999998
    vertex 0.0272647058823529 0.018 0.002773566770271288
    vertex 0.02799999999999995 0.018 0.004000000000000001
  endloop
endfacet
facet normal 0 -1 0
  outer loop
    vertex 0.04049999999999995 0.018 0.005226433229728716
    vertex 0.03902941176470585 0.018 0.005226433229728692
    vertex 0.03976470588235291 0.018 0.004000000000000012
  endloop
endfacet
facet normal 0 -1 0
  outer loop
    vertex 0.03902941176470589 0.018 0.002773566770271292
    vertex 0.0405 0.018 0.002773566770271312
    vertex 0.03976470588235291 0.018 0.004000000000000012
  endloop
endfacet
facet normal 0 -1 0
  outer loop
    vertex 0.03755882352941174 0.018 0.005226433229728716
    vertex 0.03608823529411764 0.018 0.005226433229728683
    vertex 0.03682352941176467 0.018 0.00400000000000001
  endloop
endfacet
facet normal 0 -1 -0
  outer loop
    vertex 0.02432352941176466 0.018 0.005226433229728741
    vertex 0.02358823529411761 0.018 0.004000000000000009
    vertex 0.02505882352941172 0.018 0.004000000000000005
  endloop
endfacet
facet normal 0 -1 0
  outer loop
    vertex 0.02358823529411761 0.018 0.004000000000000009
    vertex 0.02432352941176466 0.018 0.002773566770271284
    vertex 0.02505882352941172 0.018 0.004000000000000005
  endloop
endfacet
facet normal 0 -1 -0
  outer loop
    vertex 0.03755882352941174 0.018 0.005226433229728716
    vertex 0.03682352941176467 0.018 0.00400000000000001
    vertex 0.0382941176470588 0.018 0.004000000000000006
  endloop
endfacet
facet normal 0 -1 0
  outer loop
    vertex 0.03241176470588231 0.018 0.004000000000000002
    vertex 0.03314705882352937 0.018 0.002773566770271292
    vertex 0.0338823529411764 0.018 0.004000000000000015
  endloop
endfacet
facet normal 0 -1 0
  outer loop
    vertex 0.03535294117647055 0.018 0.004000000000000005
    vertex 0.03608823529411761 0.018 0.002773566770271292
    vertex 0.03682352941176467 0.018 0.00400000000000001
  endloop
endfacet
facet normal 0 -1 0
  outer loop
    vertex 0.04123529411764706 0.018 0.004000000000000012
    vertex 0.04049999999999995 0.018 0.005226433229728716
    vertex 0.03976470588235291 0.018 0.004000000000000012
  endloop
endfacet
facet normal 0 -1 0
  outer loop
    vertex 0.0405 0.018 0.002773566770271312
    vertex 0.04123529411764706 0.018 0.004000000000000012
    vertex 0.03976470588235291 0.018 0.004000000000000012
  endloop
endfacet
facet normal -0 -1 0
  outer loop
    vertex 0.03902941176470585 0.018 0.005226433229728692
    vertex 0.03755882352941174 0.018 0.005226433229728716
    vertex 0.0382941176470588 0.018 0.004000000000000006
  endloop
endfacet
facet normal 0 -1 0
  outer loop
    vertex 0.04417647058823526 0.018 0.003999999999999991
    vertex 0.04344117647058823 0.018 0.005226433229728754
    vertex 0.04270588235294119 0.018 0.003999999999999997
  endloop
endfacet
facet normal 0 -1 -0
  outer loop
    vertex 0.03608823529411764 0.018 0.005226433229728683
    vertex 0.03535294117647055 0.018 0.004000000000000005
    vertex 0.03682352941176467 0.018 0.00400000000000001
  endloop
endfacet
facet normal 0 -1 0
  outer loop
    vertex 0.04344117647058821 0.018 0.002773566770271232
    vertex 0.04417647058823526 0.018 0.003999999999999991
    vertex 0.04270588235294119 0.018 0.003999999999999997
  endloop
endfacet
facet normal 0 -1 0
  outer loop
    vertex 0.0132941176470588 0.018 0.004000000000000002
    vertex 0.01255882352941175 0.018 0.005230864211302708
    vertex 0.01182352941176469 0.018 0.004000008298610623
  endloop
endfacet
facet normal -0 -1 0
  outer loop
    vertex 0.01255882352941175 0.018 0.005230864211302708
    vertex 0.01108823529411763 0.018 0.005234290202920908
    vertex 0.01182352941176469 0.018 0.004000008298610623
  endloop
endfacet
facet normal -0 -1 0
  outer loop
    vertex 0.009616107408390941 0.018 0.005238456799659638
    vertex 0.008137820920933948 0.018 0.005243575836968902
    vertex 0.008878725110867486 0.018 0.003994943715976969
  endloop
endfacet
facet normal 0 -1 0
  outer loop
    vertex 0.04929088371228058 0.018 0.00524750767986431
    vertex 0.04997503497929114 0.018 0.004008702344518699
    vertex 0.05085195561403361 0.018 0.005210341776366307
  endloop
endfacet
facet normal 0 -1 0
  outer loop
    vertex 0.053 0.018 0.002750000000000029
    vertex 0.053 0.018 0.004000000000000003
    vertex 0.05191746824526947 0.018 0.003375000000000016
  endloop
endfacet
facet normal 0 -1 0
  outer loop
    vertex 0.003 0.018 0.005249999999999977
    vertex 0.003 0.018 0.004000000000000003
    vertex 0.004082531754730525 0.018 0.004624999999999989
  endloop
endfacet
facet normal 0 -1 0
  outer loop
    vertex 0.053 0.018 0.004000000000000003
    vertex 0.053 0.018 0.005249999999999977
    vertex 0.05195843365115572 0.018 0.004584456709825151
  endloop
endfacet
facet normal 0 -1 0
  outer loop
    vertex 0.003 0.018 0.004000000000000003
    vertex 0.003 0.018 0.002750000000000029
    vertex 0.004036206251754222 0.018 0.003408743636522749
  endloop
endfacet
facet normal 0 -1 0
  outer loop
    vertex 0.01110013747673965 0.018 0.002752314341897457
    vertex 0.01255882352941174 0.018 0.002773566770271286
    vertex 0.01182352941176469 0.018 0.004000008298610623
  endloop
endfacet
facet normal 0 -1 0
  outer loop
    vertex 0.008131966346466103 0.018 0.002749080749408756
    vertex 0.009621763756051142 0.018 0.002749190344470819
    vertex 0.008878725110867486 0.018 0.003994943715976969
  endloop
endfacet
facet normal 0 -1 0
  outer loop
    vertex 0.005941176470588229 0.018 0.001500000000000057
    vertex 0.006679587863100081 0.018 0.002743287595120896
    vertex 0.005139962184060185 0.018 0.002786339369103315
  endloop
endfacet
facet normal 0 -1 -0
  outer loop
    vertex 0.05152941176470588 0.018 0.00649999999999995
    vertex 0.05085195561403361 0.018 0.005210341776366307
    vertex 0.05206796020597904 0.018 0.005608959697238266
  endloop
endfacet
facet normal 0 -1 0
  outer loop
    vertex 0.05152941176470588 0.018 0.001500000000000057
    vertex 0.053 0.018 0.001500000000000057
    vertex 0.05206192337747945 0.018 0.002383014495136898
  endloop
endfacet
facet normal -0 -1 0
  outer loop
    vertex 0.004470588235294115 0.018 0.00649999999999995
    vertex 0.003 0.018 0.00649999999999995
    vertex 0.003937477967559871 0.018 0.005617565598641598
  endloop
endfacet
facet normal -0 -1 0
  outer loop
    vertex 0.053 0.018 0.00649999999999995
    vertex 0.05152941176470588 0.018 0.00649999999999995
    vertex 0.05206796020597904 0.018 0.005608959697238266
  endloop
endfacet
facet normal 0 -1 0
  outer loop
    vertex 0.003 0.018 0.001500000000000057
    vertex 0.004470588235294115 0.018 0.001500000000000057
    vertex 0.003929351334221704 0.018 0.002389016601125241
  endloop
endfacet
facet normal -0 -1 0
  outer loop
    vertex 0.053 0.018 0.004000000000000003
    vertex 0.05195843365115572 0.018 0.004584456709825151
    vertex 0.05191746824526947 0.018 0.003375000000000016
  endloop
endfacet
facet normal 0 -1 0
  outer loop
    vertex 0.003 0.018 0.004000000000000003
    vertex 0.004036206251754222 0.018 0.003408743636522749
    vertex 0.004082531754730525 0.018 0.004624999999999989
  endloop
endfacet
facet normal 0 -1 0
  outer loop
    vertex 0.05085195561403361 0.018 0.005210341776366307
    vertex 0.05195843365115572 0.018 0.004584456709825151
    vertex 0.05206796020597904 0.018 0.005608959697238266
  endloop
endfacet
facet normal -0 -1 0
  outer loop
    vertex 0.005139962184060185 0.018 0.002786339369103315
    vertex 0.004036206251754222 0.018 0.003408743636522749
    vertex 0.003929351334221704 0.018 0.002389016601125241
  endloop
endfacet
facet normal 0 -1 0
  outer loop
    vertex 0.004470588235294115 0.018 0.001500000000000057
    vertex 0.005139962184060185 0.018 0.002786339369103315
    vertex 0.003929351334221704 0.018 0.002389016601125241
  endloop
endfacet
facet normal 0 -1 0
  outer loop
    vertex 0.053 0.018 0.001500000000000057
    vertex 0.053 0.018 0.002750000000000029
    vertex 0.05206192337747945 0.018 0.002383014495136898
  endloop
endfacet
facet normal 0 -1 0
  outer loop
    vertex 0.003 0.018 0.00649999999999995
    vertex 0.003 0.018 0.005249999999999977
    vertex 0.003937477967559871 0.018 0.005617565598641598
  endloop
endfacet
facet normal 0 -1 0
  outer loop
    vertex 0.053 0.018 0.005249999999999977
    vertex 0.053 0.018 0.00649999999999995
    vertex 0.05206796020597904 0.018 0.005608959697238266
  endloop
endfacet
facet normal 0 -1 0
  outer loop
    vertex 0.003 0.018 0.002750000000000029
    vertex 0.003 0.018 0.001500000000000057
    vertex 0.003929351334221704 0.018 0.002389016601125241
  endloop
endfacet
facet normal 0 -1 0
  outer loop
    vertex 0.005139962184060185 0.018 0.002786339369103315
    vertex 0.006003403078829009 0.018 0.003984070052435622
    vertex 0.004879274623429732 0.018 0.004003396210253959
  endloop
endfacet
facet normal 0 -1 0
  outer loop
    vertex 0.005134269847774715 0.018 0.005212827993208118
    vertex 0.004470588235294115 0.018 0.00649999999999995
    vertex 0.003937477967559871 0.018 0.005617565598641598
  endloop
endfacet
facet normal 0 -1 0
  outer loop
    vertex 0.05086273687742194 0.018 0.002790072475684331
    vertex 0.05152941176470588 0.018 0.001500000000000057
    vertex 0.05206192337747945 0.018 0.002383014495136898
  endloop
endfacet
facet normal 0 -1 0
  outer loop
    vertex 0.004036206251754222 0.018 0.003408743636522749
    vertex 0.005139962184060185 0.018 0.002786339369103315
    vertex 0.004879274623429732 0.018 0.004003396210253959
  endloop
endfacet
facet normal -0 -1 0
  outer loop
    vertex 0.05195843365115572 0.018 0.004584456709825151
    vertex 0.05085195561403361 0.018 0.005210341776366307
    vertex 0.05111312587343438 0.018 0.0039937146612789
  endloop
endfacet
facet normal 0 -1 0
  outer loop
    vertex 0.04997503497929114 0.018 0.004008702344518699
    vertex 0.05086273687742194 0.018 0.002790072475684331
    vertex 0.05111312587343438 0.018 0.0039937146612789
  endloop
endfacet
facet normal 0 -1 0
  outer loop
    vertex 0.006003403078829009 0.018 0.003984070052435622
    vertex 0.005134269847774715 0.018 0.005212827993208118
    vertex 0.004879274623429732 0.018 0.004003396210253959
  endloop
endfacet
facet normal 0 -1 -0
  outer loop
    vertex 0.05085195561403361 0.018 0.005210341776366307
    vertex 0.04997503497929114 0.018 0.004008702344518699
    vertex 0.05111312587343438 0.018 0.0039937146612789
  endloop
endfacet
facet normal 0 -1 0
  outer loop
    vertex 0.004082531754730525 0.018 0.004624999999999989
    vertex 0.005134269847774715 0.018 0.005212827993208118
    vertex 0.003937477967559871 0.018 0.005617565598641598
  endloop
endfacet
facet normal 0 -1 -0
  outer loop
    vertex 0.05191746824526947 0.018 0.003375000000000016
    vertex 0.05086273687742194 0.018 0.002790072475684331
    vertex 0.05206192337747945 0.018 0.002383014495136898
  endloop
endfacet
facet normal 0 -1 0
  outer loop
    vertex 0.005134269847774715 0.018 0.005212827993208118
    vertex 0.004082531754730525 0.018 0.004624999999999989
    vertex 0.004879274623429732 0.018 0.004003396210253959
  endloop
endfacet
facet normal 0 -1 0
  outer loop
    vertex 0.05086273687742194 0.018 0.002790072475684331
    vertex 0.05191746824526947 0.018 0.003375000000000016
    vertex 0.05111312587343438 0.018 0.0039937146612789
  endloop
endfacet
facet normal 0 -1 0
  outer loop
    vertex 0.003 0.018 0.005249999999999977
    vertex 0.004082531754730525 0.018 0.004624999999999989
    vertex 0.003937477967559871 0.018 0.005617565598641598
  endloop
endfacet
facet normal -0 -1 0
  outer loop
    vertex 0.053 0.018 0.002750000000000029
    vertex 0.05191746824526947 0.018 0.003375000000000016
    vertex 0.05206192337747945 0.018 0.002383014495136898
  endloop
endfacet
facet normal 0 -1 0
  outer loop
    vertex 0.004036206251754222 0.018 0.003408743636522749
    vertex 0.003 0.018 0.002750000000000029
    vertex 0.003929351334221704 0.018 0.002389016601125241
  endloop
endfacet
facet normal 0 -1 0
  outer loop
    vertex 0.05195843365115572 0.018 0.004584456709825151
    vertex 0.053 0.018 0.005249999999999977
    vertex 0.05206796020597904 0.018 0.005608959697238266
  endloop
endfacet
facet normal 0 -1 -0
  outer loop
    vertex 0.004082531754730525 0.018 0.004624999999999989
    vertex 0.004036206251754222 0.018 0.003408743636522749
    vertex 0.004879274623429732 0.018 0.004003396210253959
  endloop
endfacet
facet normal 0 -1 0
  outer loop
    vertex 0.05191746824526947 0.018 0.003375000000000016
    vertex 0.05195843365115572 0.018 0.004584456709825151
    vertex 0.05111312587343438 0.018 0.0039937146612789
  endloop
endfacet
facet normal -1 0 0
  outer loop
    vertex 0.053 0.01608253175473053 0.003375000000000016
    vertex 0.053 0.01580813117743531 0.004591885289220216
    vertex 0.053 0.01691746824526948 0.00462499999999999
  endloop
endfacet
facet normal -1 0 -0
  outer loop
    vertex 0.053 0.01691746824526948 0.00462499999999999
    vertex 0.053 0.01719186882256469 0.003408114710779791
    vertex 0.053 0.01608253175473053 0.003375000000000016
  endloop
endfacet
facet normal -1 0 0
  outer loop
    vertex 0.053 0.018 0.004000000000000003
    vertex 0.053 0.01691746824526948 0.00462499999999999
    vertex 0.053 0.018 0.005249999999999977
  endloop
endfacet
facet normal -1 0 0
  outer loop
    vertex 0.053 0.015 0.004000000000000003
    vertex 0.053 0.01608253175473053 0.003375000000000016
    vertex 0.053 0.015 0.002750000000000029
  endloop
endfacet
facet normal -1 -0 0
  outer loop
    vertex 0.053 0.018 0.004000000000000003
    vertex 0.053 0.01719186882256469 0.003408114710779791
    vertex 0.053 0.01691746824526948 0.00462499999999999
  endloop
endfacet
facet normal -1 0 0
  outer loop
    vertex 0.053 0.015 0.004000000000000003
    vertex 0.053 0.01580813117743531 0.004591885289220216
    vertex 0.053 0.01608253175473053 0.003375000000000016
  endloop
endfacet
facet normal -1 1.9984e-12 -2.19741e-12
  outer loop
    vertex 0.053 0.018 0.00649999999999995
    vertex 0.053 0.01705356346730538 0.005639276160766412
    vertex 0.052999999999997 0.0165 0.00649999999999995
  endloop
endfacet
facet normal -1 -1.9984e-12 2.19741e-12
  outer loop
    vertex 0.053 0.015 0.001500000000000057
    vertex 0.053 0.01594643653269462 0.002360723839233594
    vertex 0.052999999999997 0.0165 0.001500000000000057
  endloop
endfacet
facet normal -1 1.9984e-12 2.12905e-12
  outer loop
    vertex 0.052999999999997 0.0165 0.001500000000000057
    vertex 0.053 0.01695347285166497 0.002482306425002257
    vertex 0.053 0.018 0.001500000000000057
  endloop
endfacet
facet normal -1 -1.9984e-12 -2.12905e-12
  outer loop
    vertex 0.052999999999997 0.0165 0.00649999999999995
    vertex 0.053 0.01604652714833503 0.005517693574997749
    vertex 0.053 0.015 0.00649999999999995
  endloop
endfacet
facet normal -1 0 0
  outer loop
    vertex 0.053 0.01719186882256469 0.003408114710779791
    vertex 0.053 0.01695347285166497 0.002482306425002257
    vertex 0.053 0.01608253175473053 0.003375000000000016
  endloop
endfacet
facet normal -1 0 0
  outer loop
    vertex 0.053 0.01580813117743531 0.004591885289220216
    vertex 0.053 0.01604652714833503 0.005517693574997749
    vertex 0.053 0.01691746824526948 0.00462499999999999
  endloop
endfacet
facet normal -1 0 0
  outer loop
    vertex 0.053 0.015 0.002750000000000029
    vertex 0.053 0.01594643653269462 0.002360723839233594
    vertex 0.053 0.015 0.001500000000000057
  endloop
endfacet
facet normal -1 0 0
  outer loop
    vertex 0.053 0.018 0.005249999999999977
    vertex 0.053 0.01705356346730538 0.005639276160766412
    vertex 0.053 0.018 0.00649999999999995
  endloop
endfacet
facet normal -1 0 0
  outer loop
    vertex 0.053 0.01691746824526948 0.00462499999999999
    vertex 0.053 0.01604652714833503 0.005517693574997749
    vertex 0.053 0.01705356346730538 0.005639276160766412
  endloop
endfacet
facet normal -1 0 -0
  outer loop
    vertex 0.053 0.01608253175473053 0.003375000000000016
    vertex 0.053 0.01695347285166497 0.002482306425002257
    vertex 0.053 0.01594643653269462 0.002360723839233594
  endloop
endfacet
facet normal -1 0 0
  outer loop
    vertex 0.053 0.018 0.001500000000000057
    vertex 0.053 0.01695347285166497 0.002482306425002257
    vertex 0.053 0.018 0.002750000000000029
  endloop
endfacet
facet normal -1 0 0
  outer loop
    vertex 0.053 0.015 0.00649999999999995
    vertex 0.053 0.01604652714833503 0.005517693574997749
    vertex 0.053 0.015 0.005249999999999977
  endloop
endfacet
facet normal -1 0 0
  outer loop
    vertex 0.053 0.015 0.005249999999999977
    vertex 0.053 0.01580813117743531 0.004591885289220216
    vertex 0.053 0.015 0.004000000000000003
  endloop
endfacet
facet normal -1 0 0
  outer loop
    vertex 0.053 0.018 0.002750000000000029
    vertex 0.053 0.01719186882256469 0.003408114710779791
    vertex 0.053 0.018 0.004000000000000003
  endloop
endfacet
facet normal -1 0 0
  outer loop
    vertex 0.053 0.01691746824526948 0.00462499999999999
    vertex 0.053 0.01705356346730538 0.005639276160766412
    vertex 0.053 0.018 0.005249999999999977
  endloop
endfacet
facet normal -1 0 0
  outer loop
    vertex 0.053 0.01608253175473053 0.003375000000000016
    vertex 0.053 0.01594643653269462 0.002360723839233594
    vertex 0.053 0.015 0.002750000000000029
  endloop
endfacet
facet normal -1 -0 0
  outer loop
    vertex 0.053 0.018 0.002750000000000029
    vertex 0.053 0.01695347285166497 0.002482306425002257
    vertex 0.053 0.01719186882256469 0.003408114710779791
  endloop
endfacet
facet normal -1 0 0
  outer loop
    vertex 0.053 0.015 0.005249999999999977
    vertex 0.053 0.01604652714833503 0.005517693574997749
    vertex 0.053 0.01580813117743531 0.004591885289220216
  endloop
endfacet
facet normal -1 -3.90175e-13 3.23172e-12
  outer loop
    vertex 0.053 0.01594643653269462 0.002360723839233594
    vertex 0.053 0.01695347285166497 0.002482306425002257
    vertex 0.052999999999997 0.0165 0.001500000000000057
  endloop
endfacet
facet normal -1 3.90175e-13 -3.23172e-12
  outer loop
    vertex 0.053 0.01705356346730538 0.005639276160766412
    vertex 0.053 0.01604652714833503 0.005517693574997749
    vertex 0.052999999999997 0.0165 0.00649999999999995
  endloop
endfacet
facet normal -1.07202e-14 1 -7.83665e-13
  outer loop
    vertex 0.05086069960934011 0.015 0.005211736531790967
    vertex 0.04932535003722339 0.015 0.005232739495040437
    vertex 0.05005555555555553 0.015000000000001 0.00649999999999995
  endloop
endfacet
facet normal 0 1 -7.76965e-13
  outer loop
    vertex 0.05152777777777777 0.015000000000001 0.00649999999999995
    vertex 0.05086069960934011 0.015 0.005211736531790967
    vertex 0.05005555555555553 0.015000000000001 0.00649999999999995
  endloop
endfacet
facet normal 0 1 0
  outer loop
    vertex 0.05086069960934011 0.015 0.005211736531790967
    vertex 0.04998005404731354 0.015 0.003990249838580031
    vertex 0.04932535003722339 0.015 0.005232739495040437
  endloop
endfacet
facet normal 0 1 -7.89842e-13
  outer loop
    vertex 0.05005555555555553 0.015000000000001 0.00649999999999995
    vertex 0.04932535003722339 0.015 0.005232739495040437
    vertex 0.0485833333333333 0.015000000000001 0.00649999999999995
  endloop
endfacet
facet normal 1.90221e-15 1 -7.88728e-13
  outer loop
    vertex 0.0485833333333333 0.015000000000001 0.00649999999999995
    vertex 0.04932535003722339 0.015 0.005232739495040437
    vertex 0.04784752365324827 0.015 0.005229175353977777
  endloop
endfacet
facet normal -0 1 7.85059e-13
  outer loop
    vertex 0.0485833333333333 0.015000000000001 0.001500000000000057
    vertex 0.04931944444444445 0.015 0.002774981844460486
    vertex 0.05005555555555553 0.015000000000001 0.001500000000000057
  endloop
endfacet
facet normal 2.14554e-15 1 7.86297e-13
  outer loop
    vertex 0.046375 0.015 0.002774981844460477
    vertex 0.04785421323960242 0.015 0.002770945578694297
    vertex 0.04711111111111108 0.015000000000001 0.001500000000000057
  endloop
endfacet
facet normal -2.16604e-15 1 7.86309e-13
  outer loop
    vertex 0.0485833333333333 0.015000000000001 0.001500000000000057
    vertex 0.04785421323960242 0.015 0.002770945578694297
    vertex 0.04931944444444445 0.015 0.002774981844460486
  endloop
endfacet
facet normal 0 1 0
  outer loop
    vertex 0.01545008790580416 0.015 0.005238337295942993
    vertex 0.01619116634421292 0.015 0.003995182957923347
    vertex 0.01471627653978622 0.015 0.00398893006000702
  endloop
endfacet
facet normal 0 1 0
  outer loop
    vertex 0.04342231012802637 0.015 0.005238105936829916
    vertex 0.0441633776597849 0.015 0.003995105708534379
    vertex 0.04268843332210741 0.015 0.003988697922786238
  endloop
endfacet
facet normal -1.65901e-15 1 8.04855e-13
  outer loop
    vertex 0.04048113767863316 0.015 0.002742093764456382
    vertex 0.04195304360800044 0.015 0.002745127737858985
    vertex 0.0412222222222222 0.015000000000001 0.001500000000000057
  endloop
endfacet
facet normal 0 1 0
  outer loop
    vertex 0.03900682137957813 0.015 0.005237427512013702
    vertex 0.03974137829303989 0.015 0.003988378600274567
    vertex 0.03827028490911036 0.015 0.00398711051288859
  endloop
endfacet
facet normal 8.51905e-16 1 8.02788e-13
  outer loop
    vertex 0.01251133673274892 0.015 0.00274760750370311
    vertex 0.01398130127838576 0.015 0.002746047602192425
    vertex 0.01325000000000002 0.015000000000001 0.001500000000000057
  endloop
endfacet
facet normal 2.14827e-15 1 8.03519e-13
  outer loop
    vertex 0.03606685956835394 0.015 0.002747664954427516
    vertex 0.03753504633001292 0.015 0.002743739652065732
    vertex 0.03680555555555556 0.015000000000001 0.001500000000000057
  endloop
endfacet
facet normal -0 1 7.87552e-13
  outer loop
    vertex 0.04711111111111108 0.015000000000001 0.001500000000000057
    vertex 0.04785421323960242 0.015 0.002770945578694297
    vertex 0.0485833333333333 0.015000000000001 0.001500000000000057
  endloop
endfacet
facet normal 1.0538e-14 1 7.83551e-13
  outer loop
    vertex 0.002139300390659863 0.015 0.002788263468209031
    vertex 0.003674685407369041 0.015 0.002767614008228062
    vertex 0.002944444444444447 0.015000000000001 0.001500000000000057
  endloop
endfacet
facet normal -0 1 7.76965e-13
  outer loop
    vertex 0.001472222222222225 0.015000000000001 0.001500000000000057
    vertex 0.002139300390659863 0.015 0.002788263468209031
    vertex 0.002944444444444447 0.015000000000001 0.001500000000000057
  endloop
endfacet
facet normal -0 1 7.89622e-13
  outer loop
    vertex 0.002944444444444447 0.015000000000001 0.001500000000000057
    vertex 0.003674685407369041 0.015 0.002767614008228062
    vertex 0.004416666666666673 0.015000000000001 0.001500000000000057
  endloop
endfacet
facet normal -3.92457e-15 1 7.87324e-13
  outer loop
    vertex 0.004416666666666673 0.015000000000001 0.001500000000000057
    vertex 0.003674685407369041 0.015 0.002767614008228062
    vertex 0.005152777777777786 0.015 0.002774981844460482
  endloop
endfacet
facet normal 0 1 -7.88816e-13
  outer loop
    vertex 0.04711111111111108 0.015000000000001 0.00649999999999995
    vertex 0.04637543330285607 0.015 0.005231090735687713
    vertex 0.04563888888888885 0.015000000000001 0.00649999999999995
  endloop
endfacet
facet normal -1.02558e-15 1 -7.88221e-13
  outer loop
    vertex 0.04784752365324827 0.015 0.005229175353977777
    vertex 0.04637543330285607 0.015 0.005231090735687713
    vertex 0.04711111111111108 0.015000000000001 0.00649999999999995
  endloop
endfacet
facet normal -1.98025e-26 1 -7.85059e-13
  outer loop
    vertex 0.02944444444444447 0.015000000000001 0.00649999999999995
    vertex 0.0301805555555556 0.015 0.005225018155539496
    vertex 0.02870833333333335 0.015 0.005225018155539533
  endloop
endfacet
facet normal -7.14669e-16 1 -7.92354e-13
  outer loop
    vertex 0.03974999999999999 0.015000000000001 0.00649999999999995
    vertex 0.04048375527467418 0.015 0.005236095381090187
    vertex 0.03900682137957813 0.015 0.005237427512013702
  endloop
endfacet
facet normal 0 1 -7.85059e-13
  outer loop
    vertex 0.03091666666666668 0.015000000000001 0.00649999999999995
    vertex 0.0301805555555556 0.015 0.005225018155539496
    vertex 0.02944444444444447 0.015000000000001 0.00649999999999995
  endloop
endfacet
facet normal 0 1 -7.91939e-13
  outer loop
    vertex 0.0412222222222222 0.015000000000001 0.00649999999999995
    vertex 0.04048375527467418 0.015 0.005236095381090187
    vertex 0.03974999999999999 0.015000000000001 0.00649999999999995
  endloop
endfacet
facet normal 6.97705e-27 1 7.85059e-13
  outer loop
    vertex 0.02061111111111114 0.015000000000001 0.001500000000000057
    vertex 0.01987500000000001 0.015 0.002774981844460496
    vertex 0.02134722222222226 0.015 0.002774981844460483
  endloop
endfacet
facet normal 0 1 -7.93201e-13
  outer loop
    vertex 0.04416666666666664 0.015000000000001 0.00649999999999995
    vertex 0.04342231012802637 0.015 0.005238105936829916
    vertex 0.04269444444444442 0.015000000000001 0.00649999999999995
  endloop
endfacet
facet normal 1.98883e-26 1 -7.85059e-13
  outer loop
    vertex 0.03165277777777781 0.015 0.005225018155539533
    vertex 0.0301805555555556 0.015 0.005225018155539496
    vertex 0.03091666666666668 0.015000000000001 0.00649999999999995
  endloop
endfacet
facet normal -0 1 7.85059e-13
  outer loop
    vertex 0.01913888888888891 0.015000000000001 0.001500000000000057
    vertex 0.01987500000000001 0.015 0.002774981844460496
    vertex 0.02061111111111114 0.015000000000001 0.001500000000000057
  endloop
endfacet
facet normal 0 1 -7.85059e-13
  outer loop
    vertex 0.02797222222222225 0.015000000000001 0.00649999999999995
    vertex 0.02723611111111112 0.015 0.005225018155539514
    vertex 0.02650000000000003 0.015000000000001 0.00649999999999995
  endloop
endfacet
facet normal -7.38747e-27 1 7.85059e-13
  outer loop
    vertex 0.03386111111111112 0.015000000000001 0.001500000000000057
    vertex 0.03312499999999999 0.015 0.00277498184446046
    vertex 0.03459722222222223 0.015 0.002774981844460474
  endloop
endfacet
facet normal 0 1 -7.85059e-13
  outer loop
    vertex 0.01913888888888891 0.015000000000001 0.00649999999999995
    vertex 0.01840277777777781 0.015 0.00522501815553951
    vertex 0.01766666666666669 0.015000000000001 0.00649999999999995
  endloop
endfacet
facet normal -0 1 7.85059e-13
  outer loop
    vertex 0.03091666666666668 0.015000000000001 0.001500000000000057
    vertex 0.03165277777777779 0.015 0.002774981844460484
    vertex 0.0323888888888889 0.015000000000001 0.001500000000000057
  endloop
endfacet
facet normal -5.4984e-15 1 7.88233e-13
  outer loop
    vertex 0.04563888888888885 0.015000000000001 0.001500000000000057
    vertex 0.04490234850728997 0.015 0.002764709208824729
    vertex 0.046375 0.015 0.002774981844460477
  endloop
endfacet
facet normal -9.23434e-27 1 -7.85059e-13
  outer loop
    vertex 0.01766666666666669 0.015000000000001 0.00649999999999995
    vertex 0.01840277777777781 0.015 0.00522501815553951
    vertex 0.01693055555555558 0.015 0.005225018155539527
  endloop
endfacet
facet normal 1.01754e-26 1 -7.85059e-13
  outer loop
    vertex 0.02870833333333335 0.015 0.005225018155539533
    vertex 0.02723611111111112 0.015 0.005225018155539514
    vertex 0.02797222222222225 0.015000000000001 0.00649999999999995
  endloop
endfacet
facet normal 7.59268e-27 1 7.85059e-13
  outer loop
    vertex 0.02797222222222225 0.015000000000001 0.001500000000000057
    vertex 0.02723611111111113 0.015 0.002774981844460488
    vertex 0.02870833333333335 0.015 0.002774981844460474
  endloop
endfacet
facet normal -5.70767e-15 1 7.94755e-13
  outer loop
    vertex 0.04342550733461932 0.015 0.002754103027225834
    vertex 0.04490234850728997 0.015 0.002764709208824729
    vertex 0.04416666666666664 0.015000000000001 0.001500000000000057
  endloop
endfacet
facet normal 8.78785e-27 1 -7.85059e-13
  outer loop
    vertex 0.02576388888888891 0.015 0.005225018155539531
    vertex 0.02429166666666669 0.015 0.005225018155539515
    vertex 0.02502777777777781 0.015000000000001 0.00649999999999995
  endloop
endfacet
facet normal -0 1 7.85059e-13
  outer loop
    vertex 0.02650000000000003 0.015000000000001 0.001500000000000057
    vertex 0.02723611111111113 0.015 0.002774981844460488
    vertex 0.02797222222222225 0.015000000000001 0.001500000000000057
  endloop
endfacet
facet normal 0 1 -7.85059e-13
  outer loop
    vertex 0.02208333333333337 0.015000000000001 0.00649999999999995
    vertex 0.02134722222222225 0.015 0.005225018155539518
    vertex 0.02061111111111114 0.015000000000001 0.00649999999999995
  endloop
endfacet
facet normal 0 1 7.85059e-13
  outer loop
    vertex 0.02944444444444447 0.015000000000001 0.001500000000000057
    vertex 0.02870833333333335 0.015 0.002774981844460474
    vertex 0.03018055555555558 0.015 0.002774981844460474
  endloop
endfacet
facet normal 0 1 -7.85059e-13
  outer loop
    vertex 0.02502777777777781 0.015000000000001 0.00649999999999995
    vertex 0.02429166666666669 0.015 0.005225018155539515
    vertex 0.02355555555555559 0.015000000000001 0.00649999999999995
  endloop
endfacet
facet normal -7.09972e-15 1 -7.89158e-13
  outer loop
    vertex 0.01693055555555558 0.015 0.005225018155539527
    vertex 0.01545008790580416 0.015 0.005238337295942993
    vertex 0.01619444444444447 0.015000000000001 0.00649999999999995
  endloop
endfacet
facet normal 0 1 -7.85059e-13
  outer loop
    vertex 0.02355555555555559 0.015000000000001 0.00649999999999995
    vertex 0.02281944444444448 0.015 0.005225018155539527
    vertex 0.02208333333333337 0.015000000000001 0.00649999999999995
  endloop
endfacet
facet normal -9.23434e-27 1 -7.85059e-13
  outer loop
    vertex 0.02650000000000003 0.015000000000001 0.00649999999999995
    vertex 0.02723611111111112 0.015 0.005225018155539514
    vertex 0.02576388888888891 0.015 0.005225018155539531
  endloop
endfacet
facet normal 2.31259e-28 1 7.85059e-13
  outer loop
    vertex 0.02281944444444447 0.015 0.002774981844460476
    vertex 0.0242916666666667 0.015 0.002774981844460475
    vertex 0.02355555555555559 0.015000000000001 0.001500000000000057
  endloop
endfacet
facet normal 3.24496e-15 1 -7.86932e-13
  outer loop
    vertex 0.04563888888888885 0.015000000000001 0.00649999999999995
    vertex 0.04637543330285607 0.015 0.005231090735687713
    vertex 0.04490277777777772 0.015 0.005225018155539533
  endloop
endfacet
facet normal -3.76532e-15 1 -7.89739e-13
  outer loop
    vertex 0.0419512658240226 0.015 0.005229098583942583
    vertex 0.04048375527467418 0.015 0.005236095381090187
    vertex 0.0412222222222222 0.015000000000001 0.00649999999999995
  endloop
endfacet
facet normal 8.32533e-27 1 -7.85059e-13
  outer loop
    vertex 0.01987500000000003 0.015 0.005225018155539525
    vertex 0.01840277777777781 0.015 0.00522501815553951
    vertex 0.01913888888888891 0.015000000000001 0.00649999999999995
  endloop
endfacet
facet normal 0 1 -7.85059e-13
  outer loop
    vertex 0.02650000000000003 0.015000000000001 0.00649999999999995
    vertex 0.02576388888888891 0.015 0.005225018155539531
    vertex 0.02502777777777781 0.015000000000001 0.00649999999999995
  endloop
endfacet
facet normal -6.70652e-27 1 7.85059e-13
  outer loop
    vertex 0.02576388888888891 0.015 0.002774981844460476
    vertex 0.02723611111111113 0.015 0.002774981844460488
    vertex 0.02650000000000003 0.015000000000001 0.001500000000000057
  endloop
endfacet
facet normal -0 1 7.85059e-13
  outer loop
    vertex 0.02797222222222225 0.015000000000001 0.001500000000000057
    vertex 0.02870833333333335 0.015 0.002774981844460474
    vertex 0.02944444444444447 0.015000000000001 0.001500000000000057
  endloop
endfacet
facet normal 4.22087e-15 1 -7.90911e-13
  outer loop
    vertex 0.01472222222222225 0.015000000000001 0.00649999999999995
    vertex 0.01545008790580416 0.015 0.005238337295942993
    vertex 0.01397904360180039 0.015 0.005230486738621101
  endloop
endfacet
facet normal 0 1 -7.85059e-13
  outer loop
    vertex 0.02944444444444447 0.015000000000001 0.00649999999999995
    vertex 0.02870833333333335 0.015 0.005225018155539533
    vertex 0.02797222222222225 0.015000000000001 0.00649999999999995
  endloop
endfacet
facet normal 0 1 -7.85059e-13
  outer loop
    vertex 0.0323888888888889 0.015000000000001 0.00649999999999995
    vertex 0.03165277777777781 0.015 0.005225018155539533
    vertex 0.03091666666666668 0.015000000000001 0.00649999999999995
  endloop
endfacet
facet normal 0 1 -7.90221e-13
  outer loop
    vertex 0.03680555555555556 0.015000000000001 0.00649999999999995
    vertex 0.03606944444444444 0.015 0.005233347083610663
    vertex 0.03533333333333333 0.015000000000001 0.00649999999999995
  endloop
endfacet
facet normal 2.61672e-15 1 -7.91264e-13
  outer loop
    vertex 0.03900682137957813 0.015 0.005237427512013702
    vertex 0.03753342123913746 0.015 0.005232554964700134
    vertex 0.03827777777777777 0.015000000000001 0.00649999999999995
  endloop
endfacet
facet normal 0 1 -7.87579e-13
  outer loop
    vertex 0.04269444444444442 0.015000000000001 0.00649999999999995
    vertex 0.0419512658240226 0.015 0.005229098583942583
    vertex 0.0412222222222222 0.015000000000001 0.00649999999999995
  endloop
endfacet
facet normal 0 1 -7.85059e-13
  outer loop
    vertex 0.02061111111111114 0.015000000000001 0.00649999999999995
    vertex 0.01987500000000003 0.015 0.005225018155539525
    vertex 0.01913888888888891 0.015000000000001 0.00649999999999995
  endloop
endfacet
facet normal -1.54096e-15 1 -7.89325e-13
  outer loop
    vertex 0.01325000000000002 0.015000000000001 0.00649999999999995
    vertex 0.01397904360180039 0.015 0.005230486738621101
    vertex 0.0125138888888889 0.015 0.005233347083610652
  endloop
endfacet
facet normal -6.97576e-15 1 -7.89086e-13
  outer loop
    vertex 0.04490277777777772 0.015 0.005225018155539533
    vertex 0.04342231012802637 0.015 0.005238105936829916
    vertex 0.04416666666666664 0.015000000000001 0.00649999999999995
  endloop
endfacet
facet normal 0 1 -7.85059e-13
  outer loop
    vertex 0.004416666666666673 0.015000000000001 0.00649999999999995
    vertex 0.005152777777777788 0.015 0.005225018155539525
    vertex 0.003680555555555561 0.015 0.005225018155539525
  endloop
endfacet
facet normal -0 1 7.85059e-13
  outer loop
    vertex 0.005152777777777786 0.015 0.002774981844460482
    vertex 0.006625000000000011 0.015 0.002774981844460482
    vertex 0.005888888888888898 0.015000000000001 0.001500000000000057
  endloop
endfacet
facet normal -0 1 7.85059e-13
  outer loop
    vertex 0.02208333333333337 0.015000000000001 0.001500000000000057
    vertex 0.02281944444444447 0.015 0.002774981844460476
    vertex 0.02355555555555559 0.015000000000001 0.001500000000000057
  endloop
endfacet
facet normal -0 1 7.85059e-13
  outer loop
    vertex 0.04563888888888885 0.015000000000001 0.001500000000000057
    vertex 0.046375 0.015 0.002774981844460477
    vertex 0.04711111111111108 0.015000000000001 0.001500000000000057
  endloop
endfacet
facet normal 0 1 -7.90221e-13
  outer loop
    vertex 0.01325000000000002 0.015000000000001 0.00649999999999995
    vertex 0.0125138888888889 0.015 0.005233347083610652
    vertex 0.0117777777777778 0.015000000000001 0.00649999999999995
  endloop
endfacet
facet normal 0 1 7.85059e-13
  outer loop
    vertex 0.00736111111111112 0.015000000000001 0.001500000000000057
    vertex 0.006625000000000011 0.015 0.002774981844460482
    vertex 0.008097222222222235 0.015 0.002774981844460482
  endloop
endfacet
facet normal 0 1 -7.85059e-13
  outer loop
    vertex 0.005888888888888898 0.015000000000001 0.00649999999999995
    vertex 0.005152777777777788 0.015 0.005225018155539525
    vertex 0.004416666666666673 0.015000000000001 0.00649999999999995
  endloop
endfacet
facet normal 2.50934e-15 1 -7.86507e-13
  outer loop
    vertex 0.01030555555555557 0.015000000000001 0.00649999999999995
    vertex 0.01104166666666668 0.015 0.005229715251602746
    vertex 0.009569444444444457 0.015 0.005225018155539524
  endloop
endfacet
facet normal -0 1 7.85059e-13
  outer loop
    vertex 0.004416666666666673 0.015000000000001 0.001500000000000057
    vertex 0.005152777777777786 0.015 0.002774981844460482
    vertex 0.005888888888888898 0.015000000000001 0.001500000000000057
  endloop
endfacet
facet normal -0 1 7.85059e-13
  outer loop
    vertex 0.02355555555555559 0.015000000000001 0.001500000000000057
    vertex 0.0242916666666667 0.015 0.002774981844460475
    vertex 0.02502777777777781 0.015000000000001 0.001500000000000057
  endloop
endfacet
facet normal -0 1 7.91435e-13
  outer loop
    vertex 0.04416666666666664 0.015000000000001 0.001500000000000057
    vertex 0.04490234850728997 0.015 0.002764709208824729
    vertex 0.04563888888888885 0.015000000000001 0.001500000000000057
  endloop
endfacet
facet normal 0 1 -7.85059e-13
  outer loop
    vertex 0.004416666666666673 0.015000000000001 0.00649999999999995
    vertex 0.003680555555555561 0.015 0.005225018155539525
    vertex 0.002944444444444447 0.015000000000001 0.00649999999999995
  endloop
endfacet
facet normal 0 1 -7.85059e-13
  outer loop
    vertex 0.00736111111111112 0.015000000000001 0.00649999999999995
    vertex 0.008097222222222233 0.015 0.005225018155539527
    vertex 0.006625000000000009 0.015 0.005225018155539527
  endloop
endfacet
facet normal 0 1 -7.8844e-13
  outer loop
    vertex 0.01472222222222225 0.015000000000001 0.00649999999999995
    vertex 0.01397904360180039 0.015 0.005230486738621101
    vertex 0.01325000000000002 0.015000000000001 0.00649999999999995
  endloop
endfacet
facet normal -3.69373e-27 1 -7.85059e-13
  outer loop
    vertex 0.02061111111111114 0.015000000000001 0.00649999999999995
    vertex 0.02134722222222225 0.015 0.005225018155539518
    vertex 0.01987500000000003 0.015 0.005225018155539525
  endloop
endfacet
facet normal -0 1 7.85059e-13
  outer loop
    vertex 0.005888888888888898 0.015000000000001 0.001500000000000057
    vertex 0.006625000000000011 0.015 0.002774981844460482
    vertex 0.00736111111111112 0.015000000000001 0.001500000000000057
  endloop
endfacet
facet normal -0 1 7.85059e-13
  outer loop
    vertex 0.00736111111111112 0.015000000000001 0.001500000000000057
    vertex 0.008097222222222235 0.015 0.002774981844460482
    vertex 0.008833333333333346 0.015000000000001 0.001500000000000057
  endloop
endfacet
facet normal 0 1 0
  outer loop
    vertex 0.01397904360180039 0.015 0.005230486738621101
    vertex 0.01323468706316008 0.015 0.003985645022218485
    vertex 0.0125138888888889 0.015 0.005233347083610652
  endloop
endfacet
facet normal 0 1 -7.85059e-13
  outer loop
    vertex 0.01030555555555557 0.015000000000001 0.00649999999999995
    vertex 0.009569444444444457 0.015 0.005225018155539524
    vertex 0.008833333333333346 0.015000000000001 0.00649999999999995
  endloop
endfacet
facet normal -6.46403e-27 1 -7.85059e-13
  outer loop
    vertex 0.02355555555555559 0.015000000000001 0.00649999999999995
    vertex 0.02429166666666669 0.015 0.005225018155539515
    vertex 0.02281944444444448 0.015 0.005225018155539527
  endloop
endfacet
facet normal -4.62518e-28 1 7.85059e-13
  outer loop
    vertex 0.008097222222222235 0.015 0.002774981844460482
    vertex 0.00956944444444446 0.015 0.002774981844460483
    vertex 0.008833333333333346 0.015000000000001 0.001500000000000057
  endloop
endfacet
facet normal -0 1 7.85059e-13
  outer loop
    vertex 0.01030555555555557 0.015000000000001 0.001500000000000057
    vertex 0.01104166666666668 0.015 0.002774981844460483
    vertex 0.0117777777777778 0.015000000000001 0.001500000000000057
  endloop
endfacet
facet normal 0 1 -7.85059e-13
  outer loop
    vertex 0.008833333333333346 0.015000000000001 0.00649999999999995
    vertex 0.008097222222222233 0.015 0.005225018155539527
    vertex 0.00736111111111112 0.015000000000001 0.00649999999999995
  endloop
endfacet
facet normal -0 1 7.85059e-13
  outer loop
    vertex 0.008833333333333346 0.015000000000001 0.001500000000000057
    vertex 0.00956944444444446 0.015 0.002774981844460483
    vertex 0.01030555555555557 0.015000000000001 0.001500000000000057
  endloop
endfacet
facet normal 0 1 -7.85059e-13
  outer loop
    vertex 0.00736111111111112 0.015000000000001 0.00649999999999995
    vertex 0.006625000000000009 0.015 0.005225018155539527
    vertex 0.005888888888888898 0.015000000000001 0.00649999999999995
  endloop
endfacet
facet normal 0 1 -7.87961e-13
  outer loop
    vertex 0.0117777777777778 0.015000000000001 0.00649999999999995
    vertex 0.01104166666666668 0.015 0.005229715251602746
    vertex 0.01030555555555557 0.015000000000001 0.00649999999999995
  endloop
endfacet
facet normal 0 1 -7.85059e-13
  outer loop
    vertex 0.01766666666666669 0.015000000000001 0.00649999999999995
    vertex 0.01693055555555558 0.015 0.005225018155539527
    vertex 0.01619444444444447 0.015000000000001 0.00649999999999995
  endloop
endfacet
facet normal 0 1 -7.87627e-13
  outer loop
    vertex 0.0485833333333333 0.015000000000001 0.00649999999999995
    vertex 0.04784752365324827 0.015 0.005229175353977777
    vertex 0.04711111111111108 0.015000000000001 0.00649999999999995
  endloop
endfacet
facet normal -0 1 7.85059e-13
  outer loop
    vertex 0.02944444444444447 0.015000000000001 0.001500000000000057
    vertex 0.03018055555555558 0.015 0.002774981844460474
    vertex 0.03091666666666668 0.015000000000001 0.001500000000000057
  endloop
endfacet
facet normal 9.25037e-28 1 -7.85059e-13
  outer loop
    vertex 0.006625000000000009 0.015 0.005225018155539527
    vertex 0.005152777777777788 0.015 0.005225018155539525
    vertex 0.005888888888888898 0.015000000000001 0.00649999999999995
  endloop
endfacet
facet normal -0 1 7.85059e-13
  outer loop
    vertex 0.01766666666666669 0.015000000000001 0.001500000000000057
    vertex 0.01840277777777779 0.015 0.00277498184446048
    vertex 0.01913888888888891 0.015000000000001 0.001500000000000057
  endloop
endfacet
facet normal -1.85007e-27 1 -7.85059e-13
  outer loop
    vertex 0.009569444444444457 0.015 0.005225018155539524
    vertex 0.008097222222222233 0.015 0.005225018155539527
    vertex 0.008833333333333346 0.015000000000001 0.00649999999999995
  endloop
endfacet
facet normal 0 1 -7.93346e-13
  outer loop
    vertex 0.01619444444444447 0.015000000000001 0.00649999999999995
    vertex 0.01545008790580416 0.015 0.005238337295942993
    vertex 0.01472222222222225 0.015000000000001 0.00649999999999995
  endloop
endfacet
facet normal 0 1 7.85059e-13
  outer loop
    vertex 0.01030555555555557 0.015000000000001 0.001500000000000057
    vertex 0.00956944444444446 0.015 0.002774981844460483
    vertex 0.01104166666666668 0.015 0.002774981844460483
  endloop
endfacet
facet normal -0 1 7.98129e-13
  outer loop
    vertex 0.01472222222222225 0.015000000000001 0.001500000000000057
    vertex 0.01545328511239711 0.015 0.00275410302722582
    vertex 0.01619444444444447 0.015000000000001 0.001500000000000057
  endloop
endfacet
facet normal -8.55659e-27 1 7.85059e-13
  outer loop
    vertex 0.01840277777777779 0.015 0.00277498184446048
    vertex 0.01987500000000001 0.015 0.002774981844460496
    vertex 0.01913888888888891 0.015000000000001 0.001500000000000057
  endloop
endfacet
facet normal -0 1 7.85059e-13
  outer loop
    vertex 0.02502777777777781 0.015000000000001 0.001500000000000057
    vertex 0.02576388888888891 0.015 0.002774981844460476
    vertex 0.02650000000000003 0.015000000000001 0.001500000000000057
  endloop
endfacet
facet normal -0 1 7.85059e-13
  outer loop
    vertex 0.02061111111111114 0.015000000000001 0.001500000000000057
    vertex 0.02134722222222226 0.015 0.002774981844460483
    vertex 0.02208333333333337 0.015000000000001 0.001500000000000057
  endloop
endfacet
facet normal -3.07811e-28 1 7.85059e-13
  outer loop
    vertex 0.02502777777777781 0.015000000000001 0.001500000000000057
    vertex 0.0242916666666667 0.015 0.002774981844460475
    vertex 0.02576388888888891 0.015 0.002774981844460476
  endloop
endfacet
facet normal 4.83976e-15 1 -7.90409e-13
  outer loop
    vertex 0.04269444444444442 0.015000000000001 0.00649999999999995
    vertex 0.04342231012802637 0.015 0.005238105936829916
    vertex 0.0419512658240226 0.015 0.005229098583942583
  endloop
endfacet
facet normal 4.62518e-27 1 -7.85059e-13
  outer loop
    vertex 0.02281944444444448 0.015 0.005225018155539527
    vertex 0.02134722222222225 0.015 0.005225018155539518
    vertex 0.02208333333333337 0.015000000000001 0.00649999999999995
  endloop
endfacet
facet normal -0 1 7.91435e-13
  outer loop
    vertex 0.01619444444444447 0.015000000000001 0.001500000000000057
    vertex 0.0169301262850678 0.015 0.002764709208824724
    vertex 0.01766666666666669 0.015000000000001 0.001500000000000057
  endloop
endfacet
facet normal -5.4984e-15 1 7.88233e-13
  outer loop
    vertex 0.01766666666666669 0.015000000000001 0.001500000000000057
    vertex 0.0169301262850678 0.015 0.002764709208824724
    vertex 0.01840277777777779 0.015 0.00277498184446048
  endloop
endfacet
facet normal 1.94661e-15 1 -7.8909e-13
  outer loop
    vertex 0.0125138888888889 0.015 0.005233347083610652
    vertex 0.01104166666666668 0.015 0.005229715251602746
    vertex 0.0117777777777778 0.015000000000001 0.00649999999999995
  endloop
endfacet
facet normal -5.31896e-27 1 7.85059e-13
  outer loop
    vertex 0.03018055555555558 0.015 0.002774981844460474
    vertex 0.03165277777777779 0.015 0.002774981844460484
    vertex 0.03091666666666668 0.015000000000001 0.001500000000000057
  endloop
endfacet
facet normal -5.70767e-15 1 7.94755e-13
  outer loop
    vertex 0.01545328511239711 0.015 0.00275410302722582
    vertex 0.0169301262850678 0.015 0.002764709208824724
    vertex 0.01619444444444447 0.015000000000001 0.001500000000000057
  endloop
endfacet
facet normal 0 1 -7.92775e-13
  outer loop
    vertex 0.03974999999999999 0.015000000000001 0.00649999999999995
    vertex 0.03900682137957813 0.015 0.005237427512013702
    vertex 0.03827777777777777 0.015000000000001 0.00649999999999995
  endloop
endfacet
facet normal 0 1 -7.85059e-13
  outer loop
    vertex 0.04563888888888885 0.015000000000001 0.00649999999999995
    vertex 0.04490277777777772 0.015 0.005225018155539533
    vertex 0.04416666666666664 0.015000000000001 0.00649999999999995
  endloop
endfacet
facet normal -0 1 7.85059e-13
  outer loop
    vertex 0.03386111111111112 0.015000000000001 0.001500000000000057
    vertex 0.03459722222222223 0.015 0.002774981844460474
    vertex 0.03533333333333333 0.015000000000001 0.001500000000000057
  endloop
endfacet
facet normal -0 1 8.06119e-13
  outer loop
    vertex 0.03827777777777777 0.015000000000001 0.001500000000000057
    vertex 0.03899975387026739 0.015 0.002741672718513199
    vertex 0.03974999999999999 0.015000000000001 0.001500000000000057
  endloop
endfacet
facet normal -0 1 7.98129e-13
  outer loop
    vertex 0.04269444444444442 0.015000000000001 0.001500000000000057
    vertex 0.04342550733461932 0.015 0.002754103027225834
    vertex 0.04416666666666664 0.015000000000001 0.001500000000000057
  endloop
endfacet
facet normal 8.45565e-17 1 -7.87912e-13
  outer loop
    vertex 0.03459722222222223 0.015 0.005229715251602764
    vertex 0.033125 0.015 0.005229557257038281
    vertex 0.03386111111111112 0.015000000000001 0.00649999999999995
  endloop
endfacet
facet normal 3.93141e-27 1 7.85059e-13
  outer loop
    vertex 0.02134722222222226 0.015 0.002774981844460483
    vertex 0.02281944444444447 0.015 0.002774981844460476
    vertex 0.02208333333333337 0.015000000000001 0.001500000000000057
  endloop
endfacet
facet normal 1.27229e-26 1 7.85059e-13
  outer loop
    vertex 0.0323888888888889 0.015000000000001 0.001500000000000057
    vertex 0.03165277777777779 0.015 0.002774981844460484
    vertex 0.03312499999999999 0.015 0.00277498184446046
  endloop
endfacet
facet normal 0 1 0
  outer loop
    vertex 0.0419512658240226 0.015 0.005229098583942583
    vertex 0.04120651664597613 0.015 0.003985871712685343
    vertex 0.04048375527467418 0.015 0.005236095381090187
  endloop
endfacet
facet normal 1.94661e-15 1 -7.8909e-13
  outer loop
    vertex 0.03606944444444444 0.015 0.005233347083610663
    vertex 0.03459722222222223 0.015 0.005229715251602764
    vertex 0.03533333333333333 0.015000000000001 0.00649999999999995
  endloop
endfacet
facet normal 0 1 0
  outer loop
    vertex 0.03753342123913746 0.015 0.005232554964700134
    vertex 0.03679004629901254 0.015 0.003985989726564977
    vertex 0.03606944444444444 0.015 0.005233347083610663
  endloop
endfacet
facet normal -0 1 7.85059e-13
  outer loop
    vertex 0.0323888888888889 0.015000000000001 0.001500000000000057
    vertex 0.03312499999999999 0.015 0.00277498184446046
    vertex 0.03386111111111112 0.015000000000001 0.001500000000000057
  endloop
endfacet
facet normal -4.27433e-16 1 -7.89972e-13
  outer loop
    vertex 0.03680555555555556 0.015000000000001 0.00649999999999995
    vertex 0.03753342123913746 0.015 0.005232554964700134
    vertex 0.03606944444444444 0.015 0.005233347083610663
  endloop
endfacet
facet normal 0 1 -7.87961e-13
  outer loop
    vertex 0.03533333333333333 0.015000000000001 0.00649999999999995
    vertex 0.03459722222222223 0.015 0.005229715251602764
    vertex 0.03386111111111112 0.015000000000001 0.00649999999999995
  endloop
endfacet
facet normal 0 1 -7.89727e-13
  outer loop
    vertex 0.03827777777777777 0.015000000000001 0.00649999999999995
    vertex 0.03753342123913746 0.015 0.005232554964700134
    vertex 0.03680555555555556 0.015000000000001 0.00649999999999995
  endloop
endfacet
facet normal 2.42478e-15 1 -7.86459e-13
  outer loop
    vertex 0.0323888888888889 0.015000000000001 0.00649999999999995
    vertex 0.033125 0.015 0.005229557257038281
    vertex 0.03165277777777781 0.015 0.005225018155539533
  endloop
endfacet
facet normal 0 1 -7.87863e-13
  outer loop
    vertex 0.03386111111111112 0.015000000000001 0.00649999999999995
    vertex 0.033125 0.015 0.005229557257038281
    vertex 0.0323888888888889 0.015000000000001 0.00649999999999995
  endloop
endfacet
facet normal 0 1 0
  outer loop
    vertex 0.04998005404731354 0.015 0.003990249838580031
    vertex 0.04858344873071511 0.015 0.003999999999999866
    vertex 0.04932535003722339 0.015 0.005232739495040437
  endloop
endfacet
facet normal 0 1 -0
  outer loop
    vertex 0.04931944444444445 0.015 0.002774981844460486
    vertex 0.04858344873071511 0.015 0.003999999999999866
    vertex 0.04998005404731354 0.015 0.003990249838580031
  endloop
endfacet
facet normal -0 1 7.74725e-13
  outer loop
    vertex 0.05005555555555553 0.015000000000001 0.001500000000000057
    vertex 0.05085614523130914 0.015 0.002791987340225023
    vertex 0.05152777777777777 0.015000000000001 0.001500000000000057
  endloop
endfacet
facet normal 0 1 -7.7473e-13
  outer loop
    vertex 0.002944444444444447 0.015000000000001 0.00649999999999995
    vertex 0.002143858360166426 0.015 0.005208021076519488
    vertex 0.001472222222222225 0.015000000000001 0.00649999999999995
  endloop
endfacet
facet normal 0 1 0
  outer loop
    vertex 0.03679004629901254 0.015 0.003985989726564977
    vertex 0.03753504633001292 0.015 0.002743739652065732
    vertex 0.03606685956835394 0.015 0.002747664954427516
  endloop
endfacet
facet normal 0 1 0
  outer loop
    vertex 0.01323468706316008 0.015 0.003985645022218485
    vertex 0.01398130127838576 0.015 0.002746047602192425
    vertex 0.01251133673274892 0.015 0.00274760750370311
  endloop
endfacet
facet normal -0 1 0
  outer loop
    vertex 0.03827028490911036 0.015 0.00398711051288859
    vertex 0.03974137829303989 0.015 0.003988378600274567
    vertex 0.03899975387026739 0.015 0.002741672718513199
  endloop
endfacet
facet normal 0 1 0
  outer loop
    vertex 0.04120651664597613 0.015 0.003985871712685343
    vertex 0.04195304360800044 0.015 0.002745127737858985
    vertex 0.04048113767863316 0.015 0.002742093764456382
  endloop
endfacet
facet normal -0 1 0
  outer loop
    vertex 0.04268843332210741 0.015 0.003988697922786238
    vertex 0.0441633776597849 0.015 0.003995105708534379
    vertex 0.04342550733461932 0.015 0.002754103027225834
  endloop
endfacet
facet normal -0 1 0
  outer loop
    vertex 0.01471627653978622 0.015 0.00398893006000702
    vertex 0.01619116634421292 0.015 0.003995182957923347
    vertex 0.01545328511239711 0.015 0.00275410302722582
  endloop
endfacet
facet normal 0 1 0
  outer loop
    vertex 0.04932535003722339 0.015 0.005232739495040437
    vertex 0.04858344873071511 0.015 0.003999999999999866
    vertex 0.04784752365324827 0.015 0.005229175353977777
  endloop
endfacet
facet normal 0 1 0
  outer loop
    vertex 0.03900682137957813 0.015 0.005237427512013702
    vertex 0.03827028490911036 0.015 0.00398711051288859
    vertex 0.03753342123913746 0.015 0.005232554964700134
  endloop
endfacet
facet normal 0 1 0
  outer loop
    vertex 0.01545008790580416 0.015 0.005238337295942993
    vertex 0.01471627653978622 0.015 0.00398893006000702
    vertex 0.01397904360180039 0.015 0.005230486738621101
  endloop
endfacet
facet normal -0 1 8.02284e-13
  outer loop
    vertex 0.0117777777777778 0.015000000000001 0.001500000000000057
    vertex 0.01251133673274892 0.015 0.00274760750370311
    vertex 0.01325000000000002 0.015000000000001 0.001500000000000057
  endloop
endfacet
facet normal -0 1 8.02247e-13
  outer loop
    vertex 0.03533333333333333 0.015000000000001 0.001500000000000057
    vertex 0.03606685956835394 0.015 0.002747664954427516
    vertex 0.03680555555555556 0.015000000000001 0.001500000000000057
  endloop
endfacet
facet normal -0 1 8.05845e-13
  outer loop
    vertex 0.03974999999999999 0.015000000000001 0.001500000000000057
    vertex 0.04048113767863316 0.015 0.002742093764456382
    vertex 0.0412222222222222 0.015000000000001 0.001500000000000057
  endloop
endfacet
facet normal 0 1 0
  outer loop
    vertex 0.04342231012802637 0.015 0.005238105936829916
    vertex 0.04268843332210741 0.015 0.003988697922786238
    vertex 0.0419512658240226 0.015 0.005229098583942583
  endloop
endfacet
facet normal 0 1 0
  outer loop
    vertex 0.04120651664597613 0.015 0.003985871712685343
    vertex 0.03974137829303989 0.015 0.003988378600274567
    vertex 0.04048375527467418 0.015 0.005236095381090187
  endloop
endfacet
facet normal -4.88228e-15 1 8.00975e-13
  outer loop
    vertex 0.04269444444444442 0.015000000000001 0.001500000000000057
    vertex 0.04195304360800044 0.015 0.002745127737858985
    vertex 0.04342550733461932 0.015 0.002754103027225834
  endloop
endfacet
facet normal -4.38173e-15 1 8.00683e-13
  outer loop
    vertex 0.01472222222222225 0.015000000000001 0.001500000000000057
    vertex 0.01398130127838576 0.015 0.002746047602192425
    vertex 0.01545328511239711 0.015 0.00275410302722582
  endloop
endfacet
facet normal 1.13663e-15 1 8.05458e-13
  outer loop
    vertex 0.03827777777777777 0.015000000000001 0.001500000000000057
    vertex 0.03753504633001292 0.015 0.002743739652065732
    vertex 0.03899975387026739 0.015 0.002741672718513199
  endloop
endfacet
facet normal 0 1 0
  outer loop
    vertex 0.01323468706316008 0.015 0.003985645022218485
    vertex 0.01177777777777779 0.015 0.004000009879505862
    vertex 0.0125138888888889 0.015 0.005233347083610652
  endloop
endfacet
facet normal 0 1 0
  outer loop
    vertex 0.03679004629901254 0.015 0.003985989726564977
    vertex 0.03533333333333336 0.015 0.004000009879505849
    vertex 0.03606944444444444 0.015 0.005233347083610663
  endloop
endfacet
facet normal 0 1 0
  outer loop
    vertex 0.04785421323960242 0.015 0.002770945578694297
    vertex 0.04858344873071511 0.015 0.003999999999999866
    vertex 0.04931944444444445 0.015 0.002774981844460486
  endloop
endfacet
facet normal 0 1 0
  outer loop
    vertex 0.04998005404731354 0.015 0.003990249838580031
    vertex 0.05085614523130914 0.015 0.002791987340225023
    vertex 0.04931944444444445 0.015 0.002774981844460486
  endloop
endfacet
facet normal 0 1 -0
  outer loop
    vertex 0.04785421323960242 0.015 0.002770945578694297
    vertex 0.04711794357830904 0.015 0.00399589438328084
    vertex 0.04858344873071511 0.015 0.003999999999999866
  endloop
endfacet
facet normal -0 1 0
  outer loop
    vertex 0.046375 0.015 0.002774981844460477
    vertex 0.04711794357830904 0.015 0.00399589438328084
    vertex 0.04785421323960242 0.015 0.002770945578694297
  endloop
endfacet
facet normal 0 1 0
  outer loop
    vertex 0.04711794357830904 0.015 0.00399589438328084
    vertex 0.0456388888888886 0.015 0.00400000000000003
    vertex 0.04637543330285607 0.015 0.005231090735687713
  endloop
endfacet
facet normal 0 1 0
  outer loop
    vertex 0.04858344873071511 0.015 0.003999999999999866
    vertex 0.04711794357830904 0.015 0.00399589438328084
    vertex 0.04784752365324827 0.015 0.005229175353977777
  endloop
endfacet
facet normal 0 1 -0
  outer loop
    vertex 0.046375 0.015 0.002774981844460477
    vertex 0.0456388888888886 0.015 0.00400000000000003
    vertex 0.04711794357830904 0.015 0.00399589438328084
  endloop
endfacet
facet normal 0 1 0
  outer loop
    vertex 0.04784752365324827 0.015 0.005229175353977777
    vertex 0.04711794357830904 0.015 0.00399589438328084
    vertex 0.04637543330285607 0.015 0.005231090735687713
  endloop
endfacet
facet normal -0 1 0
  outer loop
    vertex 0.002139300390659863 0.015 0.002788263468209031
    vertex 0.003019971093015472 0.015 0.004009809078631397
    vertex 0.003674685407369041 0.015 0.002767614008228062
  endloop
endfacet
facet normal 0 1 -0
  outer loop
    vertex 0.04048113767863316 0.015 0.002742093764456382
    vertex 0.03974137829303989 0.015 0.003988378600274567
    vertex 0.04120651664597613 0.015 0.003985871712685343
  endloop
endfacet
facet normal 0 1 0
  outer loop
    vertex 0.04342550733461932 0.015 0.002754103027225834
    vertex 0.04195304360800044 0.015 0.002745127737858985
    vertex 0.04268843332210741 0.015 0.003988697922786238
  endloop
endfacet
facet normal 0 1 0
  outer loop
    vertex 0.03899975387026739 0.015 0.002741672718513199
    vertex 0.03753504633001292 0.015 0.002743739652065732
    vertex 0.03827028490911036 0.015 0.00398711051288859
  endloop
endfacet
facet normal 0 1 0
  outer loop
    vertex 0.01545328511239711 0.015 0.00275410302722582
    vertex 0.01398130127838576 0.015 0.002746047602192425
    vertex 0.01471627653978622 0.015 0.00398893006000702
  endloop
endfacet
facet normal 0 1 -0
  outer loop
    vertex 0.03606685956835394 0.015 0.002747664954427516
    vertex 0.03533333333333336 0.015 0.004000009879505849
    vertex 0.03679004629901254 0.015 0.003985989726564977
  endloop
endfacet
facet normal 0 1 -0
  outer loop
    vertex 0.01251133673274892 0.015 0.00274760750370311
    vertex 0.01177777777777779 0.015 0.004000009879505862
    vertex 0.01323468706316008 0.015 0.003985645022218485
  endloop
endfacet
facet normal 0 1 0
  outer loop
    vertex 0.03753342123913746 0.015 0.005232554964700134
    vertex 0.03827028490911036 0.015 0.00398711051288859
    vertex 0.03679004629901254 0.015 0.003985989726564977
  endloop
endfacet
facet normal 1.47506e-14 1 7.93575e-13
  outer loop
    vertex 0.03459722222222223 0.015 0.002774981844460474
    vertex 0.03606685956835394 0.015 0.002747664954427516
    vertex 0.03533333333333333 0.015000000000001 0.001500000000000057
  endloop
endfacet
facet normal -2.2908e-16 1 8.0598e-13
  outer loop
    vertex 0.03899975387026739 0.015 0.002741672718513199
    vertex 0.04048113767863316 0.015 0.002742093764456382
    vertex 0.03974999999999999 0.015000000000001 0.001500000000000057
  endloop
endfacet
facet normal 0 1 0
  outer loop
    vertex 0.0419512658240226 0.015 0.005229098583942583
    vertex 0.04268843332210741 0.015 0.003988697922786238
    vertex 0.04120651664597613 0.015 0.003985871712685343
  endloop
endfacet
facet normal 1.47816e-14 1 7.93593e-13
  outer loop
    vertex 0.01104166666666668 0.015 0.002774981844460483
    vertex 0.01251133673274892 0.015 0.00274760750370311
    vertex 0.0117777777777778 0.015000000000001 0.001500000000000057
  endloop
endfacet
facet normal 0 1 0
  outer loop
    vertex 0.01397904360180039 0.015 0.005230486738621101
    vertex 0.01471627653978622 0.015 0.00398893006000702
    vertex 0.01323468706316008 0.015 0.003985645022218485
  endloop
endfacet
facet normal 0 1 0
  outer loop
    vertex 0.003019971093015472 0.015 0.004009809078631397
    vertex 0.004416666666666673 0.015 0.004000000000000004
    vertex 0.003674685407369041 0.015 0.002767614008228062
  endloop
endfacet
facet normal 0 1 0
  outer loop
    vertex 0.003680555555555561 0.015 0.005225018155539525
    vertex 0.004416666666666673 0.015 0.004000000000000004
    vertex 0.003019971093015472 0.015 0.004009809078631397
  endloop
endfacet
facet normal 0 1 0
  outer loop
    vertex 0.003674685407369041 0.015 0.002767614008228062
    vertex 0.004416666666666673 0.015 0.004000000000000004
    vertex 0.005152777777777786 0.015 0.002774981844460482
  endloop
endfacet
facet normal -0 1 0
  outer loop
    vertex 0.03386111111111106 0.015 0.003999999999999997
    vertex 0.03533333333333336 0.015 0.004000009879505849
    vertex 0.03459722222222223 0.015 0.002774981844460474
  endloop
endfacet
facet normal -0 1 0
  outer loop
    vertex 0.01030555555555557 0.015 0.004000000000000004
    vertex 0.01177777777777779 0.015 0.004000009879505862
    vertex 0.01104166666666668 0.015 0.002774981844460483
  endloop
endfacet
facet normal 0 1 0
  outer loop
    vertex 0.02944444444444445 0.015 0.004000000000000002
    vertex 0.03091666666666668 0.015 0.003999999999999999
    vertex 0.03018055555555558 0.015 0.002774981844460474
  endloop
endfacet
facet normal 0 1 0
  outer loop
    vertex 0.0301805555555556 0.015 0.005225018155539496
    vertex 0.03091666666666668 0.015 0.003999999999999999
    vertex 0.02944444444444445 0.015 0.004000000000000002
  endloop
endfacet
facet normal 0 1 0
  outer loop
    vertex 0.03459722222222223 0.015 0.005229715251602764
    vertex 0.03386111111111106 0.015 0.003999999999999997
    vertex 0.033125 0.015 0.005229557257038281
  endloop
endfacet
facet normal -0 1 0
  outer loop
    vertex 0.01766666666666668 0.015 0.004
    vertex 0.01913888888888891 0.015 0.004000000000000003
    vertex 0.01840277777777779 0.015 0.00277498184446048
  endloop
endfacet
facet normal 0 1 0
  outer loop
    vertex 0.04490277777777772 0.015 0.005225018155539533
    vertex 0.0441633776597849 0.015 0.003995105708534379
    vertex 0.04342231012802637 0.015 0.005238105936829916
  endloop
endfacet
facet normal 0 1 0
  outer loop
    vertex 0.02797222222222224 0.015 0.004000000000000002
    vertex 0.02650000000000001 0.015 0.004
    vertex 0.02723611111111112 0.015 0.005225018155539514
  endloop
endfacet
facet normal 0 1 0
  outer loop
    vertex 0.0301805555555556 0.015 0.005225018155539496
    vertex 0.02944444444444445 0.015 0.004000000000000002
    vertex 0.02870833333333335 0.015 0.005225018155539533
  endloop
endfacet
facet normal 0 1 0
  outer loop
    vertex 0.04490234850728997 0.015 0.002764709208824729
    vertex 0.0456388888888886 0.015 0.00400000000000003
    vertex 0.046375 0.015 0.002774981844460477
  endloop
endfacet
facet normal 0 1 0
  outer loop
    vertex 0.02870833333333335 0.015 0.002774981844460474
    vertex 0.02944444444444445 0.015 0.004000000000000002
    vertex 0.03018055555555558 0.015 0.002774981844460474
  endloop
endfacet
facet normal 0 1 -0
  outer loop
    vertex 0.02723611111111113 0.015 0.002774981844460488
    vertex 0.02650000000000001 0.015 0.004
    vertex 0.02797222222222224 0.015 0.004000000000000002
  endloop
endfacet
facet normal -0 1 0
  outer loop
    vertex 0.02281944444444447 0.015 0.002774981844460476
    vertex 0.02355555555555558 0.015 0.003999999999999998
    vertex 0.0242916666666667 0.015 0.002774981844460475
  endloop
endfacet
facet normal 0 1 -0
  outer loop
    vertex 0.0242916666666667 0.015 0.002774981844460475
    vertex 0.02355555555555558 0.015 0.003999999999999998
    vertex 0.0250277777777778 0.015 0.004000000000000002
  endloop
endfacet
facet normal 0 1 0
  outer loop
    vertex 0.02870833333333335 0.015 0.005225018155539533
    vertex 0.02797222222222224 0.015 0.004000000000000002
    vertex 0.02723611111111112 0.015 0.005225018155539514
  endloop
endfacet
facet normal 0 1 0
  outer loop
    vertex 0.03312499999999999 0.015 0.00277498184446046
    vertex 0.03386111111111106 0.015 0.003999999999999997
    vertex 0.03459722222222223 0.015 0.002774981844460474
  endloop
endfacet
facet normal 0 1 -0
  outer loop
    vertex 0.02281944444444447 0.015 0.002774981844460476
    vertex 0.02208333333333336 0.015 0.003999999999999999
    vertex 0.02355555555555558 0.015 0.003999999999999998
  endloop
endfacet
facet normal 0 1 0
  outer loop
    vertex 0.02355555555555558 0.015 0.003999999999999998
    vertex 0.02208333333333336 0.015 0.003999999999999999
    vertex 0.02281944444444448 0.015 0.005225018155539527
  endloop
endfacet
facet normal 0 1 -0
  outer loop
    vertex 0.00956944444444446 0.015 0.002774981844460483
    vertex 0.008833333333333344 0.015 0.004000000000000004
    vertex 0.01030555555555557 0.015 0.004000000000000004
  endloop
endfacet
facet normal -0 1 0
  outer loop
    vertex 0.01987500000000001 0.015 0.002774981844460496
    vertex 0.02061111111111114 0.015 0.004000000000000007
    vertex 0.02134722222222226 0.015 0.002774981844460483
  endloop
endfacet
facet normal -0 1 0
  outer loop
    vertex 0.02723611111111113 0.015 0.002774981844460488
    vertex 0.02797222222222224 0.015 0.004000000000000002
    vertex 0.02870833333333335 0.015 0.002774981844460474
  endloop
endfacet
facet normal 0 1 0
  outer loop
    vertex 0.033125 0.015 0.005229557257038281
    vertex 0.03238888888888891 0.015 0.004000000000000008
    vertex 0.03165277777777781 0.015 0.005225018155539533
  endloop
endfacet
facet normal 0 1 0
  outer loop
    vertex 0.0242916666666667 0.015 0.002774981844460475
    vertex 0.0250277777777778 0.015 0.004000000000000002
    vertex 0.02576388888888891 0.015 0.002774981844460476
  endloop
endfacet
facet normal 0 1 0
  outer loop
    vertex 0.02134722222222225 0.015 0.005225018155539518
    vertex 0.02061111111111114 0.015 0.004000000000000007
    vertex 0.01987500000000003 0.015 0.005225018155539525
  endloop
endfacet
facet normal 0 1 0
  outer loop
    vertex 0.01840277777777779 0.015 0.00277498184446048
    vertex 0.01913888888888891 0.015 0.004000000000000003
    vertex 0.01987500000000001 0.015 0.002774981844460496
  endloop
endfacet
facet normal 0 1 0
  outer loop
    vertex 0.01840277777777781 0.015 0.00522501815553951
    vertex 0.01913888888888891 0.015 0.004000000000000003
    vertex 0.01766666666666668 0.015 0.004
  endloop
endfacet
facet normal 0 1 0
  outer loop
    vertex 0.01030555555555557 0.015 0.004000000000000004
    vertex 0.008833333333333344 0.015 0.004000000000000004
    vertex 0.009569444444444457 0.015 0.005225018155539524
  endloop
endfacet
facet normal 0 1 0
  outer loop
    vertex 0.02576388888888891 0.015 0.005225018155539531
    vertex 0.0250277777777778 0.015 0.004000000000000002
    vertex 0.02429166666666669 0.015 0.005225018155539515
  endloop
endfacet
facet normal 0 1 0
  outer loop
    vertex 0.01693055555555558 0.015 0.005225018155539527
    vertex 0.01766666666666668 0.015 0.004
    vertex 0.01619116634421292 0.015 0.003995182957923347
  endloop
endfacet
facet normal 0 1 0
  outer loop
    vertex 0.0169301262850678 0.015 0.002764709208824724
    vertex 0.01766666666666668 0.015 0.004
    vertex 0.01840277777777779 0.015 0.00277498184446048
  endloop
endfacet
facet normal -0 1 0
  outer loop
    vertex 0.01619116634421292 0.015 0.003995182957923347
    vertex 0.01766666666666668 0.015 0.004
    vertex 0.0169301262850678 0.015 0.002764709208824724
  endloop
endfacet
facet normal -0 1 0
  outer loop
    vertex 0.004416666666666673 0.015 0.004000000000000004
    vertex 0.0058888888888889 0.015 0.004000000000000004
    vertex 0.005152777777777786 0.015 0.002774981844460482
  endloop
endfacet
facet normal 0 1 0
  outer loop
    vertex 0.005152777777777788 0.015 0.005225018155539525
    vertex 0.0058888888888889 0.015 0.004000000000000004
    vertex 0.004416666666666673 0.015 0.004000000000000004
  endloop
endfacet
facet normal 0 1 0
  outer loop
    vertex 0.005152777777777788 0.015 0.005225018155539525
    vertex 0.004416666666666673 0.015 0.004000000000000004
    vertex 0.003680555555555561 0.015 0.005225018155539525
  endloop
endfacet
facet normal 0 1 0
  outer loop
    vertex 0.005152777777777786 0.015 0.002774981844460482
    vertex 0.0058888888888889 0.015 0.004000000000000004
    vertex 0.006625000000000011 0.015 0.002774981844460482
  endloop
endfacet
facet normal 0 1 0
  outer loop
    vertex 0.0250277777777778 0.015 0.004000000000000002
    vertex 0.02355555555555558 0.015 0.003999999999999998
    vertex 0.02429166666666669 0.015 0.005225018155539515
  endloop
endfacet
facet normal 0 1 0
  outer loop
    vertex 0.01693055555555558 0.015 0.005225018155539527
    vertex 0.01619116634421292 0.015 0.003995182957923347
    vertex 0.01545008790580416 0.015 0.005238337295942993
  endloop
endfacet
facet normal 0 1 0
  outer loop
    vertex 0.006625000000000011 0.015 0.002774981844460482
    vertex 0.007361111111111121 0.015 0.004000000000000005
    vertex 0.008097222222222235 0.015 0.002774981844460482
  endloop
endfacet
facet normal 0 1 0
  outer loop
    vertex 0.008097222222222235 0.015 0.002774981844460482
    vertex 0.008833333333333344 0.015 0.004000000000000004
    vertex 0.00956944444444446 0.015 0.002774981844460483
  endloop
endfacet
facet normal 0 1 0
  outer loop
    vertex 0.03018055555555558 0.015 0.002774981844460474
    vertex 0.03091666666666668 0.015 0.003999999999999999
    vertex 0.03165277777777779 0.015 0.002774981844460484
  endloop
endfacet
facet normal 0 1 0
  outer loop
    vertex 0.006625000000000009 0.015 0.005225018155539527
    vertex 0.0058888888888889 0.015 0.004000000000000004
    vertex 0.005152777777777788 0.015 0.005225018155539525
  endloop
endfacet
facet normal 0 1 0
  outer loop
    vertex 0.01840277777777781 0.015 0.00522501815553951
    vertex 0.01766666666666668 0.015 0.004
    vertex 0.01693055555555558 0.015 0.005225018155539527
  endloop
endfacet
facet normal 0 1 0
  outer loop
    vertex 0.00956944444444446 0.015 0.002774981844460483
    vertex 0.01030555555555557 0.015 0.004000000000000004
    vertex 0.01104166666666668 0.015 0.002774981844460483
  endloop
endfacet
facet normal 0 1 0
  outer loop
    vertex 0.02281944444444448 0.015 0.005225018155539527
    vertex 0.02208333333333336 0.015 0.003999999999999999
    vertex 0.02134722222222225 0.015 0.005225018155539518
  endloop
endfacet
facet normal 0 1 0
  outer loop
    vertex 0.008097222222222233 0.015 0.005225018155539527
    vertex 0.007361111111111121 0.015 0.004000000000000005
    vertex 0.006625000000000009 0.015 0.005225018155539527
  endloop
endfacet
facet normal 0 1 0
  outer loop
    vertex 0.006625000000000009 0.015 0.005225018155539527
    vertex 0.007361111111111121 0.015 0.004000000000000005
    vertex 0.0058888888888889 0.015 0.004000000000000004
  endloop
endfacet
facet normal -0 1 0
  outer loop
    vertex 0.03165277777777779 0.015 0.002774981844460484
    vertex 0.03238888888888891 0.015 0.004000000000000008
    vertex 0.03312499999999999 0.015 0.00277498184446046
  endloop
endfacet
facet normal 0 1 0
  outer loop
    vertex 0.02723611111111112 0.015 0.005225018155539514
    vertex 0.02650000000000001 0.015 0.004
    vertex 0.02576388888888891 0.015 0.005225018155539531
  endloop
endfacet
facet normal 0 1 0
  outer loop
    vertex 0.01104166666666668 0.015 0.005229715251602746
    vertex 0.01030555555555557 0.015 0.004000000000000004
    vertex 0.009569444444444457 0.015 0.005225018155539524
  endloop
endfacet
facet normal 0 1 0
  outer loop
    vertex 0.04342550733461932 0.015 0.002754103027225834
    vertex 0.0441633776597849 0.015 0.003995105708534379
    vertex 0.04490234850728997 0.015 0.002764709208824729
  endloop
endfacet
facet normal 0 1 0
  outer loop
    vertex 0.009569444444444457 0.015 0.005225018155539524
    vertex 0.008833333333333344 0.015 0.004000000000000004
    vertex 0.008097222222222233 0.015 0.005225018155539527
  endloop
endfacet
facet normal -0 1 0
  outer loop
    vertex 0.0058888888888889 0.015 0.004000000000000004
    vertex 0.007361111111111121 0.015 0.004000000000000005
    vertex 0.006625000000000011 0.015 0.002774981844460482
  endloop
endfacet
facet normal -0 1 0
  outer loop
    vertex 0.02134722222222226 0.015 0.002774981844460483
    vertex 0.02208333333333336 0.015 0.003999999999999999
    vertex 0.02281944444444447 0.015 0.002774981844460476
  endloop
endfacet
facet normal 0 1 0
  outer loop
    vertex 0.02576388888888891 0.015 0.002774981844460476
    vertex 0.02650000000000001 0.015 0.004
    vertex 0.02723611111111113 0.015 0.002774981844460488
  endloop
endfacet
facet normal 0 1 0
  outer loop
    vertex 0.007361111111111121 0.015 0.004000000000000005
    vertex 0.008833333333333344 0.015 0.004000000000000004
    vertex 0.008097222222222235 0.015 0.002774981844460482
  endloop
endfacet
facet normal 0 1 0
  outer loop
    vertex 0.008097222222222233 0.015 0.005225018155539527
    vertex 0.008833333333333344 0.015 0.004000000000000004
    vertex 0.007361111111111121 0.015 0.004000000000000005
  endloop
endfacet
facet normal 0 1 0
  outer loop
    vertex 0.02576388888888891 0.015 0.005225018155539531
    vertex 0.02650000000000001 0.015 0.004
    vertex 0.0250277777777778 0.015 0.004000000000000002
  endloop
endfacet
facet normal 0 1 0
  outer loop
    vertex 0.02061111111111114 0.015 0.004000000000000007
    vertex 0.01913888888888891 0.015 0.004000000000000003
    vertex 0.01987500000000003 0.015 0.005225018155539525
  endloop
endfacet
facet normal 0 1 0
  outer loop
    vertex 0.01545328511239711 0.015 0.00275410302722582
    vertex 0.01619116634421292 0.015 0.003995182957923347
    vertex 0.0169301262850678 0.015 0.002764709208824724
  endloop
endfacet
facet normal 0 1 -0
  outer loop
    vertex 0.01987500000000001 0.015 0.002774981844460496
    vertex 0.01913888888888891 0.015 0.004000000000000003
    vertex 0.02061111111111114 0.015 0.004000000000000007
  endloop
endfacet
facet normal 0 1 0
  outer loop
    vertex 0.0250277777777778 0.015 0.004000000000000002
    vertex 0.02650000000000001 0.015 0.004
    vertex 0.02576388888888891 0.015 0.002774981844460476
  endloop
endfacet
facet normal 0 1 0
  outer loop
    vertex 0.03165277777777781 0.015 0.005225018155539533
    vertex 0.03091666666666668 0.015 0.003999999999999999
    vertex 0.0301805555555556 0.015 0.005225018155539496
  endloop
endfacet
facet normal 0 1 0
  outer loop
    vertex 0.02429166666666669 0.015 0.005225018155539515
    vertex 0.02355555555555558 0.015 0.003999999999999998
    vertex 0.02281944444444448 0.015 0.005225018155539527
  endloop
endfacet
facet normal 0 1 0
  outer loop
    vertex 0.03386111111111106 0.015 0.003999999999999997
    vertex 0.03238888888888891 0.015 0.004000000000000008
    vertex 0.033125 0.015 0.005229557257038281
  endloop
endfacet
facet normal 0 1 0
  outer loop
    vertex 0.02870833333333335 0.015 0.005225018155539533
    vertex 0.02944444444444445 0.015 0.004000000000000002
    vertex 0.02797222222222224 0.015 0.004000000000000002
  endloop
endfacet
facet normal -0 1 0
  outer loop
    vertex 0.02797222222222224 0.015 0.004000000000000002
    vertex 0.02944444444444445 0.015 0.004000000000000002
    vertex 0.02870833333333335 0.015 0.002774981844460474
  endloop
endfacet
facet normal 0 1 0
  outer loop
    vertex 0.01987500000000003 0.015 0.005225018155539525
    vertex 0.01913888888888891 0.015 0.004000000000000003
    vertex 0.01840277777777781 0.015 0.00522501815553951
  endloop
endfacet
facet normal 0 1 0
  outer loop
    vertex 0.02208333333333336 0.015 0.003999999999999999
    vertex 0.02061111111111114 0.015 0.004000000000000007
    vertex 0.02134722222222225 0.015 0.005225018155539518
  endloop
endfacet
facet normal 0 1 -0
  outer loop
    vertex 0.02134722222222226 0.015 0.002774981844460483
    vertex 0.02061111111111114 0.015 0.004000000000000007
    vertex 0.02208333333333336 0.015 0.003999999999999999
  endloop
endfacet
facet normal 0 1 -0
  outer loop
    vertex 0.03312499999999999 0.015 0.00277498184446046
    vertex 0.03238888888888891 0.015 0.004000000000000008
    vertex 0.03386111111111106 0.015 0.003999999999999997
  endloop
endfacet
facet normal 0 1 -0
  outer loop
    vertex 0.03165277777777779 0.015 0.002774981844460484
    vertex 0.03091666666666668 0.015 0.003999999999999999
    vertex 0.03238888888888891 0.015 0.004000000000000008
  endloop
endfacet
facet normal 0 1 0
  outer loop
    vertex 0.03238888888888891 0.015 0.004000000000000008
    vertex 0.03091666666666668 0.015 0.003999999999999999
    vertex 0.03165277777777781 0.015 0.005225018155539533
  endloop
endfacet
facet normal 0 1 0
  outer loop
    vertex 0.04637543330285607 0.015 0.005231090735687713
    vertex 0.0456388888888886 0.015 0.00400000000000003
    vertex 0.04490277777777772 0.015 0.005225018155539533
  endloop
endfacet
facet normal 0 1 0
  outer loop
    vertex 0.04490277777777772 0.015 0.005225018155539533
    vertex 0.0456388888888886 0.015 0.00400000000000003
    vertex 0.0441633776597849 0.015 0.003995105708534379
  endloop
endfacet
facet normal -0 1 0
  outer loop
    vertex 0.0441633776597849 0.015 0.003995105708534379
    vertex 0.0456388888888886 0.015 0.00400000000000003
    vertex 0.04490234850728997 0.015 0.002764709208824729
  endloop
endfacet
facet normal 0 1 0
  outer loop
    vertex 0.03459722222222223 0.015 0.005229715251602764
    vertex 0.03533333333333336 0.015 0.004000009879505849
    vertex 0.03386111111111106 0.015 0.003999999999999997
  endloop
endfacet
facet normal 0 1 0
  outer loop
    vertex 0.01104166666666668 0.015 0.005229715251602746
    vertex 0.01177777777777779 0.015 0.004000009879505862
    vertex 0.01030555555555557 0.015 0.004000000000000004
  endloop
endfacet
facet normal -0 1 8.03882e-13
  outer loop
    vertex 0.0412222222222222 0.015000000000001 0.001500000000000057
    vertex 0.04195304360800044 0.015 0.002745127737858985
    vertex 0.04269444444444442 0.015000000000001 0.001500000000000057
  endloop
endfacet
facet normal 0 1 0
  outer loop
    vertex 0.04048375527467418 0.015 0.005236095381090187
    vertex 0.03974137829303989 0.015 0.003988378600274567
    vertex 0.03900682137957813 0.015 0.005237427512013702
  endloop
endfacet
facet normal 0 1 0
  outer loop
    vertex 0.03606944444444444 0.015 0.005233347083610663
    vertex 0.03533333333333336 0.015 0.004000009879505849
    vertex 0.03459722222222223 0.015 0.005229715251602764
  endloop
endfacet
facet normal 0 1 0
  outer loop
    vertex 0.0125138888888889 0.015 0.005233347083610652
    vertex 0.01177777777777779 0.015 0.004000009879505862
    vertex 0.01104166666666668 0.015 0.005229715251602746
  endloop
endfacet
facet normal -0 1 8.03288e-13
  outer loop
    vertex 0.01325000000000002 0.015000000000001 0.001500000000000057
    vertex 0.01398130127838576 0.015 0.002746047602192425
    vertex 0.01472222222222225 0.015000000000001 0.001500000000000057
  endloop
endfacet
facet normal -0 1 8.04779e-13
  outer loop
    vertex 0.03680555555555556 0.015000000000001 0.001500000000000057
    vertex 0.03753504633001292 0.015 0.002743739652065732
    vertex 0.03827777777777777 0.015000000000001 0.001500000000000057
  endloop
endfacet
facet normal -8.63249e-15 1 7.80075e-13
  outer loop
    vertex 0.04931944444444445 0.015 0.002774981844460486
    vertex 0.05085614523130914 0.015 0.002791987340225023
    vertex 0.05005555555555553 0.015000000000001 0.001500000000000057
  endloop
endfacet
facet normal 0 1 -0
  outer loop
    vertex 0.053 0.015 0.004000000000000003
    vertex 0.05191746824526953 0.015 0.004624999999999989
    vertex 0.053 0.015 0.005249999999999977
  endloop
endfacet
facet normal 0 1 -0
  outer loop
    vertex 0.053 0.015 0.002750000000000029
    vertex 0.05196108910729455 0.015 0.003410817265531833
    vertex 0.053 0.015 0.004000000000000003
  endloop
endfacet
facet normal 0 1 0
  outer loop
    vertex 0.03827028490911036 0.015 0.00398711051288859
    vertex 0.03753504633001292 0.015 0.002743739652065732
    vertex 0.03679004629901254 0.015 0.003985989726564977
  endloop
endfacet
facet normal -0 1 0
  outer loop
    vertex 0.03459722222222223 0.015 0.002774981844460474
    vertex 0.03533333333333336 0.015 0.004000009879505849
    vertex 0.03606685956835394 0.015 0.002747664954427516
  endloop
endfacet
facet normal 0 1 0
  outer loop
    vertex 0.04268843332210741 0.015 0.003988697922786238
    vertex 0.04195304360800044 0.015 0.002745127737858985
    vertex 0.04120651664597613 0.015 0.003985871712685343
  endloop
endfacet
facet normal 0 1 0
  outer loop
    vertex 0.03899975387026739 0.015 0.002741672718513199
    vertex 0.03974137829303989 0.015 0.003988378600274567
    vertex 0.04048113767863316 0.015 0.002742093764456382
  endloop
endfacet
facet normal 0 1 0
  outer loop
    vertex 0.01471627653978622 0.015 0.00398893006000702
    vertex 0.01398130127838576 0.015 0.002746047602192425
    vertex 0.01323468706316008 0.015 0.003985645022218485
  endloop
endfacet
facet normal -0 1 0
  outer loop
    vertex 0.01104166666666668 0.015 0.002774981844460483
    vertex 0.01177777777777779 0.015 0.004000009879505862
    vertex 0.01251133673274892 0.015 0.00274760750370311
  endloop
endfacet
facet normal 0 1 -0
  outer loop
    vertex 0.003019971093015472 0.015 0.004009809078631397
    vertex 0.002143858360166426 0.015 0.005208021076519488
    vertex 0.003680555555555561 0.015 0.005225018155539525
  endloop
endfacet
facet normal 0 1 0
  outer loop
    vertex 0 0.015 0.004000000000000003
    vertex 0.001082531754730526 0.015 0.003375000000000016
    vertex 0 0.015 0.002750000000000029
  endloop
endfacet
facet normal 8.62827e-15 1 -7.80077e-13
  outer loop
    vertex 0.003680555555555561 0.015 0.005225018155539525
    vertex 0.002143858360166426 0.015 0.005208021076519488
    vertex 0.002944444444444447 0.015000000000001 0.00649999999999995
  endloop
endfacet
facet normal 0 1 0
  outer loop
    vertex 0 0.015 0.005249999999999977
    vertex 0.001038910892705445 0.015 0.004589182734468194
    vertex 0 0.015 0.004000000000000003
  endloop
endfacet
facet normal 6.79881e-13 1 -7.23138e-13
  outer loop
    vertex 0.053 0.015 0.00649999999999995
    vertex 0.05206118912647748 0.015 0.005617347306358167
    vertex 0.05152777777777777 0.015000000000001 0.00649999999999995
  endloop
endfacet
facet normal 6.79881e-13 1 7.10751e-13
  outer loop
    vertex 0.05152777777777777 0.015000000000001 0.001500000000000057
    vertex 0.05206900242327629 0.015 0.0023905609211514
    vertex 0.053 0.015 0.001500000000000057
  endloop
endfacet
facet normal 0 1 -0
  outer loop
    vertex 0.05196108910729455 0.015 0.003410817265531833
    vertex 0.05191746824526953 0.015 0.004624999999999989
    vertex 0.053 0.015 0.004000000000000003
  endloop
endfacet
facet normal -6.79881e-13 1 7.23138e-13
  outer loop
    vertex 0 0.015 0.001500000000000057
    vertex 0.000938810873522523 0.015 0.002382652693641838
    vertex 0.001472222222222225 0.015000000000001 0.001500000000000057
  endloop
endfacet
facet normal -6.79881e-13 1 -7.10753e-13
  outer loop
    vertex 0.001472222222222225 0.015000000000001 0.00649999999999995
    vertex 0.0009309982950188195 0.015 0.005609440762197512
    vertex 0 0.015 0.00649999999999995
  endloop
endfacet
facet normal 0 1 0
  outer loop
    vertex 0.001038910892705445 0.015 0.004589182734468194
    vertex 0.001082531754730526 0.015 0.003375000000000016
    vertex 0 0.015 0.004000000000000003
  endloop
endfacet
facet normal 3.09701e-13 1 9.35722e-13
  outer loop
    vertex 0.05085614523130914 0.015 0.002791987340225023
    vertex 0.05206900242327629 0.015 0.0023905609211514
    vertex 0.05152777777777777 0.015000000000001 0.001500000000000057
  endloop
endfacet
facet normal 0 1 0
  outer loop
    vertex 0.05196108910729455 0.015 0.003410817265531833
    vertex 0.05206900242327629 0.015 0.0023905609211514
    vertex 0.05085614523130914 0.015 0.002791987340225023
  endloop
endfacet
facet normal -3.09697e-13 1 -9.35727e-13
  outer loop
    vertex 0.002143858360166426 0.015 0.005208021076519488
    vertex 0.0009309982950188195 0.015 0.005609440762197512
    vertex 0.001472222222222225 0.015000000000001 0.00649999999999995
  endloop
endfacet
facet normal 0 1 -0
  outer loop
    vertex 0.001038910892705445 0.015 0.004589182734468194
    vertex 0.0009309982950188195 0.015 0.005609440762197512
    vertex 0.002143858360166426 0.015 0.005208021076519488
  endloop
endfacet
facet normal 0 1 -0
  outer loop
    vertex 0.053 0.015 0.005249999999999977
    vertex 0.05206118912647748 0.015 0.005617347306358167
    vertex 0.053 0.015 0.00649999999999995
  endloop
endfacet
facet normal 0 1 -0
  outer loop
    vertex 0.053 0.015 0.001500000000000057
    vertex 0.05206900242327629 0.015 0.0023905609211514
    vertex 0.053 0.015 0.002750000000000029
  endloop
endfacet
facet normal 0 1 0
  outer loop
    vertex 0 0.015 0.002750000000000029
    vertex 0.000938810873522523 0.015 0.002382652693641838
    vertex 0 0.015 0.001500000000000057
  endloop
endfacet
facet normal 0 1 0
  outer loop
    vertex 0 0.015 0.00649999999999995
    vertex 0.0009309982950188195 0.015 0.005609440762197512
    vertex 0 0.015 0.005249999999999977
  endloop
endfacet
facet normal 3.18181e-13 1 -9.41723e-13
  outer loop
    vertex 0.05152777777777777 0.015000000000001 0.00649999999999995
    vertex 0.05206118912647748 0.015 0.005617347306358167
    vertex 0.05086069960934011 0.015 0.005211736531790967
  endloop
endfacet
facet normal 0 1 0
  outer loop
    vertex 0.05085614523130914 0.015 0.002791987340225023
    vertex 0.05111509124810536 0.015 0.004005958195225569
    vertex 0.05196108910729455 0.015 0.003410817265531833
  endloop
endfacet
facet normal -0 1 0
  outer loop
    vertex 0.04998005404731354 0.015 0.003990249838580031
    vertex 0.05111509124810536 0.015 0.004005958195225569
    vertex 0.05085614523130914 0.015 0.002791987340225023
  endloop
endfacet
facet normal -3.18181e-13 1 9.41723e-13
  outer loop
    vertex 0.001472222222222225 0.015000000000001 0.001500000000000057
    vertex 0.000938810873522523 0.015 0.002382652693641838
    vertex 0.002139300390659863 0.015 0.002788263468209031
  endloop
endfacet
facet normal 0 1 0
  outer loop
    vertex 0.002143858360166426 0.015 0.005208021076519488
    vertex 0.001884914498255547 0.015 0.003994055271565626
    vertex 0.001038910892705445 0.015 0.004589182734468194
  endloop
endfacet
facet normal 0 1 0
  outer loop
    vertex 0.05086069960934011 0.015 0.005211736531790967
    vertex 0.05111509124810536 0.015 0.004005958195225569
    vertex 0.04998005404731354 0.015 0.003990249838580031
  endloop
endfacet
facet normal 0 1 0
  outer loop
    vertex 0.003019971093015472 0.015 0.004009809078631397
    vertex 0.001884914498255547 0.015 0.003994055271565626
    vertex 0.002143858360166426 0.015 0.005208021076519488
  endloop
endfacet
facet normal -0 1 0
  outer loop
    vertex 0.05086069960934011 0.015 0.005211736531790967
    vertex 0.05206118912647748 0.015 0.005617347306358167
    vertex 0.05191746824526953 0.015 0.004624999999999989
  endloop
endfacet
facet normal 0 1 -0
  outer loop
    vertex 0.002139300390659863 0.015 0.002788263468209031
    vertex 0.001884914498255547 0.015 0.003994055271565626
    vertex 0.003019971093015472 0.015 0.004009809078631397
  endloop
endfacet
facet normal 0 1 0
  outer loop
    vertex 0.002139300390659863 0.015 0.002788263468209031
    vertex 0.000938810873522523 0.015 0.002382652693641838
    vertex 0.001082531754730526 0.015 0.003375000000000016
  endloop
endfacet
facet normal 0 1 0
  outer loop
    vertex 0.05191746824526953 0.015 0.004624999999999989
    vertex 0.05111509124810536 0.015 0.004005958195225569
    vertex 0.05086069960934011 0.015 0.005211736531790967
  endloop
endfacet
facet normal -0 1 0
  outer loop
    vertex 0.001082531754730526 0.015 0.003375000000000016
    vertex 0.001884914498255547 0.015 0.003994055271565626
    vertex 0.002139300390659863 0.015 0.002788263468209031
  endloop
endfacet
facet normal 0 1 0
  outer loop
    vertex 0.05191746824526953 0.015 0.004624999999999989
    vertex 0.05206118912647748 0.015 0.005617347306358167
    vertex 0.053 0.015 0.005249999999999977
  endloop
endfacet
facet normal 0 1 0
  outer loop
    vertex 0.053 0.015 0.002750000000000029
    vertex 0.05206900242327629 0.015 0.0023905609211514
    vertex 0.05196108910729455 0.015 0.003410817265531833
  endloop
endfacet
facet normal 0 1 0
  outer loop
    vertex 0.001082531754730526 0.015 0.003375000000000016
    vertex 0.000938810873522523 0.015 0.002382652693641838
    vertex 0 0.015 0.002750000000000029
  endloop
endfacet
facet normal -0 1 0
  outer loop
    vertex 0 0.015 0.005249999999999977
    vertex 0.0009309982950188195 0.015 0.005609440762197512
    vertex 0.001038910892705445 0.015 0.004589182734468194
  endloop
endfacet
facet normal 0 1 0
  outer loop
    vertex 0.05196108910729455 0.015 0.003410817265531833
    vertex 0.05111509124810536 0.015 0.004005958195225569
    vertex 0.05191746824526953 0.015 0.004624999999999989
  endloop
endfacet
facet normal 0 1 0
  outer loop
    vertex 0.001038910892705445 0.015 0.004589182734468194
    vertex 0.001884914498255547 0.015 0.003994055271565626
    vertex 0.001082531754730526 0.015 0.003375000000000016
  endloop
endfacet
facet normal -0 0 -1
  outer loop
    vertex 0.05631944444444442 0.02627498184446242 0.001500000000000057
    vertex 0.05490386335940269 0.02627271245131753 0.001500000000000057
    vertex 0.05619059957073876 0.02772095058112164 0.001500000000000057
  endloop
endfacet
facet normal 0 0 -1
  outer loop
    vertex 0.003680555555555555 0.01372501815554058 0.001500000000000057
    vertex 0.005096136640597288 0.01372728754868408 0.001500000000000057
    vertex 0.003809400429261273 0.01227904941887973 0.001500000000000057
  endloop
endfacet
facet normal 0 0 -1
  outer loop
    vertex 0.05490386335940269 0.02627271245131753 0.001500000000000057
    vertex 0.05474999999999999 0.02770096189432334 0.001500000000000057
    vertex 0.05619059957073876 0.02772095058112164 0.001500000000000057
  endloop
endfacet
facet normal 0 -0 -1
  outer loop
    vertex 0.005096136640597288 0.01372728754868408 0.001500000000000057
    vertex 0.00524999999999998 0.01229903810567666 0.001500000000000057
    vertex 0.003809400429261273 0.01227904941887973 0.001500000000000057
  endloop
endfacet
facet normal -0 0 -1
  outer loop
    vertex 0.003680555555555555 0.01372501815554058 0.001500000000000057
    vertex 0.002342463938147216 0.01224460705529788 0.001500000000000057
    vertex 0.002097687726356351 0.01383678367035288 0.001500000000000057
  endloop
endfacet
facet normal 0 0 -1
  outer loop
    vertex 0.05631944444444442 0.02627498184446242 0.001500000000000057
    vertex 0.05765753606185357 0.02775539294470165 0.001500000000000057
    vertex 0.05790231227364452 0.02616321632964869 0.001500000000000057
  endloop
endfacet
facet normal -0 0 -1
  outer loop
    vertex 0.05337499999999996 0.02627498184446242 0.001500000000000057
    vertex 0.05195459839264502 0.02627452828081811 0.001500000000000057
    vertex 0.05319922247642671 0.02771720174889076 0.001500000000000057
  endloop
endfacet
facet normal 0 0 -1
  outer loop
    vertex 0.00662500000000002 0.01372501815554058 0.001500000000000057
    vertex 0.008045401607354969 0.0137254717191835 0.001500000000000057
    vertex 0.006800777523573314 0.01228279825111064 0.001500000000000057
  endloop
endfacet
facet normal 0 0 -1
  outer loop
    vertex 0.05195459839264502 0.02627452828081811 0.001500000000000057
    vertex 0.05175 0.02770096189432334 0.001500000000000057
    vertex 0.05319922247642671 0.02771720174889076 0.001500000000000057
  endloop
endfacet
facet normal 0 -0 -1
  outer loop
    vertex 0.008045401607354969 0.0137254717191835 0.001500000000000057
    vertex 0.008250000000000007 0.01229903810567666 0.001500000000000057
    vertex 0.006800777523573314 0.01228279825111064 0.001500000000000057
  endloop
endfacet
facet normal 0 0 -1
  outer loop
    vertex 0.01876470588235296 0.022 0.001500000000000057
    vertex 0.02023529411764708 0.022 0.001500000000000057
    vertex 0.01941194621025784 0.02054194821186778 0.001500000000000057
  endloop
endfacet
facet normal 0 0 -1
  outer loop
    vertex 0.04523529411764708 0.022 0.001500000000000057
    vertex 0.04670588235294119 0.022 0.001500000000000057
    vertex 0.04585791455379061 0.02051203677986525 0.001500000000000057
  endloop
endfacet
facet normal 0 -0 -1
  outer loop
    vertex 0.003680555555555555 0.01372501815554058 0.001500000000000057
    vertex 0.003809400429261273 0.01227904941887973 0.001500000000000057
    vertex 0.002342463938147216 0.01224460705529788 0.001500000000000057
  endloop
endfacet
facet normal 0 0 -1
  outer loop
    vertex 0.05631944444444442 0.02627498184446242 0.001500000000000057
    vertex 0.05619059957073876 0.02772095058112164 0.001500000000000057
    vertex 0.05765753606185357 0.02775539294470165 0.001500000000000057
  endloop
endfacet
facet normal 0 0 -1
  outer loop
    vertex 0.02947058823529407 0.018 0.001500000000000057
    vertex 0.02892200944823973 0.01934205797047355 0.001500000000000057
    vertex 0.03036516375437466 0.01938763450627104 0.001500000000000057
  endloop
endfacet
facet normal 0 0 -1
  outer loop
    vertex 0.02892200944823973 0.01934205797047355 0.001500000000000057
    vertex 0.02976715686274513 0.02070361262871571 0.001500000000000057
    vertex 0.03036516375437466 0.01938763450627104 0.001500000000000057
  endloop
endfacet
facet normal 0 0 -1
  outer loop
    vertex 0.02448529411764706 0.01936997000936227 0.001500000000000057
    vertex 0.02533622567441022 0.02069751042237693 0.001500000000000057
    vertex 0.02594135582489052 0.01932166783440994 0.001500000000000057
  endloop
endfacet
facet normal 0 0 -1
  outer loop
    vertex 0.02505882352941172 0.018 0.001500000000000057
    vertex 0.02448529411764706 0.01936997000936227 0.001500000000000057
    vertex 0.02594135582489052 0.01932166783440994 0.001500000000000057
  endloop
endfacet
facet normal 0 -0 -1
  outer loop
    vertex 0.04376470588235297 0.022 0.001500000000000057
    vertex 0.04433166868957406 0.02057358962070085 0.001500000000000057
    vertex 0.04288054100719928 0.0206633466298178 0.001500000000000057
  endloop
endfacet
facet normal -0 0 -1
  outer loop
    vertex 0.04433166868957406 0.02057358962070085 0.001500000000000057
    vertex 0.0434840748638487 0.01927577012742429 0.001500000000000057
    vertex 0.04288054100719928 0.0206633466298178 0.001500000000000057
  endloop
endfacet
facet normal 0 0 -1
  outer loop
    vertex 0.00524999999999998 0.01229903810567666 0.001500000000000057
    vertex 0.00662500000000002 0.01372501815554058 0.001500000000000057
    vertex 0.006800777523573314 0.01228279825111064 0.001500000000000057
  endloop
endfacet
facet normal -0 0 -1
  outer loop
    vertex 0.05474999999999999 0.02770096189432334 0.001500000000000057
    vertex 0.05337499999999996 0.02627498184446242 0.001500000000000057
    vertex 0.05319922247642671 0.02771720174889076 0.001500000000000057
  endloop
endfacet
facet normal -0 0 -1
  outer loop
    vertex 0.00662500000000002 0.01372501815554058 0.001500000000000057
    vertex 0.00524999999999998 0.01229903810567666 0.001500000000000057
    vertex 0.005096136640597288 0.01372728754868408 0.001500000000000057
  endloop
endfacet
facet normal 0 0 -1
  outer loop
    vertex 0.05337499999999996 0.02627498184446242 0.001500000000000057
    vertex 0.05474999999999999 0.02770096189432334 0.001500000000000057
    vertex 0.05490386335940269 0.02627271245131753 0.001500000000000057
  endloop
endfacet
facet normal 0 -0 -1
  outer loop
    vertex 0.04733144547103493 0.02057620070952099 0.001500000000000057
    vertex 0.04788101362994175 0.01928167360872622 0.001500000000000057
    vertex 0.04644496578763488 0.0192178973406002 0.001500000000000057
  endloop
endfacet
facet normal 0 0 -1
  outer loop
    vertex 0.00956944444444446 0.01372501815554057 0.001500000000000057
    vertex 0.01099466657411265 0.01372285977402357 0.001500000000000057
    vertex 0.009796166138178422 0.01228498886161707 0.001500000000000057
  endloop
endfacet
facet normal 0 0 -1
  outer loop
    vertex 0.05043055555555555 0.02627498184446242 0.001500000000000057
    vertex 0.04900533342588735 0.02627714022597806 0.001500000000000057
    vertex 0.05020383386182158 0.02771501113838432 0.001500000000000057
  endloop
endfacet
facet normal 0 -0 -1
  outer loop
    vertex 0.01099466657411265 0.01372285977402357 0.001500000000000057
    vertex 0.01125000000000001 0.01229903810567666 0.001500000000000057
    vertex 0.009796166138178422 0.01228498886161707 0.001500000000000057
  endloop
endfacet
facet normal 0 0 -1
  outer loop
    vertex 0.04900533342588735 0.02627714022597806 0.001500000000000057
    vertex 0.04875000000000001 0.02770096189432335 0.001500000000000057
    vertex 0.05020383386182158 0.02771501113838432 0.001500000000000057
  endloop
endfacet
facet normal 0 0 -1
  outer loop
    vertex 0.04585791455379061 0.02051203677986525 0.001500000000000057
    vertex 0.04733144547103493 0.02057620070952099 0.001500000000000057
    vertex 0.04644496578763488 0.0192178973406002 0.001500000000000057
  endloop
endfacet
facet normal 0 0 -1
  outer loop
    vertex 0.008250000000000007 0.01229903810567666 0.001500000000000057
    vertex 0.00956944444444446 0.01372501815554057 0.001500000000000057
    vertex 0.009796166138178422 0.01228498886161707 0.001500000000000057
  endloop
endfacet
facet normal -0 0 -1
  outer loop
    vertex 0.05175 0.02770096189432334 0.001500000000000057
    vertex 0.05043055555555555 0.02627498184446242 0.001500000000000057
    vertex 0.05020383386182158 0.02771501113838432 0.001500000000000057
  endloop
endfacet
facet normal -0 0 -1
  outer loop
    vertex 0.00956944444444446 0.01372501815554057 0.001500000000000057
    vertex 0.008250000000000007 0.01229903810567666 0.001500000000000057
    vertex 0.008045401607354969 0.0137254717191835 0.001500000000000057
  endloop
endfacet
facet normal 0 0 -1
  outer loop
    vertex 0.05043055555555555 0.02627498184446242 0.001500000000000057
    vertex 0.05175 0.02770096189432334 0.001500000000000057
    vertex 0.05195459839264502 0.02627452828081811 0.001500000000000057
  endloop
endfacet
facet normal 0 -0 -1
  outer loop
    vertex 0.0537345154214211 0.01360543098512074 0.001500000000000057
    vertex 0.0546996950452224 0.01238587170643735 0.001500000000000057
    vertex 0.05313862499381467 0.01237104451349212 0.001500000000000057
  endloop
endfacet
facet normal 0 0 -1
  outer loop
    vertex 0.006265484578575824 0.02639456901487889 0.001500000000000057
    vertex 0.005300304954775677 0.02761412829356219 0.001500000000000057
    vertex 0.006861375006183491 0.02762895548650876 0.001500000000000057
  endloop
endfacet
facet normal 0 0 -1
  outer loop
    vertex 0.0546996950452224 0.01238587170643735 0.001500000000000057
    vertex 0.05399999999999999 0.011 0.001500000000000057
    vertex 0.05313862499381467 0.01237104451349212 0.001500000000000057
  endloop
endfacet
facet normal 0 0 -1
  outer loop
    vertex 0.005300304954775677 0.02761412829356219 0.001500000000000057
    vertex 0.005999999999999998 0.029 0.001500000000000057
    vertex 0.006861375006183491 0.02762895548650876 0.001500000000000057
  endloop
endfacet
facet normal 0 0 -1
  outer loop
    vertex 0.01251388888888891 0.01372501815554058 0.001500000000000057
    vertex 0.01398611111111113 0.01373693646942929 0.001500000000000057
    vertex 0.01279338470081911 0.01228874129615271 0.001500000000000057
  endloop
endfacet
facet normal -0 0 -1
  outer loop
    vertex 0.0474861111111111 0.02627498184446242 0.001500000000000057
    vertex 0.04601388888888888 0.02626306353057211 0.001500000000000057
    vertex 0.04720661529918088 0.02771125870384867 0.001500000000000057
  endloop
endfacet
facet normal 0 -0 -1
  outer loop
    vertex 0.01398611111111113 0.01373693646942929 0.001500000000000057
    vertex 0.01425000000000001 0.01229903810567666 0.001500000000000057
    vertex 0.01279338470081911 0.01228874129615271 0.001500000000000057
  endloop
endfacet
facet normal 0 0 -1
  outer loop
    vertex 0.04601388888888888 0.02626306353057211 0.001500000000000057
    vertex 0.04575 0.02770096189432334 0.001500000000000057
    vertex 0.04720661529918088 0.02771125870384867 0.001500000000000057
  endloop
endfacet
facet normal 0 0 -1
  outer loop
    vertex 0.01125000000000001 0.01229903810567666 0.001500000000000057
    vertex 0.01251388888888891 0.01372501815554058 0.001500000000000057
    vertex 0.01279338470081911 0.01228874129615271 0.001500000000000057
  endloop
endfacet
facet normal -0 0 -1
  outer loop
    vertex 0.04875000000000001 0.02770096189432335 0.001500000000000057
    vertex 0.0474861111111111 0.02627498184446242 0.001500000000000057
    vertex 0.04720661529918088 0.02771125870384867 0.001500000000000057
  endloop
endfacet
facet normal 0 0 -1
  outer loop
    vertex 0.01251388888888891 0.01372501815554058 0.001500000000000057
    vertex 0.01125000000000001 0.01229903810567666 0.001500000000000057
    vertex 0.01099466657411265 0.01372285977402357 0.001500000000000057
  endloop
endfacet
facet normal 0 0 -1
  outer loop
    vertex 0.0474861111111111 0.02627498184446242 0.001500000000000057
    vertex 0.04875000000000001 0.02770096189432335 0.001500000000000057
    vertex 0.04900533342588735 0.02627714022597806 0.001500000000000057
  endloop
endfacet
facet normal 0 0 -1
  outer loop
    vertex 0.057 0.01924999999999999 0.001500000000000057
    vertex 0.05521800831928103 0.01927506478757783 0.001500000000000057
    vertex 0.05595795397398784 0.02022540884075687 0.001500000000000057
  endloop
endfacet
facet normal 0 0 -1
  outer loop
    vertex 0.003 0.02075000000000001 0.001500000000000057
    vertex 0.004781991680718925 0.02072493521242228 0.001500000000000057
    vertex 0.004042046026012155 0.0197745911592432 0.001500000000000057
  endloop
endfacet
facet normal 0 -0 -1
  outer loop
    vertex 0.02088302783248001 0.0206510612427251 0.001500000000000057
    vertex 0.02138235294117644 0.01927356677027123 0.001500000000000057
    vertex 0.02000639096109329 0.01928496737546431 0.001500000000000057
  endloop
endfacet
facet normal -0 0 -1
  outer loop
    vertex 0.04199955917921124 0.01931785530169524 0.001500000000000057
    vertex 0.04054227994539368 0.01931485330464004 0.001500000000000057
    vertex 0.04142223496627124 0.02066421061244852 0.001500000000000057
  endloop
endfacet
facet normal 0 0 -1
  outer loop
    vertex 0.03241176470588231 0.018 0.001500000000000057
    vertex 0.03094117647058819 0.018 0.001500000000000057
    vertex 0.03181186570553081 0.01936795603945391 0.001500000000000057
  endloop
endfacet
facet normal 0 0 -1
  outer loop
    vertex 0.006264705882352936 0.02072643322972877 0.001500000000000057
    vertex 0.005205882352941164 0.01927356677027123 0.001500000000000057
    vertex 0.004781991680718925 0.02072493521242228 0.001500000000000057
  endloop
endfacet
facet normal 0 0 -1
  outer loop
    vertex 0.05373529411764703 0.01927356677027126 0.001500000000000057
    vertex 0.05479411764705882 0.02072643322972877 0.001500000000000057
    vertex 0.05521800831928103 0.01927506478757783 0.001500000000000057
  endloop
endfacet
facet normal 0 0 -1
  outer loop
    vertex 0.05521800831928103 0.01927506478757783 0.001500000000000057
    vertex 0.057 0.01924999999999999 0.001500000000000057
    vertex 0.05589864746014411 0.01831804115491383 0.001500000000000057
  endloop
endfacet
facet normal 0 0 -1
  outer loop
    vertex 0.004781991680718925 0.02072493521242228 0.001500000000000057
    vertex 0.003 0.02075000000000001 0.001500000000000057
    vertex 0.004101352539855888 0.02168195884508621 0.001500000000000057
  endloop
endfacet
facet normal 0 -0 -1
  outer loop
    vertex 0.04670588235294119 0.022 0.001500000000000057
    vertex 0.04733144547103493 0.02057620070952099 0.001500000000000057
    vertex 0.04585791455379061 0.02051203677986525 0.001500000000000057
  endloop
endfacet
facet normal 0 0 -1
  outer loop
    vertex 0.01545833333333336 0.01372501815554058 0.001500000000000057
    vertex 0.01693055555555558 0.0137309372349574 0.001500000000000057
    vertex 0.01575000000000001 0.01227490772462245 0.001500000000000057
  endloop
endfacet
facet normal -0 0 -1
  outer loop
    vertex 0.04454166666666667 0.02627498184446242 0.001500000000000057
    vertex 0.04306944444444444 0.02626906276504402 0.001500000000000057
    vertex 0.04425 0.02772509227537914 0.001500000000000057
  endloop
endfacet
facet normal 0 -0 -1
  outer loop
    vertex 0.01693055555555558 0.0137309372349574 0.001500000000000057
    vertex 0.01725000000000001 0.01229903810567665 0.001500000000000057
    vertex 0.01575000000000001 0.01227490772462245 0.001500000000000057
  endloop
endfacet
facet normal 0 0 -1
  outer loop
    vertex 0.04306944444444444 0.02626906276504402 0.001500000000000057
    vertex 0.04275 0.02770096189432335 0.001500000000000057
    vertex 0.04425 0.02772509227537914 0.001500000000000057
  endloop
endfacet
facet normal 0 0 -1
  outer loop
    vertex 0.01425000000000001 0.01229903810567666 0.001500000000000057
    vertex 0.01545833333333336 0.01372501815554058 0.001500000000000057
    vertex 0.01575000000000001 0.01227490772462245 0.001500000000000057
  endloop
endfacet
facet normal -0 0 -1
  outer loop
    vertex 0.04575 0.02770096189432334 0.001500000000000057
    vertex 0.04454166666666667 0.02627498184446242 0.001500000000000057
    vertex 0.04425 0.02772509227537914 0.001500000000000057
  endloop
endfacet
facet normal 0 0 -1
  outer loop
    vertex 0.005205882352941164 0.01927356677027123 0.001500000000000057
    vertex 0.006264705882352936 0.02072643322972877 0.001500000000000057
    vertex 0.00669293670491005 0.01930208692095528 0.001500000000000057
  endloop
endfacet
facet normal 0 0 -1
  outer loop
    vertex 0.05479411764705882 0.02072643322972877 0.001500000000000057
    vertex 0.05373529411764703 0.01927356677027126 0.001500000000000057
    vertex 0.05330706329508997 0.02069791307904473 0.001500000000000057
  endloop
endfacet
facet normal 0 0 -1
  outer loop
    vertex 0.02682397023255347 0.02067539130380688 0.001500000000000057
    vertex 0.02832352941176474 0.02068591286274147 0.001500000000000057
    vertex 0.02742337944702571 0.01933750499523864 0.001500000000000057
  endloop
endfacet
facet normal -0 0 -1
  outer loop
    vertex 0.01545833333333336 0.01372501815554058 0.001500000000000057
    vertex 0.01425000000000001 0.01229903810567666 0.001500000000000057
    vertex 0.01398611111111113 0.01373693646942929 0.001500000000000057
  endloop
endfacet
facet normal 0 0 -1
  outer loop
    vertex 0.04454166666666667 0.02627498184446242 0.001500000000000057
    vertex 0.04575 0.02770096189432334 0.001500000000000057
    vertex 0.04601388888888888 0.02626306353057211 0.001500000000000057
  endloop
endfacet
facet normal 0 0 -1
  outer loop
    vertex 0.01941194621025784 0.02054194821186778 0.001500000000000057
    vertex 0.02023529411764708 0.022 0.001500000000000057
    vertex 0.02088302783248001 0.0206510612427251 0.001500000000000057
  endloop
endfacet
facet normal 0 0 -1
  outer loop
    vertex 0.02241030288344632 0.02071051819345973 0.001500000000000057
    vertex 0.02138235294117644 0.01927356677027123 0.001500000000000057
    vertex 0.02088302783248001 0.0206510612427251 0.001500000000000057
  endloop
endfacet
facet normal 0 0 -1
  outer loop
    vertex 0.01941194621025784 0.02054194821186778 0.001500000000000057
    vertex 0.02088302783248001 0.0206510612427251 0.001500000000000057
    vertex 0.02000639096109329 0.01928496737546431 0.001500000000000057
  endloop
endfacet
facet normal 0 0 -1
  outer loop
    vertex 0.01725000000000001 0.01229903810567665 0.001500000000000057
    vertex 0.0184027777777778 0.01372501815554058 0.001500000000000057
    vertex 0.01876797738018597 0.01228865886038697 0.001500000000000057
  endloop
endfacet
facet normal -0 0 -1
  outer loop
    vertex 0.04275 0.02770096189432335 0.001500000000000057
    vertex 0.04159722222222223 0.02627498184446242 0.001500000000000057
    vertex 0.04123202261981242 0.02771134113961395 0.001500000000000057
  endloop
endfacet
facet normal -0 0 -1
  outer loop
    vertex 0.03420588235294122 0.02072643322972877 0.001500000000000057
    vertex 0.03324478316722371 0.01935271569097408 0.001500000000000057
    vertex 0.03266855087747332 0.02072654755985663 0.001500000000000057
  endloop
endfacet
facet normal 0 0 -1
  outer loop
    vertex 0.02448529411764706 0.01936997000936227 0.001500000000000057
    vertex 0.0238257367550842 0.02068683476163488 0.001500000000000057
    vertex 0.02533622567441022 0.02069751042237693 0.001500000000000057
  endloop
endfacet
facet normal -0 0 -1
  outer loop
    vertex 0.049352819780231 0.01929123417377563 0.001500000000000057
    vertex 0.04788101362994175 0.01928167360872622 0.001500000000000057
    vertex 0.0488284995866984 0.02066892636584532 0.001500000000000057
  endloop
endfacet
facet normal 0 0 -1
  outer loop
    vertex 0.02652941176470584 0.018 0.001500000000000057
    vertex 0.02505882352941172 0.018 0.001500000000000057
    vertex 0.02594135582489052 0.01932166783440994 0.001500000000000057
  endloop
endfacet
facet normal 0 0 -1
  outer loop
    vertex 0.03611508983259369 0.01928829699221133 0.001500000000000057
    vertex 0.03711898637005825 0.02070735957498651 0.001500000000000057
    vertex 0.03761933201021936 0.01930308808020293 0.001500000000000057
  endloop
endfacet
facet normal 0 0 -1
  outer loop
    vertex 0.03094117647058819 0.018 0.001500000000000057
    vertex 0.02947058823529407 0.018 0.001500000000000057
    vertex 0.03036516375437466 0.01938763450627104 0.001500000000000057
  endloop
endfacet
facet normal 0 0 -1
  outer loop
    vertex 0.03909515059046913 0.01930700179648487 0.001500000000000057
    vertex 0.03999338260699965 0.02068920843853803 0.001500000000000057
    vertex 0.04054227994539368 0.01931485330464004 0.001500000000000057
  endloop
endfacet
facet normal 0 0 -1
  outer loop
    vertex 0.05038235294117649 0.02072643322972877 0.001500000000000057
    vertex 0.049352819780231 0.01929123417377563 0.001500000000000057
    vertex 0.0488284995866984 0.02066892636584532 0.001500000000000057
  endloop
endfacet
facet normal 0 0 -1
  outer loop
    vertex 0.01258567806788783 0.01928837326095346 0.001500000000000057
    vertex 0.01358957460535235 0.02070911753898533 0.001500000000000057
    vertex 0.01405864929429447 0.01928976687218427 0.001500000000000057
  endloop
endfacet
facet normal 0 0 -1
  outer loop
    vertex 0.01358957460535235 0.02070911753898533 0.001500000000000057
    vertex 0.01508823529411765 0.02072643322972877 0.001500000000000057
    vertex 0.01405864929429447 0.01928976687218427 0.001500000000000057
  endloop
endfacet
facet normal 0 -0 -1
  outer loop
    vertex 0.01508823529411765 0.02072643322972877 0.001500000000000057
    vertex 0.01552807245347116 0.01929088246101467 0.001500000000000057
    vertex 0.01405864929429447 0.01928976687218427 0.001500000000000057
  endloop
endfacet
facet normal 0 0 -1
  outer loop
    vertex 0.04788101362994175 0.01928167360872622 0.001500000000000057
    vertex 0.04733144547103493 0.02057620070952099 0.001500000000000057
    vertex 0.0488284995866984 0.02066892636584532 0.001500000000000057
  endloop
endfacet
facet normal 0 0 -1
  outer loop
    vertex 0.01552807245347116 0.01929088246101467 0.001500000000000057
    vertex 0.01508823529411765 0.02072643322972877 0.001500000000000057
    vertex 0.01653067691669092 0.020712072332413 0.001500000000000057
  endloop
endfacet
facet normal -0 0 -1
  outer loop
    vertex 0.01064963223273874 0.02071172397467031 0.001500000000000057
    vertex 0.009646092523499326 0.01929312370324843 0.001500000000000057
    vertex 0.009178252634625551 0.02071332706027408 0.001500000000000057
  endloop
endfacet
facet normal 0 0 -1
  outer loop
    vertex 0.04229411764705885 0.022 0.001500000000000057
    vertex 0.04376470588235297 0.022 0.001500000000000057
    vertex 0.04288054100719928 0.0206633466298178 0.001500000000000057
  endloop
endfacet
facet normal 0 -0 -1
  outer loop
    vertex 0.04433166868957406 0.02057358962070085 0.001500000000000057
    vertex 0.04498498602018933 0.01921604230160718 0.001500000000000057
    vertex 0.0434840748638487 0.01927577012742429 0.001500000000000057
  endloop
endfacet
facet normal -0 0 -1
  outer loop
    vertex 0.0184027777777778 0.01372501815554058 0.001500000000000057
    vertex 0.01725000000000001 0.01229903810567665 0.001500000000000057
    vertex 0.01693055555555558 0.0137309372349574 0.001500000000000057
  endloop
endfacet
facet normal 0 0 -1
  outer loop
    vertex 0.04159722222222223 0.02627498184446242 0.001500000000000057
    vertex 0.04275 0.02770096189432335 0.001500000000000057
    vertex 0.04306944444444444 0.02626906276504402 0.001500000000000057
  endloop
endfacet
facet normal 0 0 -1
  outer loop
    vertex 0.03711898637005825 0.02070735957498651 0.001500000000000057
    vertex 0.03611508983259369 0.01928829699221133 0.001500000000000057
    vertex 0.03564834529588645 0.02068247244545597 0.001500000000000057
  endloop
endfacet
facet normal 0 0 -1
  outer loop
    vertex 0.02976715686274513 0.02070361262871571 0.001500000000000057
    vertex 0.02892200944823973 0.01934205797047355 0.001500000000000057
    vertex 0.02832352941176474 0.02068591286274147 0.001500000000000057
  endloop
endfacet
facet normal 0 0 -1
  outer loop
    vertex 0.03324478316722371 0.01935271569097408 0.001500000000000057
    vertex 0.03420588235294122 0.02072643322972877 0.001500000000000057
    vertex 0.0346808709034962 0.01932815138341661 0.001500000000000057
  endloop
endfacet
facet normal 0 0 -1
  outer loop
    vertex 0.03999338260699965 0.02068920843853803 0.001500000000000057
    vertex 0.03909515059046913 0.01930700179648487 0.001500000000000057
    vertex 0.03856290754712731 0.0206766595220751 0.001500000000000057
  endloop
endfacet
facet normal 0 0 -1
  outer loop
    vertex 0.02138235294117644 0.01927356677027123 0.001500000000000057
    vertex 0.02241030288344632 0.02071051819345973 0.001500000000000057
    vertex 0.02285294117647056 0.01931408713725854 0.001500000000000057
  endloop
endfacet
facet normal 0 0 -1
  outer loop
    vertex 0.01358957460535235 0.02070911753898533 0.001500000000000057
    vertex 0.01258567806788783 0.01928837326095346 0.001500000000000057
    vertex 0.0121190406435835 0.02068209194630023 0.001500000000000057
  endloop
endfacet
facet normal 0 0 -1
  outer loop
    vertex 0.01552807245347116 0.01929088246101467 0.001500000000000057
    vertex 0.01653067691669092 0.020712072332413 0.001500000000000057
    vertex 0.01700154390350786 0.01931659666494663 0.001500000000000057
  endloop
endfacet
facet normal 0 0 -1
  outer loop
    vertex 0.009646092523499326 0.01929312370324843 0.001500000000000057
    vertex 0.01064963223273874 0.02071172397467031 0.001500000000000057
    vertex 0.01111754254765716 0.01931819180623598 0.001500000000000057
  endloop
endfacet
facet normal 0 0 -1
  outer loop
    vertex 0.049352819780231 0.01929123417377563 0.001500000000000057
    vertex 0.05038235294117649 0.02072643322972877 0.001500000000000057
    vertex 0.05083467592165391 0.01931903641100503 0.001500000000000057
  endloop
endfacet
facet normal 0 0 -1
  outer loop
    vertex 0.04433166868957406 0.02057358962070085 0.001500000000000057
    vertex 0.04523529411764708 0.022 0.001500000000000057
    vertex 0.04585791455379061 0.02051203677986525 0.001500000000000057
  endloop
endfacet
facet normal 0 0 -1
  outer loop
    vertex 0.01799962997019359 0.02069618361160117 0.001500000000000057
    vertex 0.01876470588235296 0.022 0.001500000000000057
    vertex 0.01941194621025784 0.02054194821186778 0.001500000000000057
  endloop
endfacet
facet normal 0 0 -1
  outer loop
    vertex 0.0184027777777778 0.01372501815554058 0.001500000000000057
    vertex 0.01987500000000003 0.01372501815554057 0.001500000000000057
    vertex 0.01876797738018597 0.01228865886038697 0.001500000000000057
  endloop
endfacet
facet normal -0 0 -1
  outer loop
    vertex 0.04159722222222223 0.02627498184446242 0.001500000000000057
    vertex 0.04012500000000001 0.02627498184446241 0.001500000000000057
    vertex 0.04123202261981242 0.02771134113961395 0.001500000000000057
  endloop
endfacet
facet normal 0 0 -1
  outer loop
    vertex 0.02025000000000001 0.01229903810567666 0.001500000000000057
    vertex 0.02134722222222226 0.01372501815554057 0.001500000000000057
    vertex 0.02175996874697074 0.01229328264692963 0.001500000000000057
  endloop
endfacet
facet normal -0 0 -1
  outer loop
    vertex 0.03974999999999999 0.02770096189432334 0.001500000000000057
    vertex 0.03865277777777779 0.02627498184446242 0.001500000000000057
    vertex 0.0382400312530277 0.02770671735307127 0.001500000000000057
  endloop
endfacet
facet normal 0 0 -1
  outer loop
    vertex 0.05249999999999999 0.011 0.001500000000000057
    vertex 0.05099999999999999 0.011 0.001500000000000057
    vertex 0.05165131681824192 0.01236688347398169 0.001500000000000057
  endloop
endfacet
facet normal 0 0 -1
  outer loop
    vertex 0.0075 0.029 0.001500000000000057
    vertex 0.009000000000000001 0.029 0.001500000000000057
    vertex 0.008348683181757032 0.02763311652601964 0.001500000000000057
  endloop
endfacet
facet normal -0 0 -1
  outer loop
    vertex 0.05373529411764703 0.01927356677027126 0.001500000000000057
    vertex 0.05226470588235292 0.01927356677027123 0.001500000000000057
    vertex 0.05330706329508997 0.02069791307904473 0.001500000000000057
  endloop
endfacet
facet normal 0 0 -1
  outer loop
    vertex 0.006264705882352936 0.02072643322972877 0.001500000000000057
    vertex 0.007735294117647059 0.02072643322972877 0.001500000000000057
    vertex 0.00669293670491005 0.01930208692095528 0.001500000000000057
  endloop
endfacet
facet normal 0 -0 -1
  outer loop
    vertex 0.01987500000000003 0.01372501815554057 0.001500000000000057
    vertex 0.02025000000000001 0.01229903810567666 0.001500000000000057
    vertex 0.01876797738018597 0.01228865886038697 0.001500000000000057
  endloop
endfacet
facet normal 0 0 -1
  outer loop
    vertex 0.04012500000000001 0.02627498184446241 0.001500000000000057
    vertex 0.03974999999999999 0.02770096189432334 0.001500000000000057
    vertex 0.04123202261981242 0.02771134113961395 0.001500000000000057
  endloop
endfacet
facet normal 0 -0 -1
  outer loop
    vertex 0.0238257367550842 0.02068683476163488 0.001500000000000057
    vertex 0.02448529411764706 0.01936997000936227 0.001500000000000057
    vertex 0.02285294117647056 0.01931408713725854 0.001500000000000057
  endloop
endfacet
facet normal 0 -0 -1
  outer loop
    vertex 0.01799962997019359 0.02069618361160117 0.001500000000000057
    vertex 0.01853748937088081 0.01924322802792178 0.001500000000000057
    vertex 0.01700154390350786 0.01931659666494663 0.001500000000000057
  endloop
endfacet
facet normal 0 0 -1
  outer loop
    vertex 0.03761933201021936 0.01930308808020293 0.001500000000000057
    vertex 0.03711898637005825 0.02070735957498651 0.001500000000000057
    vertex 0.03856290754712731 0.0206766595220751 0.001500000000000057
  endloop
endfacet
facet normal 0 0 -1
  outer loop
    vertex 0.02134722222222226 0.01372501815554057 0.001500000000000057
    vertex 0.02025000000000001 0.01229903810567666 0.001500000000000057
    vertex 0.01987500000000003 0.01372501815554057 0.001500000000000057
  endloop
endfacet
facet normal 0 0 -1
  outer loop
    vertex 0.03865277777777779 0.02627498184446242 0.001500000000000057
    vertex 0.03974999999999999 0.02770096189432334 0.001500000000000057
    vertex 0.04012500000000001 0.02627498184446241 0.001500000000000057
  endloop
endfacet
facet normal 0 -0 -1
  outer loop
    vertex 0.009178252634625551 0.02071332706027408 0.001500000000000057
    vertex 0.009646092523499326 0.01929312370324843 0.001500000000000057
    vertex 0.008155656582591545 0.01932522650726245 0.001500000000000057
  endloop
endfacet
facet normal 0 0 -1
  outer loop
    vertex 0.05330706329508997 0.02069791307904473 0.001500000000000057
    vertex 0.05226470588235292 0.01927356677027123 0.001500000000000057
    vertex 0.05184434341740848 0.02067477349273758 0.001500000000000057
  endloop
endfacet
facet normal 0 0 -1
  outer loop
    vertex 0.00669293670491005 0.01930208692095528 0.001500000000000057
    vertex 0.007735294117647059 0.02072643322972877 0.001500000000000057
    vertex 0.008155656582591545 0.01932522650726245 0.001500000000000057
  endloop
endfacet
facet normal -0 0 -1
  outer loop
    vertex 0.03909515059046913 0.01930700179648487 0.001500000000000057
    vertex 0.03761933201021936 0.01930308808020293 0.001500000000000057
    vertex 0.03856290754712731 0.0206766595220751 0.001500000000000057
  endloop
endfacet
facet normal 0 0 -1
  outer loop
    vertex 0.02241030288344632 0.02071051819345973 0.001500000000000057
    vertex 0.0238257367550842 0.02068683476163488 0.001500000000000057
    vertex 0.02285294117647056 0.01931408713725854 0.001500000000000057
  endloop
endfacet
facet normal 0 0 -1
  outer loop
    vertex 0.01653067691669092 0.020712072332413 0.001500000000000057
    vertex 0.01799962997019359 0.02069618361160117 0.001500000000000057
    vertex 0.01700154390350786 0.01931659666494663 0.001500000000000057
  endloop
endfacet
facet normal -0 0 -1
  outer loop
    vertex 0.02325000000000001 0.01229903810567666 0.001500000000000057
    vertex 0.02175996874697074 0.01229328264692963 0.001500000000000057
    vertex 0.02281944444444448 0.01372501815554058 0.001500000000000057
  endloop
endfacet
facet normal 0 0 -1
  outer loop
    vertex 0.03675 0.02770096189432335 0.001500000000000057
    vertex 0.0382400312530277 0.02770671735307127 0.001500000000000057
    vertex 0.03718055555555558 0.02627498184446241 0.001500000000000057
  endloop
endfacet
facet normal 0 0 -1
  outer loop
    vertex 0.02175996874697074 0.01229328264692963 0.001500000000000057
    vertex 0.02134722222222226 0.01372501815554057 0.001500000000000057
    vertex 0.02281944444444448 0.01372501815554058 0.001500000000000057
  endloop
endfacet
facet normal 0 -0 -1
  outer loop
    vertex 0.0382400312530277 0.02770671735307127 0.001500000000000057
    vertex 0.03865277777777779 0.02627498184446242 0.001500000000000057
    vertex 0.03718055555555558 0.02627498184446241 0.001500000000000057
  endloop
endfacet
facet normal 0 0 -1
  outer loop
    vertex 0.02325000000000001 0.01229903810567666 0.001500000000000057
    vertex 0.0242916666666667 0.01372501815554058 0.001500000000000057
    vertex 0.02477794031499631 0.01230926679404643 0.001500000000000057
  endloop
endfacet
facet normal 0 0 -1
  outer loop
    vertex 0.03675 0.02770096189432335 0.001500000000000057
    vertex 0.03570833333333336 0.02627498184446242 0.001500000000000057
    vertex 0.03522245396024845 0.02769092141234445 0.001500000000000057
  endloop
endfacet
facet normal 0 0 -1
  outer loop
    vertex 0.05399999999999999 0.011 0.001500000000000057
    vertex 0.05249999999999999 0.011 0.001500000000000057
    vertex 0.05313862499381467 0.01237104451349212 0.001500000000000057
  endloop
endfacet
facet normal 0 0 -1
  outer loop
    vertex 0.005999999999999998 0.029 0.001500000000000057
    vertex 0.0075 0.029 0.001500000000000057
    vertex 0.006861375006183491 0.02762895548650876 0.001500000000000057
  endloop
endfacet
facet normal 0 0 -1
  outer loop
    vertex 0.007735294117647059 0.02072643322972877 0.001500000000000057
    vertex 0.009178252634625551 0.02071332706027408 0.001500000000000057
    vertex 0.008155656582591545 0.01932522650726245 0.001500000000000057
  endloop
endfacet
facet normal 0 0 -1
  outer loop
    vertex 0.04054227994539368 0.01931485330464004 0.001500000000000057
    vertex 0.03999338260699965 0.02068920843853803 0.001500000000000057
    vertex 0.04142223496627124 0.02066421061244852 0.001500000000000057
  endloop
endfacet
facet normal 0 0 -1
  outer loop
    vertex 0.03094117647058819 0.018 0.001500000000000057
    vertex 0.03036516375437466 0.01938763450627104 0.001500000000000057
    vertex 0.03181186570553081 0.01936795603945391 0.001500000000000057
  endloop
endfacet
facet normal 0 0 -1
  outer loop
    vertex 0.0242916666666667 0.01372501815554058 0.001500000000000057
    vertex 0.02325000000000001 0.01229903810567666 0.001500000000000057
    vertex 0.02281944444444448 0.01372501815554058 0.001500000000000057
  endloop
endfacet
facet normal 0 0 -1
  outer loop
    vertex 0.03570833333333336 0.02627498184446242 0.001500000000000057
    vertex 0.03675 0.02770096189432335 0.001500000000000057
    vertex 0.03718055555555558 0.02627498184446241 0.001500000000000057
  endloop
endfacet
facet normal -0 0 -1
  outer loop
    vertex 0.02628078023709107 0.01231422139274994 0.001500000000000057
    vertex 0.02477794031499631 0.01230926679404643 0.001500000000000057
    vertex 0.02576388888888892 0.01372501815554058 0.001500000000000057
  endloop
endfacet
facet normal 0 0 -1
  outer loop
    vertex 0.03372830764959045 0.02769011668927126 0.001500000000000057
    vertex 0.03522245396024845 0.02769092141234445 0.001500000000000057
    vertex 0.03423611111111114 0.02627498184446241 0.001500000000000057
  endloop
endfacet
facet normal 0 0 -1
  outer loop
    vertex 0.02628078023709107 0.01231422139274994 0.001500000000000057
    vertex 0.02723611111111114 0.01372501815554058 0.001500000000000057
    vertex 0.02779411069379025 0.01232225243072097 0.001500000000000057
  endloop
endfacet
facet normal 0 0 -1
  outer loop
    vertex 0.02477794031499631 0.01230926679404643 0.001500000000000057
    vertex 0.0242916666666667 0.01372501815554058 0.001500000000000057
    vertex 0.02576388888888892 0.01372501815554058 0.001500000000000057
  endloop
endfacet
facet normal 0 -0 -1
  outer loop
    vertex 0.03522245396024845 0.02769092141234445 0.001500000000000057
    vertex 0.03570833333333336 0.02627498184446242 0.001500000000000057
    vertex 0.03423611111111114 0.02627498184446241 0.001500000000000057
  endloop
endfacet
facet normal 0 0 -1
  outer loop
    vertex 0.03372830764959045 0.02769011668927126 0.001500000000000057
    vertex 0.03276388888888893 0.02627498184446242 0.001500000000000057
    vertex 0.0322106097348522 0.02767848533833076 0.001500000000000057
  endloop
endfacet
facet normal 0 0 -1
  outer loop
    vertex 0.03420588235294122 0.02072643322972877 0.001500000000000057
    vertex 0.03564834529588645 0.02068247244545597 0.001500000000000057
    vertex 0.0346808709034962 0.01932815138341661 0.001500000000000057
  endloop
endfacet
facet normal 0 -0 -1
  outer loop
    vertex 0.03564834529588645 0.02068247244545597 0.001500000000000057
    vertex 0.03611508983259369 0.01928829699221133 0.001500000000000057
    vertex 0.0346808709034962 0.01932815138341661 0.001500000000000057
  endloop
endfacet
facet normal 0 0 -1
  outer loop
    vertex 0.01111754254765716 0.01931819180623598 0.001500000000000057
    vertex 0.01064963223273874 0.02071172397467031 0.001500000000000057
    vertex 0.0121190406435835 0.02068209194630023 0.001500000000000057
  endloop
endfacet
facet normal 0 0 -1
  outer loop
    vertex 0.01258567806788783 0.01928837326095346 0.001500000000000057
    vertex 0.01111754254765716 0.01931819180623598 0.001500000000000057
    vertex 0.0121190406435835 0.02068209194630023 0.001500000000000057
  endloop
endfacet
facet normal 0 0 -1
  outer loop
    vertex 0.0307334217051306 0.02769011668927126 0.001500000000000057
    vertex 0.0322106097348522 0.02767848533833076 0.001500000000000057
    vertex 0.03130731544610971 0.02628663821375977 0.001500000000000057
  endloop
endfacet
facet normal 0 0 -1
  outer loop
    vertex 0.02927403150585254 0.01231422139274994 0.001500000000000057
    vertex 0.02779411069379025 0.01232225243072097 0.001500000000000057
    vertex 0.02870833333333336 0.01372501815554058 0.001500000000000057
  endloop
endfacet
facet normal -0 0 -1
  outer loop
    vertex 0.02723611111111114 0.01372501815554058 0.001500000000000057
    vertex 0.02628078023709107 0.01231422139274994 0.001500000000000057
    vertex 0.02576388888888892 0.01372501815554058 0.001500000000000057
  endloop
endfacet
facet normal 0 0 -1
  outer loop
    vertex 0.03276388888888893 0.02627498184446242 0.001500000000000057
    vertex 0.03372830764959045 0.02769011668927126 0.001500000000000057
    vertex 0.03423611111111114 0.02627498184446241 0.001500000000000057
  endloop
endfacet
facet normal 0 0 -1
  outer loop
    vertex 0.02927403150585254 0.01231422139274994 0.001500000000000057
    vertex 0.03018055555555558 0.01372501815554058 0.001500000000000057
    vertex 0.03079639044188167 0.01233304242440885 0.001500000000000057
  endloop
endfacet
facet normal 0 -0 -1
  outer loop
    vertex 0.0493194444444444 0.01372501815554057 0.001500000000000057
    vertex 0.05016262992944596 0.01237486064308552 0.001500000000000057
    vertex 0.0487111342854108 0.01232740882955902 0.001500000000000057
  endloop
endfacet
facet normal 0 0 -1
  outer loop
    vertex 0.01068055555555556 0.02627498184446243 0.001500000000000057
    vertex 0.009837370070553488 0.02762513935691659 0.001500000000000057
    vertex 0.01128886571458916 0.02767259117044168 0.001500000000000057
  endloop
endfacet
facet normal 0 0 -1
  outer loop
    vertex 0.05424843052308499 0.01581539623844743 0.001500000000000057
    vertex 0.055599265138918 0.01576565680020092 0.001500000000000057
    vertex 0.05460278933954282 0.01457727516739494 0.001500000000000057
  endloop
endfacet
facet normal 0 0 -1
  outer loop
    vertex 0.005751569476912442 0.02418460376155251 0.001500000000000057
    vertex 0.004400734861081244 0.02423434319979874 0.001500000000000057
    vertex 0.005397210660455575 0.0254227248326039 0.001500000000000057
  endloop
endfacet
facet normal 0 0 -1
  outer loop
    vertex 0.05083467592165391 0.01931903641100503 0.001500000000000057
    vertex 0.05038235294117649 0.02072643322972877 0.001500000000000057
    vertex 0.05184434341740848 0.02067477349273758 0.001500000000000057
  endloop
endfacet
facet normal 0 0 -1
  outer loop
    vertex 0.05226470588235292 0.01927356677027123 0.001500000000000057
    vertex 0.05083467592165391 0.01931903641100503 0.001500000000000057
    vertex 0.05184434341740848 0.02067477349273758 0.001500000000000057
  endloop
endfacet
facet normal 0 0 -1
  outer loop
    vertex 0.0307334217051306 0.02769011668927126 0.001500000000000057
    vertex 0.02981944444444449 0.02627498184446242 0.001500000000000057
    vertex 0.02920735077123562 0.02766819702759792 0.001500000000000057
  endloop
endfacet
facet normal 0 0 -1
  outer loop
    vertex 0.02773353911842137 0.02768577860725042 0.001500000000000057
    vertex 0.02920735077123562 0.02766819702759792 0.001500000000000057
    vertex 0.02835791418413103 0.0262860036520861 0.001500000000000057
  endloop
endfacet
facet normal 0 -0 -1
  outer loop
    vertex 0.0322106097348522 0.02767848533833076 0.001500000000000057
    vertex 0.03276388888888893 0.02627498184446242 0.001500000000000057
    vertex 0.03130731544610971 0.02628663821375977 0.001500000000000057
  endloop
endfacet
facet normal 0 0 -1
  outer loop
    vertex 0.02779411069379025 0.01232225243072097 0.001500000000000057
    vertex 0.02723611111111114 0.01372501815554058 0.001500000000000057
    vertex 0.02870833333333336 0.01372501815554058 0.001500000000000057
  endloop
endfacet
facet normal 0 0 -1
  outer loop
    vertex 0.03227419588445961 0.01232029470757925 0.001500000000000057
    vertex 0.03312500000000001 0.01372501815554058 0.001500000000000057
    vertex 0.0337950235135791 0.01235044139632224 0.001500000000000057
  endloop
endfacet
facet normal -0 0 -1
  outer loop
    vertex 0.0487111342854108 0.01232740882955902 0.001500000000000057
    vertex 0.04723312817190367 0.01231422139274994 0.001500000000000057
    vertex 0.04785806050196978 0.01371380570934407 0.001500000000000057
  endloop
endfacet
facet normal 0 0 -1
  outer loop
    vertex 0.03227419588445961 0.01232029470757925 0.001500000000000057
    vertex 0.03079639044188167 0.01233304242440885 0.001500000000000057
    vertex 0.03164258370806664 0.01371431361011801 0.001500000000000057
  endloop
endfacet
facet normal 0 0 -1
  outer loop
    vertex 0.01128886571458916 0.02767259117044168 0.001500000000000057
    vertex 0.01276687182809634 0.02768577860725042 0.001500000000000057
    vertex 0.01214193949803019 0.02628619429065872 0.001500000000000057
  endloop
endfacet
facet normal -0 0 -1
  outer loop
    vertex 0.0457063679672683 0.01234941928442926 0.001500000000000057
    vertex 0.04422730185392845 0.01233225800274444 0.001500000000000057
    vertex 0.04492808214984636 0.0136801758903815 0.001500000000000057
  endloop
endfacet
facet normal 0 0 -1
  outer loop
    vertex 0.01429383416077536 0.02765057082281718 0.001500000000000057
    vertex 0.01577391091433353 0.0276676826407278 0.001500000000000057
    vertex 0.01507223879722205 0.02631975321154485 0.001500000000000057
  endloop
endfacet
facet normal 0 0 -1
  outer loop
    vertex 0.02472730185392848 0.02766774199725639 0.001500000000000057
    vertex 0.02620643645835461 0.02765058071557194 0.001500000000000057
    vertex 0.02542809356502745 0.02631982410962067 0.001500000000000057
  endloop
endfacet
facet normal 0 -0 -1
  outer loop
    vertex 0.04637499999999996 0.01372501815554058 0.001500000000000057
    vertex 0.04723312817190367 0.01231422139274994 0.001500000000000057
    vertex 0.0457063679672683 0.01234941928442926 0.001500000000000057
  endloop
endfacet
facet normal 0 0 -1
  outer loop
    vertex 0.02773353911842137 0.02768577860725042 0.001500000000000057
    vertex 0.02687500000000003 0.02627498184446243 0.001500000000000057
    vertex 0.02620643645835461 0.02765058071557194 0.001500000000000057
  endloop
endfacet
facet normal 0 0 -1
  outer loop
    vertex 0.01362500000000001 0.02627498184446243 0.001500000000000057
    vertex 0.01276687182809634 0.02768577860725042 0.001500000000000057
    vertex 0.01429383416077536 0.02765057082281718 0.001500000000000057
  endloop
endfacet
facet normal 0 0 -1
  outer loop
    vertex 0.05016262992944596 0.01237486064308552 0.001500000000000057
    vertex 0.0493194444444444 0.01372501815554057 0.001500000000000057
    vertex 0.0508271578672447 0.01372247386467045 0.001500000000000057
  endloop
endfacet
facet normal -0 0 -1
  outer loop
    vertex 0.03018055555555558 0.01372501815554058 0.001500000000000057
    vertex 0.02927403150585254 0.01231422139274994 0.001500000000000057
    vertex 0.02870833333333336 0.01372501815554058 0.001500000000000057
  endloop
endfacet
facet normal 0 0 -1
  outer loop
    vertex 0.02981944444444449 0.02627498184446242 0.001500000000000057
    vertex 0.0307334217051306 0.02769011668927126 0.001500000000000057
    vertex 0.03130731544610971 0.02628663821375977 0.001500000000000057
  endloop
endfacet
facet normal 0 -0 -1
  outer loop
    vertex 0.009837370070553488 0.02762513935691659 0.001500000000000057
    vertex 0.01068055555555556 0.02627498184446243 0.001500000000000057
    vertex 0.009172842132754197 0.02627752613533241 0.001500000000000057
  endloop
endfacet
facet normal 0 0 -1
  outer loop
    vertex 0.0382551988738615 0.01231841989796876 0.001500000000000057
    vertex 0.03676866717250292 0.01234210138109263 0.001500000000000057
    vertex 0.03752649962973019 0.01366353163945704 0.001500000000000057
  endloop
endfacet
facet normal 0 0 -1
  outer loop
    vertex 0.0165462432637789 0.02632528396125772 0.001500000000000057
    vertex 0.01577391091433353 0.0276676826407278 0.001500000000000057
    vertex 0.0172690743748412 0.02765789861890842 0.001500000000000057
  endloop
endfacet
facet normal -0 0 -1
  outer loop
    vertex 0.04273015585044346 0.0123433535299168 0.001500000000000057
    vertex 0.04124103239307303 0.01232848512164302 0.001500000000000057
    vertex 0.04196785517352546 0.01368309104016622 0.001500000000000057
  endloop
endfacet
facet normal 0 0 -1
  outer loop
    vertex 0.02174103239307305 0.02767151487835773 0.001500000000000057
    vertex 0.02323015585044348 0.0276566464700843 0.001500000000000057
    vertex 0.02246785517352549 0.026316908959836 0.001500000000000057
  endloop
endfacet
facet normal 0 -0 -1
  outer loop
    vertex 0.055599265138918 0.01576565680020092 0.001500000000000057
    vertex 0.05584793834516233 0.01430273722793519 0.001500000000000057
    vertex 0.05460278933954282 0.01457727516739494 0.001500000000000057
  endloop
endfacet
facet normal 0 0 -1
  outer loop
    vertex 0.004400734861081244 0.02423434319979874 0.001500000000000057
    vertex 0.004152061654836881 0.02569726277206409 0.001500000000000057
    vertex 0.005397210660455575 0.0254227248326039 0.001500000000000057
  endloop
endfacet
facet normal 0 -0 -1
  outer loop
    vertex 0.02920735077123562 0.02766819702759792 0.001500000000000057
    vertex 0.02981944444444449 0.02627498184446242 0.001500000000000057
    vertex 0.02835791418413103 0.0262860036520861 0.001500000000000057
  endloop
endfacet
facet normal 0 0 -1
  outer loop
    vertex 0.03527372297479277 0.01233231735927303 0.001500000000000057
    vertex 0.0337950235135791 0.01235044139632224 0.001500000000000057
    vertex 0.03457221775989179 0.01368041549164702 0.001500000000000057
  endloop
endfacet
facet normal 0 -0 -1
  outer loop
    vertex 0.04048786102510488 0.01365172261296424 0.001500000000000057
    vertex 0.04124103239307303 0.01232848512164302 0.001500000000000057
    vertex 0.03974734763314112 0.01231463701141093 0.001500000000000057
  endloop
endfacet
facet normal -0 0 -1
  outer loop
    vertex 0.02174103239307305 0.02767151487835773 0.001500000000000057
    vertex 0.02098786102510489 0.0263482773870373 0.001500000000000057
    vertex 0.02024753557268187 0.02768536298858958 0.001500000000000057
  endloop
endfacet
facet normal 0 0 -1
  outer loop
    vertex 0.03079639044188167 0.01233304242440885 0.001500000000000057
    vertex 0.03018055555555558 0.01372501815554058 0.001500000000000057
    vertex 0.03164258370806664 0.01371431361011801 0.001500000000000057
  endloop
endfacet
facet normal 0 0 -1
  outer loop
    vertex 0.0493194444444444 0.01372501815554057 0.001500000000000057
    vertex 0.0487111342854108 0.01232740882955902 0.001500000000000057
    vertex 0.04785806050196978 0.01371380570934407 0.001500000000000057
  endloop
endfacet
facet normal 0 0 -1
  outer loop
    vertex 0.01068055555555556 0.02627498184446243 0.001500000000000057
    vertex 0.01128886571458916 0.02767259117044168 0.001500000000000057
    vertex 0.01214193949803019 0.02628619429065872 0.001500000000000057
  endloop
endfacet
facet normal 0 0 -1
  outer loop
    vertex 0.0172690743748412 0.02765789861890842 0.001500000000000057
    vertex 0.018756326511106 0.02768158010203176 0.001500000000000057
    vertex 0.01802696947858207 0.02633646836054479 0.001500000000000057
  endloop
endfacet
facet normal 0 0 -1
  outer loop
    vertex 0.03527372297479277 0.01233231735927303 0.001500000000000057
    vertex 0.0360451156265344 0.01367471603874427 0.001500000000000057
    vertex 0.03676866717250292 0.01234210138109263 0.001500000000000057
  endloop
endfacet
facet normal 0 -0 -1
  outer loop
    vertex 0.04345426752232594 0.01367435989957275 0.001500000000000057
    vertex 0.04422730185392845 0.01233225800274444 0.001500000000000057
    vertex 0.04273015585044346 0.0123433535299168 0.001500000000000057
  endloop
endfacet
facet normal 0 0 -1
  outer loop
    vertex 0.02472730185392848 0.02766774199725639 0.001500000000000057
    vertex 0.02395426752232598 0.02632564010042925 0.001500000000000057
    vertex 0.02323015585044348 0.0276566464700843 0.001500000000000057
  endloop
endfacet
facet normal 0 0 -1
  outer loop
    vertex 0.04723312817190367 0.01231422139274994 0.001500000000000057
    vertex 0.04637499999999996 0.01372501815554058 0.001500000000000057
    vertex 0.04785806050196978 0.01371380570934407 0.001500000000000057
  endloop
endfacet
facet normal 0 0 -1
  outer loop
    vertex 0.03312500000000001 0.01372501815554058 0.001500000000000057
    vertex 0.03227419588445961 0.01232029470757925 0.001500000000000057
    vertex 0.03164258370806664 0.01371431361011801 0.001500000000000057
  endloop
endfacet
facet normal 0 -0 -1
  outer loop
    vertex 0.01276687182809634 0.02768577860725042 0.001500000000000057
    vertex 0.01362500000000001 0.02627498184446243 0.001500000000000057
    vertex 0.01214193949803019 0.02628619429065872 0.001500000000000057
  endloop
endfacet
facet normal 0 0 -1
  outer loop
    vertex 0.02687500000000003 0.02627498184446243 0.001500000000000057
    vertex 0.02773353911842137 0.02768577860725042 0.001500000000000057
    vertex 0.02835791418413103 0.0262860036520861 0.001500000000000057
  endloop
endfacet
facet normal 0 0 -1
  outer loop
    vertex 0.04637499999999996 0.01372501815554058 0.001500000000000057
    vertex 0.0457063679672683 0.01234941928442926 0.001500000000000057
    vertex 0.04492808214984636 0.0136801758903815 0.001500000000000057
  endloop
endfacet
facet normal 0 -0 -1
  outer loop
    vertex 0.02620643645835461 0.02765058071557194 0.001500000000000057
    vertex 0.02687500000000003 0.02627498184446243 0.001500000000000057
    vertex 0.02542809356502745 0.02631982410962067 0.001500000000000057
  endloop
endfacet
facet normal 0 0 -1
  outer loop
    vertex 0.01362500000000001 0.02627498184446243 0.001500000000000057
    vertex 0.01429383416077536 0.02765057082281718 0.001500000000000057
    vertex 0.01507223879722205 0.02631975321154485 0.001500000000000057
  endloop
endfacet
facet normal 0 -0 -1
  outer loop
    vertex 0.02832352941176474 0.02068591286274147 0.001500000000000057
    vertex 0.02892200944823973 0.01934205797047355 0.001500000000000057
    vertex 0.02742337944702571 0.01933750499523864 0.001500000000000057
  endloop
endfacet
facet normal 0 0 -1
  outer loop
    vertex 0.0337950235135791 0.01235044139632224 0.001500000000000057
    vertex 0.03312500000000001 0.01372501815554058 0.001500000000000057
    vertex 0.03457221775989179 0.01368041549164702 0.001500000000000057
  endloop
endfacet
facet normal 0 0 -1
  outer loop
    vertex 0.05313862499381467 0.01237104451349212 0.001500000000000057
    vertex 0.05249999999999999 0.011 0.001500000000000057
    vertex 0.05165131681824192 0.01236688347398169 0.001500000000000057
  endloop
endfacet
facet normal 0 0 -1
  outer loop
    vertex 0.006861375006183491 0.02762895548650876 0.001500000000000057
    vertex 0.0075 0.029 0.001500000000000057
    vertex 0.008348683181757032 0.02763311652601964 0.001500000000000057
  endloop
endfacet
facet normal -0 0 -1
  outer loop
    vertex 0.04345426752232594 0.01367435989957275 0.001500000000000057
    vertex 0.04273015585044346 0.0123433535299168 0.001500000000000057
    vertex 0.04196785517352546 0.01368309104016622 0.001500000000000057
  endloop
endfacet
facet normal 0 -0 -1
  outer loop
    vertex 0.02323015585044348 0.0276566464700843 0.001500000000000057
    vertex 0.02395426752232598 0.02632564010042925 0.001500000000000057
    vertex 0.02246785517352549 0.026316908959836 0.001500000000000057
  endloop
endfacet
facet normal 0 0 -1
  outer loop
    vertex 0.04422730185392845 0.01233225800274444 0.001500000000000057
    vertex 0.04345426752232594 0.01367435989957275 0.001500000000000057
    vertex 0.04492808214984636 0.0136801758903815 0.001500000000000057
  endloop
endfacet
facet normal -0 0 -1
  outer loop
    vertex 0.0360451156265344 0.01367471603874427 0.001500000000000057
    vertex 0.03527372297479277 0.01233231735927303 0.001500000000000057
    vertex 0.03457221775989179 0.01368041549164702 0.001500000000000057
  endloop
endfacet
facet normal 0 0 -1
  outer loop
    vertex 0.02395426752232598 0.02632564010042925 0.001500000000000057
    vertex 0.02472730185392848 0.02766774199725639 0.001500000000000057
    vertex 0.02542809356502745 0.02631982410962067 0.001500000000000057
  endloop
endfacet
facet normal 0 -0 -1
  outer loop
    vertex 0.01577391091433353 0.0276676826407278 0.001500000000000057
    vertex 0.0165462432637789 0.02632528396125772 0.001500000000000057
    vertex 0.01507223879722205 0.02631975321154485 0.001500000000000057
  endloop
endfacet
facet normal 0 0 -1
  outer loop
    vertex 0.03676866717250292 0.01234210138109263 0.001500000000000057
    vertex 0.0360451156265344 0.01367471603874427 0.001500000000000057
    vertex 0.03752649962973019 0.01366353163945704 0.001500000000000057
  endloop
endfacet
facet normal 0 0 -1
  outer loop
    vertex 0.0165462432637789 0.02632528396125772 0.001500000000000057
    vertex 0.0172690743748412 0.02765789861890842 0.001500000000000057
    vertex 0.01802696947858207 0.02633646836054479 0.001500000000000057
  endloop
endfacet
facet normal 0 0 -1
  outer loop
    vertex 0.04124103239307303 0.01232848512164302 0.001500000000000057
    vertex 0.04048786102510488 0.01365172261296424 0.001500000000000057
    vertex 0.04196785517352546 0.01368309104016622 0.001500000000000057
  endloop
endfacet
facet normal 0 0 -1
  outer loop
    vertex 0.02098786102510489 0.0263482773870373 0.001500000000000057
    vertex 0.02174103239307305 0.02767151487835773 0.001500000000000057
    vertex 0.02246785517352549 0.026316908959836 0.001500000000000057
  endloop
endfacet
facet normal 0 0 -1
  outer loop
    vertex 0.03827777777777777 0.015000000000001 0.001500000000000057
    vertex 0.03974999999999999 0.015000000000001 0.001500000000000057
    vertex 0.039006682772149 0.0136459525189346 0.001500000000000057
  endloop
endfacet
facet normal 0 0 -1
  outer loop
    vertex 0.02025000000000002 0.025000000000002 0.001500000000000057
    vertex 0.01877777777777779 0.025000000000002 0.001500000000000057
    vertex 0.01950683938843295 0.02635404748106684 0.001500000000000057
  endloop
endfacet
facet normal 0 0 -1
  outer loop
    vertex 0.0546996950452224 0.01238587170643735 0.001500000000000057
    vertex 0.0537345154214211 0.01360543098512074 0.001500000000000057
    vertex 0.05491224033174176 0.01355887306961724 0.001500000000000057
  endloop
endfacet
facet normal 0 -0 -1
  outer loop
    vertex 0.005300304954775677 0.02761412829356219 0.001500000000000057
    vertex 0.006265484578575824 0.02639456901487889 0.001500000000000057
    vertex 0.005087759668256291 0.02644112693038147 0.001500000000000057
  endloop
endfacet
facet normal 0 0 -1
  outer loop
    vertex 0.04048786102510488 0.01365172261296424 0.001500000000000057
    vertex 0.03974734763314112 0.01231463701141093 0.001500000000000057
    vertex 0.039006682772149 0.0136459525189346 0.001500000000000057
  endloop
endfacet
facet normal 0 -0 -1
  outer loop
    vertex 0.02024753557268187 0.02768536298858958 0.001500000000000057
    vertex 0.02098786102510489 0.0263482773870373 0.001500000000000057
    vertex 0.01950683938843295 0.02635404748106684 0.001500000000000057
  endloop
endfacet
facet normal 0 -0 -1
  outer loop
    vertex 0.0217058823529412 0.022 0.001500000000000057
    vertex 0.02241030288344632 0.02071051819345973 0.001500000000000057
    vertex 0.02088302783248001 0.0206510612427251 0.001500000000000057
  endloop
endfacet
facet normal 0 -0 -1
  outer loop
    vertex 0.03974999999999999 0.015000000000001 0.001500000000000057
    vertex 0.04048786102510488 0.01365172261296424 0.001500000000000057
    vertex 0.039006682772149 0.0136459525189346 0.001500000000000057
  endloop
endfacet
facet normal -0 0 -1
  outer loop
    vertex 0.02098786102510489 0.0263482773870373 0.001500000000000057
    vertex 0.02025000000000002 0.025000000000002 0.001500000000000057
    vertex 0.01950683938843295 0.02635404748106684 0.001500000000000057
  endloop
endfacet
facet normal -0 0 -1
  outer loop
    vertex 0.039006682772149 0.0136459525189346 0.001500000000000057
    vertex 0.0382551988738615 0.01231841989796876 0.001500000000000057
    vertex 0.03752649962973019 0.01366353163945704 0.001500000000000057
  endloop
endfacet
facet normal 0 -0 -1
  outer loop
    vertex 0.018756326511106 0.02768158010203176 0.001500000000000057
    vertex 0.01950683938843295 0.02635404748106684 0.001500000000000057
    vertex 0.01802696947858207 0.02633646836054479 0.001500000000000057
  endloop
endfacet
facet normal 0 -0 -1
  outer loop
    vertex 0.03827777777777777 0.015000000000001 0.001500000000000057
    vertex 0.039006682772149 0.0136459525189346 0.001500000000000057
    vertex 0.03752649962973019 0.01366353163945704 0.001500000000000057
  endloop
endfacet
facet normal 0 0 -1
  outer loop
    vertex 0.01950683938843295 0.02635404748106684 0.001500000000000057
    vertex 0.01877777777777779 0.025000000000002 0.001500000000000057
    vertex 0.01802696947858207 0.02633646836054479 0.001500000000000057
  endloop
endfacet
facet normal 0 0 -1
  outer loop
    vertex 0.008882352941176459 0.018 0.001500000000000057
    vertex 0.007411764705882344 0.018 0.001500000000000057
    vertex 0.008155656582591545 0.01932522650726245 0.001500000000000057
  endloop
endfacet
facet normal 0 0 -1
  outer loop
    vertex 0.05111764705882355 0.022 0.001500000000000057
    vertex 0.05258823529411766 0.022 0.001500000000000057
    vertex 0.05184434341740848 0.02067477349273758 0.001500000000000057
  endloop
endfacet
facet normal -0 0 -1
  outer loop
    vertex 0.007 0.025 0.001500000000000057
    vertex 0.005751569476912442 0.02418460376155251 0.001500000000000057
    vertex 0.005397210660455575 0.0254227248326039 0.001500000000000057
  endloop
endfacet
facet normal 0 0 -1
  outer loop
    vertex 0.053 0.015 0.001500000000000057
    vertex 0.05424843052308499 0.01581539623844743 0.001500000000000057
    vertex 0.05460278933954282 0.01457727516739494 0.001500000000000057
  endloop
endfacet
facet normal 0 0 -1
  outer loop
    vertex 0.02023529411764708 0.022 0.001500000000000057
    vertex 0.0217058823529412 0.022 0.001500000000000057
    vertex 0.02088302783248001 0.0206510612427251 0.001500000000000057
  endloop
endfacet
facet normal 0 0 -1
  outer loop
    vertex 0.005941176470588229 0.018 0.001500000000000057
    vertex 0.005205882352941164 0.01927356677027123 0.001500000000000057
    vertex 0.00669293670491005 0.01930208692095528 0.001500000000000057
  endloop
endfacet
facet normal 0 -0 -1
  outer loop
    vertex 0.05405882352941177 0.022 0.001500000000000057
    vertex 0.05479411764705882 0.02072643322972877 0.001500000000000057
    vertex 0.05330706329508997 0.02069791307904473 0.001500000000000057
  endloop
endfacet
facet normal -0 0 -1
  outer loop
    vertex 0.04288054100719928 0.0206633466298178 0.001500000000000057
    vertex 0.04199955917921124 0.01931785530169524 0.001500000000000057
    vertex 0.04142223496627124 0.02066421061244852 0.001500000000000057
  endloop
endfacet
facet normal 0 0 -1
  outer loop
    vertex 0.02594135582489052 0.01932166783440994 0.001500000000000057
    vertex 0.02682397023255347 0.02067539130380688 0.001500000000000057
    vertex 0.02742337944702571 0.01933750499523864 0.001500000000000057
  endloop
endfacet
facet normal -0 0 -1
  outer loop
    vertex 0.03324478316722371 0.01935271569097408 0.001500000000000057
    vertex 0.03241176470588231 0.018 0.001500000000000057
    vertex 0.03181186570553081 0.01936795603945391 0.001500000000000057
  endloop
endfacet
facet normal 0 0 -1
  outer loop
    vertex 0.007411764705882344 0.018 0.001500000000000057
    vertex 0.00669293670491005 0.01930208692095528 0.001500000000000057
    vertex 0.008155656582591545 0.01932522650726245 0.001500000000000057
  endloop
endfacet
facet normal 0 -0 -1
  outer loop
    vertex 0.05258823529411766 0.022 0.001500000000000057
    vertex 0.05330706329508997 0.02069791307904473 0.001500000000000057
    vertex 0.05184434341740848 0.02067477349273758 0.001500000000000057
  endloop
endfacet
facet normal 0 0 -1
  outer loop
    vertex 0.05152941176470588 0.018 0.001500000000000057
    vertex 0.05005882352941175 0.018 0.001500000000000057
    vertex 0.05083467592165391 0.01931903641100503 0.001500000000000057
  endloop
endfacet
facet normal 0 0 -1
  outer loop
    vertex 0.01141176470588236 0.022 0.001500000000000057
    vertex 0.01288235294117648 0.022 0.001500000000000057
    vertex 0.0121190406435835 0.02068209194630023 0.001500000000000057
  endloop
endfacet
facet normal 0 0 -1
  outer loop
    vertex 0.01770588235294115 0.018 0.001500000000000057
    vertex 0.01623529411764703 0.018 0.001500000000000057
    vertex 0.01700154390350786 0.01931659666494663 0.001500000000000057
  endloop
endfacet
facet normal 0 0 -1
  outer loop
    vertex 0.03788235294117651 0.022 0.001500000000000057
    vertex 0.03935294117647062 0.022 0.001500000000000057
    vertex 0.03856290754712731 0.0206766595220751 0.001500000000000057
  endloop
endfacet
facet normal 0 0 -1
  outer loop
    vertex 0.03494117647058827 0.022 0.001500000000000057
    vertex 0.03641176470588239 0.022 0.001500000000000057
    vertex 0.03564834529588645 0.02068247244545597 0.001500000000000057
  endloop
endfacet
facet normal 0 0 -1
  outer loop
    vertex 0.01182352941176469 0.018 0.001500000000000057
    vertex 0.01035294117647057 0.018 0.001500000000000057
    vertex 0.01111754254765716 0.01931819180623598 0.001500000000000057
  endloop
endfacet
facet normal 0 0 -1
  outer loop
    vertex 0.02358823529411761 0.018 0.001500000000000057
    vertex 0.0221176470588235 0.018 0.001500000000000057
    vertex 0.02285294117647056 0.01931408713725854 0.001500000000000057
  endloop
endfacet
facet normal 0 0 -1
  outer loop
    vertex 0.03535294117647055 0.018 0.001500000000000057
    vertex 0.03388235294117643 0.018 0.001500000000000057
    vertex 0.0346808709034962 0.01932815138341661 0.001500000000000057
  endloop
endfacet
facet normal 0 0 -1
  outer loop
    vertex 0.02758823529411768 0.022 0.001500000000000057
    vertex 0.0290588235294118 0.022 0.001500000000000057
    vertex 0.02832352941176474 0.02068591286274147 0.001500000000000057
  endloop
endfacet
facet normal 0 -0 -1
  outer loop
    vertex 0.004190784930203598 0.02281250000000001 0.001500000000000057
    vertex 0.005533986088356931 0.02199735901300875 0.001500000000000057
    vertex 0.004101352539855888 0.02168195884508621 0.001500000000000057
  endloop
endfacet
facet normal 0 0 -1
  outer loop
    vertex 0.0558092150697964 0.0171875 0.001500000000000057
    vertex 0.0544660139116431 0.01800264098699134 0.001500000000000057
    vertex 0.05589864746014411 0.01831804115491383 0.001500000000000057
  endloop
endfacet
facet normal 0 -0 -1
  outer loop
    vertex 0.006265484578575824 0.02639456901487889 0.001500000000000057
    vertex 0.007 0.025 0.001500000000000057
    vertex 0.005397210660455575 0.0254227248326039 0.001500000000000057
  endloop
endfacet
facet normal 0 0 -1
  outer loop
    vertex 0.0537345154214211 0.01360543098512074 0.001500000000000057
    vertex 0.053 0.015 0.001500000000000057
    vertex 0.05460278933954282 0.01457727516739494 0.001500000000000057
  endloop
endfacet
facet normal 0 0 -1
  outer loop
    vertex 0.04498498602018933 0.01921604230160718 0.001500000000000057
    vertex 0.04433166868957406 0.02057358962070085 0.001500000000000057
    vertex 0.04585791455379061 0.02051203677986525 0.001500000000000057
  endloop
endfacet
facet normal 0 0 -1
  outer loop
    vertex 0.01853748937088081 0.01924322802792178 0.001500000000000057
    vertex 0.01799962997019359 0.02069618361160117 0.001500000000000057
    vertex 0.01941194621025784 0.02054194821186778 0.001500000000000057
  endloop
endfacet
facet normal 0 0 -1
  outer loop
    vertex 0.007411764705882344 0.018 0.001500000000000057
    vertex 0.005941176470588229 0.018 0.001500000000000057
    vertex 0.00669293670491005 0.01930208692095528 0.001500000000000057
  endloop
endfacet
facet normal 0 0 -1
  outer loop
    vertex 0.05258823529411766 0.022 0.001500000000000057
    vertex 0.05405882352941177 0.022 0.001500000000000057
    vertex 0.05330706329508997 0.02069791307904473 0.001500000000000057
  endloop
endfacet
facet normal 0 0 -1
  outer loop
    vertex 0.05099999999999999 0.011 0.001500000000000057
    vertex 0.05016262992944596 0.01237486064308552 0.001500000000000057
    vertex 0.05165131681824192 0.01236688347398169 0.001500000000000057
  endloop
endfacet
facet normal 0 -0 -1
  outer loop
    vertex 0.009000000000000001 0.029 0.001500000000000057
    vertex 0.009837370070553488 0.02762513935691659 0.001500000000000057
    vertex 0.008348683181757032 0.02763311652601964 0.001500000000000057
  endloop
endfacet
facet normal 0 -0 -1
  outer loop
    vertex 0.007 0.025 0.001500000000000057
    vertex 0.007 0.0235 0.001500000000000057
    vertex 0.005751569476912442 0.02418460376155251 0.001500000000000057
  endloop
endfacet
facet normal 0 0 -1
  outer loop
    vertex 0.053 0.015 0.001500000000000057
    vertex 0.052999999999997 0.0165 0.001500000000000057
    vertex 0.05424843052308499 0.01581539623844743 0.001500000000000057
  endloop
endfacet
facet normal 0 -0 -1
  outer loop
    vertex 0.005533986088356931 0.02199735901300875 0.001500000000000057
    vertex 0.006264705882352936 0.02072643322972877 0.001500000000000057
    vertex 0.004781991680718925 0.02072493521242228 0.001500000000000057
  endloop
endfacet
facet normal 0 0 -1
  outer loop
    vertex 0.0544660139116431 0.01800264098699134 0.001500000000000057
    vertex 0.05373529411764703 0.01927356677027126 0.001500000000000057
    vertex 0.05521800831928103 0.01927506478757783 0.001500000000000057
  endloop
endfacet
facet normal 0 0 -1
  outer loop
    vertex 0.0555 0.011 0.001500000000000057
    vertex 0.05399999999999999 0.011 0.001500000000000057
    vertex 0.0546996950452224 0.01238587170643735 0.001500000000000057
  endloop
endfacet
facet normal 0 0 -1
  outer loop
    vertex 0.004499999999999997 0.029 0.001500000000000057
    vertex 0.005999999999999998 0.029 0.001500000000000057
    vertex 0.005300304954775677 0.02761412829356219 0.001500000000000057
  endloop
endfacet
facet normal 0 0 -1
  outer loop
    vertex 0.05038235294117649 0.02072643322972877 0.001500000000000057
    vertex 0.05111764705882355 0.022 0.001500000000000057
    vertex 0.05184434341740848 0.02067477349273758 0.001500000000000057
  endloop
endfacet
facet normal -0 0 -1
  outer loop
    vertex 0.009646092523499326 0.01929312370324843 0.001500000000000057
    vertex 0.008882352941176459 0.018 0.001500000000000057
    vertex 0.008155656582591545 0.01932522650726245 0.001500000000000057
  endloop
endfacet
facet normal -0 0 -1
  outer loop
    vertex 0.01258567806788783 0.01928837326095346 0.001500000000000057
    vertex 0.01182352941176469 0.018 0.001500000000000057
    vertex 0.01111754254765716 0.01931819180623598 0.001500000000000057
  endloop
endfacet
facet normal 0 0 -1
  outer loop
    vertex 0.05005882352941175 0.018 0.001500000000000057
    vertex 0.049352819780231 0.01929123417377563 0.001500000000000057
    vertex 0.05083467592165391 0.01931903641100503 0.001500000000000057
  endloop
endfacet
facet normal 0 0 -1
  outer loop
    vertex 0.03711898637005825 0.02070735957498651 0.001500000000000057
    vertex 0.03788235294117651 0.022 0.001500000000000057
    vertex 0.03856290754712731 0.0206766595220751 0.001500000000000057
  endloop
endfacet
facet normal 0 0 -1
  outer loop
    vertex 0.01623529411764703 0.018 0.001500000000000057
    vertex 0.01552807245347116 0.01929088246101467 0.001500000000000057
    vertex 0.01700154390350786 0.01931659666494663 0.001500000000000057
  endloop
endfacet
facet normal -0 0 -1
  outer loop
    vertex 0.05226470588235292 0.01927356677027123 0.001500000000000057
    vertex 0.05152941176470588 0.018 0.001500000000000057
    vertex 0.05083467592165391 0.01931903641100503 0.001500000000000057
  endloop
endfacet
facet normal 0 0 -1
  outer loop
    vertex 0.01064963223273874 0.02071172397467031 0.001500000000000057
    vertex 0.01141176470588236 0.022 0.001500000000000057
    vertex 0.0121190406435835 0.02068209194630023 0.001500000000000057
  endloop
endfacet
facet normal 0 0 -1
  outer loop
    vertex 0.02448529411764706 0.01936997000936227 0.001500000000000057
    vertex 0.02358823529411761 0.018 0.001500000000000057
    vertex 0.02285294117647056 0.01931408713725854 0.001500000000000057
  endloop
endfacet
facet normal -0 0 -1
  outer loop
    vertex 0.01853748937088081 0.01924322802792178 0.001500000000000057
    vertex 0.01770588235294115 0.018 0.001500000000000057
    vertex 0.01700154390350786 0.01931659666494663 0.001500000000000057
  endloop
endfacet
facet normal 0 -0 -1
  outer loop
    vertex 0.01288235294117648 0.022 0.001500000000000057
    vertex 0.01358957460535235 0.02070911753898533 0.001500000000000057
    vertex 0.0121190406435835 0.02068209194630023 0.001500000000000057
  endloop
endfacet
facet normal 0 0 -1
  outer loop
    vertex 0.02682397023255347 0.02067539130380688 0.001500000000000057
    vertex 0.02758823529411768 0.022 0.001500000000000057
    vertex 0.02832352941176474 0.02068591286274147 0.001500000000000057
  endloop
endfacet
facet normal 0 -0 -1
  outer loop
    vertex 0.03935294117647062 0.022 0.001500000000000057
    vertex 0.03999338260699965 0.02068920843853803 0.001500000000000057
    vertex 0.03856290754712731 0.0206766595220751 0.001500000000000057
  endloop
endfacet
facet normal -0 0 -1
  outer loop
    vertex 0.03611508983259369 0.01928829699221133 0.001500000000000057
    vertex 0.03535294117647055 0.018 0.001500000000000057
    vertex 0.0346808709034962 0.01932815138341661 0.001500000000000057
  endloop
endfacet
facet normal 0 0 -1
  outer loop
    vertex 0.01035294117647057 0.018 0.001500000000000057
    vertex 0.009646092523499326 0.01929312370324843 0.001500000000000057
    vertex 0.01111754254765716 0.01931819180623598 0.001500000000000057
  endloop
endfacet
facet normal 0 -0 -1
  outer loop
    vertex 0.0290588235294118 0.022 0.001500000000000057
    vertex 0.02976715686274513 0.02070361262871571 0.001500000000000057
    vertex 0.02832352941176474 0.02068591286274147 0.001500000000000057
  endloop
endfacet
facet normal 0 0 -1
  outer loop
    vertex 0.03388235294117643 0.018 0.001500000000000057
    vertex 0.03324478316722371 0.01935271569097408 0.001500000000000057
    vertex 0.0346808709034962 0.01932815138341661 0.001500000000000057
  endloop
endfacet
facet normal 0 0 -1
  outer loop
    vertex 0.0221176470588235 0.018 0.001500000000000057
    vertex 0.02138235294117644 0.01927356677027123 0.001500000000000057
    vertex 0.02285294117647056 0.01931408713725854 0.001500000000000057
  endloop
endfacet
facet normal 0 -0 -1
  outer loop
    vertex 0.03641176470588239 0.022 0.001500000000000057
    vertex 0.03711898637005825 0.02070735957498651 0.001500000000000057
    vertex 0.03564834529588645 0.02068247244545597 0.001500000000000057
  endloop
endfacet
facet normal 0 0 -1
  outer loop
    vertex 0.03420588235294122 0.02072643322972877 0.001500000000000057
    vertex 0.03494117647058827 0.022 0.001500000000000057
    vertex 0.03564834529588645 0.02068247244545597 0.001500000000000057
  endloop
endfacet
facet normal 0 -0 -1
  outer loop
    vertex 0.042 0.029 0.001500000000000057
    vertex 0.04275 0.02770096189432335 0.001500000000000057
    vertex 0.04123202261981242 0.02771134113961395 0.001500000000000057
  endloop
endfacet
facet normal 0 0 -1
  outer loop
    vertex 0.01800000000000001 0.011 0.001500000000000057
    vertex 0.01725000000000001 0.01229903810567665 0.001500000000000057
    vertex 0.01876797738018597 0.01228865886038697 0.001500000000000057
  endloop
endfacet
facet normal 0 0 -1
  outer loop
    vertex 0.053 0.018 0.001500000000000057
    vertex 0.05373529411764703 0.01927356677027126 0.001500000000000057
    vertex 0.0544660139116431 0.01800264098699134 0.001500000000000057
  endloop
endfacet
facet normal 0 0 -1
  outer loop
    vertex 0.007 0.022 0.001500000000000057
    vertex 0.006264705882352936 0.02072643322972877 0.001500000000000057
    vertex 0.005533986088356931 0.02199735901300875 0.001500000000000057
  endloop
endfacet
facet normal 0 0 -1
  outer loop
    vertex 0.005941176470588229 0.018 0.001500000000000057
    vertex 0.004470588235294115 0.018 0.001500000000000057
    vertex 0.005205882352941164 0.01927356677027123 0.001500000000000057
  endloop
endfacet
facet normal 0 0 -1
  outer loop
    vertex 0.05405882352941177 0.022 0.001500000000000057
    vertex 0.05552941176470589 0.022 0.001500000000000057
    vertex 0.05479411764705882 0.02072643322972877 0.001500000000000057
  endloop
endfacet
facet normal 0 -0 -1
  outer loop
    vertex 0.03899999999999999 0.029 0.001500000000000057
    vertex 0.03974999999999999 0.02770096189432334 0.001500000000000057
    vertex 0.0382400312530277 0.02770671735307127 0.001500000000000057
  endloop
endfacet
facet normal 0 0 -1
  outer loop
    vertex 0.02100000000000001 0.011 0.001500000000000057
    vertex 0.02025000000000001 0.01229903810567666 0.001500000000000057
    vertex 0.02175996874697074 0.01229328264692963 0.001500000000000057
  endloop
endfacet
facet normal 0 0 -1
  outer loop
    vertex 0.009837370070553488 0.02762513935691659 0.001500000000000057
    vertex 0.0105 0.029 0.001500000000000057
    vertex 0.01128886571458916 0.02767259117044168 0.001500000000000057
  endloop
endfacet
facet normal 0 0 -1
  outer loop
    vertex 0.02174103239307305 0.02767151487835773 0.001500000000000057
    vertex 0.02250000000000001 0.029 0.001500000000000057
    vertex 0.02323015585044348 0.0276566464700843 0.001500000000000057
  endloop
endfacet
facet normal 0 0 -1
  outer loop
    vertex 0.0307334217051306 0.02769011668927126 0.001500000000000057
    vertex 0.03149999999999999 0.029 0.001500000000000057
    vertex 0.0322106097348522 0.02767848533833076 0.001500000000000057
  endloop
endfacet
facet normal 0 0 -1
  outer loop
    vertex 0.01577391091433353 0.0276676826407278 0.001500000000000057
    vertex 0.01650000000000001 0.029 0.001500000000000057
    vertex 0.0172690743748412 0.02765789861890842 0.001500000000000057
  endloop
endfacet
facet normal 0 0 -1
  outer loop
    vertex 0.02773353911842137 0.02768577860725042 0.001500000000000057
    vertex 0.0285 0.029 0.001500000000000057
    vertex 0.02920735077123562 0.02766819702759792 0.001500000000000057
  endloop
endfacet
facet normal 0 0 -1
  outer loop
    vertex 0.042 0.011 0.001500000000000057
    vertex 0.04124103239307303 0.01232848512164302 0.001500000000000057
    vertex 0.04273015585044346 0.0123433535299168 0.001500000000000057
  endloop
endfacet
facet normal 0 -0 -1
  outer loop
    vertex 0.01500000000000001 0.029 0.001500000000000057
    vertex 0.01577391091433353 0.0276676826407278 0.001500000000000057
    vertex 0.01429383416077536 0.02765057082281718 0.001500000000000057
  endloop
endfacet
facet normal 0 -0 -1
  outer loop
    vertex 0.03599999999999999 0.029 0.001500000000000057
    vertex 0.03675 0.02770096189432335 0.001500000000000057
    vertex 0.03522245396024845 0.02769092141234445 0.001500000000000057
  endloop
endfacet
facet normal 0 0 -1
  outer loop
    vertex 0.02472730185392848 0.02766774199725639 0.001500000000000057
    vertex 0.0255 0.029 0.001500000000000057
    vertex 0.02620643645835461 0.02765058071557194 0.001500000000000057
  endloop
endfacet
facet normal 0 -0 -1
  outer loop
    vertex 0.021 0.029 0.001500000000000057
    vertex 0.02174103239307305 0.02767151487835773 0.001500000000000057
    vertex 0.02024753557268187 0.02768536298858958 0.001500000000000057
  endloop
endfacet
facet normal 0 0 -1
  outer loop
    vertex 0.02700000000000001 0.011 0.001500000000000057
    vertex 0.02628078023709107 0.01231422139274994 0.001500000000000057
    vertex 0.02779411069379025 0.01232225243072097 0.001500000000000057
  endloop
endfacet
facet normal 0 0 -1
  outer loop
    vertex 0.03300000000000001 0.011 0.001500000000000057
    vertex 0.03227419588445961 0.01232029470757925 0.001500000000000057
    vertex 0.0337950235135791 0.01235044139632224 0.001500000000000057
  endloop
endfacet
facet normal 0 0 -1
  outer loop
    vertex 0.045 0.011 0.001500000000000057
    vertex 0.04422730185392845 0.01233225800274444 0.001500000000000057
    vertex 0.0457063679672683 0.01234941928442926 0.001500000000000057
  endloop
endfacet
facet normal 0 0 -1
  outer loop
    vertex 0.03000000000000001 0.011 0.001500000000000057
    vertex 0.02927403150585254 0.01231422139274994 0.001500000000000057
    vertex 0.03079639044188167 0.01233304242440885 0.001500000000000057
  endloop
endfacet
facet normal 0 0 -1
  outer loop
    vertex 0.02400000000000001 0.011 0.001500000000000057
    vertex 0.02325000000000001 0.01229903810567666 0.001500000000000057
    vertex 0.02477794031499631 0.01230926679404643 0.001500000000000057
  endloop
endfacet
facet normal -0 0 -1
  outer loop
    vertex 0.0382551988738615 0.01231841989796876 0.001500000000000057
    vertex 0.0375 0.011 0.001500000000000057
    vertex 0.03676866717250292 0.01234210138109263 0.001500000000000057
  endloop
endfacet
facet normal 0 0 -1
  outer loop
    vertex 0.05016262992944596 0.01237486064308552 0.001500000000000057
    vertex 0.04949999999999999 0.011 0.001500000000000057
    vertex 0.0487111342854108 0.01232740882955902 0.001500000000000057
  endloop
endfacet
facet normal 0 0 -1
  outer loop
    vertex 0.04124103239307303 0.01232848512164302 0.001500000000000057
    vertex 0.04050000000000001 0.011 0.001500000000000057
    vertex 0.03974734763314112 0.01231463701141093 0.001500000000000057
  endloop
endfacet
facet normal 0 0 -1
  outer loop
    vertex 0.03974734763314112 0.01231463701141093 0.001500000000000057
    vertex 0.0382551988738615 0.01231841989796876 0.001500000000000057
    vertex 0.039006682772149 0.0136459525189346 0.001500000000000057
  endloop
endfacet
facet normal 0 0 -1
  outer loop
    vertex 0.018756326511106 0.02768158010203176 0.001500000000000057
    vertex 0.02024753557268187 0.02768536298858958 0.001500000000000057
    vertex 0.01950683938843295 0.02635404748106684 0.001500000000000057
  endloop
endfacet
facet normal 0 0 -1
  outer loop
    vertex 0.053 0.018 0.001500000000000057
    vertex 0.05226470588235292 0.01927356677027123 0.001500000000000057
    vertex 0.05373529411764703 0.01927356677027126 0.001500000000000057
  endloop
endfacet
facet normal 0 -0 -1
  outer loop
    vertex 0.007 0.022 0.001500000000000057
    vertex 0.007735294117647059 0.02072643322972877 0.001500000000000057
    vertex 0.006264705882352936 0.02072643322972877 0.001500000000000057
  endloop
endfacet
facet normal 0 -0 -1
  outer loop
    vertex 0.03 0.029 0.001500000000000057
    vertex 0.0307334217051306 0.02769011668927126 0.001500000000000057
    vertex 0.02920735077123562 0.02766819702759792 0.001500000000000057
  endloop
endfacet
facet normal 0 -0 -1
  outer loop
    vertex 0.01200000000000001 0.029 0.001500000000000057
    vertex 0.01276687182809634 0.02768577860725042 0.001500000000000057
    vertex 0.01128886571458916 0.02767259117044168 0.001500000000000057
  endloop
endfacet
facet normal 0 -0 -1
  outer loop
    vertex 0.033 0.029 0.001500000000000057
    vertex 0.03372830764959045 0.02769011668927126 0.001500000000000057
    vertex 0.0322106097348522 0.02767848533833076 0.001500000000000057
  endloop
endfacet
facet normal -0 0 -1
  outer loop
    vertex 0.03227419588445961 0.01232029470757925 0.001500000000000057
    vertex 0.03150000000000001 0.011 0.001500000000000057
    vertex 0.03079639044188167 0.01233304242440885 0.001500000000000057
  endloop
endfacet
facet normal 0 0 -1
  outer loop
    vertex 0.03372830764959045 0.02769011668927126 0.001500000000000057
    vertex 0.0345 0.029 0.001500000000000057
    vertex 0.03522245396024845 0.02769092141234445 0.001500000000000057
  endloop
endfacet
facet normal 0 -0 -1
  outer loop
    vertex 0.01800000000000001 0.029 0.001500000000000057
    vertex 0.018756326511106 0.02768158010203176 0.001500000000000057
    vertex 0.0172690743748412 0.02765789861890842 0.001500000000000057
  endloop
endfacet
facet normal -0 0 -1
  outer loop
    vertex 0.02927403150585254 0.01231422139274994 0.001500000000000057
    vertex 0.02850000000000001 0.011 0.001500000000000057
    vertex 0.02779411069379025 0.01232225243072097 0.001500000000000057
  endloop
endfacet
facet normal 0 -0 -1
  outer loop
    vertex 0.027 0.029 0.001500000000000057
    vertex 0.02773353911842137 0.02768577860725042 0.001500000000000057
    vertex 0.02620643645835461 0.02765058071557194 0.001500000000000057
  endloop
endfacet
facet normal 0 0 -1
  outer loop
    vertex 0.01276687182809634 0.02768577860725042 0.001500000000000057
    vertex 0.01350000000000001 0.029 0.001500000000000057
    vertex 0.01429383416077536 0.02765057082281718 0.001500000000000057
  endloop
endfacet
facet normal 0 0 -1
  outer loop
    vertex 0.039 0.011 0.001500000000000057
    vertex 0.0382551988738615 0.01231841989796876 0.001500000000000057
    vertex 0.03974734763314112 0.01231463701141093 0.001500000000000057
  endloop
endfacet
facet normal 0 0 -1
  outer loop
    vertex 0.036 0.011 0.001500000000000057
    vertex 0.03527372297479277 0.01233231735927303 0.001500000000000057
    vertex 0.03676866717250292 0.01234210138109263 0.001500000000000057
  endloop
endfacet
facet normal 0 0 -1
  outer loop
    vertex 0.02628078023709107 0.01231422139274994 0.001500000000000057
    vertex 0.02550000000000001 0.011 0.001500000000000057
    vertex 0.02477794031499631 0.01230926679404643 0.001500000000000057
  endloop
endfacet
facet normal 0 0 -1
  outer loop
    vertex 0.018756326511106 0.02768158010203176 0.001500000000000057
    vertex 0.01950000000000001 0.029 0.001500000000000057
    vertex 0.02024753557268187 0.02768536298858958 0.001500000000000057
  endloop
endfacet
facet normal -0 0 -1
  outer loop
    vertex 0.03527372297479277 0.01233231735927303 0.001500000000000057
    vertex 0.0345 0.011 0.001500000000000057
    vertex 0.0337950235135791 0.01235044139632224 0.001500000000000057
  endloop
endfacet
facet normal -0 0 -1
  outer loop
    vertex 0.04422730185392845 0.01233225800274444 0.001500000000000057
    vertex 0.0435 0.011 0.001500000000000057
    vertex 0.04273015585044346 0.0123433535299168 0.001500000000000057
  endloop
endfacet
facet normal 0 -0 -1
  outer loop
    vertex 0.02400000000000001 0.029 0.001500000000000057
    vertex 0.02472730185392848 0.02766774199725639 0.001500000000000057
    vertex 0.02323015585044348 0.0276566464700843 0.001500000000000057
  endloop
endfacet
facet normal 0 0 -1
  outer loop
    vertex 0.04799999999999999 0.011 0.001500000000000057
    vertex 0.04723312817190367 0.01231422139274994 0.001500000000000057
    vertex 0.0487111342854108 0.01232740882955902 0.001500000000000057
  endloop
endfacet
facet normal -0 0 -1
  outer loop
    vertex 0.04723312817190367 0.01231422139274994 0.001500000000000057
    vertex 0.04649999999999999 0.011 0.001500000000000057
    vertex 0.0457063679672683 0.01234941928442926 0.001500000000000057
  endloop
endfacet
facet normal 0 0 -1
  outer loop
    vertex 0.04799999999999999 0.029 0.001500000000000057
    vertex 0.04949999999999999 0.029 0.001500000000000057
    vertex 0.04875000000000001 0.02770096189432335 0.001500000000000057
  endloop
endfacet
facet normal 0 0 -1
  outer loop
    vertex 0.042 0.029 0.001500000000000057
    vertex 0.04349999999999999 0.029 0.001500000000000057
    vertex 0.04275 0.02770096189432335 0.001500000000000057
  endloop
endfacet
facet normal 0 0 -1
  outer loop
    vertex 0.033 0.029 0.001500000000000057
    vertex 0.0345 0.029 0.001500000000000057
    vertex 0.03372830764959045 0.02769011668927126 0.001500000000000057
  endloop
endfacet
facet normal 0 0 -1
  outer loop
    vertex 0.04499999999999999 0.029 0.001500000000000057
    vertex 0.04649999999999999 0.029 0.001500000000000057
    vertex 0.04575 0.02770096189432334 0.001500000000000057
  endloop
endfacet
facet normal 0 0 -1
  outer loop
    vertex 0.03899999999999999 0.029 0.001500000000000057
    vertex 0.04049999999999999 0.029 0.001500000000000057
    vertex 0.03974999999999999 0.02770096189432334 0.001500000000000057
  endloop
endfacet
facet normal 0 0 -1
  outer loop
    vertex 0.05399999999999999 0.029 0.001500000000000057
    vertex 0.05549999999999999 0.029 0.001500000000000057
    vertex 0.05474999999999999 0.02770096189432334 0.001500000000000057
  endloop
endfacet
facet normal 0 0 -1
  outer loop
    vertex 0.05099999999999999 0.029 0.001500000000000057
    vertex 0.05249999999999999 0.029 0.001500000000000057
    vertex 0.05175 0.02770096189432334 0.001500000000000057
  endloop
endfacet
facet normal 0 0 -1
  outer loop
    vertex 0.036 0.011 0.001500000000000057
    vertex 0.0345 0.011 0.001500000000000057
    vertex 0.03527372297479277 0.01233231735927303 0.001500000000000057
  endloop
endfacet
facet normal 0 0 -1
  outer loop
    vertex 0.04799999999999999 0.011 0.001500000000000057
    vertex 0.04649999999999999 0.011 0.001500000000000057
    vertex 0.04723312817190367 0.01231422139274994 0.001500000000000057
  endloop
endfacet
facet normal 0 0 -1
  outer loop
    vertex 0.01200000000000001 0.029 0.001500000000000057
    vertex 0.01350000000000001 0.029 0.001500000000000057
    vertex 0.01276687182809634 0.02768577860725042 0.001500000000000057
  endloop
endfacet
facet normal 0 0 -1
  outer loop
    vertex 0.01800000000000001 0.029 0.001500000000000057
    vertex 0.01950000000000001 0.029 0.001500000000000057
    vertex 0.018756326511106 0.02768158010203176 0.001500000000000057
  endloop
endfacet
facet normal 0 0 -1
  outer loop
    vertex 0.045 0.011 0.001500000000000057
    vertex 0.0435 0.011 0.001500000000000057
    vertex 0.04422730185392845 0.01233225800274444 0.001500000000000057
  endloop
endfacet
facet normal 0 0 -1
  outer loop
    vertex 0.02700000000000001 0.011 0.001500000000000057
    vertex 0.02550000000000001 0.011 0.001500000000000057
    vertex 0.02628078023709107 0.01231422139274994 0.001500000000000057
  endloop
endfacet
facet normal 0 0 -1
  outer loop
    vertex 0.03000000000000001 0.011 0.001500000000000057
    vertex 0.02850000000000001 0.011 0.001500000000000057
    vertex 0.02927403150585254 0.01231422139274994 0.001500000000000057
  endloop
endfacet
facet normal 0 0 -1
  outer loop
    vertex 0.039 0.011 0.001500000000000057
    vertex 0.0375 0.011 0.001500000000000057
    vertex 0.0382551988738615 0.01231841989796876 0.001500000000000057
  endloop
endfacet
facet normal 0 0 -1
  outer loop
    vertex 0.01500000000000001 0.011 0.001500000000000057
    vertex 0.01350000000000001 0.011 0.001500000000000057
    vertex 0.01425000000000001 0.01229903810567666 0.001500000000000057
  endloop
endfacet
facet normal 0 0 -1
  outer loop
    vertex 0.03300000000000001 0.011 0.001500000000000057
    vertex 0.03150000000000001 0.011 0.001500000000000057
    vertex 0.03227419588445961 0.01232029470757925 0.001500000000000057
  endloop
endfacet
facet normal 0 0 -1
  outer loop
    vertex 0.02400000000000001 0.029 0.001500000000000057
    vertex 0.0255 0.029 0.001500000000000057
    vertex 0.02472730185392848 0.02766774199725639 0.001500000000000057
  endloop
endfacet
facet normal 0 0 -1
  outer loop
    vertex 0.01800000000000001 0.011 0.001500000000000057
    vertex 0.01650000000000001 0.011 0.001500000000000057
    vertex 0.01725000000000001 0.01229903810567665 0.001500000000000057
  endloop
endfacet
facet normal 0 0 -1
  outer loop
    vertex 0.027 0.029 0.001500000000000057
    vertex 0.0285 0.029 0.001500000000000057
    vertex 0.02773353911842137 0.02768577860725042 0.001500000000000057
  endloop
endfacet
facet normal 0 0 -1
  outer loop
    vertex 0.009000000000000001 0.029 0.001500000000000057
    vertex 0.0105 0.029 0.001500000000000057
    vertex 0.009837370070553488 0.02762513935691659 0.001500000000000057
  endloop
endfacet
facet normal 0 0 -1
  outer loop
    vertex 0.03599999999999999 0.029 0.001500000000000057
    vertex 0.03749999999999999 0.029 0.001500000000000057
    vertex 0.03675 0.02770096189432335 0.001500000000000057
  endloop
endfacet
facet normal 0 0 -1
  outer loop
    vertex 0.01200000000000001 0.011 0.001500000000000057
    vertex 0.01050000000000001 0.011 0.001500000000000057
    vertex 0.01125000000000001 0.01229903810567666 0.001500000000000057
  endloop
endfacet
facet normal 0 0 -1
  outer loop
    vertex 0.05099999999999999 0.011 0.001500000000000057
    vertex 0.04949999999999999 0.011 0.001500000000000057
    vertex 0.05016262992944596 0.01237486064308552 0.001500000000000057
  endloop
endfacet
facet normal 0 0 -1
  outer loop
    vertex 0.021 0.029 0.001500000000000057
    vertex 0.02250000000000001 0.029 0.001500000000000057
    vertex 0.02174103239307305 0.02767151487835773 0.001500000000000057
  endloop
endfacet
facet normal 0 0 -1
  outer loop
    vertex 0.01500000000000001 0.029 0.001500000000000057
    vertex 0.01650000000000001 0.029 0.001500000000000057
    vertex 0.01577391091433353 0.0276676826407278 0.001500000000000057
  endloop
endfacet
facet normal 0 0 -1
  outer loop
    vertex 0.02100000000000001 0.011 0.001500000000000057
    vertex 0.01950000000000001 0.011 0.001500000000000057
    vertex 0.02025000000000001 0.01229903810567666 0.001500000000000057
  endloop
endfacet
facet normal 0 0 -1
  outer loop
    vertex 0.02400000000000001 0.011 0.001500000000000057
    vertex 0.02250000000000001 0.011 0.001500000000000057
    vertex 0.02325000000000001 0.01229903810567666 0.001500000000000057
  endloop
endfacet
facet normal 0 0 -1
  outer loop
    vertex 0.006000000000000006 0.011 0.001500000000000057
    vertex 0.004500000000000005 0.011 0.001500000000000057
    vertex 0.00524999999999998 0.01229903810567666 0.001500000000000057
  endloop
endfacet
facet normal 0 0 -1
  outer loop
    vertex 0.009000000000000008 0.011 0.001500000000000057
    vertex 0.007500000000000008 0.011 0.001500000000000057
    vertex 0.008250000000000007 0.01229903810567666 0.001500000000000057
  endloop
endfacet
facet normal 0 0 -1
  outer loop
    vertex 0.042 0.011 0.001500000000000057
    vertex 0.04050000000000001 0.011 0.001500000000000057
    vertex 0.04124103239307303 0.01232848512164302 0.001500000000000057
  endloop
endfacet
facet normal 0 0 -1
  outer loop
    vertex 0.03 0.029 0.001500000000000057
    vertex 0.03149999999999999 0.029 0.001500000000000057
    vertex 0.0307334217051306 0.02769011668927126 0.001500000000000057
  endloop
endfacet
facet normal 0 0 -1
  outer loop
    vertex 0.0105 0.029 0.001500000000000057
    vertex 0.01200000000000001 0.029 0.001500000000000057
    vertex 0.01128886571458916 0.02767259117044168 0.001500000000000057
  endloop
endfacet
facet normal 0 0 -1
  outer loop
    vertex 0.0285 0.029 0.001500000000000057
    vertex 0.03 0.029 0.001500000000000057
    vertex 0.02920735077123562 0.02766819702759792 0.001500000000000057
  endloop
endfacet
facet normal 0 0 -1
  outer loop
    vertex 0.03149999999999999 0.029 0.001500000000000057
    vertex 0.033 0.029 0.001500000000000057
    vertex 0.0322106097348522 0.02767848533833076 0.001500000000000057
  endloop
endfacet
facet normal 0 0 -1
  outer loop
    vertex 0.0435 0.011 0.001500000000000057
    vertex 0.042 0.011 0.001500000000000057
    vertex 0.04273015585044346 0.0123433535299168 0.001500000000000057
  endloop
endfacet
facet normal 0 0 -1
  outer loop
    vertex 0.0255 0.029 0.001500000000000057
    vertex 0.027 0.029 0.001500000000000057
    vertex 0.02620643645835461 0.02765058071557194 0.001500000000000057
  endloop
endfacet
facet normal 0 0 -1
  outer loop
    vertex 0.02250000000000001 0.029 0.001500000000000057
    vertex 0.02400000000000001 0.029 0.001500000000000057
    vertex 0.02323015585044348 0.0276566464700843 0.001500000000000057
  endloop
endfacet
facet normal 0 0 -1
  outer loop
    vertex 0.01950000000000001 0.029 0.001500000000000057
    vertex 0.021 0.029 0.001500000000000057
    vertex 0.02024753557268187 0.02768536298858958 0.001500000000000057
  endloop
endfacet
facet normal 0 0 -1
  outer loop
    vertex 0.01650000000000001 0.029 0.001500000000000057
    vertex 0.01800000000000001 0.029 0.001500000000000057
    vertex 0.0172690743748412 0.02765789861890842 0.001500000000000057
  endloop
endfacet
facet normal 0 0 -1
  outer loop
    vertex 0.0345 0.011 0.001500000000000057
    vertex 0.03300000000000001 0.011 0.001500000000000057
    vertex 0.0337950235135791 0.01235044139632224 0.001500000000000057
  endloop
endfacet
facet normal 0 0 -1
  outer loop
    vertex 0.01350000000000001 0.029 0.001500000000000057
    vertex 0.01500000000000001 0.029 0.001500000000000057
    vertex 0.01429383416077536 0.02765057082281718 0.001500000000000057
  endloop
endfacet
facet normal 0 0 -1
  outer loop
    vertex 0.0345 0.029 0.001500000000000057
    vertex 0.03599999999999999 0.029 0.001500000000000057
    vertex 0.03522245396024845 0.02769092141234445 0.001500000000000057
  endloop
endfacet
facet normal 0 0 -1
  outer loop
    vertex 0.03150000000000001 0.011 0.001500000000000057
    vertex 0.03000000000000001 0.011 0.001500000000000057
    vertex 0.03079639044188167 0.01233304242440885 0.001500000000000057
  endloop
endfacet
facet normal 0 0 -1
  outer loop
    vertex 0.02550000000000001 0.011 0.001500000000000057
    vertex 0.02400000000000001 0.011 0.001500000000000057
    vertex 0.02477794031499631 0.01230926679404643 0.001500000000000057
  endloop
endfacet
facet normal 0 0 -1
  outer loop
    vertex 0.04050000000000001 0.011 0.001500000000000057
    vertex 0.039 0.011 0.001500000000000057
    vertex 0.03974734763314112 0.01231463701141093 0.001500000000000057
  endloop
endfacet
facet normal 0 0 -1
  outer loop
    vertex 0.02850000000000001 0.011 0.001500000000000057
    vertex 0.02700000000000001 0.011 0.001500000000000057
    vertex 0.02779411069379025 0.01232225243072097 0.001500000000000057
  endloop
endfacet
facet normal 0 0 -1
  outer loop
    vertex 0.04949999999999999 0.011 0.001500000000000057
    vertex 0.04799999999999999 0.011 0.001500000000000057
    vertex 0.0487111342854108 0.01232740882955902 0.001500000000000057
  endloop
endfacet
facet normal 0 0 -1
  outer loop
    vertex 0.0375 0.011 0.001500000000000057
    vertex 0.036 0.011 0.001500000000000057
    vertex 0.03676866717250292 0.01234210138109263 0.001500000000000057
  endloop
endfacet
facet normal 0 0 -1
  outer loop
    vertex 0.04649999999999999 0.011 0.001500000000000057
    vertex 0.045 0.011 0.001500000000000057
    vertex 0.0457063679672683 0.01234941928442926 0.001500000000000057
  endloop
endfacet
facet normal -0 0 -1
  outer loop
    vertex 0.007720511881050992 0.02626707817736006 0.001500000000000057
    vertex 0.007 0.025 0.001500000000000057
    vertex 0.006265484578575824 0.02639456901487889 0.001500000000000057
  endloop
endfacet
facet normal 0 0 -1
  outer loop
    vertex 0.05227948811894625 0.01373292182264204 0.001500000000000057
    vertex 0.053 0.015 0.001500000000000057
    vertex 0.0537345154214211 0.01360543098512074 0.001500000000000057
  endloop
endfacet
facet normal 0 0 -1
  outer loop
    vertex 0.04270588235294116 0.018 0.001500000000000057
    vertex 0.04199955917921124 0.01931785530169524 0.001500000000000057
    vertex 0.0434840748638487 0.01927577012742429 0.001500000000000057
  endloop
endfacet
facet normal 0 0 -1
  outer loop
    vertex 0.0434840748638487 0.01927577012742429 0.001500000000000057
    vertex 0.04199955917921124 0.01931785530169524 0.001500000000000057
    vertex 0.04288054100719928 0.0206633466298178 0.001500000000000057
  endloop
endfacet
facet normal -0 0 -1
  outer loop
    vertex 0.04498498602018933 0.01921604230160718 0.001500000000000057
    vertex 0.04417647058823528 0.018 0.001500000000000057
    vertex 0.0434840748638487 0.01927577012742429 0.001500000000000057
  endloop
endfacet
facet normal 0 -0 -1
  outer loop
    vertex 0.04964705882352943 0.022 0.001500000000000057
    vertex 0.05038235294117649 0.02072643322972877 0.001500000000000057
    vertex 0.0488284995866984 0.02066892636584532 0.001500000000000057
  endloop
endfacet
facet normal 0 0 -1
  outer loop
    vertex 0.04417647058823528 0.018 0.001500000000000057
    vertex 0.04270588235294116 0.018 0.001500000000000057
    vertex 0.0434840748638487 0.01927577012742429 0.001500000000000057
  endloop
endfacet
facet normal 0 0 -1
  outer loop
    vertex 0.04858823529411764 0.018 0.001500000000000057
    vertex 0.04788101362994175 0.01928167360872622 0.001500000000000057
    vertex 0.049352819780231 0.01929123417377563 0.001500000000000057
  endloop
endfacet
facet normal 0 0 -1
  outer loop
    vertex 0.0382941176470588 0.018 0.001500000000000057
    vertex 0.03682352941176467 0.018 0.001500000000000057
    vertex 0.03761933201021936 0.01930308808020293 0.001500000000000057
  endloop
endfacet
facet normal 0 0 -1
  outer loop
    vertex 0.04858823529411764 0.018 0.001500000000000057
    vertex 0.04711764705882351 0.018 0.001500000000000057
    vertex 0.04788101362994175 0.01928167360872622 0.001500000000000057
  endloop
endfacet
facet normal 0 0 -1
  outer loop
    vertex 0.02241030288344632 0.02071051819345973 0.001500000000000057
    vertex 0.02317647058823532 0.022 0.001500000000000057
    vertex 0.0238257367550842 0.02068683476163488 0.001500000000000057
  endloop
endfacet
facet normal 0 0 -1
  outer loop
    vertex 0.007735294117647059 0.02072643322972877 0.001500000000000057
    vertex 0.008470588235294119 0.022 0.001500000000000057
    vertex 0.009178252634625551 0.02071332706027408 0.001500000000000057
  endloop
endfacet
facet normal 0 0 -1
  outer loop
    vertex 0.04199955917921124 0.01931785530169524 0.001500000000000057
    vertex 0.04123529411764704 0.018 0.001500000000000057
    vertex 0.04054227994539368 0.01931485330464004 0.001500000000000057
  endloop
endfacet
facet normal 0 0 -1
  outer loop
    vertex 0.0456470588235294 0.018 0.001500000000000057
    vertex 0.04417647058823528 0.018 0.001500000000000057
    vertex 0.04498498602018933 0.01921604230160718 0.001500000000000057
  endloop
endfacet
facet normal 0 0 -1
  outer loop
    vertex 0.0143529411764706 0.022 0.001500000000000057
    vertex 0.01582352941176472 0.022 0.001500000000000057
    vertex 0.01508823529411765 0.02072643322972877 0.001500000000000057
  endloop
endfacet
facet normal 0 0 -1
  outer loop
    vertex 0.03682352941176467 0.018 0.001500000000000057
    vertex 0.03611508983259369 0.01928829699221133 0.001500000000000057
    vertex 0.03761933201021936 0.01930308808020293 0.001500000000000057
  endloop
endfacet
facet normal 0 0 -1
  outer loop
    vertex 0.0290588235294118 0.022 0.001500000000000057
    vertex 0.03052941176470593 0.022 0.001500000000000057
    vertex 0.02976715686274513 0.02070361262871571 0.001500000000000057
  endloop
endfacet
facet normal 0 -0 -1
  outer loop
    vertex 0.01729411764705884 0.022 0.001500000000000057
    vertex 0.01799962997019359 0.02069618361160117 0.001500000000000057
    vertex 0.01653067691669092 0.020712072332413 0.001500000000000057
  endloop
endfacet
facet normal 0 -0 -1
  outer loop
    vertex 0.009941176470588238 0.022 0.001500000000000057
    vertex 0.01064963223273874 0.02071172397467031 0.001500000000000057
    vertex 0.009178252634625551 0.02071332706027408 0.001500000000000057
  endloop
endfacet
facet normal 0 0 -1
  outer loop
    vertex 0.02317647058823532 0.022 0.001500000000000057
    vertex 0.02464705882352945 0.022 0.001500000000000057
    vertex 0.0238257367550842 0.02068683476163488 0.001500000000000057
  endloop
endfacet
facet normal 0 0 -1
  outer loop
    vertex 0.02533622567441022 0.02069751042237693 0.001500000000000057
    vertex 0.02682397023255347 0.02067539130380688 0.001500000000000057
    vertex 0.02594135582489052 0.01932166783440994 0.001500000000000057
  endloop
endfacet
facet normal 0 0 -1
  outer loop
    vertex 0.008470588235294119 0.022 0.001500000000000057
    vertex 0.009941176470588238 0.022 0.001500000000000057
    vertex 0.009178252634625551 0.02071332706027408 0.001500000000000057
  endloop
endfacet
facet normal 0 0 -1
  outer loop
    vertex 0.0238257367550842 0.02068683476163488 0.001500000000000057
    vertex 0.02464705882352945 0.022 0.001500000000000057
    vertex 0.02533622567441022 0.02069751042237693 0.001500000000000057
  endloop
endfacet
facet normal 0 0 -1
  outer loop
    vertex 0.03909515059046913 0.01930700179648487 0.001500000000000057
    vertex 0.0382941176470588 0.018 0.001500000000000057
    vertex 0.03761933201021936 0.01930308808020293 0.001500000000000057
  endloop
endfacet
facet normal 0 0 -1
  outer loop
    vertex 0.03052941176470593 0.022 0.001500000000000057
    vertex 0.03200000000000004 0.022 0.001500000000000057
    vertex 0.03123975525764267 0.02074083847962172 0.001500000000000057
  endloop
endfacet
facet normal 0 -0 -1
  outer loop
    vertex 0.02611764705882356 0.022 0.001500000000000057
    vertex 0.02682397023255347 0.02067539130380688 0.001500000000000057
    vertex 0.02533622567441022 0.02069751042237693 0.001500000000000057
  endloop
endfacet
facet normal 0 0 -1
  outer loop
    vertex 0.01035294117647057 0.018 0.001500000000000057
    vertex 0.008882352941176459 0.018 0.001500000000000057
    vertex 0.009646092523499326 0.01929312370324843 0.001500000000000057
  endloop
endfacet
facet normal 0 0 -1
  outer loop
    vertex 0.04817647058823531 0.022 0.001500000000000057
    vertex 0.04964705882352943 0.022 0.001500000000000057
    vertex 0.0488284995866984 0.02066892636584532 0.001500000000000057
  endloop
endfacet
facet normal 0 0 -1
  outer loop
    vertex 0.04733144547103493 0.02057620070952099 0.001500000000000057
    vertex 0.04817647058823531 0.022 0.001500000000000057
    vertex 0.0488284995866984 0.02066892636584532 0.001500000000000057
  endloop
endfacet
facet normal 0 0 -1
  outer loop
    vertex 0.01288235294117648 0.022 0.001500000000000057
    vertex 0.0143529411764706 0.022 0.001500000000000057
    vertex 0.01358957460535235 0.02070911753898533 0.001500000000000057
  endloop
endfacet
facet normal 0 0 -1
  outer loop
    vertex 0.0132941176470588 0.018 0.001500000000000057
    vertex 0.01182352941176469 0.018 0.001500000000000057
    vertex 0.01258567806788783 0.01928837326095346 0.001500000000000057
  endloop
endfacet
facet normal 0 0 -1
  outer loop
    vertex 0.05005882352941175 0.018 0.001500000000000057
    vertex 0.04858823529411764 0.018 0.001500000000000057
    vertex 0.049352819780231 0.01929123417377563 0.001500000000000057
  endloop
endfacet
facet normal 0 0 -1
  outer loop
    vertex 0.03935294117647062 0.022 0.001500000000000057
    vertex 0.04082352941176473 0.022 0.001500000000000057
    vertex 0.03999338260699965 0.02068920843853803 0.001500000000000057
  endloop
endfacet
facet normal 0 0 -1
  outer loop
    vertex 0.03641176470588239 0.022 0.001500000000000057
    vertex 0.03788235294117651 0.022 0.001500000000000057
    vertex 0.03711898637005825 0.02070735957498651 0.001500000000000057
  endloop
endfacet
facet normal 0 0 -1
  outer loop
    vertex 0.03347058823529416 0.022 0.001500000000000057
    vertex 0.03494117647058827 0.022 0.001500000000000057
    vertex 0.03420588235294122 0.02072643322972877 0.001500000000000057
  endloop
endfacet
facet normal 0 -0 -1
  outer loop
    vertex 0.03052941176470593 0.022 0.001500000000000057
    vertex 0.03123975525764267 0.02074083847962172 0.001500000000000057
    vertex 0.02976715686274513 0.02070361262871571 0.001500000000000057
  endloop
endfacet
facet normal 0 0 -1
  outer loop
    vertex 0.02611764705882356 0.022 0.001500000000000057
    vertex 0.02758823529411768 0.022 0.001500000000000057
    vertex 0.02682397023255347 0.02067539130380688 0.001500000000000057
  endloop
endfacet
facet normal 0 0 -1
  outer loop
    vertex 0.04376470588235297 0.022 0.001500000000000057
    vertex 0.04523529411764708 0.022 0.001500000000000057
    vertex 0.04433166868957406 0.02057358962070085 0.001500000000000057
  endloop
endfacet
facet normal 0 0 -1
  outer loop
    vertex 0.01582352941176472 0.022 0.001500000000000057
    vertex 0.01729411764705884 0.022 0.001500000000000057
    vertex 0.01653067691669092 0.020712072332413 0.001500000000000057
  endloop
endfacet
facet normal 0 0 -1
  outer loop
    vertex 0.01623529411764703 0.018 0.001500000000000057
    vertex 0.01476470588235292 0.018 0.001500000000000057
    vertex 0.01552807245347116 0.01929088246101467 0.001500000000000057
  endloop
endfacet
facet normal 0 0 -1
  outer loop
    vertex 0.0217058823529412 0.022 0.001500000000000057
    vertex 0.02317647058823532 0.022 0.001500000000000057
    vertex 0.02241030288344632 0.02071051819345973 0.001500000000000057
  endloop
endfacet
facet normal 0 0 -1
  outer loop
    vertex 0.009941176470588238 0.022 0.001500000000000057
    vertex 0.01141176470588236 0.022 0.001500000000000057
    vertex 0.01064963223273874 0.02071172397467031 0.001500000000000057
  endloop
endfacet
facet normal 0 0 -1
  outer loop
    vertex 0.02947058823529407 0.018 0.001500000000000057
    vertex 0.02799999999999996 0.018 0.001500000000000057
    vertex 0.02892200944823973 0.01934205797047355 0.001500000000000057
  endloop
endfacet
facet normal 0 0 -1
  outer loop
    vertex 0.01729411764705884 0.022 0.001500000000000057
    vertex 0.01876470588235296 0.022 0.001500000000000057
    vertex 0.01799962997019359 0.02069618361160117 0.001500000000000057
  endloop
endfacet
facet normal 0 0 -1
  outer loop
    vertex 0.007 0.022 0.001500000000000057
    vertex 0.008470588235294119 0.022 0.001500000000000057
    vertex 0.007735294117647059 0.02072643322972877 0.001500000000000057
  endloop
endfacet
facet normal 0 0 -1
  outer loop
    vertex 0.02505882352941172 0.018 0.001500000000000057
    vertex 0.02358823529411761 0.018 0.001500000000000057
    vertex 0.02448529411764706 0.01936997000936227 0.001500000000000057
  endloop
endfacet
facet normal 0 0 -1
  outer loop
    vertex 0.01476470588235292 0.018 0.001500000000000057
    vertex 0.0132941176470588 0.018 0.001500000000000057
    vertex 0.01405864929429447 0.01928976687218427 0.001500000000000057
  endloop
endfacet
facet normal 0 0 -1
  outer loop
    vertex 0.01552807245347116 0.01929088246101467 0.001500000000000057
    vertex 0.01476470588235292 0.018 0.001500000000000057
    vertex 0.01405864929429447 0.01928976687218427 0.001500000000000057
  endloop
endfacet
facet normal 0 0 -1
  outer loop
    vertex 0.02976715686274513 0.02070361262871571 0.001500000000000057
    vertex 0.03123975525764267 0.02074083847962172 0.001500000000000057
    vertex 0.03036516375437466 0.01938763450627104 0.001500000000000057
  endloop
endfacet
facet normal 0 0 -1
  outer loop
    vertex 0.04964705882352943 0.022 0.001500000000000057
    vertex 0.05111764705882355 0.022 0.001500000000000057
    vertex 0.05038235294117649 0.02072643322972877 0.001500000000000057
  endloop
endfacet
facet normal 0 0 -1
  outer loop
    vertex 0.04670588235294119 0.022 0.001500000000000057
    vertex 0.04817647058823531 0.022 0.001500000000000057
    vertex 0.04733144547103493 0.02057620070952099 0.001500000000000057
  endloop
endfacet
facet normal 0 0 -1
  outer loop
    vertex 0.02464705882352945 0.022 0.001500000000000057
    vertex 0.02611764705882356 0.022 0.001500000000000057
    vertex 0.02533622567441022 0.02069751042237693 0.001500000000000057
  endloop
endfacet
facet normal 0 0 -1
  outer loop
    vertex 0.0132941176470588 0.018 0.001500000000000057
    vertex 0.01258567806788783 0.01928837326095346 0.001500000000000057
    vertex 0.01405864929429447 0.01928976687218427 0.001500000000000057
  endloop
endfacet
facet normal 0 0 -1
  outer loop
    vertex 0.03123975525764267 0.02074083847962172 0.001500000000000057
    vertex 0.03200000000000004 0.022 0.001500000000000057
    vertex 0.03266855087747332 0.02072654755985663 0.001500000000000057
  endloop
endfacet
facet normal 0 0 -1
  outer loop
    vertex 0.01358957460535235 0.02070911753898533 0.001500000000000057
    vertex 0.0143529411764706 0.022 0.001500000000000057
    vertex 0.01508823529411765 0.02072643322972877 0.001500000000000057
  endloop
endfacet
facet normal 0 0 -1
  outer loop
    vertex 0.01917647058823527 0.018 0.001500000000000057
    vertex 0.01770588235294115 0.018 0.001500000000000057
    vertex 0.01853748937088081 0.01924322802792178 0.001500000000000057
  endloop
endfacet
facet normal 0 0 -1
  outer loop
    vertex 0.0221176470588235 0.018 0.001500000000000057
    vertex 0.02064705882352938 0.018 0.001500000000000057
    vertex 0.02138235294117644 0.01927356677027123 0.001500000000000057
  endloop
endfacet
facet normal 0 -0 -1
  outer loop
    vertex 0.03347058823529416 0.022 0.001500000000000057
    vertex 0.03420588235294122 0.02072643322972877 0.001500000000000057
    vertex 0.03266855087747332 0.02072654755985663 0.001500000000000057
  endloop
endfacet
facet normal 0 0 -1
  outer loop
    vertex 0.03200000000000004 0.022 0.001500000000000057
    vertex 0.03347058823529416 0.022 0.001500000000000057
    vertex 0.03266855087747332 0.02072654755985663 0.001500000000000057
  endloop
endfacet
facet normal 0 0 -1
  outer loop
    vertex 0.01508823529411765 0.02072643322972877 0.001500000000000057
    vertex 0.01582352941176472 0.022 0.001500000000000057
    vertex 0.01653067691669092 0.020712072332413 0.001500000000000057
  endloop
endfacet
facet normal 0 0 -1
  outer loop
    vertex 0.053 0.018 0.001500000000000057
    vertex 0.05152941176470588 0.018 0.001500000000000057
    vertex 0.05226470588235292 0.01927356677027123 0.001500000000000057
  endloop
endfacet
facet normal 0 0 -1
  outer loop
    vertex 0.03388235294117643 0.018 0.001500000000000057
    vertex 0.03241176470588231 0.018 0.001500000000000057
    vertex 0.03324478316722371 0.01935271569097408 0.001500000000000057
  endloop
endfacet
facet normal 0 0 -1
  outer loop
    vertex 0.03682352941176467 0.018 0.001500000000000057
    vertex 0.03535294117647055 0.018 0.001500000000000057
    vertex 0.03611508983259369 0.01928829699221133 0.001500000000000057
  endloop
endfacet
facet normal 0 0 -1
  outer loop
    vertex 0.03976470588235292 0.018 0.001500000000000057
    vertex 0.0382941176470588 0.018 0.001500000000000057
    vertex 0.03909515059046913 0.01930700179648487 0.001500000000000057
  endloop
endfacet
facet normal 0 0 -1
  outer loop
    vertex 0.04270588235294116 0.018 0.001500000000000057
    vertex 0.04123529411764704 0.018 0.001500000000000057
    vertex 0.04199955917921124 0.01931785530169524 0.001500000000000057
  endloop
endfacet
facet normal 0 0 -1
  outer loop
    vertex 0.03976470588235292 0.018 0.001500000000000057
    vertex 0.03909515059046913 0.01930700179648487 0.001500000000000057
    vertex 0.04054227994539368 0.01931485330464004 0.001500000000000057
  endloop
endfacet
facet normal 0 0 -1
  outer loop
    vertex 0.04123529411764704 0.018 0.001500000000000057
    vertex 0.03976470588235292 0.018 0.001500000000000057
    vertex 0.04054227994539368 0.01931485330464004 0.001500000000000057
  endloop
endfacet
facet normal 0 0 -1
  outer loop
    vertex 0.02250000000000001 0.011 0.001500000000000057
    vertex 0.02100000000000001 0.011 0.001500000000000057
    vertex 0.02175996874697074 0.01229328264692963 0.001500000000000057
  endloop
endfacet
facet normal 0 0 -1
  outer loop
    vertex 0.03749999999999999 0.029 0.001500000000000057
    vertex 0.03899999999999999 0.029 0.001500000000000057
    vertex 0.0382400312530277 0.02770671735307127 0.001500000000000057
  endloop
endfacet
facet normal 0 0 -1
  outer loop
    vertex 0.02325000000000001 0.01229903810567666 0.001500000000000057
    vertex 0.02250000000000001 0.011 0.001500000000000057
    vertex 0.02175996874697074 0.01229328264692963 0.001500000000000057
  endloop
endfacet
facet normal 0 0 -1
  outer loop
    vertex 0.03675 0.02770096189432335 0.001500000000000057
    vertex 0.03749999999999999 0.029 0.001500000000000057
    vertex 0.0382400312530277 0.02770671735307127 0.001500000000000057
  endloop
endfacet
facet normal 0 0 -1
  outer loop
    vertex 0.01500000000000001 0.011 0.001500000000000057
    vertex 0.01425000000000001 0.01229903810567666 0.001500000000000057
    vertex 0.01575000000000001 0.01227490772462245 0.001500000000000057
  endloop
endfacet
facet normal 0 0 -1
  outer loop
    vertex 0.01725000000000001 0.01229903810567665 0.001500000000000057
    vertex 0.01650000000000001 0.011 0.001500000000000057
    vertex 0.01575000000000001 0.01227490772462245 0.001500000000000057
  endloop
endfacet
facet normal 0 0 -1
  outer loop
    vertex 0.04275 0.02770096189432335 0.001500000000000057
    vertex 0.04349999999999999 0.029 0.001500000000000057
    vertex 0.04425 0.02772509227537914 0.001500000000000057
  endloop
endfacet
facet normal 0 -0 -1
  outer loop
    vertex 0.04499999999999999 0.029 0.001500000000000057
    vertex 0.04575 0.02770096189432334 0.001500000000000057
    vertex 0.04425 0.02772509227537914 0.001500000000000057
  endloop
endfacet
facet normal 0 0 -1
  outer loop
    vertex 0.01425000000000001 0.01229903810567666 0.001500000000000057
    vertex 0.01350000000000001 0.011 0.001500000000000057
    vertex 0.01279338470081911 0.01228874129615271 0.001500000000000057
  endloop
endfacet
facet normal 0 0 -1
  outer loop
    vertex 0.01200000000000001 0.011 0.001500000000000057
    vertex 0.01125000000000001 0.01229903810567666 0.001500000000000057
    vertex 0.01279338470081911 0.01228874129615271 0.001500000000000057
  endloop
endfacet
facet normal 0 -0 -1
  outer loop
    vertex 0.04799999999999999 0.029 0.001500000000000057
    vertex 0.04875000000000001 0.02770096189432335 0.001500000000000057
    vertex 0.04720661529918088 0.02771125870384867 0.001500000000000057
  endloop
endfacet
facet normal 0 0 -1
  outer loop
    vertex 0.04575 0.02770096189432334 0.001500000000000057
    vertex 0.04649999999999999 0.029 0.001500000000000057
    vertex 0.04720661529918088 0.02771125870384867 0.001500000000000057
  endloop
endfacet
facet normal 0 0 -1
  outer loop
    vertex 0.007720511881050992 0.02626707817736006 0.001500000000000057
    vertex 0.006265484578575824 0.02639456901487889 0.001500000000000057
    vertex 0.006861375006183491 0.02762895548650876 0.001500000000000057
  endloop
endfacet
facet normal 0 0 -1
  outer loop
    vertex 0.05227948811894625 0.01373292182264204 0.001500000000000057
    vertex 0.0537345154214211 0.01360543098512074 0.001500000000000057
    vertex 0.05313862499381467 0.01237104451349212 0.001500000000000057
  endloop
endfacet
facet normal 0 0 -1
  outer loop
    vertex 0.01950000000000001 0.011 0.001500000000000057
    vertex 0.01800000000000001 0.011 0.001500000000000057
    vertex 0.01876797738018597 0.01228865886038697 0.001500000000000057
  endloop
endfacet
facet normal 0 0 -1
  outer loop
    vertex 0.04049999999999999 0.029 0.001500000000000057
    vertex 0.042 0.029 0.001500000000000057
    vertex 0.04123202261981242 0.02771134113961395 0.001500000000000057
  endloop
endfacet
facet normal 0 0 -1
  outer loop
    vertex 0.01913888888888891 0.015000000000001 0.001500000000000057
    vertex 0.02061111111111114 0.015000000000001 0.001500000000000057
    vertex 0.01987500000000003 0.01372501815554057 0.001500000000000057
  endloop
endfacet
facet normal 0 0 -1
  outer loop
    vertex 0.0412222222222222 0.015000000000001 0.001500000000000057
    vertex 0.04269444444444442 0.015000000000001 0.001500000000000057
    vertex 0.04196785517352546 0.01368309104016622 0.001500000000000057
  endloop
endfacet
facet normal 0 0 -1
  outer loop
    vertex 0.0485833333333333 0.015000000000001 0.001500000000000057
    vertex 0.05005555555555553 0.015000000000001 0.001500000000000057
    vertex 0.0493194444444444 0.01372501815554057 0.001500000000000057
  endloop
endfacet
facet normal 0 0 -1
  outer loop
    vertex 0.02208333333333337 0.015000000000001 0.001500000000000057
    vertex 0.02355555555555559 0.015000000000001 0.001500000000000057
    vertex 0.02281944444444448 0.01372501815554058 0.001500000000000057
  endloop
endfacet
facet normal 0 0 -1
  outer loop
    vertex 0.03533333333333333 0.015000000000001 0.001500000000000057
    vertex 0.03680555555555556 0.015000000000001 0.001500000000000057
    vertex 0.0360451156265344 0.01367471603874427 0.001500000000000057
  endloop
endfacet
facet normal 0 0 -1
  outer loop
    vertex 0.02502777777777781 0.015000000000001 0.001500000000000057
    vertex 0.02650000000000003 0.015000000000001 0.001500000000000057
    vertex 0.02576388888888892 0.01372501815554058 0.001500000000000057
  endloop
endfacet
facet normal 0 0 -1
  outer loop
    vertex 0.02797222222222225 0.015000000000001 0.001500000000000057
    vertex 0.02944444444444447 0.015000000000001 0.001500000000000057
    vertex 0.02870833333333336 0.01372501815554058 0.001500000000000057
  endloop
endfacet
facet normal 0 0 -1
  outer loop
    vertex 0.03091666666666668 0.015000000000001 0.001500000000000057
    vertex 0.0323888888888889 0.015000000000001 0.001500000000000057
    vertex 0.03164258370806664 0.01371431361011801 0.001500000000000057
  endloop
endfacet
facet normal 0 0 -1
  outer loop
    vertex 0.05152777777777777 0.015000000000001 0.001500000000000057
    vertex 0.053 0.015 0.001500000000000057
    vertex 0.05227948811894625 0.01373292182264204 0.001500000000000057
  endloop
endfacet
facet normal 0 0 -1
  outer loop
    vertex 0.04563888888888885 0.015000000000001 0.001500000000000057
    vertex 0.04711111111111108 0.015000000000001 0.001500000000000057
    vertex 0.04637499999999996 0.01372501815554058 0.001500000000000057
  endloop
endfacet
facet normal 0 0 -1
  outer loop
    vertex 0.0305555555555556 0.025000000000002 0.001500000000000057
    vertex 0.02908333333333337 0.025000000000002 0.001500000000000057
    vertex 0.02981944444444449 0.02627498184446242 0.001500000000000057
  endloop
endfacet
facet normal 0 0 -1
  outer loop
    vertex 0.03350000000000004 0.025000000000002 0.001500000000000057
    vertex 0.03202777777777781 0.025000000000002 0.001500000000000057
    vertex 0.03276388888888893 0.02627498184446242 0.001500000000000057
  endloop
endfacet
facet normal 0 0 -1
  outer loop
    vertex 0.03644444444444447 0.025000000000002 0.001500000000000057
    vertex 0.03497222222222225 0.025000000000002 0.001500000000000057
    vertex 0.03570833333333336 0.02627498184446242 0.001500000000000057
  endloop
endfacet
facet normal 0 0 -1
  outer loop
    vertex 0.01472222222222225 0.015000000000001 0.001500000000000057
    vertex 0.01619444444444447 0.015000000000001 0.001500000000000057
    vertex 0.01545833333333336 0.01372501815554058 0.001500000000000057
  endloop
endfacet
facet normal 0 0 -1
  outer loop
    vertex 0.02355555555555559 0.015000000000001 0.001500000000000057
    vertex 0.02502777777777781 0.015000000000001 0.001500000000000057
    vertex 0.0242916666666667 0.01372501815554058 0.001500000000000057
  endloop
endfacet
facet normal 0 0 -1
  outer loop
    vertex 0.008833333333333346 0.015000000000001 0.001500000000000057
    vertex 0.01030555555555557 0.015000000000001 0.001500000000000057
    vertex 0.00956944444444446 0.01372501815554057 0.001500000000000057
  endloop
endfacet
facet normal 0 0 -1
  outer loop
    vertex 0.02319444444444447 0.025000000000002 0.001500000000000057
    vertex 0.02172222222222224 0.025000000000002 0.001500000000000057
    vertex 0.02246785517352549 0.026316908959836 0.001500000000000057
  endloop
endfacet
facet normal 0 0 -1
  outer loop
    vertex 0.002944444444444447 0.015000000000001 0.001500000000000057
    vertex 0.004416666666666673 0.015000000000001 0.001500000000000057
    vertex 0.003680555555555555 0.01372501815554058 0.001500000000000057
  endloop
endfacet
facet normal 0 0 -1
  outer loop
    vertex 0.02761111111111115 0.025000000000002 0.001500000000000057
    vertex 0.02613888888888892 0.025000000000002 0.001500000000000057
    vertex 0.02687500000000003 0.02627498184446243 0.001500000000000057
  endloop
endfacet
facet normal 0 0 -1
  outer loop
    vertex 0.01766666666666669 0.015000000000001 0.001500000000000057
    vertex 0.01913888888888891 0.015000000000001 0.001500000000000057
    vertex 0.0184027777777778 0.01372501815554058 0.001500000000000057
  endloop
endfacet
facet normal 0 0 -1
  outer loop
    vertex 0.02650000000000003 0.015000000000001 0.001500000000000057
    vertex 0.02797222222222225 0.015000000000001 0.001500000000000057
    vertex 0.02723611111111114 0.01372501815554058 0.001500000000000057
  endloop
endfacet
facet normal 0 0 -1
  outer loop
    vertex 0.02944444444444447 0.015000000000001 0.001500000000000057
    vertex 0.03091666666666668 0.015000000000001 0.001500000000000057
    vertex 0.03018055555555558 0.01372501815554058 0.001500000000000057
  endloop
endfacet
facet normal -0 0 -1
  outer loop
    vertex 0.008472222222222225 0.025000000000002 0.001500000000000057
    vertex 0.007 0.025 0.001500000000000057
    vertex 0.007720511881050992 0.02626707817736006 0.001500000000000057
  endloop
endfacet
facet normal 0 0 -1
  outer loop
    vertex 0.005888888888888898 0.015000000000001 0.001500000000000057
    vertex 0.00736111111111112 0.015000000000001 0.001500000000000057
    vertex 0.00662500000000002 0.01372501815554058 0.001500000000000057
  endloop
endfacet
facet normal 0 0 -1
  outer loop
    vertex 0.01141666666666667 0.025000000000002 0.001500000000000057
    vertex 0.009944444444444447 0.025000000000002 0.001500000000000057
    vertex 0.01068055555555556 0.02627498184446243 0.001500000000000057
  endloop
endfacet
facet normal 0 0 -1
  outer loop
    vertex 0.02613888888888892 0.025000000000002 0.001500000000000057
    vertex 0.02466666666666669 0.025000000000002 0.001500000000000057
    vertex 0.02542809356502745 0.02631982410962067 0.001500000000000057
  endloop
endfacet
facet normal 0 0 -1
  outer loop
    vertex 0.01436111111111112 0.025000000000002 0.001500000000000057
    vertex 0.0128888888888889 0.025000000000002 0.001500000000000057
    vertex 0.01362500000000001 0.02627498184446243 0.001500000000000057
  endloop
endfacet
facet normal 0 0 -1
  outer loop
    vertex 0.0117777777777778 0.015000000000001 0.001500000000000057
    vertex 0.01325000000000002 0.015000000000001 0.001500000000000057
    vertex 0.01251388888888891 0.01372501815554058 0.001500000000000057
  endloop
endfacet
facet normal 0 0 -1
  outer loop
    vertex 0.01730555555555557 0.025000000000002 0.001500000000000057
    vertex 0.01583333333333335 0.025000000000002 0.001500000000000057
    vertex 0.0165462432637789 0.02632528396125772 0.001500000000000057
  endloop
endfacet
facet normal 0 0 -1
  outer loop
    vertex 0.02172222222222224 0.025000000000002 0.001500000000000057
    vertex 0.02025000000000002 0.025000000000002 0.001500000000000057
    vertex 0.02098786102510489 0.0263482773870373 0.001500000000000057
  endloop
endfacet
facet normal 0 0 -1
  outer loop
    vertex 0.02466666666666669 0.025000000000002 0.001500000000000057
    vertex 0.02319444444444447 0.025000000000002 0.001500000000000057
    vertex 0.02395426752232598 0.02632564010042925 0.001500000000000057
  endloop
endfacet
facet normal 0 0 -1
  outer loop
    vertex 0.02061111111111114 0.015000000000001 0.001500000000000057
    vertex 0.02208333333333337 0.015000000000001 0.001500000000000057
    vertex 0.02134722222222226 0.01372501815554057 0.001500000000000057
  endloop
endfacet
facet normal 0 0 -1
  outer loop
    vertex 0.05705555555555553 0.025000000000002 0.001500000000000057
    vertex 0.0555833333333333 0.025000000000002 0.001500000000000057
    vertex 0.05631944444444442 0.02627498184446242 0.001500000000000057
  endloop
endfacet
facet normal 0 0 -1
  outer loop
    vertex 0.05116666666666665 0.025000000000002 0.001500000000000057
    vertex 0.04969444444444443 0.025000000000002 0.001500000000000057
    vertex 0.05043055555555555 0.02627498184446242 0.001500000000000057
  endloop
endfacet
facet normal 0 0 -1
  outer loop
    vertex 0.03974999999999999 0.015000000000001 0.001500000000000057
    vertex 0.0412222222222222 0.015000000000001 0.001500000000000057
    vertex 0.04048786102510488 0.01365172261296424 0.001500000000000057
  endloop
endfacet
facet normal 0 0 -1
  outer loop
    vertex 0.01583333333333335 0.025000000000002 0.001500000000000057
    vertex 0.01436111111111112 0.025000000000002 0.001500000000000057
    vertex 0.01507223879722205 0.02631975321154485 0.001500000000000057
  endloop
endfacet
facet normal 0 0 -1
  outer loop
    vertex 0.0323888888888889 0.015000000000001 0.001500000000000057
    vertex 0.03386111111111112 0.015000000000001 0.001500000000000057
    vertex 0.03312500000000001 0.01372501815554058 0.001500000000000057
  endloop
endfacet
facet normal 0 0 -1
  outer loop
    vertex 0.03386111111111112 0.015000000000001 0.001500000000000057
    vertex 0.03533333333333333 0.015000000000001 0.001500000000000057
    vertex 0.03457221775989179 0.01368041549164702 0.001500000000000057
  endloop
endfacet
facet normal 0 0 -1
  outer loop
    vertex 0.04233333333333333 0.025000000000002 0.001500000000000057
    vertex 0.04086111111111112 0.025000000000002 0.001500000000000057
    vertex 0.04159722222222223 0.02627498184446242 0.001500000000000057
  endloop
endfacet
facet normal 0 0 -1
  outer loop
    vertex 0.04822222222222221 0.025000000000002 0.001500000000000057
    vertex 0.04674999999999999 0.025000000000002 0.001500000000000057
    vertex 0.0474861111111111 0.02627498184446242 0.001500000000000057
  endloop
endfacet
facet normal 0 0 -1
  outer loop
    vertex 0.04269444444444442 0.015000000000001 0.001500000000000057
    vertex 0.04416666666666664 0.015000000000001 0.001500000000000057
    vertex 0.04345426752232594 0.01367435989957275 0.001500000000000057
  endloop
endfacet
facet normal 0 0 -1
  outer loop
    vertex 0.04416666666666664 0.015000000000001 0.001500000000000057
    vertex 0.04563888888888885 0.015000000000001 0.001500000000000057
    vertex 0.04492808214984636 0.0136801758903815 0.001500000000000057
  endloop
endfacet
facet normal 0 0 -1
  outer loop
    vertex 0.04527777777777777 0.025000000000002 0.001500000000000057
    vertex 0.04380555555555556 0.025000000000002 0.001500000000000057
    vertex 0.04454166666666667 0.02627498184446242 0.001500000000000057
  endloop
endfacet
facet normal 0 0 -1
  outer loop
    vertex 0.05411111111111108 0.025000000000002 0.001500000000000057
    vertex 0.05263888888888887 0.025000000000002 0.001500000000000057
    vertex 0.05337499999999996 0.02627498184446242 0.001500000000000057
  endloop
endfacet
facet normal 0 0 -1
  outer loop
    vertex 0.0393888888888889 0.025000000000002 0.001500000000000057
    vertex 0.03791666666666669 0.025000000000002 0.001500000000000057
    vertex 0.03865277777777779 0.02627498184446242 0.001500000000000057
  endloop
endfacet
facet normal 0 0 -1
  outer loop
    vertex 0.02908333333333337 0.025000000000002 0.001500000000000057
    vertex 0.02761111111111115 0.025000000000002 0.001500000000000057
    vertex 0.02835791418413103 0.0262860036520861 0.001500000000000057
  endloop
endfacet
facet normal 0 0 -1
  outer loop
    vertex 0.03497222222222225 0.025000000000002 0.001500000000000057
    vertex 0.03350000000000004 0.025000000000002 0.001500000000000057
    vertex 0.03423611111111114 0.02627498184446241 0.001500000000000057
  endloop
endfacet
facet normal 0 0 -1
  outer loop
    vertex 0.03791666666666669 0.025000000000002 0.001500000000000057
    vertex 0.03644444444444447 0.025000000000002 0.001500000000000057
    vertex 0.03718055555555558 0.02627498184446241 0.001500000000000057
  endloop
endfacet
facet normal 0 0 -1
  outer loop
    vertex 0.03202777777777781 0.025000000000002 0.001500000000000057
    vertex 0.0305555555555556 0.025000000000002 0.001500000000000057
    vertex 0.03130731544610971 0.02628663821375977 0.001500000000000057
  endloop
endfacet
facet normal 0 0 -1
  outer loop
    vertex 0.0128888888888889 0.025000000000002 0.001500000000000057
    vertex 0.01141666666666667 0.025000000000002 0.001500000000000057
    vertex 0.01214193949803019 0.02628619429065872 0.001500000000000057
  endloop
endfacet
facet normal 0 0 -1
  outer loop
    vertex 0.009944444444444447 0.025000000000002 0.001500000000000057
    vertex 0.008472222222222225 0.025000000000002 0.001500000000000057
    vertex 0.009172842132754197 0.02627752613533241 0.001500000000000057
  endloop
endfacet
facet normal 0 0 -1
  outer loop
    vertex 0.04086111111111112 0.025000000000002 0.001500000000000057
    vertex 0.0393888888888889 0.025000000000002 0.001500000000000057
    vertex 0.04012500000000001 0.02627498184446241 0.001500000000000057
  endloop
endfacet
facet normal 0 0 -1
  outer loop
    vertex 0.04711111111111108 0.015000000000001 0.001500000000000057
    vertex 0.0485833333333333 0.015000000000001 0.001500000000000057
    vertex 0.04785806050196978 0.01371380570934407 0.001500000000000057
  endloop
endfacet
facet normal 0 0 -1
  outer loop
    vertex 0.05005555555555553 0.015000000000001 0.001500000000000057
    vertex 0.05152777777777777 0.015000000000001 0.001500000000000057
    vertex 0.0508271578672447 0.01372247386467045 0.001500000000000057
  endloop
endfacet
facet normal 0 0 -1
  outer loop
    vertex 0.009000000000000008 0.011 0.001500000000000057
    vertex 0.008250000000000007 0.01229903810567666 0.001500000000000057
    vertex 0.009796166138178422 0.01228498886161707 0.001500000000000057
  endloop
endfacet
facet normal 0 0 -1
  outer loop
    vertex 0.01125000000000001 0.01229903810567666 0.001500000000000057
    vertex 0.01050000000000001 0.011 0.001500000000000057
    vertex 0.009796166138178422 0.01228498886161707 0.001500000000000057
  endloop
endfacet
facet normal 0 -0 -1
  outer loop
    vertex 0.05099999999999999 0.029 0.001500000000000057
    vertex 0.05175 0.02770096189432334 0.001500000000000057
    vertex 0.05020383386182158 0.02771501113838432 0.001500000000000057
  endloop
endfacet
facet normal 0 0 -1
  outer loop
    vertex 0.04875000000000001 0.02770096189432335 0.001500000000000057
    vertex 0.04949999999999999 0.029 0.001500000000000057
    vertex 0.05020383386182158 0.02771501113838432 0.001500000000000057
  endloop
endfacet
facet normal 0 0 -1
  outer loop
    vertex 0.055599265138918 0.01576565680020092 0.001500000000000057
    vertex 0.05424843052308499 0.01581539623844743 0.001500000000000057
    vertex 0.05474717454899589 0.01682006642337021 0.001500000000000057
  endloop
endfacet
facet normal 0 0 -1
  outer loop
    vertex 0.004400734861081244 0.02423434319979874 0.001500000000000057
    vertex 0.005751569476912442 0.02418460376155251 0.001500000000000057
    vertex 0.005252825451003557 0.02317993357662965 0.001500000000000057
  endloop
endfacet
facet normal 0 0 -1
  outer loop
    vertex 0.03680555555555556 0.015000000000001 0.001500000000000057
    vertex 0.03827777777777777 0.015000000000001 0.001500000000000057
    vertex 0.03752649962973019 0.01366353163945704 0.001500000000000057
  endloop
endfacet
facet normal 0 0 -1
  outer loop
    vertex 0.01877777777777779 0.025000000000002 0.001500000000000057
    vertex 0.01730555555555557 0.025000000000002 0.001500000000000057
    vertex 0.01802696947858207 0.02633646836054479 0.001500000000000057
  endloop
endfacet
facet normal 0 0 -1
  outer loop
    vertex 0.006000000000000006 0.011 0.001500000000000057
    vertex 0.00524999999999998 0.01229903810567666 0.001500000000000057
    vertex 0.006800777523573314 0.01228279825111064 0.001500000000000057
  endloop
endfacet
facet normal 0 0 -1
  outer loop
    vertex 0.008250000000000007 0.01229903810567666 0.001500000000000057
    vertex 0.007500000000000008 0.011 0.001500000000000057
    vertex 0.006800777523573314 0.01228279825111064 0.001500000000000057
  endloop
endfacet
facet normal 0 0 -1
  outer loop
    vertex 0.05175 0.02770096189432334 0.001500000000000057
    vertex 0.05249999999999999 0.029 0.001500000000000057
    vertex 0.05319922247642671 0.02771720174889076 0.001500000000000057
  endloop
endfacet
facet normal 0 -0 -1
  outer loop
    vertex 0.05399999999999999 0.029 0.001500000000000057
    vertex 0.05474999999999999 0.02770096189432334 0.001500000000000057
    vertex 0.05319922247642671 0.02771720174889076 0.001500000000000057
  endloop
endfacet
facet normal 0 0 -1
  outer loop
    vertex 0.00524999999999998 0.01229903810567666 0.001500000000000057
    vertex 0.004500000000000005 0.011 0.001500000000000057
    vertex 0.003809400429261273 0.01227904941887973 0.001500000000000057
  endloop
endfacet
facet normal 0 0 -1
  outer loop
    vertex 0.05474999999999999 0.02770096189432334 0.001500000000000057
    vertex 0.05549999999999999 0.029 0.001500000000000057
    vertex 0.05619059957073876 0.02772095058112164 0.001500000000000057
  endloop
endfacet
facet normal 0 0 -1
  outer loop
    vertex 0.02025000000000001 0.01229903810567666 0.001500000000000057
    vertex 0.01950000000000001 0.011 0.001500000000000057
    vertex 0.01876797738018597 0.01228865886038697 0.001500000000000057
  endloop
endfacet
facet normal 0 0 -1
  outer loop
    vertex 0.03974999999999999 0.02770096189432334 0.001500000000000057
    vertex 0.04049999999999999 0.029 0.001500000000000057
    vertex 0.04123202261981242 0.02771134113961395 0.001500000000000057
  endloop
endfacet
facet normal 0 0 -1
  outer loop
    vertex 0.008472222222222225 0.025000000000002 0.001500000000000057
    vertex 0.007720511881050992 0.02626707817736006 0.001500000000000057
    vertex 0.009172842132754197 0.02627752613533241 0.001500000000000057
  endloop
endfacet
facet normal 0 0 -1
  outer loop
    vertex 0.02723611111111114 0.01372501815554058 0.001500000000000057
    vertex 0.02797222222222225 0.015000000000001 0.001500000000000057
    vertex 0.02870833333333336 0.01372501815554058 0.001500000000000057
  endloop
endfacet
facet normal 0 0 -1
  outer loop
    vertex 0.03018055555555558 0.01372501815554058 0.001500000000000057
    vertex 0.03091666666666668 0.015000000000001 0.001500000000000057
    vertex 0.03164258370806664 0.01371431361011801 0.001500000000000057
  endloop
endfacet
facet normal 0 0 -1
  outer loop
    vertex 0.04048786102510488 0.01365172261296424 0.001500000000000057
    vertex 0.0412222222222222 0.015000000000001 0.001500000000000057
    vertex 0.04196785517352546 0.01368309104016622 0.001500000000000057
  endloop
endfacet
facet normal 0 0 -1
  outer loop
    vertex 0.0184027777777778 0.01372501815554058 0.001500000000000057
    vertex 0.01913888888888891 0.015000000000001 0.001500000000000057
    vertex 0.01987500000000003 0.01372501815554057 0.001500000000000057
  endloop
endfacet
facet normal 0 -0 -1
  outer loop
    vertex 0.02061111111111114 0.015000000000001 0.001500000000000057
    vertex 0.02134722222222226 0.01372501815554057 0.001500000000000057
    vertex 0.01987500000000003 0.01372501815554057 0.001500000000000057
  endloop
endfacet
facet normal 0 -0 -1
  outer loop
    vertex 0.03533333333333333 0.015000000000001 0.001500000000000057
    vertex 0.0360451156265344 0.01367471603874427 0.001500000000000057
    vertex 0.03457221775989179 0.01368041549164702 0.001500000000000057
  endloop
endfacet
facet normal 0 -0 -1
  outer loop
    vertex 0.04269444444444442 0.015000000000001 0.001500000000000057
    vertex 0.04345426752232594 0.01367435989957275 0.001500000000000057
    vertex 0.04196785517352546 0.01368309104016622 0.001500000000000057
  endloop
endfacet
facet normal 0 0 -1
  outer loop
    vertex 0.02172222222222224 0.025000000000002 0.001500000000000057
    vertex 0.02098786102510489 0.0263482773870373 0.001500000000000057
    vertex 0.02246785517352549 0.026316908959836 0.001500000000000057
  endloop
endfacet
facet normal 0 0 -1
  outer loop
    vertex 0.02466666666666669 0.025000000000002 0.001500000000000057
    vertex 0.02395426752232598 0.02632564010042925 0.001500000000000057
    vertex 0.02542809356502745 0.02631982410962067 0.001500000000000057
  endloop
endfacet
facet normal 0 0 -1
  outer loop
    vertex 0.03570833333333336 0.02627498184446242 0.001500000000000057
    vertex 0.03497222222222225 0.025000000000002 0.001500000000000057
    vertex 0.03423611111111114 0.02627498184446241 0.001500000000000057
  endloop
endfacet
facet normal 0 0 -1
  outer loop
    vertex 0.04345426752232594 0.01367435989957275 0.001500000000000057
    vertex 0.04416666666666664 0.015000000000001 0.001500000000000057
    vertex 0.04492808214984636 0.0136801758903815 0.001500000000000057
  endloop
endfacet
facet normal 0 0 -1
  outer loop
    vertex 0.04159722222222223 0.02627498184446242 0.001500000000000057
    vertex 0.04086111111111112 0.025000000000002 0.001500000000000057
    vertex 0.04012500000000001 0.02627498184446241 0.001500000000000057
  endloop
endfacet
facet normal 0 0 -1
  outer loop
    vertex 0.04637499999999996 0.01372501815554058 0.001500000000000057
    vertex 0.04711111111111108 0.015000000000001 0.001500000000000057
    vertex 0.04785806050196978 0.01371380570934407 0.001500000000000057
  endloop
endfacet
facet normal 0 0 -1
  outer loop
    vertex 0.02761111111111115 0.025000000000002 0.001500000000000057
    vertex 0.02687500000000003 0.02627498184446243 0.001500000000000057
    vertex 0.02835791418413103 0.0262860036520861 0.001500000000000057
  endloop
endfacet
facet normal 0 -0 -1
  outer loop
    vertex 0.0323888888888889 0.015000000000001 0.001500000000000057
    vertex 0.03312500000000001 0.01372501815554058 0.001500000000000057
    vertex 0.03164258370806664 0.01371431361011801 0.001500000000000057
  endloop
endfacet
facet normal 0 0 -1
  outer loop
    vertex 0.0305555555555556 0.025000000000002 0.001500000000000057
    vertex 0.02981944444444449 0.02627498184446242 0.001500000000000057
    vertex 0.03130731544610971 0.02628663821375977 0.001500000000000057
  endloop
endfacet
facet normal 0 -0 -1
  outer loop
    vertex 0.02944444444444447 0.015000000000001 0.001500000000000057
    vertex 0.03018055555555558 0.01372501815554058 0.001500000000000057
    vertex 0.02870833333333336 0.01372501815554058 0.001500000000000057
  endloop
endfacet
facet normal 0 0 -1
  outer loop
    vertex 0.02134722222222226 0.01372501815554057 0.001500000000000057
    vertex 0.02208333333333337 0.015000000000001 0.001500000000000057
    vertex 0.02281944444444448 0.01372501815554058 0.001500000000000057
  endloop
endfacet
facet normal 0 -0 -1
  outer loop
    vertex 0.04563888888888885 0.015000000000001 0.001500000000000057
    vertex 0.04637499999999996 0.01372501815554058 0.001500000000000057
    vertex 0.04492808214984636 0.0136801758903815 0.001500000000000057
  endloop
endfacet
facet normal 0 -0 -1
  outer loop
    vertex 0.02355555555555559 0.015000000000001 0.001500000000000057
    vertex 0.0242916666666667 0.01372501815554058 0.001500000000000057
    vertex 0.02281944444444448 0.01372501815554058 0.001500000000000057
  endloop
endfacet
facet normal -0 0 -1
  outer loop
    vertex 0.02687500000000003 0.02627498184446243 0.001500000000000057
    vertex 0.02613888888888892 0.025000000000002 0.001500000000000057
    vertex 0.02542809356502745 0.02631982410962067 0.001500000000000057
  endloop
endfacet
facet normal 0 0 -1
  outer loop
    vertex 0.0242916666666667 0.01372501815554058 0.001500000000000057
    vertex 0.02502777777777781 0.015000000000001 0.001500000000000057
    vertex 0.02576388888888892 0.01372501815554058 0.001500000000000057
  endloop
endfacet
facet normal 0 0 -1
  outer loop
    vertex 0.02395426752232598 0.02632564010042925 0.001500000000000057
    vertex 0.02319444444444447 0.025000000000002 0.001500000000000057
    vertex 0.02246785517352549 0.026316908959836 0.001500000000000057
  endloop
endfacet
facet normal 0 -0 -1
  outer loop
    vertex 0.02650000000000003 0.015000000000001 0.001500000000000057
    vertex 0.02723611111111114 0.01372501815554058 0.001500000000000057
    vertex 0.02576388888888892 0.01372501815554058 0.001500000000000057
  endloop
endfacet
facet normal 0 0 -1
  outer loop
    vertex 0.03312500000000001 0.01372501815554058 0.001500000000000057
    vertex 0.03386111111111112 0.015000000000001 0.001500000000000057
    vertex 0.03457221775989179 0.01368041549164702 0.001500000000000057
  endloop
endfacet
facet normal 0 0 -1
  outer loop
    vertex 0.03350000000000004 0.025000000000002 0.001500000000000057
    vertex 0.03276388888888893 0.02627498184446242 0.001500000000000057
    vertex 0.03423611111111114 0.02627498184446241 0.001500000000000057
  endloop
endfacet
facet normal 0 0 -1
  outer loop
    vertex 0.03644444444444447 0.025000000000002 0.001500000000000057
    vertex 0.03570833333333336 0.02627498184446242 0.001500000000000057
    vertex 0.03718055555555558 0.02627498184446241 0.001500000000000057
  endloop
endfacet
facet normal 0 0 -1
  outer loop
    vertex 0.01436111111111112 0.025000000000002 0.001500000000000057
    vertex 0.01362500000000001 0.02627498184446243 0.001500000000000057
    vertex 0.01507223879722205 0.02631975321154485 0.001500000000000057
  endloop
endfacet
facet normal 0 0 -1
  outer loop
    vertex 0.0393888888888889 0.025000000000002 0.001500000000000057
    vertex 0.03865277777777779 0.02627498184446242 0.001500000000000057
    vertex 0.04012500000000001 0.02627498184446241 0.001500000000000057
  endloop
endfacet
facet normal 0 0 -1
  outer loop
    vertex 0.01141666666666667 0.025000000000002 0.001500000000000057
    vertex 0.01068055555555556 0.02627498184446243 0.001500000000000057
    vertex 0.01214193949803019 0.02628619429065872 0.001500000000000057
  endloop
endfacet
facet normal -0 0 -1
  outer loop
    vertex 0.01362500000000001 0.02627498184446243 0.001500000000000057
    vertex 0.0128888888888889 0.025000000000002 0.001500000000000057
    vertex 0.01214193949803019 0.02628619429065872 0.001500000000000057
  endloop
endfacet
facet normal 0 0 -1
  outer loop
    vertex 0.0165462432637789 0.02632528396125772 0.001500000000000057
    vertex 0.01583333333333335 0.025000000000002 0.001500000000000057
    vertex 0.01507223879722205 0.02631975321154485 0.001500000000000057
  endloop
endfacet
facet normal -0 0 -1
  outer loop
    vertex 0.02981944444444449 0.02627498184446242 0.001500000000000057
    vertex 0.02908333333333337 0.025000000000002 0.001500000000000057
    vertex 0.02835791418413103 0.0262860036520861 0.001500000000000057
  endloop
endfacet
facet normal -0 0 -1
  outer loop
    vertex 0.03276388888888893 0.02627498184446242 0.001500000000000057
    vertex 0.03202777777777781 0.025000000000002 0.001500000000000057
    vertex 0.03130731544610971 0.02628663821375977 0.001500000000000057
  endloop
endfacet
facet normal 0 0 -1
  outer loop
    vertex 0.03865277777777779 0.02627498184446242 0.001500000000000057
    vertex 0.03791666666666669 0.025000000000002 0.001500000000000057
    vertex 0.03718055555555558 0.02627498184446241 0.001500000000000057
  endloop
endfacet
facet normal -0 0 -1
  outer loop
    vertex 0.01068055555555556 0.02627498184446243 0.001500000000000057
    vertex 0.009944444444444447 0.025000000000002 0.001500000000000057
    vertex 0.009172842132754197 0.02627752613533241 0.001500000000000057
  endloop
endfacet
facet normal 0 -0 -1
  outer loop
    vertex 0.0485833333333333 0.015000000000001 0.001500000000000057
    vertex 0.0493194444444444 0.01372501815554057 0.001500000000000057
    vertex 0.04785806050196978 0.01371380570934407 0.001500000000000057
  endloop
endfacet
facet normal 0 0 -1
  outer loop
    vertex 0.0493194444444444 0.01372501815554057 0.001500000000000057
    vertex 0.05005555555555553 0.015000000000001 0.001500000000000057
    vertex 0.0508271578672447 0.01372247386467045 0.001500000000000057
  endloop
endfacet
facet normal 0 -0 -1
  outer loop
    vertex 0.05152777777777777 0.015000000000001 0.001500000000000057
    vertex 0.05227948811894625 0.01373292182264204 0.001500000000000057
    vertex 0.0508271578672447 0.01372247386467045 0.001500000000000057
  endloop
endfacet
facet normal 0 0 -1
  outer loop
    vertex 0.01619444444444447 0.015000000000001 0.001500000000000057
    vertex 0.01766666666666669 0.015000000000001 0.001500000000000057
    vertex 0.01693055555555558 0.0137309372349574 0.001500000000000057
  endloop
endfacet
facet normal 0 0 -1
  outer loop
    vertex 0.04380555555555556 0.025000000000002 0.001500000000000057
    vertex 0.04233333333333333 0.025000000000002 0.001500000000000057
    vertex 0.04306944444444444 0.02626906276504402 0.001500000000000057
  endloop
endfacet
facet normal 0 -0 -1
  outer loop
    vertex 0.01766666666666669 0.015000000000001 0.001500000000000057
    vertex 0.0184027777777778 0.01372501815554058 0.001500000000000057
    vertex 0.01693055555555558 0.0137309372349574 0.001500000000000057
  endloop
endfacet
facet normal 0 0 -1
  outer loop
    vertex 0.01545833333333336 0.01372501815554058 0.001500000000000057
    vertex 0.01619444444444447 0.015000000000001 0.001500000000000057
    vertex 0.01693055555555558 0.0137309372349574 0.001500000000000057
  endloop
endfacet
facet normal 0 0 -1
  outer loop
    vertex 0.04454166666666667 0.02627498184446242 0.001500000000000057
    vertex 0.04380555555555556 0.025000000000002 0.001500000000000057
    vertex 0.04306944444444444 0.02626906276504402 0.001500000000000057
  endloop
endfacet
facet normal 0 0 -1
  outer loop
    vertex 0.04233333333333333 0.025000000000002 0.001500000000000057
    vertex 0.04159722222222223 0.02627498184446242 0.001500000000000057
    vertex 0.04306944444444444 0.02626906276504402 0.001500000000000057
  endloop
endfacet
facet normal 0 0 -1
  outer loop
    vertex 0.0360451156265344 0.01367471603874427 0.001500000000000057
    vertex 0.03680555555555556 0.015000000000001 0.001500000000000057
    vertex 0.03752649962973019 0.01366353163945704 0.001500000000000057
  endloop
endfacet
facet normal 0 0 -1
  outer loop
    vertex 0.01730555555555557 0.025000000000002 0.001500000000000057
    vertex 0.0165462432637789 0.02632528396125772 0.001500000000000057
    vertex 0.01802696947858207 0.02633646836054479 0.001500000000000057
  endloop
endfacet
facet normal 0 -0 -1
  outer loop
    vertex 0.01472222222222225 0.015000000000001 0.001500000000000057
    vertex 0.01545833333333336 0.01372501815554058 0.001500000000000057
    vertex 0.01398611111111113 0.01373693646942929 0.001500000000000057
  endloop
endfacet
facet normal 0 0 -1
  outer loop
    vertex 0.01251388888888891 0.01372501815554058 0.001500000000000057
    vertex 0.01325000000000002 0.015000000000001 0.001500000000000057
    vertex 0.01398611111111113 0.01373693646942929 0.001500000000000057
  endloop
endfacet
facet normal 0 0 -1
  outer loop
    vertex 0.0474861111111111 0.02627498184446242 0.001500000000000057
    vertex 0.04674999999999999 0.025000000000002 0.001500000000000057
    vertex 0.04601388888888888 0.02626306353057211 0.001500000000000057
  endloop
endfacet
facet normal 0 0 -1
  outer loop
    vertex 0.04527777777777777 0.025000000000002 0.001500000000000057
    vertex 0.04454166666666667 0.02627498184446242 0.001500000000000057
    vertex 0.04601388888888888 0.02626306353057211 0.001500000000000057
  endloop
endfacet
facet normal 0 0 -1
  outer loop
    vertex 0.01325000000000002 0.015000000000001 0.001500000000000057
    vertex 0.01472222222222225 0.015000000000001 0.001500000000000057
    vertex 0.01398611111111113 0.01373693646942929 0.001500000000000057
  endloop
endfacet
facet normal 0 0 -1
  outer loop
    vertex 0.04674999999999999 0.025000000000002 0.001500000000000057
    vertex 0.04527777777777777 0.025000000000002 0.001500000000000057
    vertex 0.04601388888888888 0.02626306353057211 0.001500000000000057
  endloop
endfacet
facet normal 0 -0 -1
  outer loop
    vertex 0.057 0.015125 0.001500000000000057
    vertex 0.057 0.01374999999999999 0.001500000000000057
    vertex 0.05584793834516233 0.01430273722793519 0.001500000000000057
  endloop
endfacet
facet normal 0 0 -1
  outer loop
    vertex 0.003 0.024875 0.001500000000000057
    vertex 0.003 0.02625000000000001 0.001500000000000057
    vertex 0.004152061654836881 0.02569726277206409 0.001500000000000057
  endloop
endfacet
facet normal 0 -0 -1
  outer loop
    vertex 0.0117777777777778 0.015000000000001 0.001500000000000057
    vertex 0.01251388888888891 0.01372501815554058 0.001500000000000057
    vertex 0.01099466657411265 0.01372285977402357 0.001500000000000057
  endloop
endfacet
facet normal 0 0 -1
  outer loop
    vertex 0.00956944444444446 0.01372501815554057 0.001500000000000057
    vertex 0.01030555555555557 0.015000000000001 0.001500000000000057
    vertex 0.01099466657411265 0.01372285977402357 0.001500000000000057
  endloop
endfacet
facet normal 0 0 -1
  outer loop
    vertex 0.04822222222222221 0.025000000000002 0.001500000000000057
    vertex 0.0474861111111111 0.02627498184446242 0.001500000000000057
    vertex 0.04900533342588735 0.02627714022597806 0.001500000000000057
  endloop
endfacet
facet normal -0 0 -1
  outer loop
    vertex 0.05043055555555555 0.02627498184446242 0.001500000000000057
    vertex 0.04969444444444443 0.025000000000002 0.001500000000000057
    vertex 0.04900533342588735 0.02627714022597806 0.001500000000000057
  endloop
endfacet
facet normal 0 0 -1
  outer loop
    vertex 0.01650000000000001 0.011 0.001500000000000057
    vertex 0.01500000000000001 0.011 0.001500000000000057
    vertex 0.01575000000000001 0.01227490772462245 0.001500000000000057
  endloop
endfacet
facet normal 0 0 -1
  outer loop
    vertex 0.04349999999999999 0.029 0.001500000000000057
    vertex 0.04499999999999999 0.029 0.001500000000000057
    vertex 0.04425 0.02772509227537914 0.001500000000000057
  endloop
endfacet
facet normal 0 -0 -1
  outer loop
    vertex 0.008833333333333346 0.015000000000001 0.001500000000000057
    vertex 0.00956944444444446 0.01372501815554057 0.001500000000000057
    vertex 0.008045401607354969 0.0137254717191835 0.001500000000000057
  endloop
endfacet
facet normal 0 0 -1
  outer loop
    vertex 0.00662500000000002 0.01372501815554058 0.001500000000000057
    vertex 0.00736111111111112 0.015000000000001 0.001500000000000057
    vertex 0.008045401607354969 0.0137254717191835 0.001500000000000057
  endloop
endfacet
facet normal 0 0 -1
  outer loop
    vertex 0.05337499999999996 0.02627498184446242 0.001500000000000057
    vertex 0.05263888888888887 0.025000000000002 0.001500000000000057
    vertex 0.05195459839264502 0.02627452828081811 0.001500000000000057
  endloop
endfacet
facet normal 0 0 -1
  outer loop
    vertex 0.05116666666666665 0.025000000000002 0.001500000000000057
    vertex 0.05043055555555555 0.02627498184446242 0.001500000000000057
    vertex 0.05195459839264502 0.02627452828081811 0.001500000000000057
  endloop
endfacet
facet normal 0 -0 -1
  outer loop
    vertex 0.057 0.0165 0.001500000000000057
    vertex 0.057 0.015125 0.001500000000000057
    vertex 0.055599265138918 0.01576565680020092 0.001500000000000057
  endloop
endfacet
facet normal 0 0 -1
  outer loop
    vertex 0.003 0.0235 0.001500000000000057
    vertex 0.003 0.024875 0.001500000000000057
    vertex 0.004400734861081244 0.02423434319979874 0.001500000000000057
  endloop
endfacet
facet normal 0 -0 -1
  outer loop
    vertex 0.005888888888888898 0.015000000000001 0.001500000000000057
    vertex 0.00662500000000002 0.01372501815554058 0.001500000000000057
    vertex 0.005096136640597288 0.01372728754868408 0.001500000000000057
  endloop
endfacet
facet normal 0 0 -1
  outer loop
    vertex 0.003680555555555555 0.01372501815554058 0.001500000000000057
    vertex 0.004416666666666673 0.015000000000001 0.001500000000000057
    vertex 0.005096136640597288 0.01372728754868408 0.001500000000000057
  endloop
endfacet
facet normal 0 0 -1
  outer loop
    vertex 0.05631944444444442 0.02627498184446242 0.001500000000000057
    vertex 0.0555833333333333 0.025000000000002 0.001500000000000057
    vertex 0.05490386335940269 0.02627271245131753 0.001500000000000057
  endloop
endfacet
facet normal 0 0 -1
  outer loop
    vertex 0.05411111111111108 0.025000000000002 0.001500000000000057
    vertex 0.05337499999999996 0.02627498184446242 0.001500000000000057
    vertex 0.05490386335940269 0.02627271245131753 0.001500000000000057
  endloop
endfacet
facet normal 0 0 -1
  outer loop
    vertex 0.01030555555555557 0.015000000000001 0.001500000000000057
    vertex 0.0117777777777778 0.015000000000001 0.001500000000000057
    vertex 0.01099466657411265 0.01372285977402357 0.001500000000000057
  endloop
endfacet
facet normal 0 0 -1
  outer loop
    vertex 0.04969444444444443 0.025000000000002 0.001500000000000057
    vertex 0.04822222222222221 0.025000000000002 0.001500000000000057
    vertex 0.04900533342588735 0.02627714022597806 0.001500000000000057
  endloop
endfacet
facet normal 0 -0 -1
  outer loop
    vertex 0.057 0.017875 0.001500000000000057
    vertex 0.057 0.0165 0.001500000000000057
    vertex 0.0558092150697964 0.0171875 0.001500000000000057
  endloop
endfacet
facet normal 0 0 -1
  outer loop
    vertex 0.003 0.02212500000000001 0.001500000000000057
    vertex 0.003 0.0235 0.001500000000000057
    vertex 0.004190784930203598 0.02281250000000001 0.001500000000000057
  endloop
endfacet
facet normal 0 0 -1
  outer loop
    vertex 0.01350000000000001 0.011 0.001500000000000057
    vertex 0.01200000000000001 0.011 0.001500000000000057
    vertex 0.01279338470081911 0.01228874129615271 0.001500000000000057
  endloop
endfacet
facet normal 0 0 -1
  outer loop
    vertex 0.04649999999999999 0.029 0.001500000000000057
    vertex 0.04799999999999999 0.029 0.001500000000000057
    vertex 0.04720661529918088 0.02771125870384867 0.001500000000000057
  endloop
endfacet
facet normal 0 0 -1
  outer loop
    vertex 0.00736111111111112 0.015000000000001 0.001500000000000057
    vertex 0.008833333333333346 0.015000000000001 0.001500000000000057
    vertex 0.008045401607354969 0.0137254717191835 0.001500000000000057
  endloop
endfacet
facet normal 0 0 -1
  outer loop
    vertex 0.05263888888888887 0.025000000000002 0.001500000000000057
    vertex 0.05116666666666665 0.025000000000002 0.001500000000000057
    vertex 0.05195459839264502 0.02627452828081811 0.001500000000000057
  endloop
endfacet
facet normal 0 0 -1
  outer loop
    vertex 0.01050000000000001 0.011 0.001500000000000057
    vertex 0.009000000000000008 0.011 0.001500000000000057
    vertex 0.009796166138178422 0.01228498886161707 0.001500000000000057
  endloop
endfacet
facet normal 0 0 -1
  outer loop
    vertex 0.04949999999999999 0.029 0.001500000000000057
    vertex 0.05099999999999999 0.029 0.001500000000000057
    vertex 0.05020383386182158 0.02771501113838432 0.001500000000000057
  endloop
endfacet
facet normal 0 0 -1
  outer loop
    vertex 0.004416666666666673 0.015000000000001 0.001500000000000057
    vertex 0.005888888888888898 0.015000000000001 0.001500000000000057
    vertex 0.005096136640597288 0.01372728754868408 0.001500000000000057
  endloop
endfacet
facet normal 0 0 -1
  outer loop
    vertex 0.0555833333333333 0.025000000000002 0.001500000000000057
    vertex 0.05411111111111108 0.025000000000002 0.001500000000000057
    vertex 0.05490386335940269 0.02627271245131753 0.001500000000000057
  endloop
endfacet
facet normal 0 -0 -1
  outer loop
    vertex 0.057 0.020625 0.001500000000000057
    vertex 0.057 0.01924999999999999 0.001500000000000057
    vertex 0.05595795397398784 0.02022540884075687 0.001500000000000057
  endloop
endfacet
facet normal 0 0 -1
  outer loop
    vertex 0.003 0.019375 0.001500000000000057
    vertex 0.003 0.02075000000000001 0.001500000000000057
    vertex 0.004042046026012155 0.0197745911592432 0.001500000000000057
  endloop
endfacet
facet normal 0 0 -1
  outer loop
    vertex 0.007500000000000008 0.011 0.001500000000000057
    vertex 0.006000000000000006 0.011 0.001500000000000057
    vertex 0.006800777523573314 0.01228279825111064 0.001500000000000057
  endloop
endfacet
facet normal 0 0 -1
  outer loop
    vertex 0.05249999999999999 0.029 0.001500000000000057
    vertex 0.05399999999999999 0.029 0.001500000000000057
    vertex 0.05319922247642671 0.02771720174889076 0.001500000000000057
  endloop
endfacet
facet normal 0 0 -1
  outer loop
    vertex 0.002342463938147216 0.01224460705529788 0.001500000000000057
    vertex 0.001154700538379249 0.013 0.001500000000000057
    vertex 0.002097687726356351 0.01383678367035288 0.001500000000000057
  endloop
endfacet
facet normal 0 0 -1
  outer loop
    vertex 0.05765753606185357 0.02775539294470165 0.001500000000000057
    vertex 0.05884529946162275 0.027 0.001500000000000057
    vertex 0.05790231227364452 0.02616321632964869 0.001500000000000057
  endloop
endfacet
facet normal 0 0 -1
  outer loop
    vertex 0.004500000000000005 0.011 0.001500000000000057
    vertex 0.003000000000000003 0.011 0.001500000000000057
    vertex 0.003809400429261273 0.01227904941887973 0.001500000000000057
  endloop
endfacet
facet normal 0 0 -1
  outer loop
    vertex 0.05549999999999999 0.029 0.001500000000000057
    vertex 0.057 0.029 0.001500000000000057
    vertex 0.05619059957073876 0.02772095058112164 0.001500000000000057
  endloop
endfacet
facet normal 0 0 -1
  outer loop
    vertex 0.057 0.029 0.001500000000000057
    vertex 0.0585 0.029 0.001500000000000057
    vertex 0.05765753606185357 0.02775539294470165 0.001500000000000057
  endloop
endfacet
facet normal 0 0 -1
  outer loop
    vertex 0.003000000000000003 0.011 0.001500000000000057
    vertex 0.001500000000000001 0.011 0.001500000000000057
    vertex 0.002342463938147216 0.01224460705529788 0.001500000000000057
  endloop
endfacet
facet normal 0 0 -1
  outer loop
    vertex 0.05016262992944596 0.01237486064308552 0.001500000000000057
    vertex 0.0508271578672447 0.01372247386467045 0.001500000000000057
    vertex 0.05165131681824192 0.01236688347398169 0.001500000000000057
  endloop
endfacet
facet normal -0 0 -1
  outer loop
    vertex 0.009837370070553488 0.02762513935691659 0.001500000000000057
    vertex 0.009172842132754197 0.02627752613533241 0.001500000000000057
    vertex 0.008348683181757032 0.02763311652601964 0.001500000000000057
  endloop
endfacet
facet normal -0 0 -1
  outer loop
    vertex 0.057 0.015125 0.001500000000000057
    vertex 0.05584793834516233 0.01430273722793519 0.001500000000000057
    vertex 0.055599265138918 0.01576565680020092 0.001500000000000057
  endloop
endfacet
facet normal 0 0 -1
  outer loop
    vertex 0.003 0.024875 0.001500000000000057
    vertex 0.004152061654836881 0.02569726277206409 0.001500000000000057
    vertex 0.004400734861081244 0.02423434319979874 0.001500000000000057
  endloop
endfacet
facet normal 0 0 -1
  outer loop
    vertex 0.05852777777777776 0.025000000000002 0.001500000000000057
    vertex 0.05705555555555553 0.025000000000002 0.001500000000000057
    vertex 0.05790231227364452 0.02616321632964869 0.001500000000000057
  endloop
endfacet
facet normal 0 0 -1
  outer loop
    vertex 0.001472222222222225 0.015000000000001 0.001500000000000057
    vertex 0.002944444444444447 0.015000000000001 0.001500000000000057
    vertex 0.002097687726356351 0.01383678367035288 0.001500000000000057
  endloop
endfacet
facet normal 0 -0 -1
  outer loop
    vertex 0.0558092150697964 0.0171875 0.001500000000000057
    vertex 0.057 0.0165 0.001500000000000057
    vertex 0.055599265138918 0.01576565680020092 0.001500000000000057
  endloop
endfacet
facet normal 0 0 -1
  outer loop
    vertex 0.004190784930203598 0.02281250000000001 0.001500000000000057
    vertex 0.003 0.0235 0.001500000000000057
    vertex 0.004400734861081244 0.02423434319979874 0.001500000000000057
  endloop
endfacet
facet normal 0 -0 -1
  outer loop
    vertex 0.03266855087747332 0.02072654755985663 0.001500000000000057
    vertex 0.03324478316722371 0.01935271569097408 0.001500000000000057
    vertex 0.03181186570553081 0.01936795603945391 0.001500000000000057
  endloop
endfacet
facet normal 0 0 -1
  outer loop
    vertex 0.02652941176470584 0.018 0.001500000000000057
    vertex 0.02594135582489052 0.01932166783440994 0.001500000000000057
    vertex 0.02742337944702571 0.01933750499523864 0.001500000000000057
  endloop
endfacet
facet normal 0 -0 -1
  outer loop
    vertex 0.04229411764705885 0.022 0.001500000000000057
    vertex 0.04288054100719928 0.0206633466298178 0.001500000000000057
    vertex 0.04142223496627124 0.02066421061244852 0.001500000000000057
  endloop
endfacet
facet normal 0 0 -1
  outer loop
    vertex 0.005533986088356931 0.02199735901300875 0.001500000000000057
    vertex 0.004781991680718925 0.02072493521242228 0.001500000000000057
    vertex 0.004101352539855888 0.02168195884508621 0.001500000000000057
  endloop
endfacet
facet normal 0 0 -1
  outer loop
    vertex 0.0544660139116431 0.01800264098699134 0.001500000000000057
    vertex 0.05521800831928103 0.01927506478757783 0.001500000000000057
    vertex 0.05589864746014411 0.01831804115491383 0.001500000000000057
  endloop
endfacet
facet normal 0 0 -1
  outer loop
    vertex 0.005751569476912442 0.02418460376155251 0.001500000000000057
    vertex 0.007 0.0235 0.001500000000000057
    vertex 0.00618506003357085 0.02285567448349599 0.001500000000000057
  endloop
endfacet
facet normal 0 0 -1
  outer loop
    vertex 0.05424843052308499 0.01581539623844743 0.001500000000000057
    vertex 0.052999999999997 0.0165 0.001500000000000057
    vertex 0.05381493996642858 0.01714432551650412 0.001500000000000057
  endloop
endfacet
facet normal 0 0 -1
  outer loop
    vertex 0.04498498602018933 0.01921604230160718 0.001500000000000057
    vertex 0.04585791455379061 0.02051203677986525 0.001500000000000057
    vertex 0.04644496578763488 0.0192178973406002 0.001500000000000057
  endloop
endfacet
facet normal 0 0 -1
  outer loop
    vertex 0.01853748937088081 0.01924322802792178 0.001500000000000057
    vertex 0.01941194621025784 0.02054194821186778 0.001500000000000057
    vertex 0.02000639096109329 0.01928496737546431 0.001500000000000057
  endloop
endfacet
facet normal 0 0 -1
  outer loop
    vertex 0.05584793834516233 0.01430273722793519 0.001500000000000057
    vertex 0.057 0.01374999999999999 0.001500000000000057
    vertex 0.05585050715242583 0.0130625 0.001500000000000057
  endloop
endfacet
facet normal 0 0 -1
  outer loop
    vertex 0.004152061654836881 0.02569726277206409 0.001500000000000057
    vertex 0.003 0.02625000000000001 0.001500000000000057
    vertex 0.004149492847574168 0.02693750000000001 0.001500000000000057
  endloop
endfacet
facet normal -0 0 -1
  outer loop
    vertex 0.009172842132754197 0.02627752613533241 0.001500000000000057
    vertex 0.007720511881050992 0.02626707817736006 0.001500000000000057
    vertex 0.008348683181757032 0.02763311652601964 0.001500000000000057
  endloop
endfacet
facet normal 0 0 -1
  outer loop
    vertex 0.0508271578672447 0.01372247386467045 0.001500000000000057
    vertex 0.05227948811894625 0.01373292182264204 0.001500000000000057
    vertex 0.05165131681824192 0.01236688347398169 0.001500000000000057
  endloop
endfacet
facet normal 0 0 -1
  outer loop
    vertex 0.0558092150697964 0.0171875 0.001500000000000057
    vertex 0.055599265138918 0.01576565680020092 0.001500000000000057
    vertex 0.05474717454899589 0.01682006642337021 0.001500000000000057
  endloop
endfacet
facet normal 0 0 -1
  outer loop
    vertex 0.004190784930203598 0.02281250000000001 0.001500000000000057
    vertex 0.004400734861081244 0.02423434319979874 0.001500000000000057
    vertex 0.005252825451003557 0.02317993357662965 0.001500000000000057
  endloop
endfacet
facet normal 0 -0 -1
  outer loop
    vertex 0.057 0.01374999999999999 0.001500000000000057
    vertex 0.057 0.012375 0.001500000000000057
    vertex 0.05585050715242583 0.0130625 0.001500000000000057
  endloop
endfacet
facet normal 0 0 -1
  outer loop
    vertex 0.003 0.02625000000000001 0.001500000000000057
    vertex 0.003 0.027625 0.001500000000000057
    vertex 0.004149492847574168 0.02693750000000001 0.001500000000000057
  endloop
endfacet
facet normal -0 0 -1
  outer loop
    vertex 0.02138235294117644 0.01927356677027123 0.001500000000000057
    vertex 0.02064705882352938 0.018 0.001500000000000057
    vertex 0.02000639096109329 0.01928496737546431 0.001500000000000057
  endloop
endfacet
facet normal 0 0 -1
  outer loop
    vertex 0.04788101362994175 0.01928167360872622 0.001500000000000057
    vertex 0.04711764705882351 0.018 0.001500000000000057
    vertex 0.04644496578763488 0.0192178973406002 0.001500000000000057
  endloop
endfacet
facet normal 0 0 -1
  outer loop
    vertex 0.01917647058823527 0.018 0.001500000000000057
    vertex 0.01853748937088081 0.01924322802792178 0.001500000000000057
    vertex 0.02000639096109329 0.01928496737546431 0.001500000000000057
  endloop
endfacet
facet normal 0 0 -1
  outer loop
    vertex 0.0456470588235294 0.018 0.001500000000000057
    vertex 0.04498498602018933 0.01921604230160718 0.001500000000000057
    vertex 0.04644496578763488 0.0192178973406002 0.001500000000000057
  endloop
endfacet
facet normal 0 0 -1
  outer loop
    vertex 0.02799999999999996 0.018 0.001500000000000057
    vertex 0.02652941176470584 0.018 0.001500000000000057
    vertex 0.02742337944702571 0.01933750499523864 0.001500000000000057
  endloop
endfacet
facet normal 0 0 -1
  outer loop
    vertex 0.03123975525764267 0.02074083847962172 0.001500000000000057
    vertex 0.03266855087747332 0.02072654755985663 0.001500000000000057
    vertex 0.03181186570553081 0.01936795603945391 0.001500000000000057
  endloop
endfacet
facet normal 0 0 -1
  outer loop
    vertex 0.04082352941176473 0.022 0.001500000000000057
    vertex 0.04229411764705885 0.022 0.001500000000000057
    vertex 0.04142223496627124 0.02066421061244852 0.001500000000000057
  endloop
endfacet
facet normal 0 -0 -1
  outer loop
    vertex 0.060000000000002 0.02766666666666667 0.001500000000000057
    vertex 0.060000000000002 0.02633333333333333 0.001500000000000057
    vertex 0.05884529946162275 0.027 0.001500000000000057
  endloop
endfacet
facet normal 0 0 -1
  outer loop
    vertex 0 0.01233333333333333 0.001500000000000057
    vertex 0 0.01366666666666667 0.001500000000000057
    vertex 0.001154700538379249 0.013 0.001500000000000057
  endloop
endfacet
facet normal 0 0 -1
  outer loop
    vertex 0.005252825451003557 0.02317993357662965 0.001500000000000057
    vertex 0.005751569476912442 0.02418460376155251 0.001500000000000057
    vertex 0.00618506003357085 0.02285567448349599 0.001500000000000057
  endloop
endfacet
facet normal -0 0 -1
  outer loop
    vertex 0.05474717454899589 0.01682006642337021 0.001500000000000057
    vertex 0.05424843052308499 0.01581539623844743 0.001500000000000057
    vertex 0.05381493996642858 0.01714432551650412 0.001500000000000057
  endloop
endfacet
facet normal 0 0 -1
  outer loop
    vertex 0.05705555555555553 0.025000000000002 0.001500000000000057
    vertex 0.05631944444444442 0.02627498184446242 0.001500000000000057
    vertex 0.05790231227364452 0.02616321632964869 0.001500000000000057
  endloop
endfacet
facet normal 0 -0 -1
  outer loop
    vertex 0.002944444444444447 0.015000000000001 0.001500000000000057
    vertex 0.003680555555555555 0.01372501815554058 0.001500000000000057
    vertex 0.002097687726356351 0.01383678367035288 0.001500000000000057
  endloop
endfacet
facet normal 0 0 -1
  outer loop
    vertex 0.05619059957073876 0.02772095058112164 0.001500000000000057
    vertex 0.057 0.029 0.001500000000000057
    vertex 0.05765753606185357 0.02775539294470165 0.001500000000000057
  endloop
endfacet
facet normal 0 0 -1
  outer loop
    vertex 0.003809400429261273 0.01227904941887973 0.001500000000000057
    vertex 0.003000000000000003 0.011 0.001500000000000057
    vertex 0.002342463938147216 0.01224460705529788 0.001500000000000057
  endloop
endfacet
facet normal 0 -0 -1
  outer loop
    vertex 0.057 0.01924999999999999 0.001500000000000057
    vertex 0.057 0.017875 0.001500000000000057
    vertex 0.05589864746014411 0.01831804115491383 0.001500000000000057
  endloop
endfacet
facet normal 0 0 -1
  outer loop
    vertex 0.003 0.02075000000000001 0.001500000000000057
    vertex 0.003 0.02212500000000001 0.001500000000000057
    vertex 0.004101352539855888 0.02168195884508621 0.001500000000000057
  endloop
endfacet
facet normal 0 0 -1
  outer loop
    vertex 0.0544660139116431 0.01800264098699134 0.001500000000000057
    vertex 0.0558092150697964 0.0171875 0.001500000000000057
    vertex 0.05474717454899589 0.01682006642337021 0.001500000000000057
  endloop
endfacet
facet normal 0 0 -1
  outer loop
    vertex 0.005533986088356931 0.02199735901300875 0.001500000000000057
    vertex 0.004190784930203598 0.02281250000000001 0.001500000000000057
    vertex 0.005252825451003557 0.02317993357662965 0.001500000000000057
  endloop
endfacet
facet normal 0 0 -1
  outer loop
    vertex 0.007720511881050992 0.02626707817736006 0.001500000000000057
    vertex 0.006861375006183491 0.02762895548650876 0.001500000000000057
    vertex 0.008348683181757032 0.02763311652601964 0.001500000000000057
  endloop
endfacet
facet normal 0 -0 -1
  outer loop
    vertex 0.05227948811894625 0.01373292182264204 0.001500000000000057
    vertex 0.05313862499381467 0.01237104451349212 0.001500000000000057
    vertex 0.05165131681824192 0.01236688347398169 0.001500000000000057
  endloop
endfacet
facet normal 0 0 -1
  outer loop
    vertex 0.057 0.011 0.001500000000000057
    vertex 0.0555 0.011 0.001500000000000057
    vertex 0.05598280676298434 0.01197898353128982 0.001500000000000057
  endloop
endfacet
facet normal 0 0 -1
  outer loop
    vertex 0.003 0.029 0.001500000000000057
    vertex 0.004499999999999997 0.029 0.001500000000000057
    vertex 0.004017193237015656 0.02802101646871017 0.001500000000000057
  endloop
endfacet
facet normal 0 0 -1
  outer loop
    vertex 0.001500000000000001 0.011 0.001500000000000057
    vertex 0 0.011 0.001500000000000057
    vertex 0.0009953445673651917 0.01194267930495252 0.001500000000000057
  endloop
endfacet
facet normal 0 0 -1
  outer loop
    vertex 0.0585 0.029 0.001500000000000057
    vertex 0.06 0.029 0.001500000000000057
    vertex 0.05900465543263652 0.02805732069504796 0.001500000000000057
  endloop
endfacet
facet normal 0 0 -1
  outer loop
    vertex 0 0.015 0.001500000000000057
    vertex 0.001472222222222225 0.015000000000001 0.001500000000000057
    vertex 0.0009917396593893922 0.01405107681127679 0.001500000000000057
  endloop
endfacet
facet normal 0 0 -1
  outer loop
    vertex 0.06 0.025 0.001500000000000057
    vertex 0.05852777777777776 0.025000000000002 0.001500000000000057
    vertex 0.0590082603406131 0.02594892318872408 0.001500000000000057
  endloop
endfacet
facet normal 0 -0 -1
  outer loop
    vertex 0.057 0.012375 0.001500000000000057
    vertex 0.057 0.011 0.001500000000000057
    vertex 0.05598280676298434 0.01197898353128982 0.001500000000000057
  endloop
endfacet
facet normal 0 0 -1
  outer loop
    vertex 0.003 0.027625 0.001500000000000057
    vertex 0.003 0.029 0.001500000000000057
    vertex 0.004017193237015656 0.02802101646871017 0.001500000000000057
  endloop
endfacet
facet normal 0 0 -1
  outer loop
    vertex 0.04711764705882351 0.018 0.001500000000000057
    vertex 0.0456470588235294 0.018 0.001500000000000057
    vertex 0.04644496578763488 0.0192178973406002 0.001500000000000057
  endloop
endfacet
facet normal 0 0 -1
  outer loop
    vertex 0.02064705882352938 0.018 0.001500000000000057
    vertex 0.01917647058823527 0.018 0.001500000000000057
    vertex 0.02000639096109329 0.01928496737546431 0.001500000000000057
  endloop
endfacet
facet normal 0 0 -1
  outer loop
    vertex 0.03999338260699965 0.02068920843853803 0.001500000000000057
    vertex 0.04082352941176473 0.022 0.001500000000000057
    vertex 0.04142223496627124 0.02066421061244852 0.001500000000000057
  endloop
endfacet
facet normal 0 0 -1
  outer loop
    vertex 0.02892200944823973 0.01934205797047355 0.001500000000000057
    vertex 0.02799999999999996 0.018 0.001500000000000057
    vertex 0.02742337944702571 0.01933750499523864 0.001500000000000057
  endloop
endfacet
facet normal 0 0 -1
  outer loop
    vertex 0.03036516375437466 0.01938763450627104 0.001500000000000057
    vertex 0.03123975525764267 0.02074083847962172 0.001500000000000057
    vertex 0.03181186570553081 0.01936795603945391 0.001500000000000057
  endloop
endfacet
facet normal 0 -0 -1
  outer loop
    vertex 0.004781991680718925 0.02072493521242228 0.001500000000000057
    vertex 0.005205882352941164 0.01927356677027123 0.001500000000000057
    vertex 0.004042046026012155 0.0197745911592432 0.001500000000000057
  endloop
endfacet
facet normal 0 0 -1
  outer loop
    vertex 0.05521800831928103 0.01927506478757783 0.001500000000000057
    vertex 0.05479411764705882 0.02072643322972877 0.001500000000000057
    vertex 0.05595795397398784 0.02022540884075687 0.001500000000000057
  endloop
endfacet
facet normal 0 0 -1
  outer loop
    vertex 0.05479411764705882 0.02072643322972877 0.001500000000000057
    vertex 0.05552941176470589 0.022 0.001500000000000057
    vertex 0.05611071222208427 0.02116094679594929 0.001500000000000057
  endloop
endfacet
facet normal 0 0 -1
  outer loop
    vertex 0.005205882352941164 0.01927356677027123 0.001500000000000057
    vertex 0.004470588235294115 0.018 0.001500000000000057
    vertex 0.003889287777915747 0.01883905320405075 0.001500000000000057
  endloop
endfacet
facet normal 0 0 -1
  outer loop
    vertex 0 0.01366666666666667 0.001500000000000057
    vertex 0 0.015 0.001500000000000057
    vertex 0.0009917396593893922 0.01405107681127679 0.001500000000000057
  endloop
endfacet
facet normal 0 0 -1
  outer loop
    vertex 0.060000000000002 0.02633333333333333 0.001500000000000057
    vertex 0.06 0.025 0.001500000000000057
    vertex 0.0590082603406131 0.02594892318872408 0.001500000000000057
  endloop
endfacet
facet normal 0 0 -1
  outer loop
    vertex 0 0.011 0.001500000000000057
    vertex 0 0.01233333333333333 0.001500000000000057
    vertex 0.0009953445673651917 0.01194267930495252 0.001500000000000057
  endloop
endfacet
facet normal 0 -0 -1
  outer loop
    vertex 0.06 0.029 0.001500000000000057
    vertex 0.060000000000002 0.02766666666666667 0.001500000000000057
    vertex 0.05900465543263652 0.02805732069504796 0.001500000000000057
  endloop
endfacet
facet normal 0 0 -1
  outer loop
    vertex 0.05765753606185357 0.02775539294470165 0.001500000000000057
    vertex 0.0585 0.029 0.001500000000000057
    vertex 0.05900465543263652 0.02805732069504796 0.001500000000000057
  endloop
endfacet
facet normal 0 0 -1
  outer loop
    vertex 0.002342463938147216 0.01224460705529788 0.001500000000000057
    vertex 0.001500000000000001 0.011 0.001500000000000057
    vertex 0.0009953445673651917 0.01194267930495252 0.001500000000000057
  endloop
endfacet
facet normal 0 -0 -1
  outer loop
    vertex 0.05584793834516233 0.01430273722793519 0.001500000000000057
    vertex 0.05585050715242583 0.0130625 0.001500000000000057
    vertex 0.05491224033174176 0.01355887306961724 0.001500000000000057
  endloop
endfacet
facet normal 0 0 -1
  outer loop
    vertex 0.004152061654836881 0.02569726277206409 0.001500000000000057
    vertex 0.004149492847574168 0.02693750000000001 0.001500000000000057
    vertex 0.005087759668256291 0.02644112693038147 0.001500000000000057
  endloop
endfacet
facet normal 0 0 -1
  outer loop
    vertex 0.05852777777777776 0.025000000000002 0.001500000000000057
    vertex 0.05790231227364452 0.02616321632964869 0.001500000000000057
    vertex 0.0590082603406131 0.02594892318872408 0.001500000000000057
  endloop
endfacet
facet normal 0 -0 -1
  outer loop
    vertex 0.001472222222222225 0.015000000000001 0.001500000000000057
    vertex 0.002097687726356351 0.01383678367035288 0.001500000000000057
    vertex 0.0009917396593893922 0.01405107681127679 0.001500000000000057
  endloop
endfacet
facet normal 0 0 -1
  outer loop
    vertex 0.0555 0.011 0.001500000000000057
    vertex 0.0546996950452224 0.01238587170643735 0.001500000000000057
    vertex 0.05598280676298434 0.01197898353128982 0.001500000000000057
  endloop
endfacet
facet normal 0 -0 -1
  outer loop
    vertex 0.004499999999999997 0.029 0.001500000000000057
    vertex 0.005300304954775677 0.02761412829356219 0.001500000000000057
    vertex 0.004017193237015656 0.02802101646871017 0.001500000000000057
  endloop
endfacet
facet normal 0 0 -1
  outer loop
    vertex 0.004470588235294115 0.018 0.001500000000000057
    vertex 0.003 0.018 0.001500000000000057
    vertex 0.003889287777915747 0.01883905320405075 0.001500000000000057
  endloop
endfacet
facet normal 0 0 -1
  outer loop
    vertex 0.05552941176470589 0.022 0.001500000000000057
    vertex 0.057 0.022 0.001500000000000057
    vertex 0.05611071222208427 0.02116094679594929 0.001500000000000057
  endloop
endfacet
facet normal 0 0 -1
  outer loop
    vertex 0.05884529946162275 0.027 0.001500000000000057
    vertex 0.05765753606185357 0.02775539294470165 0.001500000000000057
    vertex 0.05900465543263652 0.02805732069504796 0.001500000000000057
  endloop
endfacet
facet normal 0 -0 -1
  outer loop
    vertex 0.001154700538379249 0.013 0.001500000000000057
    vertex 0.002342463938147216 0.01224460705529788 0.001500000000000057
    vertex 0.0009953445673651917 0.01194267930495252 0.001500000000000057
  endloop
endfacet
facet normal -0 0 -1
  outer loop
    vertex 0.057 0.017875 0.001500000000000057
    vertex 0.0558092150697964 0.0171875 0.001500000000000057
    vertex 0.05589864746014411 0.01831804115491383 0.001500000000000057
  endloop
endfacet
facet normal 0 0 -1
  outer loop
    vertex 0.003 0.02212500000000001 0.001500000000000057
    vertex 0.004190784930203598 0.02281250000000001 0.001500000000000057
    vertex 0.004101352539855888 0.02168195884508621 0.001500000000000057
  endloop
endfacet
facet normal 0 0 -1
  outer loop
    vertex 0.05595795397398784 0.02022540884075687 0.001500000000000057
    vertex 0.05479411764705882 0.02072643322972877 0.001500000000000057
    vertex 0.05611071222208427 0.02116094679594929 0.001500000000000057
  endloop
endfacet
facet normal 0 -0 -1
  outer loop
    vertex 0.004042046026012155 0.0197745911592432 0.001500000000000057
    vertex 0.005205882352941164 0.01927356677027123 0.001500000000000057
    vertex 0.003889287777915747 0.01883905320405075 0.001500000000000057
  endloop
endfacet
facet normal 0 0 -1
  outer loop
    vertex 0.05790231227364452 0.02616321632964869 0.001500000000000057
    vertex 0.05884529946162275 0.027 0.001500000000000057
    vertex 0.0590082603406131 0.02594892318872408 0.001500000000000057
  endloop
endfacet
facet normal -0 0 -1
  outer loop
    vertex 0.002097687726356351 0.01383678367035288 0.001500000000000057
    vertex 0.001154700538379249 0.013 0.001500000000000057
    vertex 0.0009917396593893922 0.01405107681127679 0.001500000000000057
  endloop
endfacet
facet normal 0 -0 -1
  outer loop
    vertex 0.007 0.0235 0.001500000000000057
    vertex 0.007 0.022 0.001500000000000057
    vertex 0.00618506003357085 0.02285567448349599 0.001500000000000057
  endloop
endfacet
facet normal 0 0 -1
  outer loop
    vertex 0.052999999999997 0.0165 0.001500000000000057
    vertex 0.053 0.018 0.001500000000000057
    vertex 0.05381493996642858 0.01714432551650412 0.001500000000000057
  endloop
endfacet
facet normal 0 0 -1
  outer loop
    vertex 0.003 0.018 0.001500000000000057
    vertex 0.003 0.019375 0.001500000000000057
    vertex 0.003889287777915747 0.01883905320405075 0.001500000000000057
  endloop
endfacet
facet normal 0 -0 -1
  outer loop
    vertex 0.057 0.022 0.001500000000000057
    vertex 0.057 0.020625 0.001500000000000057
    vertex 0.05611071222208427 0.02116094679594929 0.001500000000000057
  endloop
endfacet
facet normal 0 0 -1
  outer loop
    vertex 0.05460278933954282 0.01457727516739494 0.001500000000000057
    vertex 0.05584793834516233 0.01430273722793519 0.001500000000000057
    vertex 0.05491224033174176 0.01355887306961724 0.001500000000000057
  endloop
endfacet
facet normal 0 0 -1
  outer loop
    vertex 0.005397210660455575 0.0254227248326039 0.001500000000000057
    vertex 0.004152061654836881 0.02569726277206409 0.001500000000000057
    vertex 0.005087759668256291 0.02644112693038147 0.001500000000000057
  endloop
endfacet
facet normal 0 0 -1
  outer loop
    vertex 0.053 0.018 0.001500000000000057
    vertex 0.0544660139116431 0.01800264098699134 0.001500000000000057
    vertex 0.05381493996642858 0.01714432551650412 0.001500000000000057
  endloop
endfacet
facet normal -0 0 -1
  outer loop
    vertex 0.007 0.022 0.001500000000000057
    vertex 0.005533986088356931 0.02199735901300875 0.001500000000000057
    vertex 0.00618506003357085 0.02285567448349599 0.001500000000000057
  endloop
endfacet
facet normal 0 0 -1
  outer loop
    vertex 0.0546996950452224 0.01238587170643735 0.001500000000000057
    vertex 0.05585050715242583 0.0130625 0.001500000000000057
    vertex 0.05598280676298434 0.01197898353128982 0.001500000000000057
  endloop
endfacet
facet normal -0 0 -1
  outer loop
    vertex 0.005300304954775677 0.02761412829356219 0.001500000000000057
    vertex 0.004149492847574168 0.02693750000000001 0.001500000000000057
    vertex 0.004017193237015656 0.02802101646871017 0.001500000000000057
  endloop
endfacet
facet normal 0 0 -1
  outer loop
    vertex 0.004149492847574168 0.02693750000000001 0.001500000000000057
    vertex 0.005300304954775677 0.02761412829356219 0.001500000000000057
    vertex 0.005087759668256291 0.02644112693038147 0.001500000000000057
  endloop
endfacet
facet normal -0 0 -1
  outer loop
    vertex 0.05585050715242583 0.0130625 0.001500000000000057
    vertex 0.0546996950452224 0.01238587170643735 0.001500000000000057
    vertex 0.05491224033174176 0.01355887306961724 0.001500000000000057
  endloop
endfacet
facet normal 0 0 -1
  outer loop
    vertex 0.05585050715242583 0.0130625 0.001500000000000057
    vertex 0.057 0.012375 0.001500000000000057
    vertex 0.05598280676298434 0.01197898353128982 0.001500000000000057
  endloop
endfacet
facet normal 0 0 -1
  outer loop
    vertex 0.004149492847574168 0.02693750000000001 0.001500000000000057
    vertex 0.003 0.027625 0.001500000000000057
    vertex 0.004017193237015656 0.02802101646871017 0.001500000000000057
  endloop
endfacet
facet normal 0 0 -1
  outer loop
    vertex 0.001154700538379249 0.013 0.001500000000000057
    vertex 0 0.01366666666666667 0.001500000000000057
    vertex 0.0009917396593893922 0.01405107681127679 0.001500000000000057
  endloop
endfacet
facet normal 0 0 -1
  outer loop
    vertex 0.05884529946162275 0.027 0.001500000000000057
    vertex 0.060000000000002 0.02633333333333333 0.001500000000000057
    vertex 0.0590082603406131 0.02594892318872408 0.001500000000000057
  endloop
endfacet
facet normal -0 0 -1
  outer loop
    vertex 0.060000000000002 0.02766666666666667 0.001500000000000057
    vertex 0.05884529946162275 0.027 0.001500000000000057
    vertex 0.05900465543263652 0.02805732069504796 0.001500000000000057
  endloop
endfacet
facet normal 0 0 -1
  outer loop
    vertex 0 0.01233333333333333 0.001500000000000057
    vertex 0.001154700538379249 0.013 0.001500000000000057
    vertex 0.0009953445673651917 0.01194267930495252 0.001500000000000057
  endloop
endfacet
facet normal 0 0 -1
  outer loop
    vertex 0.0537345154214211 0.01360543098512074 0.001500000000000057
    vertex 0.05460278933954282 0.01457727516739494 0.001500000000000057
    vertex 0.05491224033174176 0.01355887306961724 0.001500000000000057
  endloop
endfacet
facet normal -0 0 -1
  outer loop
    vertex 0.006265484578575824 0.02639456901487889 0.001500000000000057
    vertex 0.005397210660455575 0.0254227248326039 0.001500000000000057
    vertex 0.005087759668256291 0.02644112693038147 0.001500000000000057
  endloop
endfacet
facet normal 0 0 -1
  outer loop
    vertex 0.003 0.019375 0.001500000000000057
    vertex 0.004042046026012155 0.0197745911592432 0.001500000000000057
    vertex 0.003889287777915747 0.01883905320405075 0.001500000000000057
  endloop
endfacet
facet normal -0 0 -1
  outer loop
    vertex 0.057 0.020625 0.001500000000000057
    vertex 0.05595795397398784 0.02022540884075687 0.001500000000000057
    vertex 0.05611071222208427 0.02116094679594929 0.001500000000000057
  endloop
endfacet
facet normal 0 -0 -1
  outer loop
    vertex 0.0544660139116431 0.01800264098699134 0.001500000000000057
    vertex 0.05474717454899589 0.01682006642337021 0.001500000000000057
    vertex 0.05381493996642858 0.01714432551650412 0.001500000000000057
  endloop
endfacet
facet normal 0 0 -1
  outer loop
    vertex 0.005533986088356931 0.02199735901300875 0.001500000000000057
    vertex 0.005252825451003557 0.02317993357662965 0.001500000000000057
    vertex 0.00618506003357085 0.02285567448349599 0.001500000000000057
  endloop
endfacet
facet normal 0 0 1
  outer loop
    vertex 0.05631944444444442 0.02627498184446242 0.00649999999999995
    vertex 0.05619059957073876 0.02772095058112164 0.00649999999999995
    vertex 0.05490386335940269 0.02627271245131753 0.00649999999999995
  endloop
endfacet
facet normal -0 0 1
  outer loop
    vertex 0.003680555555555555 0.01372501815554058 0.00649999999999995
    vertex 0.003809400429261273 0.01227904941887973 0.00649999999999995
    vertex 0.005096136640597288 0.01372728754868408 0.00649999999999995
  endloop
endfacet
facet normal 0 -0 1
  outer loop
    vertex 0.05490386335940269 0.02627271245131753 0.00649999999999995
    vertex 0.05619059957073876 0.02772095058112164 0.00649999999999995
    vertex 0.05474999999999999 0.02770096189432334 0.00649999999999995
  endloop
endfacet
facet normal 0 0 1
  outer loop
    vertex 0.005096136640597288 0.01372728754868408 0.00649999999999995
    vertex 0.003809400429261273 0.01227904941887973 0.00649999999999995
    vertex 0.00524999999999998 0.01229903810567666 0.00649999999999995
  endloop
endfacet
facet normal 0 0 1
  outer loop
    vertex 0.003680555555555555 0.01372501815554058 0.00649999999999995
    vertex 0.002097687726356351 0.01383678367035288 0.00649999999999995
    vertex 0.002342463938147216 0.01224460705529788 0.00649999999999995
  endloop
endfacet
facet normal -0 0 1
  outer loop
    vertex 0.05631944444444442 0.02627498184446242 0.00649999999999995
    vertex 0.05790231227364452 0.02616321632964869 0.00649999999999995
    vertex 0.05765753606185357 0.02775539294470165 0.00649999999999995
  endloop
endfacet
facet normal 0 0 1
  outer loop
    vertex 0.05337499999999996 0.02627498184446242 0.00649999999999995
    vertex 0.05319922247642671 0.02771720174889076 0.00649999999999995
    vertex 0.05195459839264502 0.02627452828081811 0.00649999999999995
  endloop
endfacet
facet normal -0 0 1
  outer loop
    vertex 0.00662500000000002 0.01372501815554058 0.00649999999999995
    vertex 0.006800777523573314 0.01228279825111064 0.00649999999999995
    vertex 0.008045401607354969 0.0137254717191835 0.00649999999999995
  endloop
endfacet
facet normal 0 -0 1
  outer loop
    vertex 0.05195459839264502 0.02627452828081811 0.00649999999999995
    vertex 0.05319922247642671 0.02771720174889076 0.00649999999999995
    vertex 0.05175 0.02770096189432334 0.00649999999999995
  endloop
endfacet
facet normal 0 0 1
  outer loop
    vertex 0.008045401607354969 0.0137254717191835 0.00649999999999995
    vertex 0.006800777523573314 0.01228279825111064 0.00649999999999995
    vertex 0.008250000000000007 0.01229903810567666 0.00649999999999995
  endloop
endfacet
facet normal -0 0 1
  outer loop
    vertex 0.02464705882352945 0.022 0.00649999999999995
    vertex 0.02528126134429883 0.02051862304474079 0.00649999999999995
    vertex 0.02611764705882356 0.022 0.00649999999999995
  endloop
endfacet
facet normal -0 0 1
  outer loop
    vertex 0.04523529411764708 0.022 0.00649999999999995
    vertex 0.04585791455379061 0.02051203677986525 0.00649999999999995
    vertex 0.04670588235294119 0.022 0.00649999999999995
  endloop
endfacet
facet normal 0 0 1
  outer loop
    vertex 0.003680555555555555 0.01372501815554058 0.00649999999999995
    vertex 0.002342463938147216 0.01224460705529788 0.00649999999999995
    vertex 0.003809400429261273 0.01227904941887973 0.00649999999999995
  endloop
endfacet
facet normal 0 -0 1
  outer loop
    vertex 0.05631944444444442 0.02627498184446242 0.00649999999999995
    vertex 0.05765753606185357 0.02775539294470165 0.00649999999999995
    vertex 0.05619059957073876 0.02772095058112164 0.00649999999999995
  endloop
endfacet
facet normal 0 -0 1
  outer loop
    vertex 0.02947058823529407 0.018 0.00649999999999995
    vertex 0.03040862639278335 0.01940827293633327 0.00649999999999995
    vertex 0.02889705882352941 0.0193564632203665 0.00649999999999995
  endloop
endfacet
facet normal 0 0 1
  outer loop
    vertex 0.02889705882352941 0.0193564632203665 0.00649999999999995
    vertex 0.03040862639278335 0.01940827293633327 0.00649999999999995
    vertex 0.02976299842529341 0.02070601350369787 0.00649999999999995
  endloop
endfacet
facet normal 0 0 1
  outer loop
    vertex 0.04376470588235297 0.022 0.00649999999999995
    vertex 0.04288054100719928 0.0206633466298178 0.00649999999999995
    vertex 0.04433166868957406 0.02057358962070085 0.00649999999999995
  endloop
endfacet
facet normal 0 0 1
  outer loop
    vertex 0.04433166868957406 0.02057358962070085 0.00649999999999995
    vertex 0.04288054100719928 0.0206633466298178 0.00649999999999995
    vertex 0.0434840748638487 0.01927577012742429 0.00649999999999995
  endloop
endfacet
facet normal -0 0 1
  outer loop
    vertex 0.00524999999999998 0.01229903810567666 0.00649999999999995
    vertex 0.006800777523573314 0.01228279825111064 0.00649999999999995
    vertex 0.00662500000000002 0.01372501815554058 0.00649999999999995
  endloop
endfacet
facet normal 0 0 1
  outer loop
    vertex 0.05474999999999999 0.02770096189432334 0.00649999999999995
    vertex 0.05319922247642671 0.02771720174889076 0.00649999999999995
    vertex 0.05337499999999996 0.02627498184446242 0.00649999999999995
  endloop
endfacet
facet normal 0 0 1
  outer loop
    vertex 0.00662500000000002 0.01372501815554058 0.00649999999999995
    vertex 0.005096136640597288 0.01372728754868408 0.00649999999999995
    vertex 0.00524999999999998 0.01229903810567666 0.00649999999999995
  endloop
endfacet
facet normal -0 0 1
  outer loop
    vertex 0.05337499999999996 0.02627498184446242 0.00649999999999995
    vertex 0.05490386335940269 0.02627271245131753 0.00649999999999995
    vertex 0.05474999999999999 0.02770096189432334 0.00649999999999995
  endloop
endfacet
facet normal 0 0 1
  outer loop
    vertex 0.02673853143467209 0.0205680961752806 0.00649999999999995
    vertex 0.0258946153128317 0.0192688004506525 0.00649999999999995
    vertex 0.0273348578594257 0.01927781385295059 0.00649999999999995
  endloop
endfacet
facet normal 0 0 1
  outer loop
    vertex 0.04733144547103493 0.02057620070952099 0.00649999999999995
    vertex 0.04644496578763488 0.0192178973406002 0.00649999999999995
    vertex 0.04788101362994175 0.01928167360872622 0.00649999999999995
  endloop
endfacet
facet normal 0 0 1
  outer loop
    vertex 0.00956944444444446 0.01372501815554057 0.00649999999999995
    vertex 0.009796166138178422 0.01228498886161707 0.00649999999999995
    vertex 0.01099466657411265 0.01372285977402357 0.00649999999999995
  endloop
endfacet
facet normal 0 0 1
  outer loop
    vertex 0.05043055555555555 0.02627498184446242 0.00649999999999995
    vertex 0.05020383386182158 0.02771501113838432 0.00649999999999995
    vertex 0.04900533342588735 0.02627714022597806 0.00649999999999995
  endloop
endfacet
facet normal 0 0 1
  outer loop
    vertex 0.01099466657411265 0.01372285977402357 0.00649999999999995
    vertex 0.009796166138178422 0.01228498886161707 0.00649999999999995
    vertex 0.01125000000000001 0.01229903810567666 0.00649999999999995
  endloop
endfacet
facet normal 0 -0 1
  outer loop
    vertex 0.04900533342588735 0.02627714022597806 0.00649999999999995
    vertex 0.05020383386182158 0.02771501113838432 0.00649999999999995
    vertex 0.04875000000000001 0.02770096189432335 0.00649999999999995
  endloop
endfacet
facet normal -0 0 1
  outer loop
    vertex 0.02528126134429883 0.02051862304474079 0.00649999999999995
    vertex 0.0258946153128317 0.0192688004506525 0.00649999999999995
    vertex 0.02673853143467209 0.0205680961752806 0.00649999999999995
  endloop
endfacet
facet normal -0 0 1
  outer loop
    vertex 0.04585791455379061 0.02051203677986525 0.00649999999999995
    vertex 0.04644496578763488 0.0192178973406002 0.00649999999999995
    vertex 0.04733144547103493 0.02057620070952099 0.00649999999999995
  endloop
endfacet
facet normal -0 0 1
  outer loop
    vertex 0.008250000000000007 0.01229903810567666 0.00649999999999995
    vertex 0.009796166138178422 0.01228498886161707 0.00649999999999995
    vertex 0.00956944444444446 0.01372501815554057 0.00649999999999995
  endloop
endfacet
facet normal 0 0 1
  outer loop
    vertex 0.05175 0.02770096189432334 0.00649999999999995
    vertex 0.05020383386182158 0.02771501113838432 0.00649999999999995
    vertex 0.05043055555555555 0.02627498184446242 0.00649999999999995
  endloop
endfacet
facet normal 0 0 1
  outer loop
    vertex 0.00956944444444446 0.01372501815554057 0.00649999999999995
    vertex 0.008045401607354969 0.0137254717191835 0.00649999999999995
    vertex 0.008250000000000007 0.01229903810567666 0.00649999999999995
  endloop
endfacet
facet normal -0 0 1
  outer loop
    vertex 0.05043055555555555 0.02627498184446242 0.00649999999999995
    vertex 0.05195459839264502 0.02627452828081811 0.00649999999999995
    vertex 0.05175 0.02770096189432334 0.00649999999999995
  endloop
endfacet
facet normal 0 0 1
  outer loop
    vertex 0.0537345154214211 0.01360543098512074 0.00649999999999995
    vertex 0.05313862499381466 0.01237104451349212 0.00649999999999995
    vertex 0.05469969504522239 0.01238587170643735 0.00649999999999995
  endloop
endfacet
facet normal 0 -0 1
  outer loop
    vertex 0.006265484578575828 0.0263945690148789 0.00649999999999995
    vertex 0.006861375006183491 0.02762895548650876 0.00649999999999995
    vertex 0.005300304954775677 0.02761412829356219 0.00649999999999995
  endloop
endfacet
facet normal 0 0 1
  outer loop
    vertex 0.05469969504522239 0.01238587170643735 0.00649999999999995
    vertex 0.05313862499381466 0.01237104451349212 0.00649999999999995
    vertex 0.05399999999999999 0.011 0.00649999999999995
  endloop
endfacet
facet normal 0 0 1
  outer loop
    vertex 0.005300304954775677 0.02761412829356219 0.00649999999999995
    vertex 0.006861375006183491 0.02762895548650876 0.00649999999999995
    vertex 0.005999999999999998 0.029 0.00649999999999995
  endloop
endfacet
facet normal -0 0 1
  outer loop
    vertex 0.01251388888888891 0.01372501815554058 0.00649999999999995
    vertex 0.01279338470081911 0.01228874129615271 0.00649999999999995
    vertex 0.01398611111111113 0.01373693646942929 0.00649999999999995
  endloop
endfacet
facet normal 0 0 1
  outer loop
    vertex 0.0474861111111111 0.02627498184446242 0.00649999999999995
    vertex 0.04720661529918088 0.02771125870384867 0.00649999999999995
    vertex 0.04601388888888888 0.02626306353057211 0.00649999999999995
  endloop
endfacet
facet normal 0 0 1
  outer loop
    vertex 0.01398611111111113 0.01373693646942929 0.00649999999999995
    vertex 0.01279338470081911 0.01228874129615271 0.00649999999999995
    vertex 0.01425000000000001 0.01229903810567666 0.00649999999999995
  endloop
endfacet
facet normal 0 -0 1
  outer loop
    vertex 0.04601388888888888 0.02626306353057211 0.00649999999999995
    vertex 0.04720661529918088 0.02771125870384867 0.00649999999999995
    vertex 0.04575 0.02770096189432334 0.00649999999999995
  endloop
endfacet
facet normal -0 0 1
  outer loop
    vertex 0.01125000000000001 0.01229903810567666 0.00649999999999995
    vertex 0.01279338470081911 0.01228874129615271 0.00649999999999995
    vertex 0.01251388888888891 0.01372501815554058 0.00649999999999995
  endloop
endfacet
facet normal 0 0 1
  outer loop
    vertex 0.04875000000000001 0.02770096189432335 0.00649999999999995
    vertex 0.04720661529918088 0.02771125870384867 0.00649999999999995
    vertex 0.0474861111111111 0.02627498184446242 0.00649999999999995
  endloop
endfacet
facet normal 0 0 1
  outer loop
    vertex 0.01251388888888891 0.01372501815554058 0.00649999999999995
    vertex 0.01099466657411265 0.01372285977402357 0.00649999999999995
    vertex 0.01125000000000001 0.01229903810567666 0.00649999999999995
  endloop
endfacet
facet normal 0 0 1
  outer loop
    vertex 0.0474861111111111 0.02627498184446242 0.00649999999999995
    vertex 0.04900533342588735 0.02627714022597806 0.00649999999999995
    vertex 0.04875000000000001 0.02770096189432335 0.00649999999999995
  endloop
endfacet
facet normal 0 0 1
  outer loop
    vertex 0.057 0.01924999999999999 0.00649999999999995
    vertex 0.05595795397398784 0.02022540884075687 0.00649999999999995
    vertex 0.05521800831928103 0.01927506478757786 0.00649999999999995
  endloop
endfacet
facet normal 0 0 1
  outer loop
    vertex 0.003 0.02075000000000001 0.00649999999999995
    vertex 0.004042046026012155 0.0197745911592432 0.00649999999999995
    vertex 0.004781991680718925 0.02072493521242228 0.00649999999999995
  endloop
endfacet
facet normal 0 0 1
  outer loop
    vertex 0.04199955917921124 0.01931785530169524 0.00649999999999995
    vertex 0.04142223496627124 0.02066421061244852 0.00649999999999995
    vertex 0.04054227994539368 0.01931485330464004 0.00649999999999995
  endloop
endfacet
facet normal 0 0 1
  outer loop
    vertex 0.03241176470588231 0.018 0.00649999999999995
    vertex 0.03181910947859893 0.01937139577779761 0.00649999999999995
    vertex 0.03094117647058819 0.018 0.00649999999999995
  endloop
endfacet
facet normal 0 0 1
  outer loop
    vertex 0.006264705882352936 0.02072643322972877 0.00649999999999995
    vertex 0.004781991680718925 0.02072493521242228 0.00649999999999995
    vertex 0.005205882352941164 0.01927356677027123 0.00649999999999995
  endloop
endfacet
facet normal 0 0 1
  outer loop
    vertex 0.05373529411764703 0.01927356677027126 0.00649999999999995
    vertex 0.05521800831928103 0.01927506478757786 0.00649999999999995
    vertex 0.05479411764705881 0.02072643322972877 0.00649999999999995
  endloop
endfacet
facet normal 0 0 1
  outer loop
    vertex 0.05521800831928103 0.01927506478757786 0.00649999999999995
    vertex 0.05589864746014411 0.01831804115491384 0.00649999999999995
    vertex 0.057 0.01924999999999999 0.00649999999999995
  endloop
endfacet
facet normal 0 0 1
  outer loop
    vertex 0.004781991680718925 0.02072493521242228 0.00649999999999995
    vertex 0.004101352539855888 0.02168195884508621 0.00649999999999995
    vertex 0.003 0.02075000000000001 0.00649999999999995
  endloop
endfacet
facet normal 0 0 1
  outer loop
    vertex 0.02611764705882356 0.022 0.00649999999999995
    vertex 0.02528126134429883 0.02051862304474079 0.00649999999999995
    vertex 0.02673853143467209 0.0205680961752806 0.00649999999999995
  endloop
endfacet
facet normal 0 0 1
  outer loop
    vertex 0.04670588235294119 0.022 0.00649999999999995
    vertex 0.04585791455379061 0.02051203677986525 0.00649999999999995
    vertex 0.04733144547103493 0.02057620070952099 0.00649999999999995
  endloop
endfacet
facet normal -0 0 1
  outer loop
    vertex 0.01545833333333336 0.01372501815554058 0.00649999999999995
    vertex 0.01575000000000001 0.01227490772462245 0.00649999999999995
    vertex 0.01693055555555558 0.0137309372349574 0.00649999999999995
  endloop
endfacet
facet normal 0 0 1
  outer loop
    vertex 0.04454166666666667 0.02627498184446242 0.00649999999999995
    vertex 0.04425 0.02772509227537914 0.00649999999999995
    vertex 0.04306944444444444 0.02626906276504402 0.00649999999999995
  endloop
endfacet
facet normal 0 0 1
  outer loop
    vertex 0.01693055555555558 0.0137309372349574 0.00649999999999995
    vertex 0.01575000000000001 0.01227490772462245 0.00649999999999995
    vertex 0.01725000000000001 0.01229903810567665 0.00649999999999995
  endloop
endfacet
facet normal 0 -0 1
  outer loop
    vertex 0.04306944444444444 0.02626906276504402 0.00649999999999995
    vertex 0.04425 0.02772509227537914 0.00649999999999995
    vertex 0.04275 0.02770096189432335 0.00649999999999995
  endloop
endfacet
facet normal -0 0 1
  outer loop
    vertex 0.01425000000000001 0.01229903810567666 0.00649999999999995
    vertex 0.01575000000000001 0.01227490772462245 0.00649999999999995
    vertex 0.01545833333333336 0.01372501815554058 0.00649999999999995
  endloop
endfacet
facet normal 0 0 1
  outer loop
    vertex 0.04575 0.02770096189432334 0.00649999999999995
    vertex 0.04425 0.02772509227537914 0.00649999999999995
    vertex 0.04454166666666667 0.02627498184446242 0.00649999999999995
  endloop
endfacet
facet normal 0 0 1
  outer loop
    vertex 0.005205882352941164 0.01927356677027123 0.00649999999999995
    vertex 0.00669293670491005 0.01930208692095528 0.00649999999999995
    vertex 0.006264705882352936 0.02072643322972877 0.00649999999999995
  endloop
endfacet
facet normal 0 0 1
  outer loop
    vertex 0.05479411764705881 0.02072643322972877 0.00649999999999995
    vertex 0.05330706329508995 0.02069791307904473 0.00649999999999995
    vertex 0.05373529411764703 0.01927356677027126 0.00649999999999995
  endloop
endfacet
facet normal 0 0 1
  outer loop
    vertex 0.01545833333333336 0.01372501815554058 0.00649999999999995
    vertex 0.01398611111111113 0.01373693646942929 0.00649999999999995
    vertex 0.01425000000000001 0.01229903810567666 0.00649999999999995
  endloop
endfacet
facet normal -0 0 1
  outer loop
    vertex 0.04454166666666667 0.02627498184446242 0.00649999999999995
    vertex 0.04601388888888888 0.02626306353057211 0.00649999999999995
    vertex 0.04575 0.02770096189432334 0.00649999999999995
  endloop
endfacet
facet normal -0 0 1
  outer loop
    vertex 0.01725000000000001 0.01229903810567665 0.00649999999999995
    vertex 0.01876797738018597 0.01228865886038697 0.00649999999999995
    vertex 0.0184027777777778 0.01372501815554058 0.00649999999999995
  endloop
endfacet
facet normal 0 0 1
  outer loop
    vertex 0.04275 0.02770096189432335 0.00649999999999995
    vertex 0.04123202261981242 0.02771134113961395 0.00649999999999995
    vertex 0.04159722222222223 0.02627498184446242 0.00649999999999995
  endloop
endfacet
facet normal 0 0 1
  outer loop
    vertex 0.03420588235294122 0.02072643322972877 0.00649999999999995
    vertex 0.03266855087747332 0.02072654755985663 0.00649999999999995
    vertex 0.03324478316722371 0.01935271569097408 0.00649999999999995
  endloop
endfacet
facet normal 0 0 1
  outer loop
    vertex 0.049352819780231 0.01929123417377563 0.00649999999999995
    vertex 0.0488284995866984 0.02066892636584532 0.00649999999999995
    vertex 0.04788101362994175 0.01928167360872622 0.00649999999999995
  endloop
endfacet
facet normal 0 0 1
  outer loop
    vertex 0.03611508983259369 0.01928829699221133 0.00649999999999995
    vertex 0.03761933201021936 0.01930308808020293 0.00649999999999995
    vertex 0.03711898637005825 0.02070735957498651 0.00649999999999995
  endloop
endfacet
facet normal 0 0 1
  outer loop
    vertex 0.03094117647058819 0.018 0.00649999999999995
    vertex 0.03040862639278335 0.01940827293633327 0.00649999999999995
    vertex 0.02947058823529407 0.018 0.00649999999999995
  endloop
endfacet
facet normal 0 0 1
  outer loop
    vertex 0.03909515059046913 0.01930700179648487 0.00649999999999995
    vertex 0.04054227994539368 0.01931485330464004 0.00649999999999995
    vertex 0.03999338260699965 0.02068920843853803 0.00649999999999995
  endloop
endfacet
facet normal 0 0 1
  outer loop
    vertex 0.0165319689909357 0.02071162673904653 0.00649999999999995
    vertex 0.01505899776452905 0.02071023312781573 0.00649999999999995
    vertex 0.01552807245347116 0.01929088246101467 0.00649999999999995
  endloop
endfacet
facet normal 0 0 1
  outer loop
    vertex 0.01505899776452905 0.02071023312781573 0.00649999999999995
    vertex 0.01405738083282058 0.01928906403560953 0.00649999999999995
    vertex 0.01552807245347116 0.01929088246101467 0.00649999999999995
  endloop
endfacet
facet normal 0 0 1
  outer loop
    vertex 0.05038235294117649 0.02072643322972877 0.00649999999999995
    vertex 0.0488284995866984 0.02066892636584532 0.00649999999999995
    vertex 0.049352819780231 0.01929123417377563 0.00649999999999995
  endloop
endfacet
facet normal -0 0 1
  outer loop
    vertex 0.01358957460535235 0.02070911753898533 0.00649999999999995
    vertex 0.01405738083282058 0.01928906403560953 0.00649999999999995
    vertex 0.01505899776452905 0.02071023312781573 0.00649999999999995
  endloop
endfacet
facet normal 0 0 1
  outer loop
    vertex 0.01258567806788783 0.01928837326095346 0.00649999999999995
    vertex 0.01405738083282058 0.01928906403560953 0.00649999999999995
    vertex 0.01358957460535235 0.02070911753898533 0.00649999999999995
  endloop
endfacet
facet normal 0 -0 1
  outer loop
    vertex 0.04788101362994175 0.01928167360872622 0.00649999999999995
    vertex 0.0488284995866984 0.02066892636584532 0.00649999999999995
    vertex 0.04733144547103493 0.02057620070952099 0.00649999999999995
  endloop
endfacet
facet normal 0 0 1
  outer loop
    vertex 0.02241432193211217 0.02071338470304536 0.00649999999999995
    vertex 0.02094135070570553 0.02071030939655786 0.00649999999999995
    vertex 0.02141042539464763 0.01929088246101467 0.00649999999999995
  endloop
endfacet
facet normal 0 0 1
  outer loop
    vertex 0.02094135070570553 0.02071030939655786 0.00649999999999995
    vertex 0.01993856869787963 0.01928842496933767 0.00649999999999995
    vertex 0.02141042539464763 0.01929088246101467 0.00649999999999995
  endloop
endfacet
facet normal -0 0 1
  outer loop
    vertex 0.01947192754652883 0.02070911753898533 0.00649999999999995
    vertex 0.01993856869787963 0.01928842496933767 0.00649999999999995
    vertex 0.02094135070570553 0.02071030939655786 0.00649999999999995
  endloop
endfacet
facet normal 0 0 1
  outer loop
    vertex 0.01844117647058821 0.01927356677027123 0.00649999999999995
    vertex 0.01993856869787963 0.01928842496933767 0.00649999999999995
    vertex 0.01947192754652883 0.02070911753898533 0.00649999999999995
  endloop
endfacet
facet normal 0 0 1
  outer loop
    vertex 0.01064963223273874 0.02071172397467031 0.00649999999999995
    vertex 0.009178252634625551 0.02071332706027408 0.00649999999999995
    vertex 0.009646092523499326 0.01929312370324843 0.00649999999999995
  endloop
endfacet
facet normal -0 0 1
  outer loop
    vertex 0.04229411764705885 0.022 0.00649999999999995
    vertex 0.04288054100719928 0.0206633466298178 0.00649999999999995
    vertex 0.04376470588235297 0.022 0.00649999999999995
  endloop
endfacet
facet normal 0 0 1
  outer loop
    vertex 0.04433166868957406 0.02057358962070085 0.00649999999999995
    vertex 0.0434840748638487 0.01927577012742429 0.00649999999999995
    vertex 0.04498498602018933 0.01921604230160718 0.00649999999999995
  endloop
endfacet
facet normal 0 0 1
  outer loop
    vertex 0.0184027777777778 0.01372501815554058 0.00649999999999995
    vertex 0.01693055555555558 0.0137309372349574 0.00649999999999995
    vertex 0.01725000000000001 0.01229903810567665 0.00649999999999995
  endloop
endfacet
facet normal -0 0 1
  outer loop
    vertex 0.04159722222222223 0.02627498184446242 0.00649999999999995
    vertex 0.04306944444444444 0.02626906276504402 0.00649999999999995
    vertex 0.04275 0.02770096189432335 0.00649999999999995
  endloop
endfacet
facet normal 0 0 1
  outer loop
    vertex 0.03711898637005825 0.02070735957498651 0.00649999999999995
    vertex 0.03564834529588645 0.02068247244545597 0.00649999999999995
    vertex 0.03611508983259369 0.01928829699221133 0.00649999999999995
  endloop
endfacet
facet normal 0 0 1
  outer loop
    vertex 0.02976299842529341 0.02070601350369787 0.00649999999999995
    vertex 0.02821839223156288 0.02065068994493603 0.00649999999999995
    vertex 0.02889705882352941 0.0193564632203665 0.00649999999999995
  endloop
endfacet
facet normal -0 0 1
  outer loop
    vertex 0.03324478316722371 0.01935271569097408 0.00649999999999995
    vertex 0.0346808709034962 0.01932815138341661 0.00649999999999995
    vertex 0.03420588235294122 0.02072643322972877 0.00649999999999995
  endloop
endfacet
facet normal 0 0 1
  outer loop
    vertex 0.03999338260699965 0.02068920843853803 0.00649999999999995
    vertex 0.03856290754712731 0.0206766595220751 0.00649999999999995
    vertex 0.03909515059046913 0.01930700179648487 0.00649999999999995
  endloop
endfacet
facet normal 0 0 1
  outer loop
    vertex 0.02141042539464763 0.01929088246101467 0.00649999999999995
    vertex 0.02289846797865933 0.01931982372625153 0.00649999999999995
    vertex 0.02241432193211217 0.02071338470304536 0.00649999999999995
  endloop
endfacet
facet normal 0 0 1
  outer loop
    vertex 0.01358957460535235 0.02070911753898533 0.00649999999999995
    vertex 0.0121190406435835 0.02068209194630023 0.00649999999999995
    vertex 0.01258567806788783 0.01928837326095346 0.00649999999999995
  endloop
endfacet
facet normal 0 0 1
  outer loop
    vertex 0.01552807245347116 0.01929088246101467 0.00649999999999995
    vertex 0.01699871352764297 0.01931744797690534 0.00649999999999995
    vertex 0.0165319689909357 0.02071162673904653 0.00649999999999995
  endloop
endfacet
facet normal 0 0 1
  outer loop
    vertex 0.01947192754652883 0.02070911753898533 0.00649999999999995
    vertex 0.01798848243264031 0.02067961316939596 0.00649999999999995
    vertex 0.01844117647058821 0.01927356677027123 0.00649999999999995
  endloop
endfacet
facet normal 0 0 1
  outer loop
    vertex 0.009646092523499326 0.01929312370324843 0.00649999999999995
    vertex 0.01111754254765716 0.01931819180623598 0.00649999999999995
    vertex 0.01064963223273874 0.02071172397467031 0.00649999999999995
  endloop
endfacet
facet normal 0 0 1
  outer loop
    vertex 0.049352819780231 0.01929123417377563 0.00649999999999995
    vertex 0.05083467592165391 0.01931903641100503 0.00649999999999995
    vertex 0.05038235294117649 0.02072643322972877 0.00649999999999995
  endloop
endfacet
facet normal -0 0 1
  outer loop
    vertex 0.02381734643015453 0.02060479145056 0.00649999999999995
    vertex 0.02528126134429883 0.02051862304474079 0.00649999999999995
    vertex 0.02464705882352945 0.022 0.00649999999999995
  endloop
endfacet
facet normal -0 0 1
  outer loop
    vertex 0.04433166868957406 0.02057358962070085 0.00649999999999995
    vertex 0.04585791455379061 0.02051203677986525 0.00649999999999995
    vertex 0.04523529411764708 0.022 0.00649999999999995
  endloop
endfacet
facet normal 0 0 1
  outer loop
    vertex 0.0184027777777778 0.01372501815554058 0.00649999999999995
    vertex 0.01876797738018597 0.01228865886038697 0.00649999999999995
    vertex 0.01987500000000003 0.01372501815554057 0.00649999999999995
  endloop
endfacet
facet normal 0 0 1
  outer loop
    vertex 0.04159722222222223 0.02627498184446242 0.00649999999999995
    vertex 0.04123202261981242 0.02771134113961395 0.00649999999999995
    vertex 0.04012500000000001 0.02627498184446241 0.00649999999999995
  endloop
endfacet
facet normal -0 0 1
  outer loop
    vertex 0.02025000000000001 0.01229903810567666 0.00649999999999995
    vertex 0.02175996874697074 0.01229328264692963 0.00649999999999995
    vertex 0.02134722222222226 0.01372501815554057 0.00649999999999995
  endloop
endfacet
facet normal 0 0 1
  outer loop
    vertex 0.03974999999999999 0.02770096189432334 0.00649999999999995
    vertex 0.0382400312530277 0.02770671735307127 0.00649999999999995
    vertex 0.0386527777777778 0.02627498184446242 0.00649999999999995
  endloop
endfacet
facet normal 0 0 1
  outer loop
    vertex 0.05249999999999999 0.011 0.00649999999999995
    vertex 0.05165131681824192 0.01236688347398169 0.00649999999999995
    vertex 0.05099999999999999 0.011 0.00649999999999995
  endloop
endfacet
facet normal -0 0 1
  outer loop
    vertex 0.0075 0.029 0.00649999999999995
    vertex 0.008348683181757032 0.02763311652601964 0.00649999999999995
    vertex 0.009000000000000001 0.029 0.00649999999999995
  endloop
endfacet
facet normal 0 0 1
  outer loop
    vertex 0.006264705882352936 0.02072643322972877 0.00649999999999995
    vertex 0.00669293670491005 0.01930208692095528 0.00649999999999995
    vertex 0.007735294117647059 0.02072643322972877 0.00649999999999995
  endloop
endfacet
facet normal 0 0 1
  outer loop
    vertex 0.05373529411764703 0.01927356677027126 0.00649999999999995
    vertex 0.05330706329508995 0.02069791307904473 0.00649999999999995
    vertex 0.05226470588235292 0.01927356677027123 0.00649999999999995
  endloop
endfacet
facet normal 0 0 1
  outer loop
    vertex 0.01987500000000003 0.01372501815554057 0.00649999999999995
    vertex 0.01876797738018597 0.01228865886038697 0.00649999999999995
    vertex 0.02025000000000001 0.01229903810567666 0.00649999999999995
  endloop
endfacet
facet normal 0 -0 1
  outer loop
    vertex 0.04012500000000001 0.02627498184446241 0.00649999999999995
    vertex 0.04123202261981242 0.02771134113961395 0.00649999999999995
    vertex 0.03974999999999999 0.02770096189432334 0.00649999999999995
  endloop
endfacet
facet normal -0 0 1
  outer loop
    vertex 0.02673853143467209 0.0205680961752806 0.00649999999999995
    vertex 0.0273348578594257 0.01927781385295059 0.00649999999999995
    vertex 0.02821839223156288 0.02065068994493603 0.00649999999999995
  endloop
endfacet
facet normal 0 0 1
  outer loop
    vertex 0.02442480594447599 0.01924826963094304 0.00649999999999995
    vertex 0.02381734643015453 0.02060479145056 0.00649999999999995
    vertex 0.02289846797865933 0.01931982372625153 0.00649999999999995
  endloop
endfacet
facet normal 0 -0 1
  outer loop
    vertex 0.03761933201021936 0.01930308808020293 0.00649999999999995
    vertex 0.03856290754712731 0.0206766595220751 0.00649999999999995
    vertex 0.03711898637005825 0.02070735957498651 0.00649999999999995
  endloop
endfacet
facet normal 0 0 1
  outer loop
    vertex 0.02134722222222226 0.01372501815554057 0.00649999999999995
    vertex 0.01987500000000003 0.01372501815554057 0.00649999999999995
    vertex 0.02025000000000001 0.01229903810567666 0.00649999999999995
  endloop
endfacet
facet normal -0 0 1
  outer loop
    vertex 0.0386527777777778 0.02627498184446242 0.00649999999999995
    vertex 0.04012500000000001 0.02627498184446241 0.00649999999999995
    vertex 0.03974999999999999 0.02770096189432334 0.00649999999999995
  endloop
endfacet
facet normal 0 0 1
  outer loop
    vertex 0.009178252634625551 0.02071332706027408 0.00649999999999995
    vertex 0.008155656582591545 0.01932522650726245 0.00649999999999995
    vertex 0.009646092523499326 0.01929312370324843 0.00649999999999995
  endloop
endfacet
facet normal 0 0 1
  outer loop
    vertex 0.05330706329508995 0.02069791307904473 0.00649999999999995
    vertex 0.05184434341740848 0.02067477349273757 0.00649999999999995
    vertex 0.05226470588235292 0.01927356677027123 0.00649999999999995
  endloop
endfacet
facet normal 0 0 1
  outer loop
    vertex 0.00669293670491005 0.01930208692095528 0.00649999999999995
    vertex 0.008155656582591545 0.01932522650726245 0.00649999999999995
    vertex 0.007735294117647059 0.02072643322972877 0.00649999999999995
  endloop
endfacet
facet normal 0 0 1
  outer loop
    vertex 0.02821839223156288 0.02065068994493603 0.00649999999999995
    vertex 0.0273348578594257 0.01927781385295059 0.00649999999999995
    vertex 0.02889705882352941 0.0193564632203665 0.00649999999999995
  endloop
endfacet
facet normal 0 -0 1
  outer loop
    vertex 0.02289846797865933 0.01931982372625153 0.00649999999999995
    vertex 0.02381734643015453 0.02060479145056 0.00649999999999995
    vertex 0.02241432193211217 0.02071338470304536 0.00649999999999995
  endloop
endfacet
facet normal 0 0 1
  outer loop
    vertex 0.03909515059046913 0.01930700179648487 0.00649999999999995
    vertex 0.03856290754712731 0.0206766595220751 0.00649999999999995
    vertex 0.03761933201021936 0.01930308808020293 0.00649999999999995
  endloop
endfacet
facet normal 0 0 1
  outer loop
    vertex 0.02325000000000001 0.01229903810567666 0.00649999999999995
    vertex 0.02281944444444448 0.01372501815554058 0.00649999999999995
    vertex 0.02175996874697074 0.01229328264692963 0.00649999999999995
  endloop
endfacet
facet normal -0 0 1
  outer loop
    vertex 0.03675 0.02770096189432335 0.00649999999999995
    vertex 0.03718055555555558 0.02627498184446241 0.00649999999999995
    vertex 0.0382400312530277 0.02770671735307127 0.00649999999999995
  endloop
endfacet
facet normal 0 -0 1
  outer loop
    vertex 0.02175996874697074 0.01229328264692963 0.00649999999999995
    vertex 0.02281944444444448 0.01372501815554058 0.00649999999999995
    vertex 0.02134722222222226 0.01372501815554057 0.00649999999999995
  endloop
endfacet
facet normal 0 0 1
  outer loop
    vertex 0.0382400312530277 0.02770671735307127 0.00649999999999995
    vertex 0.03718055555555558 0.02627498184446241 0.00649999999999995
    vertex 0.0386527777777778 0.02627498184446242 0.00649999999999995
  endloop
endfacet
facet normal 0 0 1
  outer loop
    vertex 0.02325000000000001 0.01229903810567666 0.00649999999999995
    vertex 0.02477794031499631 0.01230926679404643 0.00649999999999995
    vertex 0.0242916666666667 0.01372501815554058 0.00649999999999995
  endloop
endfacet
facet normal 0 0 1
  outer loop
    vertex 0.03675 0.02770096189432335 0.00649999999999995
    vertex 0.03522245396024845 0.02769092141234445 0.00649999999999995
    vertex 0.03570833333333336 0.02627498184446242 0.00649999999999995
  endloop
endfacet
facet normal 0 0 1
  outer loop
    vertex 0.05399999999999999 0.011 0.00649999999999995
    vertex 0.05313862499381466 0.01237104451349212 0.00649999999999995
    vertex 0.05249999999999999 0.011 0.00649999999999995
  endloop
endfacet
facet normal -0 0 1
  outer loop
    vertex 0.005999999999999998 0.029 0.00649999999999995
    vertex 0.006861375006183491 0.02762895548650876 0.00649999999999995
    vertex 0.0075 0.029 0.00649999999999995
  endloop
endfacet
facet normal 0 0 1
  outer loop
    vertex 0.007735294117647059 0.02072643322972877 0.00649999999999995
    vertex 0.008155656582591545 0.01932522650726245 0.00649999999999995
    vertex 0.009178252634625551 0.02071332706027408 0.00649999999999995
  endloop
endfacet
facet normal 0 -0 1
  outer loop
    vertex 0.04054227994539368 0.01931485330464004 0.00649999999999995
    vertex 0.04142223496627124 0.02066421061244852 0.00649999999999995
    vertex 0.03999338260699965 0.02068920843853803 0.00649999999999995
  endloop
endfacet
facet normal 0 -0 1
  outer loop
    vertex 0.03094117647058819 0.018 0.00649999999999995
    vertex 0.03181910947859893 0.01937139577779761 0.00649999999999995
    vertex 0.03040862639278335 0.01940827293633327 0.00649999999999995
  endloop
endfacet
facet normal 0 0 1
  outer loop
    vertex 0.0242916666666667 0.01372501815554058 0.00649999999999995
    vertex 0.02281944444444448 0.01372501815554058 0.00649999999999995
    vertex 0.02325000000000001 0.01229903810567666 0.00649999999999995
  endloop
endfacet
facet normal -0 0 1
  outer loop
    vertex 0.03570833333333336 0.02627498184446242 0.00649999999999995
    vertex 0.03718055555555558 0.02627498184446241 0.00649999999999995
    vertex 0.03675 0.02770096189432335 0.00649999999999995
  endloop
endfacet
facet normal 0 0 1
  outer loop
    vertex 0.02628078023709107 0.01231422139274994 0.00649999999999995
    vertex 0.02576388888888892 0.01372501815554058 0.00649999999999995
    vertex 0.02477794031499631 0.01230926679404643 0.00649999999999995
  endloop
endfacet
facet normal -0 0 1
  outer loop
    vertex 0.03372830764959045 0.02769011668927126 0.00649999999999995
    vertex 0.03423611111111114 0.02627498184446242 0.00649999999999995
    vertex 0.03522245396024845 0.02769092141234445 0.00649999999999995
  endloop
endfacet
facet normal 0 0 1
  outer loop
    vertex 0.02628078023709107 0.01231422139274994 0.00649999999999995
    vertex 0.02779411069379025 0.01232225243072097 0.00649999999999995
    vertex 0.02723611111111114 0.01372501815554058 0.00649999999999995
  endloop
endfacet
facet normal 0 -0 1
  outer loop
    vertex 0.02477794031499631 0.01230926679404643 0.00649999999999995
    vertex 0.02576388888888892 0.01372501815554058 0.00649999999999995
    vertex 0.0242916666666667 0.01372501815554058 0.00649999999999995
  endloop
endfacet
facet normal 0 0 1
  outer loop
    vertex 0.03522245396024845 0.02769092141234445 0.00649999999999995
    vertex 0.03423611111111114 0.02627498184446242 0.00649999999999995
    vertex 0.03570833333333336 0.02627498184446242 0.00649999999999995
  endloop
endfacet
facet normal 0 0 1
  outer loop
    vertex 0.03372830764959045 0.02769011668927126 0.00649999999999995
    vertex 0.0322106097348522 0.02767848533833076 0.00649999999999995
    vertex 0.03276388888888893 0.02627498184446242 0.00649999999999995
  endloop
endfacet
facet normal 0 0 1
  outer loop
    vertex 0.03420588235294122 0.02072643322972877 0.00649999999999995
    vertex 0.0346808709034962 0.01932815138341661 0.00649999999999995
    vertex 0.03564834529588645 0.02068247244545597 0.00649999999999995
  endloop
endfacet
facet normal 0 0 1
  outer loop
    vertex 0.03564834529588645 0.02068247244545597 0.00649999999999995
    vertex 0.0346808709034962 0.01932815138341661 0.00649999999999995
    vertex 0.03611508983259369 0.01928829699221133 0.00649999999999995
  endloop
endfacet
facet normal 0 -0 1
  outer loop
    vertex 0.01111754254765716 0.01931819180623598 0.00649999999999995
    vertex 0.0121190406435835 0.02068209194630023 0.00649999999999995
    vertex 0.01064963223273874 0.02071172397467031 0.00649999999999995
  endloop
endfacet
facet normal 0 0 1
  outer loop
    vertex 0.01844117647058821 0.01927356677027123 0.00649999999999995
    vertex 0.01798848243264031 0.02067961316939596 0.00649999999999995
    vertex 0.01699871352764297 0.01931744797690534 0.00649999999999995
  endloop
endfacet
facet normal 0 0 1
  outer loop
    vertex 0.01258567806788783 0.01928837326095346 0.00649999999999995
    vertex 0.0121190406435835 0.02068209194630023 0.00649999999999995
    vertex 0.01111754254765716 0.01931819180623598 0.00649999999999995
  endloop
endfacet
facet normal 0 -0 1
  outer loop
    vertex 0.01699871352764297 0.01931744797690534 0.00649999999999995
    vertex 0.01798848243264031 0.02067961316939596 0.00649999999999995
    vertex 0.0165319689909357 0.02071162673904653 0.00649999999999995
  endloop
endfacet
facet normal 0 0 1
  outer loop
    vertex 0.0307334217051306 0.02769011668927126 0.00649999999999995
    vertex 0.03130731544610971 0.02628663821375977 0.00649999999999995
    vertex 0.0322106097348522 0.02767848533833076 0.00649999999999995
  endloop
endfacet
facet normal 0 0 1
  outer loop
    vertex 0.02927403150585254 0.01231422139274994 0.00649999999999995
    vertex 0.02870833333333336 0.01372501815554058 0.00649999999999995
    vertex 0.02779411069379025 0.01232225243072097 0.00649999999999995
  endloop
endfacet
facet normal 0 0 1
  outer loop
    vertex 0.02723611111111114 0.01372501815554058 0.00649999999999995
    vertex 0.02576388888888892 0.01372501815554058 0.00649999999999995
    vertex 0.02628078023709107 0.01231422139274994 0.00649999999999995
  endloop
endfacet
facet normal -0 0 1
  outer loop
    vertex 0.03276388888888893 0.02627498184446242 0.00649999999999995
    vertex 0.03423611111111114 0.02627498184446242 0.00649999999999995
    vertex 0.03372830764959045 0.02769011668927126 0.00649999999999995
  endloop
endfacet
facet normal 0 0 1
  outer loop
    vertex 0.02927403150585254 0.01231422139274994 0.00649999999999995
    vertex 0.03079639044188167 0.01233304242440885 0.00649999999999995
    vertex 0.03018055555555558 0.01372501815554058 0.00649999999999995
  endloop
endfacet
facet normal 0 0 1
  outer loop
    vertex 0.04931944444444441 0.01372501815554057 0.00649999999999995
    vertex 0.0487111342854108 0.01232740882955902 0.00649999999999995
    vertex 0.05016262992944596 0.01237486064308552 0.00649999999999995
  endloop
endfacet
facet normal 0 -0 1
  outer loop
    vertex 0.01068055555555556 0.02627498184446243 0.00649999999999995
    vertex 0.01128886571458916 0.02767259117044168 0.00649999999999995
    vertex 0.009837370070553488 0.0276251393569166 0.00649999999999995
  endloop
endfacet
facet normal 0 0 1
  outer loop
    vertex 0.05424843052308499 0.01581539623844742 0.00649999999999995
    vertex 0.05460278933954281 0.01457727516739494 0.00649999999999995
    vertex 0.055599265138918 0.01576565680020092 0.00649999999999995
  endloop
endfacet
facet normal 0 0 1
  outer loop
    vertex 0.005751569476912445 0.02418460376155251 0.00649999999999995
    vertex 0.005397210660455593 0.02542272483260391 0.00649999999999995
    vertex 0.004400734861081248 0.02423434319979874 0.00649999999999995
  endloop
endfacet
facet normal 0 -0 1
  outer loop
    vertex 0.05083467592165391 0.01931903641100503 0.00649999999999995
    vertex 0.05184434341740848 0.02067477349273757 0.00649999999999995
    vertex 0.05038235294117649 0.02072643322972877 0.00649999999999995
  endloop
endfacet
facet normal 0 0 1
  outer loop
    vertex 0.05226470588235292 0.01927356677027123 0.00649999999999995
    vertex 0.05184434341740848 0.02067477349273757 0.00649999999999995
    vertex 0.05083467592165391 0.01931903641100503 0.00649999999999995
  endloop
endfacet
facet normal 0 0 1
  outer loop
    vertex 0.0307334217051306 0.02769011668927126 0.00649999999999995
    vertex 0.02920735077123562 0.02766819702759792 0.00649999999999995
    vertex 0.02981944444444449 0.02627498184446242 0.00649999999999995
  endloop
endfacet
facet normal 0 0 1
  outer loop
    vertex 0.02773353911842137 0.02768577860725042 0.00649999999999995
    vertex 0.02835791418413103 0.0262860036520861 0.00649999999999995
    vertex 0.02920735077123562 0.02766819702759792 0.00649999999999995
  endloop
endfacet
facet normal 0 0 1
  outer loop
    vertex 0.0322106097348522 0.02767848533833076 0.00649999999999995
    vertex 0.03130731544610971 0.02628663821375977 0.00649999999999995
    vertex 0.03276388888888893 0.02627498184446242 0.00649999999999995
  endloop
endfacet
facet normal 0 -0 1
  outer loop
    vertex 0.02779411069379025 0.01232225243072097 0.00649999999999995
    vertex 0.02870833333333336 0.01372501815554058 0.00649999999999995
    vertex 0.02723611111111114 0.01372501815554058 0.00649999999999995
  endloop
endfacet
facet normal 0 0 1
  outer loop
    vertex 0.03227419588445961 0.01232029470757925 0.00649999999999995
    vertex 0.0337950235135791 0.01235044139632224 0.00649999999999995
    vertex 0.03312500000000001 0.01372501815554058 0.00649999999999995
  endloop
endfacet
facet normal 0 0 1
  outer loop
    vertex 0.03227419588445961 0.01232029470757925 0.00649999999999995
    vertex 0.03164258370806664 0.01371431361011801 0.00649999999999995
    vertex 0.03079639044188167 0.01233304242440885 0.00649999999999995
  endloop
endfacet
facet normal 0 0 1
  outer loop
    vertex 0.0487111342854108 0.01232740882955902 0.00649999999999995
    vertex 0.04785806050196978 0.01371380570934406 0.00649999999999995
    vertex 0.04723312817190367 0.01231422139274994 0.00649999999999995
  endloop
endfacet
facet normal -0 0 1
  outer loop
    vertex 0.01128886571458916 0.02767259117044168 0.00649999999999995
    vertex 0.01214193949803019 0.02628619429065872 0.00649999999999995
    vertex 0.01276687182809634 0.02768577860725042 0.00649999999999995
  endloop
endfacet
facet normal 0 0 1
  outer loop
    vertex 0.0457063679672683 0.01234941928442926 0.00649999999999995
    vertex 0.04492808214984636 0.0136801758903815 0.00649999999999995
    vertex 0.04422730185392845 0.01233225800274444 0.00649999999999995
  endloop
endfacet
facet normal -0 0 1
  outer loop
    vertex 0.01429383416077536 0.02765057082281718 0.00649999999999995
    vertex 0.01507223879722205 0.02631975321154485 0.00649999999999995
    vertex 0.01577391091433353 0.0276676826407278 0.00649999999999995
  endloop
endfacet
facet normal 0 0 1
  outer loop
    vertex 0.02472730185392848 0.02766774199725639 0.00649999999999995
    vertex 0.02542809356502745 0.02631982410962067 0.00649999999999995
    vertex 0.02620643645835461 0.02765058071557194 0.00649999999999995
  endloop
endfacet
facet normal 0 0 1
  outer loop
    vertex 0.04637499999999996 0.01372501815554058 0.00649999999999995
    vertex 0.0457063679672683 0.01234941928442926 0.00649999999999995
    vertex 0.04723312817190367 0.01231422139274994 0.00649999999999995
  endloop
endfacet
facet normal 0 0 1
  outer loop
    vertex 0.02773353911842137 0.02768577860725042 0.00649999999999995
    vertex 0.02620643645835461 0.02765058071557194 0.00649999999999995
    vertex 0.02687500000000003 0.02627498184446243 0.00649999999999995
  endloop
endfacet
facet normal 0 -0 1
  outer loop
    vertex 0.01362500000000001 0.02627498184446243 0.00649999999999995
    vertex 0.01429383416077536 0.02765057082281718 0.00649999999999995
    vertex 0.01276687182809634 0.02768577860725042 0.00649999999999995
  endloop
endfacet
facet normal 0 -0 1
  outer loop
    vertex 0.05016262992944596 0.01237486064308552 0.00649999999999995
    vertex 0.0508271578672447 0.01372247386467045 0.00649999999999995
    vertex 0.04931944444444441 0.01372501815554057 0.00649999999999995
  endloop
endfacet
facet normal 0 0 1
  outer loop
    vertex 0.03018055555555558 0.01372501815554058 0.00649999999999995
    vertex 0.02870833333333336 0.01372501815554058 0.00649999999999995
    vertex 0.02927403150585254 0.01231422139274994 0.00649999999999995
  endloop
endfacet
facet normal 0 0 1
  outer loop
    vertex 0.009837370070553488 0.0276251393569166 0.00649999999999995
    vertex 0.00917284213275419 0.02627752613533242 0.00649999999999995
    vertex 0.01068055555555556 0.02627498184446243 0.00649999999999995
  endloop
endfacet
facet normal 0 0 1
  outer loop
    vertex 0.02981944444444449 0.02627498184446242 0.00649999999999995
    vertex 0.03130731544610971 0.02628663821375977 0.00649999999999995
    vertex 0.0307334217051306 0.02769011668927126 0.00649999999999995
  endloop
endfacet
facet normal 0 0 1
  outer loop
    vertex 0.0382551988738615 0.01231841989796876 0.00649999999999995
    vertex 0.03752649962973019 0.01366353163945704 0.00649999999999995
    vertex 0.03676866717250292 0.01234210138109263 0.00649999999999995
  endloop
endfacet
facet normal 0 -0 1
  outer loop
    vertex 0.0165462432637789 0.02632528396125772 0.00649999999999995
    vertex 0.0172690743748412 0.02765789861890842 0.00649999999999995
    vertex 0.01577391091433353 0.0276676826407278 0.00649999999999995
  endloop
endfacet
facet normal 0 0 1
  outer loop
    vertex 0.04273015585044346 0.0123433535299168 0.00649999999999995
    vertex 0.04196785517352546 0.01368309104016622 0.00649999999999995
    vertex 0.04124103239307303 0.01232848512164302 0.00649999999999995
  endloop
endfacet
facet normal 0 0 1
  outer loop
    vertex 0.02174103239307305 0.02767151487835773 0.00649999999999995
    vertex 0.02246785517352549 0.026316908959836 0.00649999999999995
    vertex 0.02323015585044348 0.0276566464700843 0.00649999999999995
  endloop
endfacet
facet normal 0 0 1
  outer loop
    vertex 0.055599265138918 0.01576565680020092 0.00649999999999995
    vertex 0.05460278933954281 0.01457727516739494 0.00649999999999995
    vertex 0.05584793834516232 0.01430273722793519 0.00649999999999995
  endloop
endfacet
facet normal 0 -0 1
  outer loop
    vertex 0.004400734861081248 0.02423434319979874 0.00649999999999995
    vertex 0.005397210660455593 0.02542272483260391 0.00649999999999995
    vertex 0.004152061654836892 0.02569726277206409 0.00649999999999995
  endloop
endfacet
facet normal 0 0 1
  outer loop
    vertex 0.02920735077123562 0.02766819702759792 0.00649999999999995
    vertex 0.02835791418413103 0.0262860036520861 0.00649999999999995
    vertex 0.02981944444444449 0.02627498184446242 0.00649999999999995
  endloop
endfacet
facet normal 0 0 1
  outer loop
    vertex 0.03527372297479277 0.01233231735927303 0.00649999999999995
    vertex 0.03457221775989179 0.01368041549164702 0.00649999999999995
    vertex 0.0337950235135791 0.01235044139632224 0.00649999999999995
  endloop
endfacet
facet normal 0 0 1
  outer loop
    vertex 0.04048786102510488 0.01365172261296424 0.00649999999999995
    vertex 0.03974734763314112 0.01231463701141093 0.00649999999999995
    vertex 0.04124103239307303 0.01232848512164302 0.00649999999999995
  endloop
endfacet
facet normal 0 0 1
  outer loop
    vertex 0.02174103239307305 0.02767151487835773 0.00649999999999995
    vertex 0.02024753557268187 0.02768536298858958 0.00649999999999995
    vertex 0.02098786102510489 0.0263482773870373 0.00649999999999995
  endloop
endfacet
facet normal 0 -0 1
  outer loop
    vertex 0.03079639044188167 0.01233304242440885 0.00649999999999995
    vertex 0.03164258370806664 0.01371431361011801 0.00649999999999995
    vertex 0.03018055555555558 0.01372501815554058 0.00649999999999995
  endloop
endfacet
facet normal 0 0 1
  outer loop
    vertex 0.04931944444444441 0.01372501815554057 0.00649999999999995
    vertex 0.04785806050196978 0.01371380570934406 0.00649999999999995
    vertex 0.0487111342854108 0.01232740882955902 0.00649999999999995
  endloop
endfacet
facet normal 0 0 1
  outer loop
    vertex 0.01068055555555556 0.02627498184446243 0.00649999999999995
    vertex 0.01214193949803019 0.02628619429065872 0.00649999999999995
    vertex 0.01128886571458916 0.02767259117044168 0.00649999999999995
  endloop
endfacet
facet normal -0 0 1
  outer loop
    vertex 0.0172690743748412 0.02765789861890842 0.00649999999999995
    vertex 0.01802696947858207 0.02633646836054479 0.00649999999999995
    vertex 0.018756326511106 0.02768158010203176 0.00649999999999995
  endloop
endfacet
facet normal 0 0 1
  outer loop
    vertex 0.03527372297479277 0.01233231735927303 0.00649999999999995
    vertex 0.03676866717250292 0.01234210138109263 0.00649999999999995
    vertex 0.0360451156265344 0.01367471603874427 0.00649999999999995
  endloop
endfacet
facet normal 0 0 1
  outer loop
    vertex 0.04345426752232594 0.01367435989957275 0.00649999999999995
    vertex 0.04273015585044346 0.0123433535299168 0.00649999999999995
    vertex 0.04422730185392845 0.01233225800274444 0.00649999999999995
  endloop
endfacet
facet normal 0 0 1
  outer loop
    vertex 0.02472730185392848 0.02766774199725639 0.00649999999999995
    vertex 0.02323015585044348 0.0276566464700843 0.00649999999999995
    vertex 0.02395426752232598 0.02632564010042925 0.00649999999999995
  endloop
endfacet
facet normal 0 -0 1
  outer loop
    vertex 0.04723312817190367 0.01231422139274994 0.00649999999999995
    vertex 0.04785806050196978 0.01371380570934406 0.00649999999999995
    vertex 0.04637499999999996 0.01372501815554058 0.00649999999999995
  endloop
endfacet
facet normal 0 0 1
  outer loop
    vertex 0.03312500000000001 0.01372501815554058 0.00649999999999995
    vertex 0.03164258370806664 0.01371431361011801 0.00649999999999995
    vertex 0.03227419588445961 0.01232029470757925 0.00649999999999995
  endloop
endfacet
facet normal 0 0 1
  outer loop
    vertex 0.01276687182809634 0.02768577860725042 0.00649999999999995
    vertex 0.01214193949803019 0.02628619429065872 0.00649999999999995
    vertex 0.01362500000000001 0.02627498184446243 0.00649999999999995
  endloop
endfacet
facet normal 0 0 1
  outer loop
    vertex 0.02687500000000003 0.02627498184446243 0.00649999999999995
    vertex 0.02835791418413103 0.0262860036520861 0.00649999999999995
    vertex 0.02773353911842137 0.02768577860725042 0.00649999999999995
  endloop
endfacet
facet normal 0 0 1
  outer loop
    vertex 0.04637499999999996 0.01372501815554058 0.00649999999999995
    vertex 0.04492808214984636 0.0136801758903815 0.00649999999999995
    vertex 0.0457063679672683 0.01234941928442926 0.00649999999999995
  endloop
endfacet
facet normal 0 0 1
  outer loop
    vertex 0.02620643645835461 0.02765058071557194 0.00649999999999995
    vertex 0.02542809356502745 0.02631982410962067 0.00649999999999995
    vertex 0.02687500000000003 0.02627498184446243 0.00649999999999995
  endloop
endfacet
facet normal 0 0 1
  outer loop
    vertex 0.01362500000000001 0.02627498184446243 0.00649999999999995
    vertex 0.01507223879722205 0.02631975321154485 0.00649999999999995
    vertex 0.01429383416077536 0.02765057082281718 0.00649999999999995
  endloop
endfacet
facet normal 0 -0 1
  outer loop
    vertex 0.0337950235135791 0.01235044139632224 0.00649999999999995
    vertex 0.03457221775989179 0.01368041549164702 0.00649999999999995
    vertex 0.03312500000000001 0.01372501815554058 0.00649999999999995
  endloop
endfacet
facet normal 0 0 1
  outer loop
    vertex 0.05313862499381466 0.01237104451349212 0.00649999999999995
    vertex 0.05165131681824192 0.01236688347398169 0.00649999999999995
    vertex 0.05249999999999999 0.011 0.00649999999999995
  endloop
endfacet
facet normal 0 0 1
  outer loop
    vertex 0.006861375006183491 0.02762895548650876 0.00649999999999995
    vertex 0.008348683181757032 0.02763311652601964 0.00649999999999995
    vertex 0.0075 0.029 0.00649999999999995
  endloop
endfacet
facet normal 0 0 1
  outer loop
    vertex 0.04345426752232594 0.01367435989957275 0.00649999999999995
    vertex 0.04196785517352546 0.01368309104016622 0.00649999999999995
    vertex 0.04273015585044346 0.0123433535299168 0.00649999999999995
  endloop
endfacet
facet normal 0 0 1
  outer loop
    vertex 0.02323015585044348 0.0276566464700843 0.00649999999999995
    vertex 0.02246785517352549 0.026316908959836 0.00649999999999995
    vertex 0.02395426752232598 0.02632564010042925 0.00649999999999995
  endloop
endfacet
facet normal 0 -0 1
  outer loop
    vertex 0.04422730185392845 0.01233225800274444 0.00649999999999995
    vertex 0.04492808214984636 0.0136801758903815 0.00649999999999995
    vertex 0.04345426752232594 0.01367435989957275 0.00649999999999995
  endloop
endfacet
facet normal 0 0 1
  outer loop
    vertex 0.0360451156265344 0.01367471603874427 0.00649999999999995
    vertex 0.03457221775989179 0.01368041549164702 0.00649999999999995
    vertex 0.03527372297479277 0.01233231735927303 0.00649999999999995
  endloop
endfacet
facet normal -0 0 1
  outer loop
    vertex 0.02395426752232598 0.02632564010042925 0.00649999999999995
    vertex 0.02542809356502745 0.02631982410962067 0.00649999999999995
    vertex 0.02472730185392848 0.02766774199725639 0.00649999999999995
  endloop
endfacet
facet normal 0 0 1
  outer loop
    vertex 0.01577391091433353 0.0276676826407278 0.00649999999999995
    vertex 0.01507223879722205 0.02631975321154485 0.00649999999999995
    vertex 0.0165462432637789 0.02632528396125772 0.00649999999999995
  endloop
endfacet
facet normal 0 -0 1
  outer loop
    vertex 0.03676866717250292 0.01234210138109263 0.00649999999999995
    vertex 0.03752649962973019 0.01366353163945704 0.00649999999999995
    vertex 0.0360451156265344 0.01367471603874427 0.00649999999999995
  endloop
endfacet
facet normal 0 0 1
  outer loop
    vertex 0.0165462432637789 0.02632528396125772 0.00649999999999995
    vertex 0.01802696947858207 0.02633646836054479 0.00649999999999995
    vertex 0.0172690743748412 0.02765789861890842 0.00649999999999995
  endloop
endfacet
facet normal 0 -0 1
  outer loop
    vertex 0.04124103239307303 0.01232848512164302 0.00649999999999995
    vertex 0.04196785517352546 0.01368309104016622 0.00649999999999995
    vertex 0.04048786102510488 0.01365172261296424 0.00649999999999995
  endloop
endfacet
facet normal -0 0 1
  outer loop
    vertex 0.02098786102510489 0.0263482773870373 0.00649999999999995
    vertex 0.02246785517352549 0.026316908959836 0.00649999999999995
    vertex 0.02174103239307305 0.02767151487835773 0.00649999999999995
  endloop
endfacet
facet normal -0 0 1
  outer loop
    vertex 0.03827777777777777 0.015000000000001 0.00649999999999995
    vertex 0.039006682772149 0.0136459525189346 0.00649999999999995
    vertex 0.03974999999999999 0.015000000000001 0.00649999999999995
  endloop
endfacet
facet normal 0 0 1
  outer loop
    vertex 0.02025000000000002 0.025000000000002 0.00649999999999995
    vertex 0.01950683938843295 0.02635404748106684 0.00649999999999995
    vertex 0.01877777777777779 0.025000000000002 0.00649999999999995
  endloop
endfacet
facet normal 0 -0 1
  outer loop
    vertex 0.05469969504522239 0.01238587170643735 0.00649999999999995
    vertex 0.05491224033174175 0.01355887306961724 0.00649999999999995
    vertex 0.0537345154214211 0.01360543098512074 0.00649999999999995
  endloop
endfacet
facet normal 0 0 1
  outer loop
    vertex 0.005300304954775677 0.02761412829356219 0.00649999999999995
    vertex 0.005087759668256305 0.02644112693038148 0.00649999999999995
    vertex 0.006265484578575828 0.0263945690148789 0.00649999999999995
  endloop
endfacet
facet normal 0 0 1
  outer loop
    vertex 0.04048786102510488 0.01365172261296424 0.00649999999999995
    vertex 0.039006682772149 0.0136459525189346 0.00649999999999995
    vertex 0.03974734763314112 0.01231463701141093 0.00649999999999995
  endloop
endfacet
facet normal 0 0 1
  outer loop
    vertex 0.02024753557268187 0.02768536298858958 0.00649999999999995
    vertex 0.01950683938843295 0.02635404748106684 0.00649999999999995
    vertex 0.02098786102510489 0.0263482773870373 0.00649999999999995
  endloop
endfacet
facet normal 0 0 1
  outer loop
    vertex 0.03974999999999999 0.015000000000001 0.00649999999999995
    vertex 0.039006682772149 0.0136459525189346 0.00649999999999995
    vertex 0.04048786102510488 0.01365172261296424 0.00649999999999995
  endloop
endfacet
facet normal 0 0 1
  outer loop
    vertex 0.02098786102510489 0.0263482773870373 0.00649999999999995
    vertex 0.01950683938843295 0.02635404748106684 0.00649999999999995
    vertex 0.02025000000000002 0.025000000000002 0.00649999999999995
  endloop
endfacet
facet normal 0 0 1
  outer loop
    vertex 0.039006682772149 0.0136459525189346 0.00649999999999995
    vertex 0.03752649962973019 0.01366353163945704 0.00649999999999995
    vertex 0.0382551988738615 0.01231841989796876 0.00649999999999995
  endloop
endfacet
facet normal 0 0 1
  outer loop
    vertex 0.018756326511106 0.02768158010203176 0.00649999999999995
    vertex 0.01802696947858207 0.02633646836054479 0.00649999999999995
    vertex 0.01950683938843295 0.02635404748106684 0.00649999999999995
  endloop
endfacet
facet normal 0 0 1
  outer loop
    vertex 0.03827777777777777 0.015000000000001 0.00649999999999995
    vertex 0.03752649962973019 0.01366353163945704 0.00649999999999995
    vertex 0.039006682772149 0.0136459525189346 0.00649999999999995
  endloop
endfacet
facet normal 0 0 1
  outer loop
    vertex 0.01950683938843295 0.02635404748106684 0.00649999999999995
    vertex 0.01802696947858207 0.02633646836054479 0.00649999999999995
    vertex 0.01877777777777779 0.025000000000002 0.00649999999999995
  endloop
endfacet
facet normal 0 0 1
  outer loop
    vertex 0.008882352941176459 0.018 0.00649999999999995
    vertex 0.008155656582591545 0.01932522650726245 0.00649999999999995
    vertex 0.007411764705882344 0.018 0.00649999999999995
  endloop
endfacet
facet normal -0 0 1
  outer loop
    vertex 0.05111764705882355 0.022 0.00649999999999995
    vertex 0.05184434341740848 0.02067477349273757 0.00649999999999995
    vertex 0.05258823529411766 0.022 0.00649999999999995
  endloop
endfacet
facet normal 0 0 1
  outer loop
    vertex 0.007 0.025 0.00649999999999995
    vertex 0.005397210660455593 0.02542272483260391 0.00649999999999995
    vertex 0.005751569476912445 0.02418460376155251 0.00649999999999995
  endloop
endfacet
facet normal -0 0 1
  outer loop
    vertex 0.053 0.015 0.00649999999999995
    vertex 0.05460278933954281 0.01457727516739494 0.00649999999999995
    vertex 0.05424843052308499 0.01581539623844742 0.00649999999999995
  endloop
endfacet
facet normal 0 -0 1
  outer loop
    vertex 0.005941176470588229 0.018 0.00649999999999995
    vertex 0.00669293670491005 0.01930208692095528 0.00649999999999995
    vertex 0.005205882352941164 0.01927356677027123 0.00649999999999995
  endloop
endfacet
facet normal 0 0 1
  outer loop
    vertex 0.05405882352941177 0.022 0.00649999999999995
    vertex 0.05330706329508995 0.02069791307904473 0.00649999999999995
    vertex 0.05479411764705881 0.02072643322972877 0.00649999999999995
  endloop
endfacet
facet normal 0 0 1
  outer loop
    vertex 0.04288054100719928 0.0206633466298178 0.00649999999999995
    vertex 0.04142223496627124 0.02066421061244852 0.00649999999999995
    vertex 0.04199955917921124 0.01931785530169524 0.00649999999999995
  endloop
endfacet
facet normal 0 0 1
  outer loop
    vertex 0.03324478316722371 0.01935271569097408 0.00649999999999995
    vertex 0.03181910947859893 0.01937139577779761 0.00649999999999995
    vertex 0.03241176470588231 0.018 0.00649999999999995
  endloop
endfacet
facet normal 0 -0 1
  outer loop
    vertex 0.007411764705882344 0.018 0.00649999999999995
    vertex 0.008155656582591545 0.01932522650726245 0.00649999999999995
    vertex 0.00669293670491005 0.01930208692095528 0.00649999999999995
  endloop
endfacet
facet normal 0 0 1
  outer loop
    vertex 0.05258823529411766 0.022 0.00649999999999995
    vertex 0.05184434341740848 0.02067477349273757 0.00649999999999995
    vertex 0.05330706329508995 0.02069791307904473 0.00649999999999995
  endloop
endfacet
facet normal 0 0 1
  outer loop
    vertex 0.05152941176470588 0.018 0.00649999999999995
    vertex 0.05083467592165391 0.01931903641100503 0.00649999999999995
    vertex 0.05005882352941175 0.018 0.00649999999999995
  endloop
endfacet
facet normal -0 0 1
  outer loop
    vertex 0.01141176470588236 0.022 0.00649999999999995
    vertex 0.0121190406435835 0.02068209194630023 0.00649999999999995
    vertex 0.01288235294117648 0.022 0.00649999999999995
  endloop
endfacet
facet normal 0 0 1
  outer loop
    vertex 0.01770588235294115 0.018 0.00649999999999995
    vertex 0.01699871352764297 0.01931744797690534 0.00649999999999995
    vertex 0.01623529411764703 0.018 0.00649999999999995
  endloop
endfacet
facet normal -0 0 1
  outer loop
    vertex 0.03788235294117651 0.022 0.00649999999999995
    vertex 0.03856290754712731 0.0206766595220751 0.00649999999999995
    vertex 0.03935294117647062 0.022 0.00649999999999995
  endloop
endfacet
facet normal -0 0 1
  outer loop
    vertex 0.01729411764705884 0.022 0.00649999999999995
    vertex 0.01798848243264031 0.02067961316939596 0.00649999999999995
    vertex 0.01876470588235296 0.022 0.00649999999999995
  endloop
endfacet
facet normal -0 0 1
  outer loop
    vertex 0.03494117647058827 0.022 0.00649999999999995
    vertex 0.03564834529588645 0.02068247244545597 0.00649999999999995
    vertex 0.03641176470588239 0.022 0.00649999999999995
  endloop
endfacet
facet normal 0 0 1
  outer loop
    vertex 0.01182352941176469 0.018 0.00649999999999995
    vertex 0.01111754254765716 0.01931819180623598 0.00649999999999995
    vertex 0.01035294117647057 0.018 0.00649999999999995
  endloop
endfacet
facet normal 0 0 1
  outer loop
    vertex 0.02358823529411761 0.018 0.00649999999999995
    vertex 0.02289846797865933 0.01931982372625153 0.00649999999999995
    vertex 0.0221176470588235 0.018 0.00649999999999995
  endloop
endfacet
facet normal 0 0 1
  outer loop
    vertex 0.03535294117647055 0.018 0.00649999999999995
    vertex 0.0346808709034962 0.01932815138341661 0.00649999999999995
    vertex 0.03388235294117643 0.018 0.00649999999999995
  endloop
endfacet
facet normal -0 0 1
  outer loop
    vertex 0.02758823529411768 0.022 0.00649999999999995
    vertex 0.02821839223156288 0.02065068994493603 0.00649999999999995
    vertex 0.0290588235294118 0.022 0.00649999999999995
  endloop
endfacet
facet normal 0 -0 1
  outer loop
    vertex 0.0558092150697964 0.0171875 0.00649999999999995
    vertex 0.05589864746014411 0.01831804115491384 0.00649999999999995
    vertex 0.0544660139116431 0.01800264098699135 0.00649999999999995
  endloop
endfacet
facet normal 0 0 1
  outer loop
    vertex 0.004190784930203598 0.02281250000000001 0.00649999999999995
    vertex 0.004101352539855888 0.02168195884508621 0.00649999999999995
    vertex 0.005533986088356931 0.02199735901300875 0.00649999999999995
  endloop
endfacet
facet normal 0 0 1
  outer loop
    vertex 0.006265484578575828 0.0263945690148789 0.00649999999999995
    vertex 0.005397210660455593 0.02542272483260391 0.00649999999999995
    vertex 0.007 0.025 0.00649999999999995
  endloop
endfacet
facet normal 0 -0 1
  outer loop
    vertex 0.0537345154214211 0.01360543098512074 0.00649999999999995
    vertex 0.05460278933954281 0.01457727516739494 0.00649999999999995
    vertex 0.053 0.015 0.00649999999999995
  endloop
endfacet
facet normal 0 -0 1
  outer loop
    vertex 0.04498498602018933 0.01921604230160718 0.00649999999999995
    vertex 0.04585791455379061 0.02051203677986525 0.00649999999999995
    vertex 0.04433166868957406 0.02057358962070085 0.00649999999999995
  endloop
endfacet
facet normal 0 -0 1
  outer loop
    vertex 0.02442480594447599 0.01924826963094304 0.00649999999999995
    vertex 0.02528126134429883 0.02051862304474079 0.00649999999999995
    vertex 0.02381734643015453 0.02060479145056 0.00649999999999995
  endloop
endfacet
facet normal 0 0 1
  outer loop
    vertex 0.007411764705882344 0.018 0.00649999999999995
    vertex 0.00669293670491005 0.01930208692095528 0.00649999999999995
    vertex 0.005941176470588229 0.018 0.00649999999999995
  endloop
endfacet
facet normal -0 0 1
  outer loop
    vertex 0.05258823529411766 0.022 0.00649999999999995
    vertex 0.05330706329508995 0.02069791307904473 0.00649999999999995
    vertex 0.05405882352941177 0.022 0.00649999999999995
  endloop
endfacet
facet normal 0 -0 1
  outer loop
    vertex 0.05099999999999999 0.011 0.00649999999999995
    vertex 0.05165131681824192 0.01236688347398169 0.00649999999999995
    vertex 0.05016262992944596 0.01237486064308552 0.00649999999999995
  endloop
endfacet
facet normal 0 0 1
  outer loop
    vertex 0.009000000000000001 0.029 0.00649999999999995
    vertex 0.008348683181757032 0.02763311652601964 0.00649999999999995
    vertex 0.009837370070553488 0.0276251393569166 0.00649999999999995
  endloop
endfacet
facet normal 0 0 1
  outer loop
    vertex 0.007 0.025 0.00649999999999995
    vertex 0.005751569476912445 0.02418460376155251 0.00649999999999995
    vertex 0.007 0.0235 0.00649999999999995
  endloop
endfacet
facet normal 0 -0 1
  outer loop
    vertex 0.053 0.015 0.00649999999999995
    vertex 0.05424843052308499 0.01581539623844742 0.00649999999999995
    vertex 0.052999999999997 0.0165 0.00649999999999995
  endloop
endfacet
facet normal 0 0 1
  outer loop
    vertex 0.005533986088356931 0.02199735901300875 0.00649999999999995
    vertex 0.004781991680718925 0.02072493521242228 0.00649999999999995
    vertex 0.006264705882352936 0.02072643322972877 0.00649999999999995
  endloop
endfacet
facet normal 0 -0 1
  outer loop
    vertex 0.0544660139116431 0.01800264098699135 0.00649999999999995
    vertex 0.05521800831928103 0.01927506478757786 0.00649999999999995
    vertex 0.05373529411764703 0.01927356677027126 0.00649999999999995
  endloop
endfacet
facet normal 0 0 1
  outer loop
    vertex 0.0555 0.011 0.00649999999999995
    vertex 0.05469969504522239 0.01238587170643735 0.00649999999999995
    vertex 0.05399999999999999 0.011 0.00649999999999995
  endloop
endfacet
facet normal -0 0 1
  outer loop
    vertex 0.004499999999999997 0.029 0.00649999999999995
    vertex 0.005300304954775677 0.02761412829356219 0.00649999999999995
    vertex 0.005999999999999998 0.029 0.00649999999999995
  endloop
endfacet
facet normal -0 0 1
  outer loop
    vertex 0.05038235294117649 0.02072643322972877 0.00649999999999995
    vertex 0.05184434341740848 0.02067477349273757 0.00649999999999995
    vertex 0.05111764705882355 0.022 0.00649999999999995
  endloop
endfacet
facet normal 0 0 1
  outer loop
    vertex 0.009646092523499326 0.01929312370324843 0.00649999999999995
    vertex 0.008155656582591545 0.01932522650726245 0.00649999999999995
    vertex 0.008882352941176459 0.018 0.00649999999999995
  endloop
endfacet
facet normal 0 0 1
  outer loop
    vertex 0.01258567806788783 0.01928837326095346 0.00649999999999995
    vertex 0.01111754254765716 0.01931819180623598 0.00649999999999995
    vertex 0.01182352941176469 0.018 0.00649999999999995
  endloop
endfacet
facet normal 0 -0 1
  outer loop
    vertex 0.05005882352941175 0.018 0.00649999999999995
    vertex 0.05083467592165391 0.01931903641100503 0.00649999999999995
    vertex 0.049352819780231 0.01929123417377563 0.00649999999999995
  endloop
endfacet
facet normal -0 0 1
  outer loop
    vertex 0.03711898637005825 0.02070735957498651 0.00649999999999995
    vertex 0.03856290754712731 0.0206766595220751 0.00649999999999995
    vertex 0.03788235294117651 0.022 0.00649999999999995
  endloop
endfacet
facet normal 0 -0 1
  outer loop
    vertex 0.01623529411764703 0.018 0.00649999999999995
    vertex 0.01699871352764297 0.01931744797690534 0.00649999999999995
    vertex 0.01552807245347116 0.01929088246101467 0.00649999999999995
  endloop
endfacet
facet normal 0 0 1
  outer loop
    vertex 0.05226470588235292 0.01927356677027123 0.00649999999999995
    vertex 0.05083467592165391 0.01931903641100503 0.00649999999999995
    vertex 0.05152941176470588 0.018 0.00649999999999995
  endloop
endfacet
facet normal -0 0 1
  outer loop
    vertex 0.01064963223273874 0.02071172397467031 0.00649999999999995
    vertex 0.0121190406435835 0.02068209194630023 0.00649999999999995
    vertex 0.01141176470588236 0.022 0.00649999999999995
  endloop
endfacet
facet normal 0 0 1
  outer loop
    vertex 0.02442480594447599 0.01924826963094304 0.00649999999999995
    vertex 0.02289846797865933 0.01931982372625153 0.00649999999999995
    vertex 0.02358823529411761 0.018 0.00649999999999995
  endloop
endfacet
facet normal 0 0 1
  outer loop
    vertex 0.01876470588235296 0.022 0.00649999999999995
    vertex 0.01798848243264031 0.02067961316939596 0.00649999999999995
    vertex 0.01947192754652883 0.02070911753898533 0.00649999999999995
  endloop
endfacet
facet normal 0 0 1
  outer loop
    vertex 0.01844117647058821 0.01927356677027123 0.00649999999999995
    vertex 0.01699871352764297 0.01931744797690534 0.00649999999999995
    vertex 0.01770588235294115 0.018 0.00649999999999995
  endloop
endfacet
facet normal 0 0 1
  outer loop
    vertex 0.01288235294117648 0.022 0.00649999999999995
    vertex 0.0121190406435835 0.02068209194630023 0.00649999999999995
    vertex 0.01358957460535235 0.02070911753898533 0.00649999999999995
  endloop
endfacet
facet normal 0 0 1
  outer loop
    vertex 0.02673853143467209 0.0205680961752806 0.00649999999999995
    vertex 0.02821839223156288 0.02065068994493603 0.00649999999999995
    vertex 0.02758823529411768 0.022 0.00649999999999995
  endloop
endfacet
facet normal 0 0 1
  outer loop
    vertex 0.03935294117647062 0.022 0.00649999999999995
    vertex 0.03856290754712731 0.0206766595220751 0.00649999999999995
    vertex 0.03999338260699965 0.02068920843853803 0.00649999999999995
  endloop
endfacet
facet normal -0 0 1
  outer loop
    vertex 0.0165319689909357 0.02071162673904653 0.00649999999999995
    vertex 0.01798848243264031 0.02067961316939596 0.00649999999999995
    vertex 0.01729411764705884 0.022 0.00649999999999995
  endloop
endfacet
facet normal 0 0 1
  outer loop
    vertex 0.03611508983259369 0.01928829699221133 0.00649999999999995
    vertex 0.0346808709034962 0.01932815138341661 0.00649999999999995
    vertex 0.03535294117647055 0.018 0.00649999999999995
  endloop
endfacet
facet normal 0 -0 1
  outer loop
    vertex 0.01035294117647057 0.018 0.00649999999999995
    vertex 0.01111754254765716 0.01931819180623598 0.00649999999999995
    vertex 0.009646092523499326 0.01929312370324843 0.00649999999999995
  endloop
endfacet
facet normal 0 0 1
  outer loop
    vertex 0.0290588235294118 0.022 0.00649999999999995
    vertex 0.02821839223156288 0.02065068994493603 0.00649999999999995
    vertex 0.02976299842529341 0.02070601350369787 0.00649999999999995
  endloop
endfacet
facet normal 0 -0 1
  outer loop
    vertex 0.03388235294117643 0.018 0.00649999999999995
    vertex 0.0346808709034962 0.01932815138341661 0.00649999999999995
    vertex 0.03324478316722371 0.01935271569097408 0.00649999999999995
  endloop
endfacet
facet normal 0 -0 1
  outer loop
    vertex 0.0221176470588235 0.018 0.00649999999999995
    vertex 0.02289846797865933 0.01931982372625153 0.00649999999999995
    vertex 0.02141042539464763 0.01929088246101467 0.00649999999999995
  endloop
endfacet
facet normal 0 0 1
  outer loop
    vertex 0.03641176470588239 0.022 0.00649999999999995
    vertex 0.03564834529588645 0.02068247244545597 0.00649999999999995
    vertex 0.03711898637005825 0.02070735957498651 0.00649999999999995
  endloop
endfacet
facet normal -0 0 1
  outer loop
    vertex 0.03420588235294122 0.02072643322972877 0.00649999999999995
    vertex 0.03564834529588645 0.02068247244545597 0.00649999999999995
    vertex 0.03494117647058827 0.022 0.00649999999999995
  endloop
endfacet
facet normal 0 0 1
  outer loop
    vertex 0.042 0.029 0.00649999999999995
    vertex 0.04123202261981242 0.02771134113961395 0.00649999999999995
    vertex 0.04275 0.02770096189432335 0.00649999999999995
  endloop
endfacet
facet normal 0 -0 1
  outer loop
    vertex 0.01800000000000001 0.011 0.00649999999999995
    vertex 0.01876797738018597 0.01228865886038697 0.00649999999999995
    vertex 0.01725000000000001 0.01229903810567665 0.00649999999999995
  endloop
endfacet
facet normal 0 0 1
  outer loop
    vertex 0.053 0.018 0.00649999999999995
    vertex 0.0544660139116431 0.01800264098699135 0.00649999999999995
    vertex 0.05373529411764703 0.01927356677027126 0.00649999999999995
  endloop
endfacet
facet normal 0 0 1
  outer loop
    vertex 0.007 0.022 0.00649999999999995
    vertex 0.005533986088356931 0.02199735901300875 0.00649999999999995
    vertex 0.006264705882352936 0.02072643322972877 0.00649999999999995
  endloop
endfacet
facet normal 0 0 1
  outer loop
    vertex 0.005941176470588229 0.018 0.00649999999999995
    vertex 0.005205882352941164 0.01927356677027123 0.00649999999999995
    vertex 0.004470588235294115 0.018 0.00649999999999995
  endloop
endfacet
facet normal -0 0 1
  outer loop
    vertex 0.05405882352941177 0.022 0.00649999999999995
    vertex 0.05479411764705881 0.02072643322972877 0.00649999999999995
    vertex 0.05552941176470589 0.022 0.00649999999999995
  endloop
endfacet
facet normal 0 0 1
  outer loop
    vertex 0.03899999999999999 0.029 0.00649999999999995
    vertex 0.0382400312530277 0.02770671735307127 0.00649999999999995
    vertex 0.03974999999999999 0.02770096189432334 0.00649999999999995
  endloop
endfacet
facet normal 0 -0 1
  outer loop
    vertex 0.02100000000000001 0.011 0.00649999999999995
    vertex 0.02175996874697074 0.01229328264692963 0.00649999999999995
    vertex 0.02025000000000001 0.01229903810567666 0.00649999999999995
  endloop
endfacet
facet normal 0 0 1
  outer loop
    vertex 0.009837370070553488 0.0276251393569166 0.00649999999999995
    vertex 0.01128886571458916 0.02767259117044168 0.00649999999999995
    vertex 0.0105 0.029 0.00649999999999995
  endloop
endfacet
facet normal -0 0 1
  outer loop
    vertex 0.02174103239307305 0.02767151487835773 0.00649999999999995
    vertex 0.02323015585044348 0.0276566464700843 0.00649999999999995
    vertex 0.02250000000000001 0.029 0.00649999999999995
  endloop
endfacet
facet normal -0 0 1
  outer loop
    vertex 0.0307334217051306 0.02769011668927126 0.00649999999999995
    vertex 0.0322106097348522 0.02767848533833076 0.00649999999999995
    vertex 0.03149999999999999 0.029 0.00649999999999995
  endloop
endfacet
facet normal -0 0 1
  outer loop
    vertex 0.01577391091433353 0.0276676826407278 0.00649999999999995
    vertex 0.0172690743748412 0.02765789861890842 0.00649999999999995
    vertex 0.01650000000000001 0.029 0.00649999999999995
  endloop
endfacet
facet normal -0 0 1
  outer loop
    vertex 0.02773353911842137 0.02768577860725042 0.00649999999999995
    vertex 0.02920735077123562 0.02766819702759792 0.00649999999999995
    vertex 0.0285 0.029 0.00649999999999995
  endloop
endfacet
facet normal 0 -0 1
  outer loop
    vertex 0.042 0.011 0.00649999999999995
    vertex 0.04273015585044346 0.0123433535299168 0.00649999999999995
    vertex 0.04124103239307303 0.01232848512164302 0.00649999999999995
  endloop
endfacet
facet normal 0 0 1
  outer loop
    vertex 0.01500000000000001 0.029 0.00649999999999995
    vertex 0.01429383416077536 0.02765057082281718 0.00649999999999995
    vertex 0.01577391091433353 0.0276676826407278 0.00649999999999995
  endloop
endfacet
facet normal 0 0 1
  outer loop
    vertex 0.03599999999999999 0.029 0.00649999999999995
    vertex 0.03522245396024845 0.02769092141234445 0.00649999999999995
    vertex 0.03675 0.02770096189432335 0.00649999999999995
  endloop
endfacet
facet normal -0 0 1
  outer loop
    vertex 0.02472730185392848 0.02766774199725639 0.00649999999999995
    vertex 0.02620643645835461 0.02765058071557194 0.00649999999999995
    vertex 0.0255 0.029 0.00649999999999995
  endloop
endfacet
facet normal 0 0 1
  outer loop
    vertex 0.021 0.029 0.00649999999999995
    vertex 0.02024753557268187 0.02768536298858958 0.00649999999999995
    vertex 0.02174103239307305 0.02767151487835773 0.00649999999999995
  endloop
endfacet
facet normal 0 -0 1
  outer loop
    vertex 0.02700000000000001 0.011 0.00649999999999995
    vertex 0.02779411069379025 0.01232225243072097 0.00649999999999995
    vertex 0.02628078023709107 0.01231422139274994 0.00649999999999995
  endloop
endfacet
facet normal 0 -0 1
  outer loop
    vertex 0.045 0.011 0.00649999999999995
    vertex 0.0457063679672683 0.01234941928442926 0.00649999999999995
    vertex 0.04422730185392845 0.01233225800274444 0.00649999999999995
  endloop
endfacet
facet normal 0 -0 1
  outer loop
    vertex 0.03300000000000001 0.011 0.00649999999999995
    vertex 0.0337950235135791 0.01235044139632224 0.00649999999999995
    vertex 0.03227419588445961 0.01232029470757925 0.00649999999999995
  endloop
endfacet
facet normal 0 -0 1
  outer loop
    vertex 0.03000000000000001 0.011 0.00649999999999995
    vertex 0.03079639044188167 0.01233304242440885 0.00649999999999995
    vertex 0.02927403150585254 0.01231422139274994 0.00649999999999995
  endloop
endfacet
facet normal 0 -0 1
  outer loop
    vertex 0.02400000000000001 0.011 0.00649999999999995
    vertex 0.02477794031499631 0.01230926679404643 0.00649999999999995
    vertex 0.02325000000000001 0.01229903810567666 0.00649999999999995
  endloop
endfacet
facet normal 0 0 1
  outer loop
    vertex 0.0382551988738615 0.01231841989796876 0.00649999999999995
    vertex 0.03676866717250292 0.01234210138109263 0.00649999999999995
    vertex 0.0375 0.011 0.00649999999999995
  endloop
endfacet
facet normal 0 0 1
  outer loop
    vertex 0.05016262992944596 0.01237486064308552 0.00649999999999995
    vertex 0.0487111342854108 0.01232740882955902 0.00649999999999995
    vertex 0.04949999999999999 0.011 0.00649999999999995
  endloop
endfacet
facet normal 0 0 1
  outer loop
    vertex 0.04124103239307303 0.01232848512164302 0.00649999999999995
    vertex 0.03974734763314112 0.01231463701141093 0.00649999999999995
    vertex 0.04050000000000001 0.011 0.00649999999999995
  endloop
endfacet
facet normal 0 0 1
  outer loop
    vertex 0.03974734763314112 0.01231463701141093 0.00649999999999995
    vertex 0.039006682772149 0.0136459525189346 0.00649999999999995
    vertex 0.0382551988738615 0.01231841989796876 0.00649999999999995
  endloop
endfacet
facet normal -0 0 1
  outer loop
    vertex 0.018756326511106 0.02768158010203176 0.00649999999999995
    vertex 0.01950683938843295 0.02635404748106684 0.00649999999999995
    vertex 0.02024753557268187 0.02768536298858958 0.00649999999999995
  endloop
endfacet
facet normal 0 -0 1
  outer loop
    vertex 0.053 0.018 0.00649999999999995
    vertex 0.05373529411764703 0.01927356677027126 0.00649999999999995
    vertex 0.05226470588235292 0.01927356677027123 0.00649999999999995
  endloop
endfacet
facet normal 0 0 1
  outer loop
    vertex 0.007 0.022 0.00649999999999995
    vertex 0.006264705882352936 0.02072643322972877 0.00649999999999995
    vertex 0.007735294117647059 0.02072643322972877 0.00649999999999995
  endloop
endfacet
facet normal 0 0 1
  outer loop
    vertex 0.03 0.029 0.00649999999999995
    vertex 0.02920735077123562 0.02766819702759792 0.00649999999999995
    vertex 0.0307334217051306 0.02769011668927126 0.00649999999999995
  endloop
endfacet
facet normal 0 0 1
  outer loop
    vertex 0.01200000000000001 0.029 0.00649999999999995
    vertex 0.01128886571458916 0.02767259117044168 0.00649999999999995
    vertex 0.01276687182809634 0.02768577860725042 0.00649999999999995
  endloop
endfacet
facet normal 0 0 1
  outer loop
    vertex 0.033 0.029 0.00649999999999995
    vertex 0.0322106097348522 0.02767848533833076 0.00649999999999995
    vertex 0.03372830764959045 0.02769011668927126 0.00649999999999995
  endloop
endfacet
facet normal 0 0 1
  outer loop
    vertex 0.03227419588445961 0.01232029470757925 0.00649999999999995
    vertex 0.03079639044188167 0.01233304242440885 0.00649999999999995
    vertex 0.03150000000000001 0.011 0.00649999999999995
  endloop
endfacet
facet normal 0 0 1
  outer loop
    vertex 0.03372830764959045 0.02769011668927126 0.00649999999999995
    vertex 0.03522245396024845 0.02769092141234445 0.00649999999999995
    vertex 0.0345 0.029 0.00649999999999995
  endloop
endfacet
facet normal 0 0 1
  outer loop
    vertex 0.01800000000000001 0.029 0.00649999999999995
    vertex 0.0172690743748412 0.02765789861890842 0.00649999999999995
    vertex 0.018756326511106 0.02768158010203176 0.00649999999999995
  endloop
endfacet
facet normal 0 0 1
  outer loop
    vertex 0.02927403150585254 0.01231422139274994 0.00649999999999995
    vertex 0.02779411069379025 0.01232225243072097 0.00649999999999995
    vertex 0.02850000000000001 0.011 0.00649999999999995
  endloop
endfacet
facet normal 0 0 1
  outer loop
    vertex 0.027 0.029 0.00649999999999995
    vertex 0.02620643645835461 0.02765058071557194 0.00649999999999995
    vertex 0.02773353911842137 0.02768577860725042 0.00649999999999995
  endloop
endfacet
facet normal -0 0 1
  outer loop
    vertex 0.01276687182809634 0.02768577860725042 0.00649999999999995
    vertex 0.01429383416077536 0.02765057082281718 0.00649999999999995
    vertex 0.01350000000000001 0.029 0.00649999999999995
  endloop
endfacet
facet normal 0 -0 1
  outer loop
    vertex 0.039 0.011 0.00649999999999995
    vertex 0.03974734763314112 0.01231463701141093 0.00649999999999995
    vertex 0.0382551988738615 0.01231841989796876 0.00649999999999995
  endloop
endfacet
facet normal 0 -0 1
  outer loop
    vertex 0.036 0.011 0.00649999999999995
    vertex 0.03676866717250292 0.01234210138109263 0.00649999999999995
    vertex 0.03527372297479277 0.01233231735927303 0.00649999999999995
  endloop
endfacet
facet normal 0 0 1
  outer loop
    vertex 0.02628078023709107 0.01231422139274994 0.00649999999999995
    vertex 0.02477794031499631 0.01230926679404643 0.00649999999999995
    vertex 0.02550000000000001 0.011 0.00649999999999995
  endloop
endfacet
facet normal 0 0 1
  outer loop
    vertex 0.018756326511106 0.02768158010203176 0.00649999999999995
    vertex 0.02024753557268187 0.02768536298858958 0.00649999999999995
    vertex 0.01950000000000001 0.029 0.00649999999999995
  endloop
endfacet
facet normal 0 0 1
  outer loop
    vertex 0.03527372297479277 0.01233231735927303 0.00649999999999995
    vertex 0.0337950235135791 0.01235044139632224 0.00649999999999995
    vertex 0.0345 0.011 0.00649999999999995
  endloop
endfacet
facet normal 0 0 1
  outer loop
    vertex 0.04422730185392845 0.01233225800274444 0.00649999999999995
    vertex 0.04273015585044346 0.0123433535299168 0.00649999999999995
    vertex 0.0435 0.011 0.00649999999999995
  endloop
endfacet
facet normal 0 0 1
  outer loop
    vertex 0.02400000000000001 0.029 0.00649999999999995
    vertex 0.02323015585044348 0.0276566464700843 0.00649999999999995
    vertex 0.02472730185392848 0.02766774199725639 0.00649999999999995
  endloop
endfacet
facet normal 0 -0 1
  outer loop
    vertex 0.04799999999999999 0.011 0.00649999999999995
    vertex 0.0487111342854108 0.01232740882955902 0.00649999999999995
    vertex 0.04723312817190367 0.01231422139274994 0.00649999999999995
  endloop
endfacet
facet normal 0 0 1
  outer loop
    vertex 0.04723312817190367 0.01231422139274994 0.00649999999999995
    vertex 0.0457063679672683 0.01234941928442926 0.00649999999999995
    vertex 0.04649999999999999 0.011 0.00649999999999995
  endloop
endfacet
facet normal -0 0 1
  outer loop
    vertex 0.04799999999999999 0.029 0.00649999999999995
    vertex 0.04875000000000001 0.02770096189432335 0.00649999999999995
    vertex 0.04949999999999999 0.029 0.00649999999999995
  endloop
endfacet
facet normal -0 0 1
  outer loop
    vertex 0.042 0.029 0.00649999999999995
    vertex 0.04275 0.02770096189432335 0.00649999999999995
    vertex 0.04349999999999999 0.029 0.00649999999999995
  endloop
endfacet
facet normal -0 0 1
  outer loop
    vertex 0.033 0.029 0.00649999999999995
    vertex 0.03372830764959045 0.02769011668927126 0.00649999999999995
    vertex 0.0345 0.029 0.00649999999999995
  endloop
endfacet
facet normal -0 0 1
  outer loop
    vertex 0.04499999999999999 0.029 0.00649999999999995
    vertex 0.04575 0.02770096189432334 0.00649999999999995
    vertex 0.04649999999999999 0.029 0.00649999999999995
  endloop
endfacet
facet normal -0 0 1
  outer loop
    vertex 0.03899999999999999 0.029 0.00649999999999995
    vertex 0.03974999999999999 0.02770096189432334 0.00649999999999995
    vertex 0.04049999999999999 0.029 0.00649999999999995
  endloop
endfacet
facet normal -0 0 1
  outer loop
    vertex 0.05399999999999999 0.029 0.00649999999999995
    vertex 0.05474999999999999 0.02770096189432334 0.00649999999999995
    vertex 0.05549999999999999 0.029 0.00649999999999995
  endloop
endfacet
facet normal -0 0 1
  outer loop
    vertex 0.05099999999999999 0.029 0.00649999999999995
    vertex 0.05175 0.02770096189432334 0.00649999999999995
    vertex 0.05249999999999999 0.029 0.00649999999999995
  endloop
endfacet
facet normal 0 0 1
  outer loop
    vertex 0.036 0.011 0.00649999999999995
    vertex 0.03527372297479277 0.01233231735927303 0.00649999999999995
    vertex 0.0345 0.011 0.00649999999999995
  endloop
endfacet
facet normal 0 0 1
  outer loop
    vertex 0.04799999999999999 0.011 0.00649999999999995
    vertex 0.04723312817190367 0.01231422139274994 0.00649999999999995
    vertex 0.04649999999999999 0.011 0.00649999999999995
  endloop
endfacet
facet normal -0 0 1
  outer loop
    vertex 0.01200000000000001 0.029 0.00649999999999995
    vertex 0.01276687182809634 0.02768577860725042 0.00649999999999995
    vertex 0.01350000000000001 0.029 0.00649999999999995
  endloop
endfacet
facet normal -0 0 1
  outer loop
    vertex 0.01800000000000001 0.029 0.00649999999999995
    vertex 0.018756326511106 0.02768158010203176 0.00649999999999995
    vertex 0.01950000000000001 0.029 0.00649999999999995
  endloop
endfacet
facet normal 0 0 1
  outer loop
    vertex 0.045 0.011 0.00649999999999995
    vertex 0.04422730185392845 0.01233225800274444 0.00649999999999995
    vertex 0.0435 0.011 0.00649999999999995
  endloop
endfacet
facet normal 0 0 1
  outer loop
    vertex 0.02700000000000001 0.011 0.00649999999999995
    vertex 0.02628078023709107 0.01231422139274994 0.00649999999999995
    vertex 0.02550000000000001 0.011 0.00649999999999995
  endloop
endfacet
facet normal 0 0 1
  outer loop
    vertex 0.03000000000000001 0.011 0.00649999999999995
    vertex 0.02927403150585254 0.01231422139274994 0.00649999999999995
    vertex 0.02850000000000001 0.011 0.00649999999999995
  endloop
endfacet
facet normal 0 0 1
  outer loop
    vertex 0.039 0.011 0.00649999999999995
    vertex 0.0382551988738615 0.01231841989796876 0.00649999999999995
    vertex 0.0375 0.011 0.00649999999999995
  endloop
endfacet
facet normal 0 0 1
  outer loop
    vertex 0.01500000000000001 0.011 0.00649999999999995
    vertex 0.01425000000000001 0.01229903810567666 0.00649999999999995
    vertex 0.01350000000000001 0.011 0.00649999999999995
  endloop
endfacet
facet normal 0 0 1
  outer loop
    vertex 0.03300000000000001 0.011 0.00649999999999995
    vertex 0.03227419588445961 0.01232029470757925 0.00649999999999995
    vertex 0.03150000000000001 0.011 0.00649999999999995
  endloop
endfacet
facet normal -0 0 1
  outer loop
    vertex 0.02400000000000001 0.029 0.00649999999999995
    vertex 0.02472730185392848 0.02766774199725639 0.00649999999999995
    vertex 0.0255 0.029 0.00649999999999995
  endloop
endfacet
facet normal 0 0 1
  outer loop
    vertex 0.01800000000000001 0.011 0.00649999999999995
    vertex 0.01725000000000001 0.01229903810567665 0.00649999999999995
    vertex 0.01650000000000001 0.011 0.00649999999999995
  endloop
endfacet
facet normal -0 0 1
  outer loop
    vertex 0.027 0.029 0.00649999999999995
    vertex 0.02773353911842137 0.02768577860725042 0.00649999999999995
    vertex 0.0285 0.029 0.00649999999999995
  endloop
endfacet
facet normal -0 0 1
  outer loop
    vertex 0.009000000000000001 0.029 0.00649999999999995
    vertex 0.009837370070553488 0.0276251393569166 0.00649999999999995
    vertex 0.0105 0.029 0.00649999999999995
  endloop
endfacet
facet normal -0 0 1
  outer loop
    vertex 0.03599999999999999 0.029 0.00649999999999995
    vertex 0.03675 0.02770096189432335 0.00649999999999995
    vertex 0.03749999999999999 0.029 0.00649999999999995
  endloop
endfacet
facet normal 0 0 1
  outer loop
    vertex 0.01200000000000001 0.011 0.00649999999999995
    vertex 0.01125000000000001 0.01229903810567666 0.00649999999999995
    vertex 0.01050000000000001 0.011 0.00649999999999995
  endloop
endfacet
facet normal 0 0 1
  outer loop
    vertex 0.05099999999999999 0.011 0.00649999999999995
    vertex 0.05016262992944596 0.01237486064308552 0.00649999999999995
    vertex 0.04949999999999999 0.011 0.00649999999999995
  endloop
endfacet
facet normal -0 0 1
  outer loop
    vertex 0.021 0.029 0.00649999999999995
    vertex 0.02174103239307305 0.02767151487835773 0.00649999999999995
    vertex 0.02250000000000001 0.029 0.00649999999999995
  endloop
endfacet
facet normal -0 0 1
  outer loop
    vertex 0.01500000000000001 0.029 0.00649999999999995
    vertex 0.01577391091433353 0.0276676826407278 0.00649999999999995
    vertex 0.01650000000000001 0.029 0.00649999999999995
  endloop
endfacet
facet normal 0 0 1
  outer loop
    vertex 0.02100000000000001 0.011 0.00649999999999995
    vertex 0.02025000000000001 0.01229903810567666 0.00649999999999995
    vertex 0.01950000000000001 0.011 0.00649999999999995
  endloop
endfacet
facet normal 0 0 1
  outer loop
    vertex 0.02400000000000001 0.011 0.00649999999999995
    vertex 0.02325000000000001 0.01229903810567666 0.00649999999999995
    vertex 0.02250000000000001 0.011 0.00649999999999995
  endloop
endfacet
facet normal 0 0 1
  outer loop
    vertex 0.006000000000000006 0.011 0.00649999999999995
    vertex 0.00524999999999998 0.01229903810567666 0.00649999999999995
    vertex 0.004500000000000005 0.011 0.00649999999999995
  endloop
endfacet
facet normal 0 0 1
  outer loop
    vertex 0.009000000000000008 0.011 0.00649999999999995
    vertex 0.008250000000000007 0.01229903810567666 0.00649999999999995
    vertex 0.007500000000000008 0.011 0.00649999999999995
  endloop
endfacet
facet normal 0 0 1
  outer loop
    vertex 0.042 0.011 0.00649999999999995
    vertex 0.04124103239307303 0.01232848512164302 0.00649999999999995
    vertex 0.04050000000000001 0.011 0.00649999999999995
  endloop
endfacet
facet normal -0 0 1
  outer loop
    vertex 0.03 0.029 0.00649999999999995
    vertex 0.0307334217051306 0.02769011668927126 0.00649999999999995
    vertex 0.03149999999999999 0.029 0.00649999999999995
  endloop
endfacet
facet normal -0 0 1
  outer loop
    vertex 0.0105 0.029 0.00649999999999995
    vertex 0.01128886571458916 0.02767259117044168 0.00649999999999995
    vertex 0.01200000000000001 0.029 0.00649999999999995
  endloop
endfacet
facet normal -0 0 1
  outer loop
    vertex 0.0285 0.029 0.00649999999999995
    vertex 0.02920735077123562 0.02766819702759792 0.00649999999999995
    vertex 0.03 0.029 0.00649999999999995
  endloop
endfacet
facet normal -0 0 1
  outer loop
    vertex 0.03149999999999999 0.029 0.00649999999999995
    vertex 0.0322106097348522 0.02767848533833076 0.00649999999999995
    vertex 0.033 0.029 0.00649999999999995
  endloop
endfacet
facet normal 0 0 1
  outer loop
    vertex 0.0435 0.011 0.00649999999999995
    vertex 0.04273015585044346 0.0123433535299168 0.00649999999999995
    vertex 0.042 0.011 0.00649999999999995
  endloop
endfacet
facet normal -0 0 1
  outer loop
    vertex 0.0255 0.029 0.00649999999999995
    vertex 0.02620643645835461 0.02765058071557194 0.00649999999999995
    vertex 0.027 0.029 0.00649999999999995
  endloop
endfacet
facet normal -0 0 1
  outer loop
    vertex 0.02250000000000001 0.029 0.00649999999999995
    vertex 0.02323015585044348 0.0276566464700843 0.00649999999999995
    vertex 0.02400000000000001 0.029 0.00649999999999995
  endloop
endfacet
facet normal -0 0 1
  outer loop
    vertex 0.01950000000000001 0.029 0.00649999999999995
    vertex 0.02024753557268187 0.02768536298858958 0.00649999999999995
    vertex 0.021 0.029 0.00649999999999995
  endloop
endfacet
facet normal -0 0 1
  outer loop
    vertex 0.01650000000000001 0.029 0.00649999999999995
    vertex 0.0172690743748412 0.02765789861890842 0.00649999999999995
    vertex 0.01800000000000001 0.029 0.00649999999999995
  endloop
endfacet
facet normal 0 0 1
  outer loop
    vertex 0.0345 0.011 0.00649999999999995
    vertex 0.0337950235135791 0.01235044139632224 0.00649999999999995
    vertex 0.03300000000000001 0.011 0.00649999999999995
  endloop
endfacet
facet normal -0 0 1
  outer loop
    vertex 0.01350000000000001 0.029 0.00649999999999995
    vertex 0.01429383416077536 0.02765057082281718 0.00649999999999995
    vertex 0.01500000000000001 0.029 0.00649999999999995
  endloop
endfacet
facet normal -0 0 1
  outer loop
    vertex 0.0345 0.029 0.00649999999999995
    vertex 0.03522245396024845 0.02769092141234445 0.00649999999999995
    vertex 0.03599999999999999 0.029 0.00649999999999995
  endloop
endfacet
facet normal 0 0 1
  outer loop
    vertex 0.03150000000000001 0.011 0.00649999999999995
    vertex 0.03079639044188167 0.01233304242440885 0.00649999999999995
    vertex 0.03000000000000001 0.011 0.00649999999999995
  endloop
endfacet
facet normal 0 0 1
  outer loop
    vertex 0.02550000000000001 0.011 0.00649999999999995
    vertex 0.02477794031499631 0.01230926679404643 0.00649999999999995
    vertex 0.02400000000000001 0.011 0.00649999999999995
  endloop
endfacet
facet normal 0 0 1
  outer loop
    vertex 0.04050000000000001 0.011 0.00649999999999995
    vertex 0.03974734763314112 0.01231463701141093 0.00649999999999995
    vertex 0.039 0.011 0.00649999999999995
  endloop
endfacet
facet normal 0 0 1
  outer loop
    vertex 0.02850000000000001 0.011 0.00649999999999995
    vertex 0.02779411069379025 0.01232225243072097 0.00649999999999995
    vertex 0.02700000000000001 0.011 0.00649999999999995
  endloop
endfacet
facet normal 0 0 1
  outer loop
    vertex 0.04949999999999999 0.011 0.00649999999999995
    vertex 0.0487111342854108 0.01232740882955902 0.00649999999999995
    vertex 0.04799999999999999 0.011 0.00649999999999995
  endloop
endfacet
facet normal 0 0 1
  outer loop
    vertex 0.0375 0.011 0.00649999999999995
    vertex 0.03676866717250292 0.01234210138109263 0.00649999999999995
    vertex 0.036 0.011 0.00649999999999995
  endloop
endfacet
facet normal 0 0 1
  outer loop
    vertex 0.04649999999999999 0.011 0.00649999999999995
    vertex 0.0457063679672683 0.01234941928442926 0.00649999999999995
    vertex 0.045 0.011 0.00649999999999995
  endloop
endfacet
facet normal 0 0 1
  outer loop
    vertex 0.007720511881050985 0.02626707817736006 0.00649999999999995
    vertex 0.006265484578575828 0.0263945690148789 0.00649999999999995
    vertex 0.007 0.025 0.00649999999999995
  endloop
endfacet
facet normal -0 0 1
  outer loop
    vertex 0.05227948811894625 0.01373292182264204 0.00649999999999995
    vertex 0.0537345154214211 0.01360543098512074 0.00649999999999995
    vertex 0.053 0.015 0.00649999999999995
  endloop
endfacet
facet normal 0 -0 1
  outer loop
    vertex 0.04270588235294116 0.018 0.00649999999999995
    vertex 0.0434840748638487 0.01927577012742429 0.00649999999999995
    vertex 0.04199955917921124 0.01931785530169524 0.00649999999999995
  endloop
endfacet
facet normal 0 0 1
  outer loop
    vertex 0.0434840748638487 0.01927577012742429 0.00649999999999995
    vertex 0.04288054100719928 0.0206633466298178 0.00649999999999995
    vertex 0.04199955917921124 0.01931785530169524 0.00649999999999995
  endloop
endfacet
facet normal 0 0 1
  outer loop
    vertex 0.04498498602018933 0.01921604230160718 0.00649999999999995
    vertex 0.0434840748638487 0.01927577012742429 0.00649999999999995
    vertex 0.04417647058823528 0.018 0.00649999999999995
  endloop
endfacet
facet normal 0 0 1
  outer loop
    vertex 0.04964705882352943 0.022 0.00649999999999995
    vertex 0.0488284995866984 0.02066892636584532 0.00649999999999995
    vertex 0.05038235294117649 0.02072643322972877 0.00649999999999995
  endloop
endfacet
facet normal 0 0 1
  outer loop
    vertex 0.04417647058823528 0.018 0.00649999999999995
    vertex 0.0434840748638487 0.01927577012742429 0.00649999999999995
    vertex 0.04270588235294116 0.018 0.00649999999999995
  endloop
endfacet
facet normal 0 -0 1
  outer loop
    vertex 0.04858823529411764 0.018 0.00649999999999995
    vertex 0.049352819780231 0.01929123417377563 0.00649999999999995
    vertex 0.04788101362994175 0.01928167360872622 0.00649999999999995
  endloop
endfacet
facet normal 0 0 1
  outer loop
    vertex 0.0382941176470588 0.018 0.00649999999999995
    vertex 0.03761933201021936 0.01930308808020293 0.00649999999999995
    vertex 0.03682352941176467 0.018 0.00649999999999995
  endloop
endfacet
facet normal 0 0 1
  outer loop
    vertex 0.04858823529411764 0.018 0.00649999999999995
    vertex 0.04788101362994175 0.01928167360872622 0.00649999999999995
    vertex 0.04711764705882351 0.018 0.00649999999999995
  endloop
endfacet
facet normal -0 0 1
  outer loop
    vertex 0.02241432193211217 0.02071338470304536 0.00649999999999995
    vertex 0.02381734643015453 0.02060479145056 0.00649999999999995
    vertex 0.02317647058823532 0.022 0.00649999999999995
  endloop
endfacet
facet normal 0 0 1
  outer loop
    vertex 0.02889705882352941 0.0193564632203665 0.00649999999999995
    vertex 0.0273348578594257 0.01927781385295059 0.00649999999999995
    vertex 0.02799999999999996 0.018 0.00649999999999995
  endloop
endfacet
facet normal -0 0 1
  outer loop
    vertex 0.007735294117647059 0.02072643322972877 0.00649999999999995
    vertex 0.009178252634625551 0.02071332706027408 0.00649999999999995
    vertex 0.008470588235294119 0.022 0.00649999999999995
  endloop
endfacet
facet normal 0 0 1
  outer loop
    vertex 0.04199955917921124 0.01931785530169524 0.00649999999999995
    vertex 0.04054227994539368 0.01931485330464004 0.00649999999999995
    vertex 0.04123529411764704 0.018 0.00649999999999995
  endloop
endfacet
facet normal 0 0 1
  outer loop
    vertex 0.01582352941176472 0.022 0.00649999999999995
    vertex 0.01505899776452905 0.02071023312781573 0.00649999999999995
    vertex 0.0165319689909357 0.02071162673904653 0.00649999999999995
  endloop
endfacet
facet normal 0 0 1
  outer loop
    vertex 0.0456470588235294 0.018 0.00649999999999995
    vertex 0.04498498602018933 0.01921604230160718 0.00649999999999995
    vertex 0.04417647058823528 0.018 0.00649999999999995
  endloop
endfacet
facet normal -0 0 1
  outer loop
    vertex 0.0143529411764706 0.022 0.00649999999999995
    vertex 0.01505899776452905 0.02071023312781573 0.00649999999999995
    vertex 0.01582352941176472 0.022 0.00649999999999995
  endloop
endfacet
facet normal 0 -0 1
  outer loop
    vertex 0.03682352941176467 0.018 0.00649999999999995
    vertex 0.03761933201021936 0.01930308808020293 0.00649999999999995
    vertex 0.03611508983259369 0.01928829699221133 0.00649999999999995
  endloop
endfacet
facet normal -0 0 1
  outer loop
    vertex 0.0290588235294118 0.022 0.00649999999999995
    vertex 0.02976299842529341 0.02070601350369787 0.00649999999999995
    vertex 0.03052941176470593 0.022 0.00649999999999995
  endloop
endfacet
facet normal 0 0 1
  outer loop
    vertex 0.0217058823529412 0.022 0.00649999999999995
    vertex 0.02094135070570553 0.02071030939655786 0.00649999999999995
    vertex 0.02241432193211217 0.02071338470304536 0.00649999999999995
  endloop
endfacet
facet normal 0 0 1
  outer loop
    vertex 0.009941176470588238 0.022 0.00649999999999995
    vertex 0.009178252634625551 0.02071332706027408 0.00649999999999995
    vertex 0.01064963223273874 0.02071172397467031 0.00649999999999995
  endloop
endfacet
facet normal -0 0 1
  outer loop
    vertex 0.02317647058823532 0.022 0.00649999999999995
    vertex 0.02381734643015453 0.02060479145056 0.00649999999999995
    vertex 0.02464705882352945 0.022 0.00649999999999995
  endloop
endfacet
facet normal -0 0 1
  outer loop
    vertex 0.008470588235294119 0.022 0.00649999999999995
    vertex 0.009178252634625551 0.02071332706027408 0.00649999999999995
    vertex 0.009941176470588238 0.022 0.00649999999999995
  endloop
endfacet
facet normal 0 0 1
  outer loop
    vertex 0.02799999999999996 0.018 0.00649999999999995
    vertex 0.0273348578594257 0.01927781385295059 0.00649999999999995
    vertex 0.02652941176470584 0.018 0.00649999999999995
  endloop
endfacet
facet normal 0 0 1
  outer loop
    vertex 0.02141042539464763 0.01929088246101467 0.00649999999999995
    vertex 0.01993856869787963 0.01928842496933767 0.00649999999999995
    vertex 0.02064705882352938 0.018 0.00649999999999995
  endloop
endfacet
facet normal 0 0 1
  outer loop
    vertex 0.03909515059046913 0.01930700179648487 0.00649999999999995
    vertex 0.03761933201021936 0.01930308808020293 0.00649999999999995
    vertex 0.0382941176470588 0.018 0.00649999999999995
  endloop
endfacet
facet normal 0 0 1
  outer loop
    vertex 0.02064705882352938 0.018 0.00649999999999995
    vertex 0.01993856869787963 0.01928842496933767 0.00649999999999995
    vertex 0.01917647058823527 0.018 0.00649999999999995
  endloop
endfacet
facet normal -0 0 1
  outer loop
    vertex 0.03052941176470593 0.022 0.00649999999999995
    vertex 0.03123975525764267 0.02074083847962172 0.00649999999999995
    vertex 0.03200000000000004 0.022 0.00649999999999995
  endloop
endfacet
facet normal 0 0 1
  outer loop
    vertex 0.01035294117647057 0.018 0.00649999999999995
    vertex 0.009646092523499326 0.01929312370324843 0.00649999999999995
    vertex 0.008882352941176459 0.018 0.00649999999999995
  endloop
endfacet
facet normal -0 0 1
  outer loop
    vertex 0.04817647058823531 0.022 0.00649999999999995
    vertex 0.0488284995866984 0.02066892636584532 0.00649999999999995
    vertex 0.04964705882352943 0.022 0.00649999999999995
  endloop
endfacet
facet normal 0 0 1
  outer loop
    vertex 0.04733144547103493 0.02057620070952099 0.00649999999999995
    vertex 0.0488284995866984 0.02066892636584532 0.00649999999999995
    vertex 0.04817647058823531 0.022 0.00649999999999995
  endloop
endfacet
facet normal -0 0 1
  outer loop
    vertex 0.01288235294117648 0.022 0.00649999999999995
    vertex 0.01358957460535235 0.02070911753898533 0.00649999999999995
    vertex 0.0143529411764706 0.022 0.00649999999999995
  endloop
endfacet
facet normal 0 0 1
  outer loop
    vertex 0.0132941176470588 0.018 0.00649999999999995
    vertex 0.01258567806788783 0.01928837326095346 0.00649999999999995
    vertex 0.01182352941176469 0.018 0.00649999999999995
  endloop
endfacet
facet normal 0 0 1
  outer loop
    vertex 0.05005882352941175 0.018 0.00649999999999995
    vertex 0.049352819780231 0.01929123417377563 0.00649999999999995
    vertex 0.04858823529411764 0.018 0.00649999999999995
  endloop
endfacet
facet normal -0 0 1
  outer loop
    vertex 0.03935294117647062 0.022 0.00649999999999995
    vertex 0.03999338260699965 0.02068920843853803 0.00649999999999995
    vertex 0.04082352941176473 0.022 0.00649999999999995
  endloop
endfacet
facet normal -0 0 1
  outer loop
    vertex 0.03641176470588239 0.022 0.00649999999999995
    vertex 0.03711898637005825 0.02070735957498651 0.00649999999999995
    vertex 0.03788235294117651 0.022 0.00649999999999995
  endloop
endfacet
facet normal -0 0 1
  outer loop
    vertex 0.03347058823529416 0.022 0.00649999999999995
    vertex 0.03420588235294122 0.02072643322972877 0.00649999999999995
    vertex 0.03494117647058827 0.022 0.00649999999999995
  endloop
endfacet
facet normal 0 0 1
  outer loop
    vertex 0.03052941176470593 0.022 0.00649999999999995
    vertex 0.02976299842529341 0.02070601350369787 0.00649999999999995
    vertex 0.03123975525764267 0.02074083847962172 0.00649999999999995
  endloop
endfacet
facet normal -0 0 1
  outer loop
    vertex 0.02611764705882356 0.022 0.00649999999999995
    vertex 0.02673853143467209 0.0205680961752806 0.00649999999999995
    vertex 0.02758823529411768 0.022 0.00649999999999995
  endloop
endfacet
facet normal 0 0 1
  outer loop
    vertex 0.01947192754652883 0.02070911753898533 0.00649999999999995
    vertex 0.02094135070570553 0.02071030939655786 0.00649999999999995
    vertex 0.02023529411764708 0.022 0.00649999999999995
  endloop
endfacet
facet normal 0 -0 1
  outer loop
    vertex 0.01917647058823527 0.018 0.00649999999999995
    vertex 0.01993856869787963 0.01928842496933767 0.00649999999999995
    vertex 0.01844117647058821 0.01927356677027123 0.00649999999999995
  endloop
endfacet
facet normal -0 0 1
  outer loop
    vertex 0.04376470588235297 0.022 0.00649999999999995
    vertex 0.04433166868957406 0.02057358962070085 0.00649999999999995
    vertex 0.04523529411764708 0.022 0.00649999999999995
  endloop
endfacet
facet normal 0 0 1
  outer loop
    vertex 0.01623529411764703 0.018 0.00649999999999995
    vertex 0.01552807245347116 0.01929088246101467 0.00649999999999995
    vertex 0.01476470588235292 0.018 0.00649999999999995
  endloop
endfacet
facet normal -0 0 1
  outer loop
    vertex 0.0217058823529412 0.022 0.00649999999999995
    vertex 0.02241432193211217 0.02071338470304536 0.00649999999999995
    vertex 0.02317647058823532 0.022 0.00649999999999995
  endloop
endfacet
facet normal -0 0 1
  outer loop
    vertex 0.02023529411764708 0.022 0.00649999999999995
    vertex 0.02094135070570553 0.02071030939655786 0.00649999999999995
    vertex 0.0217058823529412 0.022 0.00649999999999995
  endloop
endfacet
facet normal -0 0 1
  outer loop
    vertex 0.01876470588235296 0.022 0.00649999999999995
    vertex 0.01947192754652883 0.02070911753898533 0.00649999999999995
    vertex 0.02023529411764708 0.022 0.00649999999999995
  endloop
endfacet
facet normal -0 0 1
  outer loop
    vertex 0.01582352941176472 0.022 0.00649999999999995
    vertex 0.0165319689909357 0.02071162673904653 0.00649999999999995
    vertex 0.01729411764705884 0.022 0.00649999999999995
  endloop
endfacet
facet normal -0 0 1
  outer loop
    vertex 0.009941176470588238 0.022 0.00649999999999995
    vertex 0.01064963223273874 0.02071172397467031 0.00649999999999995
    vertex 0.01141176470588236 0.022 0.00649999999999995
  endloop
endfacet
facet normal 0 0 1
  outer loop
    vertex 0.02947058823529407 0.018 0.00649999999999995
    vertex 0.02889705882352941 0.0193564632203665 0.00649999999999995
    vertex 0.02799999999999996 0.018 0.00649999999999995
  endloop
endfacet
facet normal -0 0 1
  outer loop
    vertex 0.007 0.022 0.00649999999999995
    vertex 0.007735294117647059 0.02072643322972877 0.00649999999999995
    vertex 0.008470588235294119 0.022 0.00649999999999995
  endloop
endfacet
facet normal 0 0 1
  outer loop
    vertex 0.02505882352941172 0.018 0.00649999999999995
    vertex 0.02442480594447599 0.01924826963094304 0.00649999999999995
    vertex 0.02358823529411761 0.018 0.00649999999999995
  endloop
endfacet
facet normal 0 0 1
  outer loop
    vertex 0.01476470588235292 0.018 0.00649999999999995
    vertex 0.01405738083282058 0.01928906403560953 0.00649999999999995
    vertex 0.0132941176470588 0.018 0.00649999999999995
  endloop
endfacet
facet normal 0 0 1
  outer loop
    vertex 0.01552807245347116 0.01929088246101467 0.00649999999999995
    vertex 0.01405738083282058 0.01928906403560953 0.00649999999999995
    vertex 0.01476470588235292 0.018 0.00649999999999995
  endloop
endfacet
facet normal -0 0 1
  outer loop
    vertex 0.02976299842529341 0.02070601350369787 0.00649999999999995
    vertex 0.03040862639278335 0.01940827293633327 0.00649999999999995
    vertex 0.03123975525764267 0.02074083847962172 0.00649999999999995
  endloop
endfacet
facet normal -0 0 1
  outer loop
    vertex 0.04964705882352943 0.022 0.00649999999999995
    vertex 0.05038235294117649 0.02072643322972877 0.00649999999999995
    vertex 0.05111764705882355 0.022 0.00649999999999995
  endloop
endfacet
facet normal -0 0 1
  outer loop
    vertex 0.04670588235294119 0.022 0.00649999999999995
    vertex 0.04733144547103493 0.02057620070952099 0.00649999999999995
    vertex 0.04817647058823531 0.022 0.00649999999999995
  endloop
endfacet
facet normal 0 -0 1
  outer loop
    vertex 0.0132941176470588 0.018 0.00649999999999995
    vertex 0.01405738083282058 0.01928906403560953 0.00649999999999995
    vertex 0.01258567806788783 0.01928837326095346 0.00649999999999995
  endloop
endfacet
facet normal -0 0 1
  outer loop
    vertex 0.03123975525764267 0.02074083847962172 0.00649999999999995
    vertex 0.03266855087747332 0.02072654755985663 0.00649999999999995
    vertex 0.03200000000000004 0.022 0.00649999999999995
  endloop
endfacet
facet normal 0 0 1
  outer loop
    vertex 0.01917647058823527 0.018 0.00649999999999995
    vertex 0.01844117647058821 0.01927356677027123 0.00649999999999995
    vertex 0.01770588235294115 0.018 0.00649999999999995
  endloop
endfacet
facet normal 0 0 1
  outer loop
    vertex 0.01358957460535235 0.02070911753898533 0.00649999999999995
    vertex 0.01505899776452905 0.02071023312781573 0.00649999999999995
    vertex 0.0143529411764706 0.022 0.00649999999999995
  endloop
endfacet
facet normal 0 0 1
  outer loop
    vertex 0.0221176470588235 0.018 0.00649999999999995
    vertex 0.02141042539464763 0.01929088246101467 0.00649999999999995
    vertex 0.02064705882352938 0.018 0.00649999999999995
  endloop
endfacet
facet normal 0 0 1
  outer loop
    vertex 0.03347058823529416 0.022 0.00649999999999995
    vertex 0.03266855087747332 0.02072654755985663 0.00649999999999995
    vertex 0.03420588235294122 0.02072643322972877 0.00649999999999995
  endloop
endfacet
facet normal -0 0 1
  outer loop
    vertex 0.03200000000000004 0.022 0.00649999999999995
    vertex 0.03266855087747332 0.02072654755985663 0.00649999999999995
    vertex 0.03347058823529416 0.022 0.00649999999999995
  endloop
endfacet
facet normal 0 0 1
  outer loop
    vertex 0.053 0.018 0.00649999999999995
    vertex 0.05226470588235292 0.01927356677027123 0.00649999999999995
    vertex 0.05152941176470588 0.018 0.00649999999999995
  endloop
endfacet
facet normal 0 0 1
  outer loop
    vertex 0.03388235294117643 0.018 0.00649999999999995
    vertex 0.03324478316722371 0.01935271569097408 0.00649999999999995
    vertex 0.03241176470588231 0.018 0.00649999999999995
  endloop
endfacet
facet normal 0 0 1
  outer loop
    vertex 0.03682352941176467 0.018 0.00649999999999995
    vertex 0.03611508983259369 0.01928829699221133 0.00649999999999995
    vertex 0.03535294117647055 0.018 0.00649999999999995
  endloop
endfacet
facet normal 0 0 1
  outer loop
    vertex 0.03976470588235292 0.018 0.00649999999999995
    vertex 0.03909515059046913 0.01930700179648487 0.00649999999999995
    vertex 0.0382941176470588 0.018 0.00649999999999995
  endloop
endfacet
facet normal 0 0 1
  outer loop
    vertex 0.04270588235294116 0.018 0.00649999999999995
    vertex 0.04199955917921124 0.01931785530169524 0.00649999999999995
    vertex 0.04123529411764704 0.018 0.00649999999999995
  endloop
endfacet
facet normal 0 -0 1
  outer loop
    vertex 0.03976470588235292 0.018 0.00649999999999995
    vertex 0.04054227994539368 0.01931485330464004 0.00649999999999995
    vertex 0.03909515059046913 0.01930700179648487 0.00649999999999995
  endloop
endfacet
facet normal 0 0 1
  outer loop
    vertex 0.04123529411764704 0.018 0.00649999999999995
    vertex 0.04054227994539368 0.01931485330464004 0.00649999999999995
    vertex 0.03976470588235292 0.018 0.00649999999999995
  endloop
endfacet
facet normal 0 0 1
  outer loop
    vertex 0.02250000000000001 0.011 0.00649999999999995
    vertex 0.02175996874697074 0.01229328264692963 0.00649999999999995
    vertex 0.02100000000000001 0.011 0.00649999999999995
  endloop
endfacet
facet normal -0 0 1
  outer loop
    vertex 0.03749999999999999 0.029 0.00649999999999995
    vertex 0.0382400312530277 0.02770671735307127 0.00649999999999995
    vertex 0.03899999999999999 0.029 0.00649999999999995
  endloop
endfacet
facet normal 0 0 1
  outer loop
    vertex 0.02325000000000001 0.01229903810567666 0.00649999999999995
    vertex 0.02175996874697074 0.01229328264692963 0.00649999999999995
    vertex 0.02250000000000001 0.011 0.00649999999999995
  endloop
endfacet
facet normal 0 0 1
  outer loop
    vertex 0.03675 0.02770096189432335 0.00649999999999995
    vertex 0.0382400312530277 0.02770671735307127 0.00649999999999995
    vertex 0.03749999999999999 0.029 0.00649999999999995
  endloop
endfacet
facet normal 0 -0 1
  outer loop
    vertex 0.01500000000000001 0.011 0.00649999999999995
    vertex 0.01575000000000001 0.01227490772462245 0.00649999999999995
    vertex 0.01425000000000001 0.01229903810567666 0.00649999999999995
  endloop
endfacet
facet normal 0 0 1
  outer loop
    vertex 0.01725000000000001 0.01229903810567665 0.00649999999999995
    vertex 0.01575000000000001 0.01227490772462245 0.00649999999999995
    vertex 0.01650000000000001 0.011 0.00649999999999995
  endloop
endfacet
facet normal 0 0 1
  outer loop
    vertex 0.04275 0.02770096189432335 0.00649999999999995
    vertex 0.04425 0.02772509227537914 0.00649999999999995
    vertex 0.04349999999999999 0.029 0.00649999999999995
  endloop
endfacet
facet normal 0 0 1
  outer loop
    vertex 0.04499999999999999 0.029 0.00649999999999995
    vertex 0.04425 0.02772509227537914 0.00649999999999995
    vertex 0.04575 0.02770096189432334 0.00649999999999995
  endloop
endfacet
facet normal 0 0 1
  outer loop
    vertex 0.01425000000000001 0.01229903810567666 0.00649999999999995
    vertex 0.01279338470081911 0.01228874129615271 0.00649999999999995
    vertex 0.01350000000000001 0.011 0.00649999999999995
  endloop
endfacet
facet normal 0 -0 1
  outer loop
    vertex 0.01200000000000001 0.011 0.00649999999999995
    vertex 0.01279338470081911 0.01228874129615271 0.00649999999999995
    vertex 0.01125000000000001 0.01229903810567666 0.00649999999999995
  endloop
endfacet
facet normal 0 0 1
  outer loop
    vertex 0.04799999999999999 0.029 0.00649999999999995
    vertex 0.04720661529918088 0.02771125870384867 0.00649999999999995
    vertex 0.04875000000000001 0.02770096189432335 0.00649999999999995
  endloop
endfacet
facet normal 0 0 1
  outer loop
    vertex 0.04575 0.02770096189432334 0.00649999999999995
    vertex 0.04720661529918088 0.02771125870384867 0.00649999999999995
    vertex 0.04649999999999999 0.029 0.00649999999999995
  endloop
endfacet
facet normal 0 0 1
  outer loop
    vertex 0.007720511881050985 0.02626707817736006 0.00649999999999995
    vertex 0.006861375006183491 0.02762895548650876 0.00649999999999995
    vertex 0.006265484578575828 0.0263945690148789 0.00649999999999995
  endloop
endfacet
facet normal 0 0 1
  outer loop
    vertex 0.05227948811894625 0.01373292182264204 0.00649999999999995
    vertex 0.05313862499381466 0.01237104451349212 0.00649999999999995
    vertex 0.0537345154214211 0.01360543098512074 0.00649999999999995
  endloop
endfacet
facet normal 0 0 1
  outer loop
    vertex 0.01950000000000001 0.011 0.00649999999999995
    vertex 0.01876797738018597 0.01228865886038697 0.00649999999999995
    vertex 0.01800000000000001 0.011 0.00649999999999995
  endloop
endfacet
facet normal -0 0 1
  outer loop
    vertex 0.04049999999999999 0.029 0.00649999999999995
    vertex 0.04123202261981242 0.02771134113961395 0.00649999999999995
    vertex 0.042 0.029 0.00649999999999995
  endloop
endfacet
facet normal -0 0 1
  outer loop
    vertex 0.01913888888888891 0.015000000000001 0.00649999999999995
    vertex 0.01987500000000003 0.01372501815554057 0.00649999999999995
    vertex 0.02061111111111114 0.015000000000001 0.00649999999999995
  endloop
endfacet
facet normal -0 0 1
  outer loop
    vertex 0.0412222222222222 0.015000000000001 0.00649999999999995
    vertex 0.04196785517352546 0.01368309104016622 0.00649999999999995
    vertex 0.04269444444444442 0.015000000000001 0.00649999999999995
  endloop
endfacet
facet normal -0 0 1
  outer loop
    vertex 0.0485833333333333 0.015000000000001 0.00649999999999995
    vertex 0.04931944444444441 0.01372501815554057 0.00649999999999995
    vertex 0.05005555555555553 0.015000000000001 0.00649999999999995
  endloop
endfacet
facet normal -0 0 1
  outer loop
    vertex 0.02208333333333337 0.015000000000001 0.00649999999999995
    vertex 0.02281944444444448 0.01372501815554058 0.00649999999999995
    vertex 0.02355555555555559 0.015000000000001 0.00649999999999995
  endloop
endfacet
facet normal -0 0 1
  outer loop
    vertex 0.03533333333333333 0.015000000000001 0.00649999999999995
    vertex 0.0360451156265344 0.01367471603874427 0.00649999999999995
    vertex 0.03680555555555556 0.015000000000001 0.00649999999999995
  endloop
endfacet
facet normal -0 0 1
  outer loop
    vertex 0.02502777777777781 0.015000000000001 0.00649999999999995
    vertex 0.02576388888888892 0.01372501815554058 0.00649999999999995
    vertex 0.02650000000000003 0.015000000000001 0.00649999999999995
  endloop
endfacet
facet normal -0 0 1
  outer loop
    vertex 0.02797222222222225 0.015000000000001 0.00649999999999995
    vertex 0.02870833333333336 0.01372501815554058 0.00649999999999995
    vertex 0.02944444444444447 0.015000000000001 0.00649999999999995
  endloop
endfacet
facet normal -0 0 1
  outer loop
    vertex 0.03091666666666668 0.015000000000001 0.00649999999999995
    vertex 0.03164258370806664 0.01371431361011801 0.00649999999999995
    vertex 0.0323888888888889 0.015000000000001 0.00649999999999995
  endloop
endfacet
facet normal 0 0 1
  outer loop
    vertex 0.05152777777777777 0.015000000000001 0.00649999999999995
    vertex 0.05227948811894625 0.01373292182264204 0.00649999999999995
    vertex 0.053 0.015 0.00649999999999995
  endloop
endfacet
facet normal -0 0 1
  outer loop
    vertex 0.04563888888888885 0.015000000000001 0.00649999999999995
    vertex 0.04637499999999996 0.01372501815554058 0.00649999999999995
    vertex 0.04711111111111108 0.015000000000001 0.00649999999999995
  endloop
endfacet
facet normal 0 0 1
  outer loop
    vertex 0.0305555555555556 0.025000000000002 0.00649999999999995
    vertex 0.02981944444444449 0.02627498184446242 0.00649999999999995
    vertex 0.02908333333333337 0.025000000000002 0.00649999999999995
  endloop
endfacet
facet normal 0 0 1
  outer loop
    vertex 0.03350000000000004 0.025000000000002 0.00649999999999995
    vertex 0.03276388888888893 0.02627498184446242 0.00649999999999995
    vertex 0.03202777777777781 0.025000000000002 0.00649999999999995
  endloop
endfacet
facet normal 0 0 1
  outer loop
    vertex 0.03644444444444447 0.025000000000002 0.00649999999999995
    vertex 0.03570833333333336 0.02627498184446242 0.00649999999999995
    vertex 0.03497222222222225 0.025000000000002 0.00649999999999995
  endloop
endfacet
facet normal -0 0 1
  outer loop
    vertex 0.01472222222222225 0.015000000000001 0.00649999999999995
    vertex 0.01545833333333336 0.01372501815554058 0.00649999999999995
    vertex 0.01619444444444447 0.015000000000001 0.00649999999999995
  endloop
endfacet
facet normal -0 0 1
  outer loop
    vertex 0.02355555555555559 0.015000000000001 0.00649999999999995
    vertex 0.0242916666666667 0.01372501815554058 0.00649999999999995
    vertex 0.02502777777777781 0.015000000000001 0.00649999999999995
  endloop
endfacet
facet normal -0 0 1
  outer loop
    vertex 0.008833333333333346 0.015000000000001 0.00649999999999995
    vertex 0.00956944444444446 0.01372501815554057 0.00649999999999995
    vertex 0.01030555555555557 0.015000000000001 0.00649999999999995
  endloop
endfacet
facet normal 0 0 1
  outer loop
    vertex 0.02319444444444447 0.025000000000002 0.00649999999999995
    vertex 0.02246785517352549 0.026316908959836 0.00649999999999995
    vertex 0.02172222222222224 0.025000000000002 0.00649999999999995
  endloop
endfacet
facet normal -0 0 1
  outer loop
    vertex 0.002944444444444447 0.015000000000001 0.00649999999999995
    vertex 0.003680555555555555 0.01372501815554058 0.00649999999999995
    vertex 0.004416666666666673 0.015000000000001 0.00649999999999995
  endloop
endfacet
facet normal 0 0 1
  outer loop
    vertex 0.02761111111111115 0.025000000000002 0.00649999999999995
    vertex 0.02687500000000003 0.02627498184446243 0.00649999999999995
    vertex 0.02613888888888892 0.025000000000002 0.00649999999999995
  endloop
endfacet
facet normal -0 0 1
  outer loop
    vertex 0.01766666666666669 0.015000000000001 0.00649999999999995
    vertex 0.0184027777777778 0.01372501815554058 0.00649999999999995
    vertex 0.01913888888888891 0.015000000000001 0.00649999999999995
  endloop
endfacet
facet normal 0 0 1
  outer loop
    vertex 0.008472222222222225 0.025000000000002 0.00649999999999995
    vertex 0.007720511881050985 0.02626707817736006 0.00649999999999995
    vertex 0.007 0.025 0.00649999999999995
  endloop
endfacet
facet normal -0 0 1
  outer loop
    vertex 0.02650000000000003 0.015000000000001 0.00649999999999995
    vertex 0.02723611111111114 0.01372501815554058 0.00649999999999995
    vertex 0.02797222222222225 0.015000000000001 0.00649999999999995
  endloop
endfacet
facet normal -0 0 1
  outer loop
    vertex 0.02944444444444447 0.015000000000001 0.00649999999999995
    vertex 0.03018055555555558 0.01372501815554058 0.00649999999999995
    vertex 0.03091666666666668 0.015000000000001 0.00649999999999995
  endloop
endfacet
facet normal -0 0 1
  outer loop
    vertex 0.005888888888888898 0.015000000000001 0.00649999999999995
    vertex 0.00662500000000002 0.01372501815554058 0.00649999999999995
    vertex 0.00736111111111112 0.015000000000001 0.00649999999999995
  endloop
endfacet
facet normal 0 0 1
  outer loop
    vertex 0.01141666666666667 0.025000000000002 0.00649999999999995
    vertex 0.01068055555555556 0.02627498184446243 0.00649999999999995
    vertex 0.009944444444444447 0.025000000000002 0.00649999999999995
  endloop
endfacet
facet normal 0 0 1
  outer loop
    vertex 0.02613888888888892 0.025000000000002 0.00649999999999995
    vertex 0.02542809356502745 0.02631982410962067 0.00649999999999995
    vertex 0.02466666666666669 0.025000000000002 0.00649999999999995
  endloop
endfacet
facet normal 0 0 1
  outer loop
    vertex 0.01436111111111112 0.025000000000002 0.00649999999999995
    vertex 0.01362500000000001 0.02627498184446243 0.00649999999999995
    vertex 0.0128888888888889 0.025000000000002 0.00649999999999995
  endloop
endfacet
facet normal -0 0 1
  outer loop
    vertex 0.0117777777777778 0.015000000000001 0.00649999999999995
    vertex 0.01251388888888891 0.01372501815554058 0.00649999999999995
    vertex 0.01325000000000002 0.015000000000001 0.00649999999999995
  endloop
endfacet
facet normal 0 0 1
  outer loop
    vertex 0.01730555555555557 0.025000000000002 0.00649999999999995
    vertex 0.0165462432637789 0.02632528396125772 0.00649999999999995
    vertex 0.01583333333333335 0.025000000000002 0.00649999999999995
  endloop
endfacet
facet normal 0 0 1
  outer loop
    vertex 0.02172222222222224 0.025000000000002 0.00649999999999995
    vertex 0.02098786102510489 0.0263482773870373 0.00649999999999995
    vertex 0.02025000000000002 0.025000000000002 0.00649999999999995
  endloop
endfacet
facet normal 0 0 1
  outer loop
    vertex 0.02466666666666669 0.025000000000002 0.00649999999999995
    vertex 0.02395426752232598 0.02632564010042925 0.00649999999999995
    vertex 0.02319444444444447 0.025000000000002 0.00649999999999995
  endloop
endfacet
facet normal -0 0 1
  outer loop
    vertex 0.02061111111111114 0.015000000000001 0.00649999999999995
    vertex 0.02134722222222226 0.01372501815554057 0.00649999999999995
    vertex 0.02208333333333337 0.015000000000001 0.00649999999999995
  endloop
endfacet
facet normal 0 0 1
  outer loop
    vertex 0.05705555555555553 0.025000000000002 0.00649999999999995
    vertex 0.05631944444444442 0.02627498184446242 0.00649999999999995
    vertex 0.0555833333333333 0.025000000000002 0.00649999999999995
  endloop
endfacet
facet normal 0 0 1
  outer loop
    vertex 0.05116666666666665 0.025000000000002 0.00649999999999995
    vertex 0.05043055555555555 0.02627498184446242 0.00649999999999995
    vertex 0.04969444444444443 0.025000000000002 0.00649999999999995
  endloop
endfacet
facet normal -0 0 1
  outer loop
    vertex 0.03974999999999999 0.015000000000001 0.00649999999999995
    vertex 0.04048786102510488 0.01365172261296424 0.00649999999999995
    vertex 0.0412222222222222 0.015000000000001 0.00649999999999995
  endloop
endfacet
facet normal 0 0 1
  outer loop
    vertex 0.01583333333333335 0.025000000000002 0.00649999999999995
    vertex 0.01507223879722205 0.02631975321154485 0.00649999999999995
    vertex 0.01436111111111112 0.025000000000002 0.00649999999999995
  endloop
endfacet
facet normal -0 0 1
  outer loop
    vertex 0.0323888888888889 0.015000000000001 0.00649999999999995
    vertex 0.03312500000000001 0.01372501815554058 0.00649999999999995
    vertex 0.03386111111111112 0.015000000000001 0.00649999999999995
  endloop
endfacet
facet normal -0 0 1
  outer loop
    vertex 0.03386111111111112 0.015000000000001 0.00649999999999995
    vertex 0.03457221775989179 0.01368041549164702 0.00649999999999995
    vertex 0.03533333333333333 0.015000000000001 0.00649999999999995
  endloop
endfacet
facet normal -0 0 1
  outer loop
    vertex 0.04711111111111108 0.015000000000001 0.00649999999999995
    vertex 0.04785806050196978 0.01371380570934406 0.00649999999999995
    vertex 0.0485833333333333 0.015000000000001 0.00649999999999995
  endloop
endfacet
facet normal 0 0 1
  outer loop
    vertex 0.04233333333333333 0.025000000000002 0.00649999999999995
    vertex 0.04159722222222223 0.02627498184446242 0.00649999999999995
    vertex 0.04086111111111112 0.025000000000002 0.00649999999999995
  endloop
endfacet
facet normal 0 0 1
  outer loop
    vertex 0.04822222222222221 0.025000000000002 0.00649999999999995
    vertex 0.0474861111111111 0.02627498184446242 0.00649999999999995
    vertex 0.04674999999999999 0.025000000000002 0.00649999999999995
  endloop
endfacet
facet normal -0 0 1
  outer loop
    vertex 0.04269444444444442 0.015000000000001 0.00649999999999995
    vertex 0.04345426752232594 0.01367435989957275 0.00649999999999995
    vertex 0.04416666666666664 0.015000000000001 0.00649999999999995
  endloop
endfacet
facet normal -0 0 1
  outer loop
    vertex 0.04416666666666664 0.015000000000001 0.00649999999999995
    vertex 0.04492808214984636 0.0136801758903815 0.00649999999999995
    vertex 0.04563888888888885 0.015000000000001 0.00649999999999995
  endloop
endfacet
facet normal 0 0 1
  outer loop
    vertex 0.0393888888888889 0.025000000000002 0.00649999999999995
    vertex 0.0386527777777778 0.02627498184446242 0.00649999999999995
    vertex 0.03791666666666669 0.025000000000002 0.00649999999999995
  endloop
endfacet
facet normal 0 0 1
  outer loop
    vertex 0.04527777777777777 0.025000000000002 0.00649999999999995
    vertex 0.04454166666666667 0.02627498184446242 0.00649999999999995
    vertex 0.04380555555555556 0.025000000000002 0.00649999999999995
  endloop
endfacet
facet normal 0 0 1
  outer loop
    vertex 0.05411111111111108 0.025000000000002 0.00649999999999995
    vertex 0.05337499999999996 0.02627498184446242 0.00649999999999995
    vertex 0.05263888888888887 0.025000000000002 0.00649999999999995
  endloop
endfacet
facet normal 0 0 1
  outer loop
    vertex 0.02908333333333337 0.025000000000002 0.00649999999999995
    vertex 0.02835791418413103 0.0262860036520861 0.00649999999999995
    vertex 0.02761111111111115 0.025000000000002 0.00649999999999995
  endloop
endfacet
facet normal 0 0 1
  outer loop
    vertex 0.03497222222222225 0.025000000000002 0.00649999999999995
    vertex 0.03423611111111114 0.02627498184446242 0.00649999999999995
    vertex 0.03350000000000004 0.025000000000002 0.00649999999999995
  endloop
endfacet
facet normal 0 0 1
  outer loop
    vertex 0.03791666666666669 0.025000000000002 0.00649999999999995
    vertex 0.03718055555555558 0.02627498184446241 0.00649999999999995
    vertex 0.03644444444444447 0.025000000000002 0.00649999999999995
  endloop
endfacet
facet normal 0 0 1
  outer loop
    vertex 0.04086111111111112 0.025000000000002 0.00649999999999995
    vertex 0.04012500000000001 0.02627498184446241 0.00649999999999995
    vertex 0.0393888888888889 0.025000000000002 0.00649999999999995
  endloop
endfacet
facet normal 0 0 1
  outer loop
    vertex 0.03202777777777781 0.025000000000002 0.00649999999999995
    vertex 0.03130731544610971 0.02628663821375977 0.00649999999999995
    vertex 0.0305555555555556 0.025000000000002 0.00649999999999995
  endloop
endfacet
facet normal 0 0 1
  outer loop
    vertex 0.0128888888888889 0.025000000000002 0.00649999999999995
    vertex 0.01214193949803019 0.02628619429065872 0.00649999999999995
    vertex 0.01141666666666667 0.025000000000002 0.00649999999999995
  endloop
endfacet
facet normal 0 0 1
  outer loop
    vertex 0.009944444444444447 0.025000000000002 0.00649999999999995
    vertex 0.00917284213275419 0.02627752613533242 0.00649999999999995
    vertex 0.008472222222222225 0.025000000000002 0.00649999999999995
  endloop
endfacet
facet normal -0 0 1
  outer loop
    vertex 0.05005555555555553 0.015000000000001 0.00649999999999995
    vertex 0.0508271578672447 0.01372247386467045 0.00649999999999995
    vertex 0.05152777777777777 0.015000000000001 0.00649999999999995
  endloop
endfacet
facet normal 0 -0 1
  outer loop
    vertex 0.009000000000000008 0.011 0.00649999999999995
    vertex 0.009796166138178422 0.01228498886161707 0.00649999999999995
    vertex 0.008250000000000007 0.01229903810567666 0.00649999999999995
  endloop
endfacet
facet normal 0 0 1
  outer loop
    vertex 0.01125000000000001 0.01229903810567666 0.00649999999999995
    vertex 0.009796166138178422 0.01228498886161707 0.00649999999999995
    vertex 0.01050000000000001 0.011 0.00649999999999995
  endloop
endfacet
facet normal 0 0 1
  outer loop
    vertex 0.05099999999999999 0.029 0.00649999999999995
    vertex 0.05020383386182158 0.02771501113838432 0.00649999999999995
    vertex 0.05175 0.02770096189432334 0.00649999999999995
  endloop
endfacet
facet normal 0 0 1
  outer loop
    vertex 0.04875000000000001 0.02770096189432335 0.00649999999999995
    vertex 0.05020383386182158 0.02771501113838432 0.00649999999999995
    vertex 0.04949999999999999 0.029 0.00649999999999995
  endloop
endfacet
facet normal 0 0 1
  outer loop
    vertex 0.055599265138918 0.01576565680020092 0.00649999999999995
    vertex 0.05474717454899589 0.01682006642337019 0.00649999999999995
    vertex 0.05424843052308499 0.01581539623844742 0.00649999999999995
  endloop
endfacet
facet normal 0 0 1
  outer loop
    vertex 0.004400734861081248 0.02423434319979874 0.00649999999999995
    vertex 0.00525282545100356 0.02317993357662965 0.00649999999999995
    vertex 0.005751569476912445 0.02418460376155251 0.00649999999999995
  endloop
endfacet
facet normal -0 0 1
  outer loop
    vertex 0.03680555555555556 0.015000000000001 0.00649999999999995
    vertex 0.03752649962973019 0.01366353163945704 0.00649999999999995
    vertex 0.03827777777777777 0.015000000000001 0.00649999999999995
  endloop
endfacet
facet normal 0 0 1
  outer loop
    vertex 0.01877777777777779 0.025000000000002 0.00649999999999995
    vertex 0.01802696947858207 0.02633646836054479 0.00649999999999995
    vertex 0.01730555555555557 0.025000000000002 0.00649999999999995
  endloop
endfacet
facet normal 0 -0 1
  outer loop
    vertex 0.006000000000000006 0.011 0.00649999999999995
    vertex 0.006800777523573314 0.01228279825111064 0.00649999999999995
    vertex 0.00524999999999998 0.01229903810567666 0.00649999999999995
  endloop
endfacet
facet normal 0 0 1
  outer loop
    vertex 0.008250000000000007 0.01229903810567666 0.00649999999999995
    vertex 0.006800777523573314 0.01228279825111064 0.00649999999999995
    vertex 0.007500000000000008 0.011 0.00649999999999995
  endloop
endfacet
facet normal 0 0 1
  outer loop
    vertex 0.05175 0.02770096189432334 0.00649999999999995
    vertex 0.05319922247642671 0.02771720174889076 0.00649999999999995
    vertex 0.05249999999999999 0.029 0.00649999999999995
  endloop
endfacet
facet normal 0 0 1
  outer loop
    vertex 0.05399999999999999 0.029 0.00649999999999995
    vertex 0.05319922247642671 0.02771720174889076 0.00649999999999995
    vertex 0.05474999999999999 0.02770096189432334 0.00649999999999995
  endloop
endfacet
facet normal 0 0 1
  outer loop
    vertex 0.00524999999999998 0.01229903810567666 0.00649999999999995
    vertex 0.003809400429261273 0.01227904941887973 0.00649999999999995
    vertex 0.004500000000000005 0.011 0.00649999999999995
  endloop
endfacet
facet normal 0 0 1
  outer loop
    vertex 0.05474999999999999 0.02770096189432334 0.00649999999999995
    vertex 0.05619059957073876 0.02772095058112164 0.00649999999999995
    vertex 0.05549999999999999 0.029 0.00649999999999995
  endloop
endfacet
facet normal 0 0 1
  outer loop
    vertex 0.02025000000000001 0.01229903810567666 0.00649999999999995
    vertex 0.01876797738018597 0.01228865886038697 0.00649999999999995
    vertex 0.01950000000000001 0.011 0.00649999999999995
  endloop
endfacet
facet normal 0 0 1
  outer loop
    vertex 0.03974999999999999 0.02770096189432334 0.00649999999999995
    vertex 0.04123202261981242 0.02771134113961395 0.00649999999999995
    vertex 0.04049999999999999 0.029 0.00649999999999995
  endloop
endfacet
facet normal 0 -0 1
  outer loop
    vertex 0.008472222222222225 0.025000000000002 0.00649999999999995
    vertex 0.00917284213275419 0.02627752613533242 0.00649999999999995
    vertex 0.007720511881050985 0.02626707817736006 0.00649999999999995
  endloop
endfacet
facet normal -0 0 1
  outer loop
    vertex 0.04637499999999996 0.01372501815554058 0.00649999999999995
    vertex 0.04785806050196978 0.01371380570934406 0.00649999999999995
    vertex 0.04711111111111108 0.015000000000001 0.00649999999999995
  endloop
endfacet
facet normal 0 0 1
  outer loop
    vertex 0.02723611111111114 0.01372501815554058 0.00649999999999995
    vertex 0.02870833333333336 0.01372501815554058 0.00649999999999995
    vertex 0.02797222222222225 0.015000000000001 0.00649999999999995
  endloop
endfacet
facet normal -0 0 1
  outer loop
    vertex 0.03018055555555558 0.01372501815554058 0.00649999999999995
    vertex 0.03164258370806664 0.01371431361011801 0.00649999999999995
    vertex 0.03091666666666668 0.015000000000001 0.00649999999999995
  endloop
endfacet
facet normal 0 0 1
  outer loop
    vertex 0.04048786102510488 0.01365172261296424 0.00649999999999995
    vertex 0.04196785517352546 0.01368309104016622 0.00649999999999995
    vertex 0.0412222222222222 0.015000000000001 0.00649999999999995
  endloop
endfacet
facet normal -0 0 1
  outer loop
    vertex 0.0184027777777778 0.01372501815554058 0.00649999999999995
    vertex 0.01987500000000003 0.01372501815554057 0.00649999999999995
    vertex 0.01913888888888891 0.015000000000001 0.00649999999999995
  endloop
endfacet
facet normal 0 0 1
  outer loop
    vertex 0.02061111111111114 0.015000000000001 0.00649999999999995
    vertex 0.01987500000000003 0.01372501815554057 0.00649999999999995
    vertex 0.02134722222222226 0.01372501815554057 0.00649999999999995
  endloop
endfacet
facet normal 0 0 1
  outer loop
    vertex 0.03533333333333333 0.015000000000001 0.00649999999999995
    vertex 0.03457221775989179 0.01368041549164702 0.00649999999999995
    vertex 0.0360451156265344 0.01367471603874427 0.00649999999999995
  endloop
endfacet
facet normal 0 0 1
  outer loop
    vertex 0.04269444444444442 0.015000000000001 0.00649999999999995
    vertex 0.04196785517352546 0.01368309104016622 0.00649999999999995
    vertex 0.04345426752232594 0.01367435989957275 0.00649999999999995
  endloop
endfacet
facet normal 0 -0 1
  outer loop
    vertex 0.02172222222222224 0.025000000000002 0.00649999999999995
    vertex 0.02246785517352549 0.026316908959836 0.00649999999999995
    vertex 0.02098786102510489 0.0263482773870373 0.00649999999999995
  endloop
endfacet
facet normal 0 -0 1
  outer loop
    vertex 0.02466666666666669 0.025000000000002 0.00649999999999995
    vertex 0.02542809356502745 0.02631982410962067 0.00649999999999995
    vertex 0.02395426752232598 0.02632564010042925 0.00649999999999995
  endloop
endfacet
facet normal 0 0 1
  outer loop
    vertex 0.04345426752232594 0.01367435989957275 0.00649999999999995
    vertex 0.04492808214984636 0.0136801758903815 0.00649999999999995
    vertex 0.04416666666666664 0.015000000000001 0.00649999999999995
  endloop
endfacet
facet normal 0 0 1
  outer loop
    vertex 0.04159722222222223 0.02627498184446242 0.00649999999999995
    vertex 0.04012500000000001 0.02627498184446241 0.00649999999999995
    vertex 0.04086111111111112 0.025000000000002 0.00649999999999995
  endloop
endfacet
facet normal 0 0 1
  outer loop
    vertex 0.0386527777777778 0.02627498184446242 0.00649999999999995
    vertex 0.03718055555555558 0.02627498184446241 0.00649999999999995
    vertex 0.03791666666666669 0.025000000000002 0.00649999999999995
  endloop
endfacet
facet normal 0 -0 1
  outer loop
    vertex 0.02761111111111115 0.025000000000002 0.00649999999999995
    vertex 0.02835791418413103 0.0262860036520861 0.00649999999999995
    vertex 0.02687500000000003 0.02627498184446243 0.00649999999999995
  endloop
endfacet
facet normal 0 0 1
  outer loop
    vertex 0.0323888888888889 0.015000000000001 0.00649999999999995
    vertex 0.03164258370806664 0.01371431361011801 0.00649999999999995
    vertex 0.03312500000000001 0.01372501815554058 0.00649999999999995
  endloop
endfacet
facet normal 0 -0 1
  outer loop
    vertex 0.0305555555555556 0.025000000000002 0.00649999999999995
    vertex 0.03130731544610971 0.02628663821375977 0.00649999999999995
    vertex 0.02981944444444449 0.02627498184446242 0.00649999999999995
  endloop
endfacet
facet normal 0 0 1
  outer loop
    vertex 0.02944444444444447 0.015000000000001 0.00649999999999995
    vertex 0.02870833333333336 0.01372501815554058 0.00649999999999995
    vertex 0.03018055555555558 0.01372501815554058 0.00649999999999995
  endloop
endfacet
facet normal 0 0 1
  outer loop
    vertex 0.03570833333333336 0.02627498184446242 0.00649999999999995
    vertex 0.03423611111111114 0.02627498184446242 0.00649999999999995
    vertex 0.03497222222222225 0.025000000000002 0.00649999999999995
  endloop
endfacet
facet normal 0 0 1
  outer loop
    vertex 0.02134722222222226 0.01372501815554057 0.00649999999999995
    vertex 0.02281944444444448 0.01372501815554058 0.00649999999999995
    vertex 0.02208333333333337 0.015000000000001 0.00649999999999995
  endloop
endfacet
facet normal 0 0 1
  outer loop
    vertex 0.04563888888888885 0.015000000000001 0.00649999999999995
    vertex 0.04492808214984636 0.0136801758903815 0.00649999999999995
    vertex 0.04637499999999996 0.01372501815554058 0.00649999999999995
  endloop
endfacet
facet normal 0 0 1
  outer loop
    vertex 0.02355555555555559 0.015000000000001 0.00649999999999995
    vertex 0.02281944444444448 0.01372501815554058 0.00649999999999995
    vertex 0.0242916666666667 0.01372501815554058 0.00649999999999995
  endloop
endfacet
facet normal 0 0 1
  outer loop
    vertex 0.02687500000000003 0.02627498184446243 0.00649999999999995
    vertex 0.02542809356502745 0.02631982410962067 0.00649999999999995
    vertex 0.02613888888888892 0.025000000000002 0.00649999999999995
  endloop
endfacet
facet normal 0 0 1
  outer loop
    vertex 0.0242916666666667 0.01372501815554058 0.00649999999999995
    vertex 0.02576388888888892 0.01372501815554058 0.00649999999999995
    vertex 0.02502777777777781 0.015000000000001 0.00649999999999995
  endloop
endfacet
facet normal 0 0 1
  outer loop
    vertex 0.02395426752232598 0.02632564010042925 0.00649999999999995
    vertex 0.02246785517352549 0.026316908959836 0.00649999999999995
    vertex 0.02319444444444447 0.025000000000002 0.00649999999999995
  endloop
endfacet
facet normal 0 -0 1
  outer loop
    vertex 0.03350000000000004 0.025000000000002 0.00649999999999995
    vertex 0.03423611111111114 0.02627498184446242 0.00649999999999995
    vertex 0.03276388888888893 0.02627498184446242 0.00649999999999995
  endloop
endfacet
facet normal 0 0 1
  outer loop
    vertex 0.02650000000000003 0.015000000000001 0.00649999999999995
    vertex 0.02576388888888892 0.01372501815554058 0.00649999999999995
    vertex 0.02723611111111114 0.01372501815554058 0.00649999999999995
  endloop
endfacet
facet normal -0 0 1
  outer loop
    vertex 0.03312500000000001 0.01372501815554058 0.00649999999999995
    vertex 0.03457221775989179 0.01368041549164702 0.00649999999999995
    vertex 0.03386111111111112 0.015000000000001 0.00649999999999995
  endloop
endfacet
facet normal 0 0 1
  outer loop
    vertex 0.0485833333333333 0.015000000000001 0.00649999999999995
    vertex 0.04785806050196978 0.01371380570934406 0.00649999999999995
    vertex 0.04931944444444441 0.01372501815554057 0.00649999999999995
  endloop
endfacet
facet normal 0 -0 1
  outer loop
    vertex 0.03644444444444447 0.025000000000002 0.00649999999999995
    vertex 0.03718055555555558 0.02627498184446241 0.00649999999999995
    vertex 0.03570833333333336 0.02627498184446242 0.00649999999999995
  endloop
endfacet
facet normal 0 -0 1
  outer loop
    vertex 0.01436111111111112 0.025000000000002 0.00649999999999995
    vertex 0.01507223879722205 0.02631975321154485 0.00649999999999995
    vertex 0.01362500000000001 0.02627498184446243 0.00649999999999995
  endloop
endfacet
facet normal 0 -0 1
  outer loop
    vertex 0.01141666666666667 0.025000000000002 0.00649999999999995
    vertex 0.01214193949803019 0.02628619429065872 0.00649999999999995
    vertex 0.01068055555555556 0.02627498184446243 0.00649999999999995
  endloop
endfacet
facet normal 0 0 1
  outer loop
    vertex 0.01362500000000001 0.02627498184446243 0.00649999999999995
    vertex 0.01214193949803019 0.02628619429065872 0.00649999999999995
    vertex 0.0128888888888889 0.025000000000002 0.00649999999999995
  endloop
endfacet
facet normal 0 0 1
  outer loop
    vertex 0.0165462432637789 0.02632528396125772 0.00649999999999995
    vertex 0.01507223879722205 0.02631975321154485 0.00649999999999995
    vertex 0.01583333333333335 0.025000000000002 0.00649999999999995
  endloop
endfacet
facet normal 0 0 1
  outer loop
    vertex 0.02981944444444449 0.02627498184446242 0.00649999999999995
    vertex 0.02835791418413103 0.0262860036520861 0.00649999999999995
    vertex 0.02908333333333337 0.025000000000002 0.00649999999999995
  endloop
endfacet
facet normal 0 0 1
  outer loop
    vertex 0.03276388888888893 0.02627498184446242 0.00649999999999995
    vertex 0.03130731544610971 0.02628663821375977 0.00649999999999995
    vertex 0.03202777777777781 0.025000000000002 0.00649999999999995
  endloop
endfacet
facet normal 0 0 1
  outer loop
    vertex 0.01068055555555556 0.02627498184446243 0.00649999999999995
    vertex 0.00917284213275419 0.02627752613533242 0.00649999999999995
    vertex 0.009944444444444447 0.025000000000002 0.00649999999999995
  endloop
endfacet
facet normal 0 -0 1
  outer loop
    vertex 0.0393888888888889 0.025000000000002 0.00649999999999995
    vertex 0.04012500000000001 0.02627498184446241 0.00649999999999995
    vertex 0.0386527777777778 0.02627498184446242 0.00649999999999995
  endloop
endfacet
facet normal -0 0 1
  outer loop
    vertex 0.04931944444444441 0.01372501815554057 0.00649999999999995
    vertex 0.0508271578672447 0.01372247386467045 0.00649999999999995
    vertex 0.05005555555555553 0.015000000000001 0.00649999999999995
  endloop
endfacet
facet normal 0 0 1
  outer loop
    vertex 0.05152777777777777 0.015000000000001 0.00649999999999995
    vertex 0.0508271578672447 0.01372247386467045 0.00649999999999995
    vertex 0.05227948811894625 0.01373292182264204 0.00649999999999995
  endloop
endfacet
facet normal -0 0 1
  outer loop
    vertex 0.01619444444444447 0.015000000000001 0.00649999999999995
    vertex 0.01693055555555558 0.0137309372349574 0.00649999999999995
    vertex 0.01766666666666669 0.015000000000001 0.00649999999999995
  endloop
endfacet
facet normal 0 0 1
  outer loop
    vertex 0.04380555555555556 0.025000000000002 0.00649999999999995
    vertex 0.04306944444444444 0.02626906276504402 0.00649999999999995
    vertex 0.04233333333333333 0.025000000000002 0.00649999999999995
  endloop
endfacet
facet normal 0 0 1
  outer loop
    vertex 0.01766666666666669 0.015000000000001 0.00649999999999995
    vertex 0.01693055555555558 0.0137309372349574 0.00649999999999995
    vertex 0.0184027777777778 0.01372501815554058 0.00649999999999995
  endloop
endfacet
facet normal 0 0 1
  outer loop
    vertex 0.01545833333333336 0.01372501815554058 0.00649999999999995
    vertex 0.01693055555555558 0.0137309372349574 0.00649999999999995
    vertex 0.01619444444444447 0.015000000000001 0.00649999999999995
  endloop
endfacet
facet normal 0 0 1
  outer loop
    vertex 0.04454166666666667 0.02627498184446242 0.00649999999999995
    vertex 0.04306944444444444 0.02626906276504402 0.00649999999999995
    vertex 0.04380555555555556 0.025000000000002 0.00649999999999995
  endloop
endfacet
facet normal 0 -0 1
  outer loop
    vertex 0.04233333333333333 0.025000000000002 0.00649999999999995
    vertex 0.04306944444444444 0.02626906276504402 0.00649999999999995
    vertex 0.04159722222222223 0.02627498184446242 0.00649999999999995
  endloop
endfacet
facet normal -0 0 1
  outer loop
    vertex 0.0360451156265344 0.01367471603874427 0.00649999999999995
    vertex 0.03752649962973019 0.01366353163945704 0.00649999999999995
    vertex 0.03680555555555556 0.015000000000001 0.00649999999999995
  endloop
endfacet
facet normal 0 -0 1
  outer loop
    vertex 0.01730555555555557 0.025000000000002 0.00649999999999995
    vertex 0.01802696947858207 0.02633646836054479 0.00649999999999995
    vertex 0.0165462432637789 0.02632528396125772 0.00649999999999995
  endloop
endfacet
facet normal 0 0 1
  outer loop
    vertex 0.01472222222222225 0.015000000000001 0.00649999999999995
    vertex 0.01398611111111113 0.01373693646942929 0.00649999999999995
    vertex 0.01545833333333336 0.01372501815554058 0.00649999999999995
  endloop
endfacet
facet normal 0 0 1
  outer loop
    vertex 0.01251388888888891 0.01372501815554058 0.00649999999999995
    vertex 0.01398611111111113 0.01373693646942929 0.00649999999999995
    vertex 0.01325000000000002 0.015000000000001 0.00649999999999995
  endloop
endfacet
facet normal 0 0 1
  outer loop
    vertex 0.0474861111111111 0.02627498184446242 0.00649999999999995
    vertex 0.04601388888888888 0.02626306353057211 0.00649999999999995
    vertex 0.04674999999999999 0.025000000000002 0.00649999999999995
  endloop
endfacet
facet normal 0 -0 1
  outer loop
    vertex 0.04527777777777777 0.025000000000002 0.00649999999999995
    vertex 0.04601388888888888 0.02626306353057211 0.00649999999999995
    vertex 0.04454166666666667 0.02627498184446242 0.00649999999999995
  endloop
endfacet
facet normal -0 0 1
  outer loop
    vertex 0.01325000000000002 0.015000000000001 0.00649999999999995
    vertex 0.01398611111111113 0.01373693646942929 0.00649999999999995
    vertex 0.01472222222222225 0.015000000000001 0.00649999999999995
  endloop
endfacet
facet normal 0 0 1
  outer loop
    vertex 0.04674999999999999 0.025000000000002 0.00649999999999995
    vertex 0.04601388888888888 0.02626306353057211 0.00649999999999995
    vertex 0.04527777777777777 0.025000000000002 0.00649999999999995
  endloop
endfacet
facet normal 0 0 1
  outer loop
    vertex 0.057 0.015125 0.00649999999999995
    vertex 0.05584793834516232 0.01430273722793519 0.00649999999999995
    vertex 0.057 0.01374999999999999 0.00649999999999995
  endloop
endfacet
facet normal 0 0 1
  outer loop
    vertex 0.003 0.024875 0.00649999999999995
    vertex 0.004152061654836892 0.02569726277206409 0.00649999999999995
    vertex 0.003 0.02625000000000001 0.00649999999999995
  endloop
endfacet
facet normal 0 0 1
  outer loop
    vertex 0.0117777777777778 0.015000000000001 0.00649999999999995
    vertex 0.01099466657411265 0.01372285977402357 0.00649999999999995
    vertex 0.01251388888888891 0.01372501815554058 0.00649999999999995
  endloop
endfacet
facet normal -0 0 1
  outer loop
    vertex 0.00956944444444446 0.01372501815554057 0.00649999999999995
    vertex 0.01099466657411265 0.01372285977402357 0.00649999999999995
    vertex 0.01030555555555557 0.015000000000001 0.00649999999999995
  endloop
endfacet
facet normal 0 -0 1
  outer loop
    vertex 0.04822222222222221 0.025000000000002 0.00649999999999995
    vertex 0.04900533342588735 0.02627714022597806 0.00649999999999995
    vertex 0.0474861111111111 0.02627498184446242 0.00649999999999995
  endloop
endfacet
facet normal 0 0 1
  outer loop
    vertex 0.05043055555555555 0.02627498184446242 0.00649999999999995
    vertex 0.04900533342588735 0.02627714022597806 0.00649999999999995
    vertex 0.04969444444444443 0.025000000000002 0.00649999999999995
  endloop
endfacet
facet normal 0 0 1
  outer loop
    vertex 0.01650000000000001 0.011 0.00649999999999995
    vertex 0.01575000000000001 0.01227490772462245 0.00649999999999995
    vertex 0.01500000000000001 0.011 0.00649999999999995
  endloop
endfacet
facet normal -0 0 1
  outer loop
    vertex 0.04349999999999999 0.029 0.00649999999999995
    vertex 0.04425 0.02772509227537914 0.00649999999999995
    vertex 0.04499999999999999 0.029 0.00649999999999995
  endloop
endfacet
facet normal 0 0 1
  outer loop
    vertex 0.008833333333333346 0.015000000000001 0.00649999999999995
    vertex 0.008045401607354969 0.0137254717191835 0.00649999999999995
    vertex 0.00956944444444446 0.01372501815554057 0.00649999999999995
  endloop
endfacet
facet normal 0 0 1
  outer loop
    vertex 0.00662500000000002 0.01372501815554058 0.00649999999999995
    vertex 0.008045401607354969 0.0137254717191835 0.00649999999999995
    vertex 0.00736111111111112 0.015000000000001 0.00649999999999995
  endloop
endfacet
facet normal 0 0 1
  outer loop
    vertex 0.05337499999999996 0.02627498184446242 0.00649999999999995
    vertex 0.05195459839264502 0.02627452828081811 0.00649999999999995
    vertex 0.05263888888888887 0.025000000000002 0.00649999999999995
  endloop
endfacet
facet normal 0 -0 1
  outer loop
    vertex 0.05116666666666665 0.025000000000002 0.00649999999999995
    vertex 0.05195459839264502 0.02627452828081811 0.00649999999999995
    vertex 0.05043055555555555 0.02627498184446242 0.00649999999999995
  endloop
endfacet
facet normal 0 0 1
  outer loop
    vertex 0.057 0.0165 0.00649999999999995
    vertex 0.055599265138918 0.01576565680020092 0.00649999999999995
    vertex 0.057 0.015125 0.00649999999999995
  endloop
endfacet
facet normal 0 0 1
  outer loop
    vertex 0.003 0.0235 0.00649999999999995
    vertex 0.004400734861081248 0.02423434319979874 0.00649999999999995
    vertex 0.003 0.024875 0.00649999999999995
  endloop
endfacet
facet normal 0 0 1
  outer loop
    vertex 0.005888888888888898 0.015000000000001 0.00649999999999995
    vertex 0.005096136640597288 0.01372728754868408 0.00649999999999995
    vertex 0.00662500000000002 0.01372501815554058 0.00649999999999995
  endloop
endfacet
facet normal 0 0 1
  outer loop
    vertex 0.003680555555555555 0.01372501815554058 0.00649999999999995
    vertex 0.005096136640597288 0.01372728754868408 0.00649999999999995
    vertex 0.004416666666666673 0.015000000000001 0.00649999999999995
  endloop
endfacet
facet normal 0 0 1
  outer loop
    vertex 0.05631944444444442 0.02627498184446242 0.00649999999999995
    vertex 0.05490386335940269 0.02627271245131753 0.00649999999999995
    vertex 0.0555833333333333 0.025000000000002 0.00649999999999995
  endloop
endfacet
facet normal 0 -0 1
  outer loop
    vertex 0.05411111111111108 0.025000000000002 0.00649999999999995
    vertex 0.05490386335940269 0.02627271245131753 0.00649999999999995
    vertex 0.05337499999999996 0.02627498184446242 0.00649999999999995
  endloop
endfacet
facet normal -0 0 1
  outer loop
    vertex 0.01030555555555557 0.015000000000001 0.00649999999999995
    vertex 0.01099466657411265 0.01372285977402357 0.00649999999999995
    vertex 0.0117777777777778 0.015000000000001 0.00649999999999995
  endloop
endfacet
facet normal 0 0 1
  outer loop
    vertex 0.04969444444444443 0.025000000000002 0.00649999999999995
    vertex 0.04900533342588735 0.02627714022597806 0.00649999999999995
    vertex 0.04822222222222221 0.025000000000002 0.00649999999999995
  endloop
endfacet
facet normal 0 0 1
  outer loop
    vertex 0.057 0.017875 0.00649999999999995
    vertex 0.0558092150697964 0.0171875 0.00649999999999995
    vertex 0.057 0.0165 0.00649999999999995
  endloop
endfacet
facet normal 0 0 1
  outer loop
    vertex 0.003 0.02212500000000001 0.00649999999999995
    vertex 0.004190784930203598 0.02281250000000001 0.00649999999999995
    vertex 0.003 0.0235 0.00649999999999995
  endloop
endfacet
facet normal 0 0 1
  outer loop
    vertex 0.01350000000000001 0.011 0.00649999999999995
    vertex 0.01279338470081911 0.01228874129615271 0.00649999999999995
    vertex 0.01200000000000001 0.011 0.00649999999999995
  endloop
endfacet
facet normal -0 0 1
  outer loop
    vertex 0.04649999999999999 0.029 0.00649999999999995
    vertex 0.04720661529918088 0.02771125870384867 0.00649999999999995
    vertex 0.04799999999999999 0.029 0.00649999999999995
  endloop
endfacet
facet normal -0 0 1
  outer loop
    vertex 0.00736111111111112 0.015000000000001 0.00649999999999995
    vertex 0.008045401607354969 0.0137254717191835 0.00649999999999995
    vertex 0.008833333333333346 0.015000000000001 0.00649999999999995
  endloop
endfacet
facet normal 0 0 1
  outer loop
    vertex 0.05263888888888887 0.025000000000002 0.00649999999999995
    vertex 0.05195459839264502 0.02627452828081811 0.00649999999999995
    vertex 0.05116666666666665 0.025000000000002 0.00649999999999995
  endloop
endfacet
facet normal 0 0 1
  outer loop
    vertex 0.01050000000000001 0.011 0.00649999999999995
    vertex 0.009796166138178422 0.01228498886161707 0.00649999999999995
    vertex 0.009000000000000008 0.011 0.00649999999999995
  endloop
endfacet
facet normal -0 0 1
  outer loop
    vertex 0.04949999999999999 0.029 0.00649999999999995
    vertex 0.05020383386182158 0.02771501113838432 0.00649999999999995
    vertex 0.05099999999999999 0.029 0.00649999999999995
  endloop
endfacet
facet normal -0 0 1
  outer loop
    vertex 0.004416666666666673 0.015000000000001 0.00649999999999995
    vertex 0.005096136640597288 0.01372728754868408 0.00649999999999995
    vertex 0.005888888888888898 0.015000000000001 0.00649999999999995
  endloop
endfacet
facet normal 0 0 1
  outer loop
    vertex 0.0555833333333333 0.025000000000002 0.00649999999999995
    vertex 0.05490386335940269 0.02627271245131753 0.00649999999999995
    vertex 0.05411111111111108 0.025000000000002 0.00649999999999995
  endloop
endfacet
facet normal 0 0 1
  outer loop
    vertex 0.057 0.020625 0.00649999999999995
    vertex 0.05595795397398784 0.02022540884075687 0.00649999999999995
    vertex 0.057 0.01924999999999999 0.00649999999999995
  endloop
endfacet
facet normal 0 0 1
  outer loop
    vertex 0.003 0.019375 0.00649999999999995
    vertex 0.004042046026012155 0.0197745911592432 0.00649999999999995
    vertex 0.003 0.02075000000000001 0.00649999999999995
  endloop
endfacet
facet normal 0 0 1
  outer loop
    vertex 0.007500000000000008 0.011 0.00649999999999995
    vertex 0.006800777523573314 0.01228279825111064 0.00649999999999995
    vertex 0.006000000000000006 0.011 0.00649999999999995
  endloop
endfacet
facet normal -0 0 1
  outer loop
    vertex 0.05249999999999999 0.029 0.00649999999999995
    vertex 0.05319922247642671 0.02771720174889076 0.00649999999999995
    vertex 0.05399999999999999 0.029 0.00649999999999995
  endloop
endfacet
facet normal 0 0 1
  outer loop
    vertex 0.002342463938147216 0.01224460705529788 0.00649999999999995
    vertex 0.002097687726356351 0.01383678367035288 0.00649999999999995
    vertex 0.001154700538379249 0.013 0.00649999999999995
  endloop
endfacet
facet normal 0 0 1
  outer loop
    vertex 0.05765753606185357 0.02775539294470165 0.00649999999999995
    vertex 0.05790231227364452 0.02616321632964869 0.00649999999999995
    vertex 0.05884529946162275 0.027 0.00649999999999995
  endloop
endfacet
facet normal 0 0 1
  outer loop
    vertex 0.004500000000000005 0.011 0.00649999999999995
    vertex 0.003809400429261273 0.01227904941887973 0.00649999999999995
    vertex 0.003000000000000003 0.011 0.00649999999999995
  endloop
endfacet
facet normal -0 0 1
  outer loop
    vertex 0.05549999999999999 0.029 0.00649999999999995
    vertex 0.05619059957073876 0.02772095058112164 0.00649999999999995
    vertex 0.057 0.029 0.00649999999999995
  endloop
endfacet
facet normal -0 0 1
  outer loop
    vertex 0.057 0.029 0.00649999999999995
    vertex 0.05765753606185357 0.02775539294470165 0.00649999999999995
    vertex 0.0585 0.029 0.00649999999999995
  endloop
endfacet
facet normal 0 0 1
  outer loop
    vertex 0.003000000000000003 0.011 0.00649999999999995
    vertex 0.002342463938147216 0.01224460705529788 0.00649999999999995
    vertex 0.001500000000000001 0.011 0.00649999999999995
  endloop
endfacet
facet normal -0 0 1
  outer loop
    vertex 0.05016262992944596 0.01237486064308552 0.00649999999999995
    vertex 0.05165131681824192 0.01236688347398169 0.00649999999999995
    vertex 0.0508271578672447 0.01372247386467045 0.00649999999999995
  endloop
endfacet
facet normal 0 0 1
  outer loop
    vertex 0.009837370070553488 0.0276251393569166 0.00649999999999995
    vertex 0.008348683181757032 0.02763311652601964 0.00649999999999995
    vertex 0.00917284213275419 0.02627752613533242 0.00649999999999995
  endloop
endfacet
facet normal 0 0 1
  outer loop
    vertex 0.057 0.015125 0.00649999999999995
    vertex 0.055599265138918 0.01576565680020092 0.00649999999999995
    vertex 0.05584793834516232 0.01430273722793519 0.00649999999999995
  endloop
endfacet
facet normal -0 0 1
  outer loop
    vertex 0.003 0.024875 0.00649999999999995
    vertex 0.004400734861081248 0.02423434319979874 0.00649999999999995
    vertex 0.004152061654836892 0.02569726277206409 0.00649999999999995
  endloop
endfacet
facet normal 0 0 1
  outer loop
    vertex 0.05852777777777776 0.025000000000002 0.00649999999999995
    vertex 0.05790231227364452 0.02616321632964869 0.00649999999999995
    vertex 0.05705555555555553 0.025000000000002 0.00649999999999995
  endloop
endfacet
facet normal -0 0 1
  outer loop
    vertex 0.001472222222222225 0.015000000000001 0.00649999999999995
    vertex 0.002097687726356351 0.01383678367035288 0.00649999999999995
    vertex 0.002944444444444447 0.015000000000001 0.00649999999999995
  endloop
endfacet
facet normal 0 0 1
  outer loop
    vertex 0.0558092150697964 0.0171875 0.00649999999999995
    vertex 0.055599265138918 0.01576565680020092 0.00649999999999995
    vertex 0.057 0.0165 0.00649999999999995
  endloop
endfacet
facet normal 0 -0 1
  outer loop
    vertex 0.004190784930203598 0.02281250000000001 0.00649999999999995
    vertex 0.004400734861081248 0.02423434319979874 0.00649999999999995
    vertex 0.003 0.0235 0.00649999999999995
  endloop
endfacet
facet normal 0 0 1
  outer loop
    vertex 0.03266855087747332 0.02072654755985663 0.00649999999999995
    vertex 0.03181910947859893 0.01937139577779761 0.00649999999999995
    vertex 0.03324478316722371 0.01935271569097408 0.00649999999999995
  endloop
endfacet
facet normal 0 0 1
  outer loop
    vertex 0.04229411764705885 0.022 0.00649999999999995
    vertex 0.04142223496627124 0.02066421061244852 0.00649999999999995
    vertex 0.04288054100719928 0.0206633466298178 0.00649999999999995
  endloop
endfacet
facet normal 0 0 1
  outer loop
    vertex 0.005533986088356931 0.02199735901300875 0.00649999999999995
    vertex 0.004101352539855888 0.02168195884508621 0.00649999999999995
    vertex 0.004781991680718925 0.02072493521242228 0.00649999999999995
  endloop
endfacet
facet normal 0 0 1
  outer loop
    vertex 0.0544660139116431 0.01800264098699135 0.00649999999999995
    vertex 0.05589864746014411 0.01831804115491384 0.00649999999999995
    vertex 0.05521800831928103 0.01927506478757786 0.00649999999999995
  endloop
endfacet
facet normal 0 0 1
  outer loop
    vertex 0.005751569476912445 0.02418460376155251 0.00649999999999995
    vertex 0.00618506003357085 0.02285567448349599 0.00649999999999995
    vertex 0.007 0.0235 0.00649999999999995
  endloop
endfacet
facet normal 0 0 1
  outer loop
    vertex 0.05424843052308499 0.01581539623844742 0.00649999999999995
    vertex 0.05381493996642857 0.01714432551650409 0.00649999999999995
    vertex 0.052999999999997 0.0165 0.00649999999999995
  endloop
endfacet
facet normal 0 0 1
  outer loop
    vertex 0.04498498602018933 0.01921604230160718 0.00649999999999995
    vertex 0.04644496578763488 0.0192178973406002 0.00649999999999995
    vertex 0.04585791455379061 0.02051203677986525 0.00649999999999995
  endloop
endfacet
facet normal 0 0 1
  outer loop
    vertex 0.02442480594447599 0.01924826963094304 0.00649999999999995
    vertex 0.0258946153128317 0.0192688004506525 0.00649999999999995
    vertex 0.02528126134429883 0.02051862304474079 0.00649999999999995
  endloop
endfacet
facet normal 0 0 1
  outer loop
    vertex 0.05584793834516232 0.01430273722793519 0.00649999999999995
    vertex 0.05585050715242581 0.0130625 0.00649999999999995
    vertex 0.057 0.01374999999999999 0.00649999999999995
  endloop
endfacet
facet normal 0 0 1
  outer loop
    vertex 0.004152061654836892 0.02569726277206409 0.00649999999999995
    vertex 0.004149492847574168 0.02693750000000001 0.00649999999999995
    vertex 0.003 0.02625000000000001 0.00649999999999995
  endloop
endfacet
facet normal 0 0 1
  outer loop
    vertex 0.00917284213275419 0.02627752613533242 0.00649999999999995
    vertex 0.008348683181757032 0.02763311652601964 0.00649999999999995
    vertex 0.007720511881050985 0.02626707817736006 0.00649999999999995
  endloop
endfacet
facet normal -0 0 1
  outer loop
    vertex 0.0508271578672447 0.01372247386467045 0.00649999999999995
    vertex 0.05165131681824192 0.01236688347398169 0.00649999999999995
    vertex 0.05227948811894625 0.01373292182264204 0.00649999999999995
  endloop
endfacet
facet normal 0 0 1
  outer loop
    vertex 0.0558092150697964 0.0171875 0.00649999999999995
    vertex 0.05474717454899589 0.01682006642337019 0.00649999999999995
    vertex 0.055599265138918 0.01576565680020092 0.00649999999999995
  endloop
endfacet
facet normal 0 0 1
  outer loop
    vertex 0.004190784930203598 0.02281250000000001 0.00649999999999995
    vertex 0.00525282545100356 0.02317993357662965 0.00649999999999995
    vertex 0.004400734861081248 0.02423434319979874 0.00649999999999995
  endloop
endfacet
facet normal 0 0 1
  outer loop
    vertex 0.057 0.01374999999999999 0.00649999999999995
    vertex 0.05585050715242581 0.0130625 0.00649999999999995
    vertex 0.057 0.012375 0.00649999999999995
  endloop
endfacet
facet normal 0 0 1
  outer loop
    vertex 0.003 0.02625000000000001 0.00649999999999995
    vertex 0.004149492847574168 0.02693750000000001 0.00649999999999995
    vertex 0.003 0.027625 0.00649999999999995
  endloop
endfacet
facet normal 0 0 1
  outer loop
    vertex 0.04788101362994175 0.01928167360872622 0.00649999999999995
    vertex 0.04644496578763488 0.0192178973406002 0.00649999999999995
    vertex 0.04711764705882351 0.018 0.00649999999999995
  endloop
endfacet
facet normal 0 0 1
  outer loop
    vertex 0.0273348578594257 0.01927781385295059 0.00649999999999995
    vertex 0.0258946153128317 0.0192688004506525 0.00649999999999995
    vertex 0.02652941176470584 0.018 0.00649999999999995
  endloop
endfacet
facet normal 0 -0 1
  outer loop
    vertex 0.02505882352941172 0.018 0.00649999999999995
    vertex 0.0258946153128317 0.0192688004506525 0.00649999999999995
    vertex 0.02442480594447599 0.01924826963094304 0.00649999999999995
  endloop
endfacet
facet normal 0 -0 1
  outer loop
    vertex 0.0456470588235294 0.018 0.00649999999999995
    vertex 0.04644496578763488 0.0192178973406002 0.00649999999999995
    vertex 0.04498498602018933 0.01921604230160718 0.00649999999999995
  endloop
endfacet
facet normal 0 0 1
  outer loop
    vertex 0.03123975525764267 0.02074083847962172 0.00649999999999995
    vertex 0.03181910947859893 0.01937139577779761 0.00649999999999995
    vertex 0.03266855087747332 0.02072654755985663 0.00649999999999995
  endloop
endfacet
facet normal -0 0 1
  outer loop
    vertex 0.04082352941176473 0.022 0.00649999999999995
    vertex 0.04142223496627124 0.02066421061244852 0.00649999999999995
    vertex 0.04229411764705885 0.022 0.00649999999999995
  endloop
endfacet
facet normal 0 0 1
  outer loop
    vertex 0.060000000000002 0.02766666666666667 0.00649999999999995
    vertex 0.05884529946162275 0.027 0.00649999999999995
    vertex 0.060000000000002 0.02633333333333333 0.00649999999999995
  endloop
endfacet
facet normal 0 0 1
  outer loop
    vertex 0 0.01233333333333333 0.00649999999999995
    vertex 0.001154700538379249 0.013 0.00649999999999995
    vertex 0 0.01366666666666667 0.00649999999999995
  endloop
endfacet
facet normal -0 0 1
  outer loop
    vertex 0.00525282545100356 0.02317993357662965 0.00649999999999995
    vertex 0.00618506003357085 0.02285567448349599 0.00649999999999995
    vertex 0.005751569476912445 0.02418460376155251 0.00649999999999995
  endloop
endfacet
facet normal 0 0 1
  outer loop
    vertex 0.05474717454899589 0.01682006642337019 0.00649999999999995
    vertex 0.05381493996642857 0.01714432551650409 0.00649999999999995
    vertex 0.05424843052308499 0.01581539623844742 0.00649999999999995
  endloop
endfacet
facet normal 0 -0 1
  outer loop
    vertex 0.05705555555555553 0.025000000000002 0.00649999999999995
    vertex 0.05790231227364452 0.02616321632964869 0.00649999999999995
    vertex 0.05631944444444442 0.02627498184446242 0.00649999999999995
  endloop
endfacet
facet normal 0 0 1
  outer loop
    vertex 0.002944444444444447 0.015000000000001 0.00649999999999995
    vertex 0.002097687726356351 0.01383678367035288 0.00649999999999995
    vertex 0.003680555555555555 0.01372501815554058 0.00649999999999995
  endloop
endfacet
facet normal 0 0 1
  outer loop
    vertex 0.05619059957073876 0.02772095058112164 0.00649999999999995
    vertex 0.05765753606185357 0.02775539294470165 0.00649999999999995
    vertex 0.057 0.029 0.00649999999999995
  endloop
endfacet
facet normal 0 0 1
  outer loop
    vertex 0.003809400429261273 0.01227904941887973 0.00649999999999995
    vertex 0.002342463938147216 0.01224460705529788 0.00649999999999995
    vertex 0.003000000000000003 0.011 0.00649999999999995
  endloop
endfacet
facet normal 0 0 1
  outer loop
    vertex 0.057 0.01924999999999999 0.00649999999999995
    vertex 0.05589864746014411 0.01831804115491384 0.00649999999999995
    vertex 0.057 0.017875 0.00649999999999995
  endloop
endfacet
facet normal 0 0 1
  outer loop
    vertex 0.003 0.02075000000000001 0.00649999999999995
    vertex 0.004101352539855888 0.02168195884508621 0.00649999999999995
    vertex 0.003 0.02212500000000001 0.00649999999999995
  endloop
endfacet
facet normal 0 0 1
  outer loop
    vertex 0.0544660139116431 0.01800264098699135 0.00649999999999995
    vertex 0.05474717454899589 0.01682006642337019 0.00649999999999995
    vertex 0.0558092150697964 0.0171875 0.00649999999999995
  endloop
endfacet
facet normal 0 0 1
  outer loop
    vertex 0.005533986088356931 0.02199735901300875 0.00649999999999995
    vertex 0.00525282545100356 0.02317993357662965 0.00649999999999995
    vertex 0.004190784930203598 0.02281250000000001 0.00649999999999995
  endloop
endfacet
facet normal 0 -0 1
  outer loop
    vertex 0.007720511881050985 0.02626707817736006 0.00649999999999995
    vertex 0.008348683181757032 0.02763311652601964 0.00649999999999995
    vertex 0.006861375006183491 0.02762895548650876 0.00649999999999995
  endloop
endfacet
facet normal 0 0 1
  outer loop
    vertex 0.05227948811894625 0.01373292182264204 0.00649999999999995
    vertex 0.05165131681824192 0.01236688347398169 0.00649999999999995
    vertex 0.05313862499381466 0.01237104451349212 0.00649999999999995
  endloop
endfacet
facet normal 0 0 1
  outer loop
    vertex 0.057 0.011 0.00649999999999995
    vertex 0.05598280676298432 0.01197898353128983 0.00649999999999995
    vertex 0.0555 0.011 0.00649999999999995
  endloop
endfacet
facet normal -0 0 1
  outer loop
    vertex 0.003 0.029 0.00649999999999995
    vertex 0.004017193237015656 0.02802101646871017 0.00649999999999995
    vertex 0.004499999999999997 0.029 0.00649999999999995
  endloop
endfacet
facet normal 0 0 1
  outer loop
    vertex 0.001500000000000001 0.011 0.00649999999999995
    vertex 0.0009953445673651917 0.01194267930495252 0.00649999999999995
    vertex 0 0.011 0.00649999999999995
  endloop
endfacet
facet normal -0 0 1
  outer loop
    vertex 0.0585 0.029 0.00649999999999995
    vertex 0.05900465543263652 0.02805732069504796 0.00649999999999995
    vertex 0.06 0.029 0.00649999999999995
  endloop
endfacet
facet normal -0 0 1
  outer loop
    vertex 0 0.015 0.00649999999999995
    vertex 0.0009917396593893922 0.01405107681127679 0.00649999999999995
    vertex 0.001472222222222225 0.015000000000001 0.00649999999999995
  endloop
endfacet
facet normal 0 0 1
  outer loop
    vertex 0.06 0.025 0.00649999999999995
    vertex 0.0590082603406131 0.02594892318872408 0.00649999999999995
    vertex 0.05852777777777776 0.025000000000002 0.00649999999999995
  endloop
endfacet
facet normal 0 0 1
  outer loop
    vertex 0.057 0.012375 0.00649999999999995
    vertex 0.05598280676298432 0.01197898353128983 0.00649999999999995
    vertex 0.057 0.011 0.00649999999999995
  endloop
endfacet
facet normal 0 0 1
  outer loop
    vertex 0.003 0.027625 0.00649999999999995
    vertex 0.004017193237015656 0.02802101646871017 0.00649999999999995
    vertex 0.003 0.029 0.00649999999999995
  endloop
endfacet
facet normal 0 0 1
  outer loop
    vertex 0.04711764705882351 0.018 0.00649999999999995
    vertex 0.04644496578763488 0.0192178973406002 0.00649999999999995
    vertex 0.0456470588235294 0.018 0.00649999999999995
  endloop
endfacet
facet normal 0 0 1
  outer loop
    vertex 0.02652941176470584 0.018 0.00649999999999995
    vertex 0.0258946153128317 0.0192688004506525 0.00649999999999995
    vertex 0.02505882352941172 0.018 0.00649999999999995
  endloop
endfacet
facet normal -0 0 1
  outer loop
    vertex 0.03999338260699965 0.02068920843853803 0.00649999999999995
    vertex 0.04142223496627124 0.02066421061244852 0.00649999999999995
    vertex 0.04082352941176473 0.022 0.00649999999999995
  endloop
endfacet
facet normal -0 0 1
  outer loop
    vertex 0.03040862639278335 0.01940827293633327 0.00649999999999995
    vertex 0.03181910947859893 0.01937139577779761 0.00649999999999995
    vertex 0.03123975525764267 0.02074083847962172 0.00649999999999995
  endloop
endfacet
facet normal 0 0 1
  outer loop
    vertex 0.004781991680718925 0.02072493521242228 0.00649999999999995
    vertex 0.004042046026012155 0.0197745911592432 0.00649999999999995
    vertex 0.005205882352941164 0.01927356677027123 0.00649999999999995
  endloop
endfacet
facet normal 0 -0 1
  outer loop
    vertex 0.05521800831928103 0.01927506478757786 0.00649999999999995
    vertex 0.05595795397398784 0.02022540884075687 0.00649999999999995
    vertex 0.05479411764705881 0.02072643322972877 0.00649999999999995
  endloop
endfacet
facet normal 0 0 1
  outer loop
    vertex 0.05479411764705881 0.02072643322972877 0.00649999999999995
    vertex 0.05611071222208427 0.02116094679594929 0.00649999999999995
    vertex 0.05552941176470589 0.022 0.00649999999999995
  endloop
endfacet
facet normal 0 0 1
  outer loop
    vertex 0.005205882352941164 0.01927356677027123 0.00649999999999995
    vertex 0.003889287777915747 0.01883905320405075 0.00649999999999995
    vertex 0.004470588235294115 0.018 0.00649999999999995
  endloop
endfacet
facet normal 0 0 1
  outer loop
    vertex 0 0.01366666666666667 0.00649999999999995
    vertex 0.0009917396593893922 0.01405107681127679 0.00649999999999995
    vertex 0 0.015 0.00649999999999995
  endloop
endfacet
facet normal 0 0 1
  outer loop
    vertex 0.060000000000002 0.02633333333333333 0.00649999999999995
    vertex 0.0590082603406131 0.02594892318872408 0.00649999999999995
    vertex 0.06 0.025 0.00649999999999995
  endloop
endfacet
facet normal 0 0 1
  outer loop
    vertex 0 0.011 0.00649999999999995
    vertex 0.0009953445673651917 0.01194267930495252 0.00649999999999995
    vertex 0 0.01233333333333333 0.00649999999999995
  endloop
endfacet
facet normal 0 0 1
  outer loop
    vertex 0.06 0.029 0.00649999999999995
    vertex 0.05900465543263652 0.02805732069504796 0.00649999999999995
    vertex 0.060000000000002 0.02766666666666667 0.00649999999999995
  endloop
endfacet
facet normal 0 0 1
  outer loop
    vertex 0.05765753606185357 0.02775539294470165 0.00649999999999995
    vertex 0.05900465543263652 0.02805732069504796 0.00649999999999995
    vertex 0.0585 0.029 0.00649999999999995
  endloop
endfacet
facet normal 0 0 1
  outer loop
    vertex 0.002342463938147216 0.01224460705529788 0.00649999999999995
    vertex 0.0009953445673651917 0.01194267930495252 0.00649999999999995
    vertex 0.001500000000000001 0.011 0.00649999999999995
  endloop
endfacet
facet normal 0 0 1
  outer loop
    vertex 0.05584793834516232 0.01430273722793519 0.00649999999999995
    vertex 0.05491224033174175 0.01355887306961724 0.00649999999999995
    vertex 0.05585050715242581 0.0130625 0.00649999999999995
  endloop
endfacet
facet normal 0 -0 1
  outer loop
    vertex 0.004152061654836892 0.02569726277206409 0.00649999999999995
    vertex 0.005087759668256305 0.02644112693038148 0.00649999999999995
    vertex 0.004149492847574168 0.02693750000000001 0.00649999999999995
  endloop
endfacet
facet normal 0 -0 1
  outer loop
    vertex 0.05852777777777776 0.025000000000002 0.00649999999999995
    vertex 0.0590082603406131 0.02594892318872408 0.00649999999999995
    vertex 0.05790231227364452 0.02616321632964869 0.00649999999999995
  endloop
endfacet
facet normal 0 0 1
  outer loop
    vertex 0.001472222222222225 0.015000000000001 0.00649999999999995
    vertex 0.0009917396593893922 0.01405107681127679 0.00649999999999995
    vertex 0.002097687726356351 0.01383678367035288 0.00649999999999995
  endloop
endfacet
facet normal 0 0 1
  outer loop
    vertex 0.004499999999999997 0.029 0.00649999999999995
    vertex 0.004017193237015656 0.02802101646871017 0.00649999999999995
    vertex 0.005300304954775677 0.02761412829356219 0.00649999999999995
  endloop
endfacet
facet normal 0 -0 1
  outer loop
    vertex 0.0555 0.011 0.00649999999999995
    vertex 0.05598280676298432 0.01197898353128983 0.00649999999999995
    vertex 0.05469969504522239 0.01238587170643735 0.00649999999999995
  endloop
endfacet
facet normal 0 0 1
  outer loop
    vertex 0.004470588235294115 0.018 0.00649999999999995
    vertex 0.003889287777915747 0.01883905320405075 0.00649999999999995
    vertex 0.003 0.018 0.00649999999999995
  endloop
endfacet
facet normal -0 0 1
  outer loop
    vertex 0.05552941176470589 0.022 0.00649999999999995
    vertex 0.05611071222208427 0.02116094679594929 0.00649999999999995
    vertex 0.057 0.022 0.00649999999999995
  endloop
endfacet
facet normal 0 -0 1
  outer loop
    vertex 0.05884529946162275 0.027 0.00649999999999995
    vertex 0.05900465543263652 0.02805732069504796 0.00649999999999995
    vertex 0.05765753606185357 0.02775539294470165 0.00649999999999995
  endloop
endfacet
facet normal 0 0 1
  outer loop
    vertex 0.001154700538379249 0.013 0.00649999999999995
    vertex 0.0009953445673651917 0.01194267930495252 0.00649999999999995
    vertex 0.002342463938147216 0.01224460705529788 0.00649999999999995
  endloop
endfacet
facet normal 0 0 1
  outer loop
    vertex 0.057 0.017875 0.00649999999999995
    vertex 0.05589864746014411 0.01831804115491384 0.00649999999999995
    vertex 0.0558092150697964 0.0171875 0.00649999999999995
  endloop
endfacet
facet normal -0 0 1
  outer loop
    vertex 0.003 0.02212500000000001 0.00649999999999995
    vertex 0.004101352539855888 0.02168195884508621 0.00649999999999995
    vertex 0.004190784930203598 0.02281250000000001 0.00649999999999995
  endloop
endfacet
facet normal 0 -0 1
  outer loop
    vertex 0.05595795397398784 0.02022540884075687 0.00649999999999995
    vertex 0.05611071222208427 0.02116094679594929 0.00649999999999995
    vertex 0.05479411764705881 0.02072643322972877 0.00649999999999995
  endloop
endfacet
facet normal 0 0 1
  outer loop
    vertex 0.004042046026012155 0.0197745911592432 0.00649999999999995
    vertex 0.003889287777915747 0.01883905320405075 0.00649999999999995
    vertex 0.005205882352941164 0.01927356677027123 0.00649999999999995
  endloop
endfacet
facet normal -0 0 1
  outer loop
    vertex 0.05790231227364452 0.02616321632964869 0.00649999999999995
    vertex 0.0590082603406131 0.02594892318872408 0.00649999999999995
    vertex 0.05884529946162275 0.027 0.00649999999999995
  endloop
endfacet
facet normal 0 0 1
  outer loop
    vertex 0.002097687726356351 0.01383678367035288 0.00649999999999995
    vertex 0.0009917396593893922 0.01405107681127679 0.00649999999999995
    vertex 0.001154700538379249 0.013 0.00649999999999995
  endloop
endfacet
facet normal 0 0 1
  outer loop
    vertex 0.007 0.0235 0.00649999999999995
    vertex 0.00618506003357085 0.02285567448349599 0.00649999999999995
    vertex 0.007 0.022 0.00649999999999995
  endloop
endfacet
facet normal 0 0 1
  outer loop
    vertex 0.052999999999997 0.0165 0.00649999999999995
    vertex 0.05381493996642857 0.01714432551650409 0.00649999999999995
    vertex 0.053 0.018 0.00649999999999995
  endloop
endfacet
facet normal 0 0 1
  outer loop
    vertex 0.003 0.018 0.00649999999999995
    vertex 0.003889287777915747 0.01883905320405075 0.00649999999999995
    vertex 0.003 0.019375 0.00649999999999995
  endloop
endfacet
facet normal 0 0 1
  outer loop
    vertex 0.057 0.022 0.00649999999999995
    vertex 0.05611071222208427 0.02116094679594929 0.00649999999999995
    vertex 0.057 0.020625 0.00649999999999995
  endloop
endfacet
facet normal 0 0 1
  outer loop
    vertex 0.05460278933954281 0.01457727516739494 0.00649999999999995
    vertex 0.05491224033174175 0.01355887306961724 0.00649999999999995
    vertex 0.05584793834516232 0.01430273722793519 0.00649999999999995
  endloop
endfacet
facet normal 0 0 1
  outer loop
    vertex 0.005397210660455593 0.02542272483260391 0.00649999999999995
    vertex 0.005087759668256305 0.02644112693038148 0.00649999999999995
    vertex 0.004152061654836892 0.02569726277206409 0.00649999999999995
  endloop
endfacet
facet normal -0 0 1
  outer loop
    vertex 0.053 0.018 0.00649999999999995
    vertex 0.05381493996642857 0.01714432551650409 0.00649999999999995
    vertex 0.0544660139116431 0.01800264098699135 0.00649999999999995
  endloop
endfacet
facet normal 0 0 1
  outer loop
    vertex 0.007 0.022 0.00649999999999995
    vertex 0.00618506003357085 0.02285567448349599 0.00649999999999995
    vertex 0.005533986088356931 0.02199735901300875 0.00649999999999995
  endloop
endfacet
facet normal 0 0 1
  outer loop
    vertex 0.005300304954775677 0.02761412829356219 0.00649999999999995
    vertex 0.004017193237015656 0.02802101646871017 0.00649999999999995
    vertex 0.004149492847574168 0.02693750000000001 0.00649999999999995
  endloop
endfacet
facet normal -0 0 1
  outer loop
    vertex 0.05469969504522239 0.01238587170643735 0.00649999999999995
    vertex 0.05598280676298432 0.01197898353128983 0.00649999999999995
    vertex 0.05585050715242581 0.0130625 0.00649999999999995
  endloop
endfacet
facet normal -0 0 1
  outer loop
    vertex 0.004149492847574168 0.02693750000000001 0.00649999999999995
    vertex 0.005087759668256305 0.02644112693038148 0.00649999999999995
    vertex 0.005300304954775677 0.02761412829356219 0.00649999999999995
  endloop
endfacet
facet normal 0 0 1
  outer loop
    vertex 0.05585050715242581 0.0130625 0.00649999999999995
    vertex 0.05491224033174175 0.01355887306961724 0.00649999999999995
    vertex 0.05469969504522239 0.01238587170643735 0.00649999999999995
  endloop
endfacet
facet normal 0 0 1
  outer loop
    vertex 0.05585050715242581 0.0130625 0.00649999999999995
    vertex 0.05598280676298432 0.01197898353128983 0.00649999999999995
    vertex 0.057 0.012375 0.00649999999999995
  endloop
endfacet
facet normal 0 0 1
  outer loop
    vertex 0.004149492847574168 0.02693750000000001 0.00649999999999995
    vertex 0.004017193237015656 0.02802101646871017 0.00649999999999995
    vertex 0.003 0.027625 0.00649999999999995
  endloop
endfacet
facet normal 0 0 1
  outer loop
    vertex 0.001154700538379249 0.013 0.00649999999999995
    vertex 0.0009917396593893922 0.01405107681127679 0.00649999999999995
    vertex 0 0.01366666666666667 0.00649999999999995
  endloop
endfacet
facet normal 0 0 1
  outer loop
    vertex 0.05884529946162275 0.027 0.00649999999999995
    vertex 0.0590082603406131 0.02594892318872408 0.00649999999999995
    vertex 0.060000000000002 0.02633333333333333 0.00649999999999995
  endloop
endfacet
facet normal 0 0 1
  outer loop
    vertex 0.060000000000002 0.02766666666666667 0.00649999999999995
    vertex 0.05900465543263652 0.02805732069504796 0.00649999999999995
    vertex 0.05884529946162275 0.027 0.00649999999999995
  endloop
endfacet
facet normal -0 0 1
  outer loop
    vertex 0 0.01233333333333333 0.00649999999999995
    vertex 0.0009953445673651917 0.01194267930495252 0.00649999999999995
    vertex 0.001154700538379249 0.013 0.00649999999999995
  endloop
endfacet
facet normal -0 0 1
  outer loop
    vertex 0.0537345154214211 0.01360543098512074 0.00649999999999995
    vertex 0.05491224033174175 0.01355887306961724 0.00649999999999995
    vertex 0.05460278933954281 0.01457727516739494 0.00649999999999995
  endloop
endfacet
facet normal 0 0 1
  outer loop
    vertex 0.006265484578575828 0.0263945690148789 0.00649999999999995
    vertex 0.005087759668256305 0.02644112693038148 0.00649999999999995
    vertex 0.005397210660455593 0.02542272483260391 0.00649999999999995
  endloop
endfacet
facet normal -0 0 1
  outer loop
    vertex 0.003 0.019375 0.00649999999999995
    vertex 0.003889287777915747 0.01883905320405075 0.00649999999999995
    vertex 0.004042046026012155 0.0197745911592432 0.00649999999999995
  endloop
endfacet
facet normal 0 0 1
  outer loop
    vertex 0.057 0.020625 0.00649999999999995
    vertex 0.05611071222208427 0.02116094679594929 0.00649999999999995
    vertex 0.05595795397398784 0.02022540884075687 0.00649999999999995
  endloop
endfacet
facet normal 0 0 1
  outer loop
    vertex 0.0544660139116431 0.01800264098699135 0.00649999999999995
    vertex 0.05381493996642857 0.01714432551650409 0.00649999999999995
    vertex 0.05474717454899589 0.01682006642337019 0.00649999999999995
  endloop
endfacet
facet normal 0 -0 1
  outer loop
    vertex 0.005533986088356931 0.02199735901300875 0.00649999999999995
    vertex 0.00618506003357085 0.02285567448349599 0.00649999999999995
    vertex 0.00525282545100356 0.02317993357662965 0.00649999999999995
  endloop
endfacet
endsolid Created by Gmsh
